v      1.243595969     0.9373420408                0
v      1.243595969      0.928148299     -0.127237764
v -1.425471538e-16 -7.367220688e-17  9.337523895e-18
v      1.243595969      0.901543227    -0.2514193779
v      1.243595969     0.8589910552    -0.3710184544
v      1.243595969     0.8019560136     -0.484508606
v      1.243595969     0.7319023326    -0.5903634455
v      1.243595969     0.6502942423    -0.6870565853
v      1.243595969     0.5585959731    -0.7730616382
v      1.243595969     0.4582717551    -0.8468522168
v      1.243595969     0.3507858185    -0.9069019338
v      1.243595969     0.2376023937    -0.9516844017
v      1.243595969     0.1201857108    -0.9796732331
v      1.243595969 -5.684341886e-17    -0.9893420408
v      1.243595969    -0.1201857108    -0.9796732331
v      1.243595969    -0.2376023937    -0.9516844017
v      1.243595969    -0.3507858185    -0.9069019338
v      1.243595969    -0.4582717551    -0.8468522168
v      1.243595969    -0.5585959731    -0.7730616382
v      1.243595969    -0.6502942423    -0.6870565853
v      1.243595969    -0.7319023326    -0.5903634455
v      1.243595969    -0.8019560136     -0.484508606
v      1.243595969    -0.8589910552    -0.3710184544
v      1.243595969     -0.901543227    -0.2514193779
v      1.243595969     -0.928148299     -0.127237764
v      1.243595969    -0.9373420408 -3.758046029e-17
v      1.243595969     -0.928148299      0.127237764
v      1.243595969     -0.901543227     0.2514193779
v      1.243595969    -0.8589910552     0.3710184544
v      1.243595969    -0.8019560136      0.484508606
v      1.243595969    -0.7319023326     0.5903634455
v      1.243595969    -0.6502942423     0.6870565853
v      1.243595969    -0.5585959731     0.7730616382
v      1.243595969    -0.4582717551     0.8468522168
v      1.243595969    -0.3507858185     0.9069019338
v      1.243595969    -0.2376023937     0.9516844017
v      1.243595969    -0.1201857108     0.9796732331
v      1.243595969 -1.252430057e-16     0.9893420408
v      1.243595969     0.1201857108     0.9796732331
v      1.243595969     0.2376023937     0.9516844017
v      1.243595969     0.3507858185     0.9069019338
v      1.243595969     0.4582717551     0.8468522168
v      1.243595969     0.5585959731     0.7730616382
v      1.243595969     0.6502942423     0.6870565853
v      1.243595969     0.7319023326     0.5903634455
v      1.243595969     0.8019560136      0.484508606
v      1.243595969     0.8589910552     0.3710184544
v      1.243595969      0.901543227     0.2514193779
v      1.243595969      0.928148299      0.127237764
v       2.88782758      1.736009796                0
v       2.88782758      1.719440733    -0.2514999949
v       2.88782758      1.671374794    -0.4951500772
v       2.88782758      1.594273856    -0.7282779928
v       2.88782758      1.490599794    -0.9482114875
v       2.88782758      1.362814486     -1.152278307
v       2.88782758      1.213379806     -1.337806198
v       2.88782758      1.044757632     -1.502122905
v       2.88782758     0.8594098382     -1.642556175
v       2.88782758     0.6597983022     -1.756433753
v       2.88782758     0.4483848998     -1.841083385
v       2.88782758      0.227631507     -1.893832818
v       2.88782758 -6.394884622e-17     -1.912009796
v       2.88782758     -0.227631507     -1.893832818
v       2.88782758    -0.4483848998     -1.841083385
v       2.88782758    -0.6597983022     -1.756433753
v       2.88782758    -0.8594098382     -1.642556175
v       2.88782758     -1.044757632     -1.502122905
v       2.88782758     -1.213379806     -1.337806198
v       2.88782758     -1.362814486     -1.152278307
v       2.88782758     -1.490599794    -0.9482114875
v       2.88782758     -1.594273856    -0.7282779928
v       2.88782758     -1.671374794    -0.4951500772
v       2.88782758     -1.719440733    -0.2514999949
v       2.88782758     -1.736009796 -4.227801782e-17
v       2.88782758     -1.719440733     0.2514999949
v       2.88782758     -1.671374794     0.4951500772
v       2.88782758     -1.594273856     0.7282779928
v       2.88782758     -1.490599794     0.9482114875
v       2.88782758     -1.362814486      1.152278307
v       2.88782758     -1.213379806      1.337806198
v       2.88782758     -1.044757632      1.502122905
v       2.88782758    -0.8594098382      1.642556175
v       2.88782758    -0.6597983022      1.756433753
v       2.88782758    -0.4483848998      1.841083385
v       2.88782758     -0.227631507      1.893832818
v       2.88782758 -1.408983814e-16      1.912009796
v       2.88782758      0.227631507      1.893832818
v       2.88782758     0.4483848998      1.841083385
v       2.88782758     0.6597983022      1.756433753
v       2.88782758     0.8594098382      1.642556175
v       2.88782758      1.044757632      1.502122905
v       2.88782758      1.213379806      1.337806198
v       2.88782758      1.362814486      1.152278307
v       2.88782758      1.490599794     0.9482114875
v       2.88782758      1.594273856     0.7282779928
v       2.88782758      1.671374794     0.4951500772
v       2.88782758      1.719440733     0.2514999949
v      4.782901206      2.356006531                0
v      4.782901206      2.334009611    -0.3582529227
v      4.782901206      2.270068221    -0.7035129076
v      4.782901206      2.167256414     -1.032318615
v      4.782901206       2.02864824     -1.341208707
v      4.782901206      1.857317754     -1.626721842
v      4.782901206      1.656339008     -1.885396683
v      4.782901206      1.428786053     -2.113771889
v      4.782901206      1.177732943     -2.308386122
v      4.782901206     0.9062537304     -2.465778042
v      4.782901206     0.6174224673     -2.582486309
v      4.782901206     0.3143132063     -2.655049585
v      4.782901206 -4.263256415e-17     -2.680006531
v      4.782901206    -0.3143132063     -2.655049585
v      4.782901206    -0.6174224673     -2.582486309
v      4.782901206    -0.9062537304     -2.465778042
v      4.782901206     -1.177732943     -2.308386122
v      4.782901206     -1.428786053     -2.113771889
v      4.782901206     -1.656339008     -1.885396683
v      4.782901206     -1.857317754     -1.626721842
v      4.782901206      -2.02864824     -1.341208707
v      4.782901206     -2.167256414     -1.032318615
v      4.782901206     -2.270068221    -0.7035129076
v      4.782901206     -2.334009611    -0.3582529227
v      4.782901206     -2.356006531 -2.818534521e-17
v      4.782901206     -2.334009611     0.3582529227
v      4.782901206     -2.270068221     0.7035129076
v      4.782901206     -2.167256414      1.032318615
v      4.782901206      -2.02864824      1.341208707
v      4.782901206     -1.857317754      1.626721842
v      4.782901206     -1.656339008      1.885396683
v      4.782901206     -1.428786053      2.113771889
v      4.782901206     -1.177732943      2.308386122
v      4.782901206    -0.9062537304      2.465778042
v      4.782901206    -0.6174224673      2.582486309
v      4.782901206    -0.3143132063      2.655049585
v      4.782901206 -9.393225427e-17      2.680006531
v      4.782901206     0.3143132063      2.655049585
v      4.782901206     0.6174224673      2.582486309
v      4.782901206     0.9062537304      2.465778042
v      4.782901206      1.177732943      2.308386122
v      4.782901206      1.428786053      2.113771889
v      4.782901206      1.656339008      1.885396683
v      4.782901206      1.857317754      1.626721842
v      4.782901206       2.02864824      1.341208707
v      4.782901206      2.167256414      1.032318615
v      4.782901206      2.270068221     0.7035129076
v      4.782901206      2.334009611     0.3582529227
v      6.779023222       2.75733551                0
v      6.779023222      2.731987244    -0.4329627774
v      6.779023222      2.658197029    -0.8488286787
v      6.779023222       2.53934674     -1.243680322
v      6.779023222      2.378818249     -1.613600326
v      6.779023222      2.179993432     -1.954671308
v      6.779023222      1.946254163     -2.262975887
v      6.779023222      1.680982316     -2.534596681
v      6.779023222      1.387559764     -2.765616308
v      6.779023222      1.069368383     -2.952117386
v      6.779023222     0.7297900452     -3.090182534
v      6.779023222     0.3722066263     -3.175894369
v      6.779023222 -1.421085472e-17      -3.20533551
v      6.779023222    -0.3722066263     -3.175894369
v      6.779023222    -0.7297900452     -3.090182534
v      6.779023222     -1.069368383     -2.952117386
v      6.779023222     -1.387559764     -2.765616308
v      6.779023222     -1.680982316     -2.534596681
v      6.779023222     -1.946254163     -2.262975887
v      6.779023222     -2.179993432     -1.954671308
v      6.779023222     -2.378818249     -1.613600326
v      6.779023222      -2.53934674     -1.243680322
v      6.779023222     -2.658197029    -0.8488286787
v      6.779023222     -2.731987244    -0.4329627774
v      6.779023222      -2.75733551 -9.395115072e-18
v      6.779023222     -2.731987244     0.4329627774
v      6.779023222     -2.658197029     0.8488286787
v      6.779023222      -2.53934674      1.243680322
v      6.779023222     -2.378818249      1.613600326
v      6.779023222     -2.179993432      1.954671308
v      6.779023222     -1.946254163      2.262975887
v      6.779023222     -1.680982316      2.534596681
v      6.779023222     -1.387559764      2.765616308
v      6.779023222     -1.069368383      2.952117386
v      6.779023222    -0.7297900452      3.090182534
v      6.779023222    -0.3722066263      3.175894369
v      6.779023222 -3.131075142e-17       3.20533551
v      6.779023222     0.3722066263      3.175894369
v      6.779023222     0.7297900452      3.090182534
v      6.779023222      1.069368383      2.952117386
v      6.779023222      1.387559764      2.765616308
v      6.779023222      1.680982316      2.534596681
v      6.779023222      1.946254163      2.262975887
v      6.779023222      2.179993432      1.954671308
v      6.779023222      2.378818249      1.613600326
v      6.779023222       2.53934674      1.243680322
v      6.779023222      2.658197029     0.8488286787
v      6.779023222      2.731987244     0.4329627774
v           8.7264              2.9                0
v           8.7264      2.873505942    -0.4610957889
v           8.7264      2.796334739    -0.9034182002
v           8.7264      2.671952846     -1.322903113
v           8.7264      2.503826719     -1.715486407
v           8.7264      2.295422815     -2.077103962
v           8.7264      2.050207589     -2.403691656
v           8.7264      1.771647497      -2.69118537
v           8.7264      1.463208995     -2.935520981
v           8.7264      1.128358538     -3.132634371
v           8.7264     0.7705625825     -3.278461418
v           8.7264     0.3932875847     -3.368938001
v           8.7264                0             -3.4
v           8.7264    -0.3932875847     -3.368938001
v           8.7264    -0.7705625825     -3.278461418
v           8.7264     -1.128358538     -3.132634371
v           8.7264     -1.463208995     -2.935520981
v           8.7264     -1.771647497      -2.69118537
v           8.7264     -2.050207589     -2.403691656
v           8.7264     -2.295422815     -2.077103962
v           8.7264     -2.503826719     -1.715486407
v           8.7264     -2.671952846     -1.322903113
v           8.7264     -2.796334739    -0.9034182002
v           8.7264     -2.873505942    -0.4610957889
v           8.7264             -2.9                0
v           8.7264     -2.873505942     0.4610957889
v           8.7264     -2.796334739     0.9034182002
v           8.7264     -2.671952846      1.322903113
v           8.7264     -2.503826719      1.715486407
v           8.7264     -2.295422815      2.077103962
v           8.7264     -2.050207589      2.403691656
v           8.7264     -1.771647497       2.69118537
v           8.7264     -1.463208995      2.935520981
v           8.7264     -1.128358538      3.132634371
v           8.7264    -0.7705625825      3.278461418
v           8.7264    -0.3932875847      3.368938001
v           8.7264                0              3.4
v           8.7264     0.3932875847      3.368938001
v           8.7264     0.7705625825      3.278461418
v           8.7264      1.128358538      3.132634371
v           8.7264      1.463208995      2.935520981
v           8.7264      1.771647497       2.69118537
v           8.7264      2.050207589      2.403691656
v           8.7264      2.295422815      2.077103962
v           8.7264      2.503826719      1.715486407
v           8.7264      2.671952846      1.322903113
v           8.7264      2.796334739     0.9034182002
v           8.7264      2.873505942     0.4610957889
v      12.05357679          2.96968                0
v      12.05357679      2.942549354    -0.4723790741
v      12.05357679      2.863523913     -0.925525375
v      12.05357679      2.736153423     -1.355275331
v      12.05357679      2.563987632     -1.757465369
v      12.05357679      2.350576285     -2.127931918
v      12.05357679      2.099469129     -2.462511405
v      12.05357679       1.81421591     -2.757040259
v      12.05357679      1.498366375     -3.007354907
v      12.05357679       1.15547027     -3.209291777
v      12.05357679     0.7890773414     -3.358687297
v      12.05357679      0.402737336     -3.451377896
v      12.05357679                0          -3.4832
v      12.05357679     -0.402737336     -3.451377896
v      12.05357679    -0.7890773414     -3.358687297
v      12.05357679      -1.15547027     -3.209291777
v      12.05357679     -1.498366375     -3.007354907
v      12.05357679      -1.81421591     -2.757040259
v      12.05357679     -2.099469129     -2.462511405
v      12.05357679     -2.350576285     -2.127931918
v      12.05357679     -2.563987632     -1.757465369
v      12.05357679     -2.736153423     -1.355275331
v      12.05357679     -2.863523913     -0.925525375
v      12.05357679     -2.942549354    -0.4723790741
v      12.05357679         -2.96968                0
v      12.05357679     -2.942549354     0.4723790741
v      12.05357679     -2.863523913      0.925525375
v      12.05357679     -2.736153423      1.355275331
v      12.05357679     -2.563987632      1.757465369
v      12.05357679     -2.350576285      2.127931918
v      12.05357679     -2.099469129      2.462511405
v      12.05357679      -1.81421591      2.757040259
v      12.05357679     -1.498366375      3.007354907
v      12.05357679      -1.15547027      3.209291777
v      12.05357679    -0.7890773414      3.358687297
v      12.05357679     -0.402737336      3.451377896
v      12.05357679                0           3.4832
v      12.05357679      0.402737336      3.451377896
v      12.05357679     0.7890773414      3.358687297
v      12.05357679       1.15547027      3.209291777
v      12.05357679      1.498366375      3.007354907
v      12.05357679       1.81421591      2.757040259
v      12.05357679      2.099469129      2.462511405
v      12.05357679      2.350576285      2.127931918
v      12.05357679      2.563987632      1.757465369
v      12.05357679      2.736153423      1.355275331
v      12.05357679      2.863523913      0.925525375
v      12.05357679      2.942549354     0.4723790741
v      17.56558684          3.13584                0
v      17.56558684      3.107191336    -0.4992853695
v      17.56558684      3.023744251    -0.9782424841
v      17.56558684      2.889247108     -1.432470618
v      17.56558684      2.707448269     -1.857569046
v      17.56558684      2.482096097     -2.249137043
v      17.56558684      2.216938954     -2.602773883
v      17.56558684      1.915725202      -2.91407884
v      17.56558684      1.582203205      -3.17865119
v      17.56558684      1.220121323     -3.392090206
v      17.56558684     0.8332279203     -3.549995163
v      17.56558684     0.4252713584     -3.647965337
v      17.56558684                0          -3.6816
v      17.56558684    -0.4252713584     -3.647965337
v      17.56558684    -0.8332279203     -3.549995163
v      17.56558684     -1.220121323     -3.392090206
v      17.56558684     -1.582203205      -3.17865119
v      17.56558684     -1.915725202      -2.91407884
v      17.56558684     -2.216938954     -2.602773883
v      17.56558684     -2.482096097     -2.249137043
v      17.56558684     -2.707448269     -1.857569046
v      17.56558684     -2.889247108     -1.432470618
v      17.56558684     -3.023744251    -0.9782424841
v      17.56558684     -3.107191336    -0.4992853695
v      17.56558684         -3.13584                0
v      17.56558684     -3.107191336     0.4992853695
v      17.56558684     -3.023744251     0.9782424841
v      17.56558684     -2.889247108      1.432470618
v      17.56558684     -2.707448269      1.857569046
v      17.56558684     -2.482096097      2.249137043
v      17.56558684     -2.216938954      2.602773883
v      17.56558684     -1.915725202       2.91407884
v      17.56558684     -1.582203205       3.17865119
v      17.56558684     -1.220121323      3.392090206
v      17.56558684    -0.8332279203      3.549995163
v      17.56558684    -0.4252713584      3.647965337
v      17.56558684                0           3.6816
v      17.56558684     0.4252713584      3.647965337
v      17.56558684     0.8332279203      3.549995163
v      17.56558684      1.220121323      3.392090206
v      17.56558684      1.582203205       3.17865119
v      17.56558684      1.915725202       2.91407884
v      17.56558684      2.216938954      2.602773883
v      17.56558684      2.482096097      2.249137043
v      17.56558684      2.707448269      1.857569046
v      17.56558684      2.889247108      1.432470618
v      17.56558684      3.023744251     0.9782424841
v      17.56558684      3.107191336     0.4992853695
v      24.17736849          3.33416                0
v      24.17736849      3.303699507    -0.5313993351
v      24.17736849      3.214974977     -1.041162905
v      24.17736849      3.071971828     -1.524606929
v      24.17736849      2.878675481     -1.977047629
v      24.17736849      2.639071356     -2.393801225
v      24.17736849      2.357144874     -2.770183937
v      24.17736849      2.036881455     -3.101511986
v      24.17736849      1.682266518     -3.383101592
v      24.17736849      1.297285484     -3.610268976
v      24.17736849     0.8859237725     -3.778330359
v      24.17736849     0.4521668046      -3.88260196
v      24.17736849                0          -3.9184
v      24.17736849    -0.4521668046      -3.88260196
v      24.17736849    -0.8859237725     -3.778330359
v      24.17736849     -1.297285484     -3.610268976
v      24.17736849     -1.682266518     -3.383101592
v      24.17736849     -2.036881455     -3.101511986
v      24.17736849     -2.357144874     -2.770183937
v      24.17736849     -2.639071356     -2.393801225
v      24.17736849     -2.878675481     -1.977047629
v      24.17736849     -3.071971828     -1.524606929
v      24.17736849     -3.214974977     -1.041162905
v      24.17736849     -3.303699507    -0.5313993351
v      24.17736849         -3.33416                0
v      24.17736849     -3.303699507     0.5313993351
v      24.17736849     -3.214974977      1.041162905
v      24.17736849     -3.071971828      1.524606929
v      24.17736849     -2.878675481      1.977047629
v      24.17736849     -2.639071356      2.393801225
v      24.17736849     -2.357144874      2.770183937
v      24.17736849     -2.036881455      3.101511986
v      24.17736849     -1.682266518      3.383101592
v      24.17736849     -1.297285484      3.610268976
v      24.17736849    -0.8859237725      3.778330359
v      24.17736849    -0.4521668046       3.88260196
v      24.17736849                0           3.9184
v      24.17736849     0.4521668046       3.88260196
v      24.17736849     0.8859237725      3.778330359
v      24.17736849      1.297285484      3.610268976
v      24.17736849      1.682266518      3.383101592
v      24.17736849      2.036881455      3.101511986
v      24.17736849      2.357144874      2.770183937
v      24.17736849      2.639071356      2.393801225
v      24.17736849      2.878675481      1.977047629
v      24.17736849      3.071971828      1.524606929
v      24.17736849      3.214974977      1.041162905
v      24.17736849      3.303699507     0.5313993351
v       30.8038601          3.50032                0
v       30.8038601      3.468341489    -0.5583056305
v       30.8038601      3.375195315     -1.093880014
v       30.8038601      3.225065512     -1.601802217
v       30.8038601      3.022136118     -2.077151306
v       30.8038601      2.770591169      -2.51500635
v       30.8038601      2.474614699     -2.910446415
v       30.8038601      2.138390747     -3.258550568
v       30.8038601      1.766103347     -3.554397875
v       30.8038601      1.361936537     -3.793067406
v       30.8038601     0.9300743513     -3.969638225
v       30.8038601      0.474700827     -4.079189401
v       30.8038601                0          -4.1168
v       30.8038601     -0.474700827     -4.079189401
v       30.8038601    -0.9300743513     -3.969638225
v       30.8038601     -1.361936537     -3.793067406
v       30.8038601     -1.766103347     -3.554397875
v       30.8038601     -2.138390747     -3.258550568
v       30.8038601     -2.474614699     -2.910446415
v       30.8038601     -2.770591169      -2.51500635
v       30.8038601     -3.022136118     -2.077151306
v       30.8038601     -3.225065512     -1.601802217
v       30.8038601     -3.375195315     -1.093880014
v       30.8038601     -3.468341489    -0.5583056305
v       30.8038601         -3.50032                0
v       30.8038601     -3.468341489     0.5583056305
v       30.8038601     -3.375195315      1.093880014
v       30.8038601     -3.225065512      1.601802217
v       30.8038601     -3.022136118      2.077151306
v       30.8038601     -2.770591169       2.51500635
v       30.8038601     -2.474614699      2.910446415
v       30.8038601     -2.138390747      3.258550568
v       30.8038601     -1.766103347      3.554397875
v       30.8038601     -1.361936537      3.793067406
v       30.8038601    -0.9300743513      3.969638225
v       30.8038601     -0.474700827      4.079189401
v       30.8038601                0           4.1168
v       30.8038601      0.474700827      4.079189401
v       30.8038601     0.9300743513      3.969638225
v       30.8038601      1.361936537      3.793067406
v       30.8038601      1.766103347      3.554397875
v       30.8038601      2.138390747      3.258550568
v       30.8038601      2.474614699      2.910446415
v       30.8038601      2.770591169       2.51500635
v       30.8038601      3.022136118      2.077151306
v       30.8038601      3.225065512      1.601802217
v       30.8038601      3.375195315      1.093880014
v       30.8038601      3.468341489     0.5583056305
v            36.36             3.57                0
v            36.36      3.537384901    -0.5695889157
v            36.36      3.442384489     -1.115987188
v            36.36       3.28926609     -1.634174434
v            36.36      3.082297031     -2.119130268
v            36.36      2.825744638     -2.565834306
v            36.36      2.523876239     -2.969266164
v            36.36       2.18095916     -3.324405457
v            36.36      1.801260728     -3.626231801
v            36.36      1.389048269     -3.869724811
v            36.36     0.9485891102     -4.049864104
v            36.36     0.4841505784     -4.161629295
v            36.36                0             -4.2
v            36.36    -0.4841505784     -4.161629295
v            36.36    -0.9485891102     -4.049864104
v            36.36     -1.389048269     -3.869724811
v            36.36     -1.801260728     -3.626231801
v            36.36      -2.18095916     -3.324405457
v            36.36     -2.523876239     -2.969266164
v            36.36     -2.825744638     -2.565834306
v            36.36     -3.082297031     -2.119130268
v            36.36      -3.28926609     -1.634174434
v            36.36     -3.442384489     -1.115987188
v            36.36     -3.537384901    -0.5695889157
v            36.36            -3.57                0
v            36.36     -3.537384901     0.5695889157
v            36.36     -3.442384489      1.115987188
v            36.36      -3.28926609      1.634174434
v            36.36     -3.082297031      2.119130268
v            36.36     -2.825744638      2.565834306
v            36.36     -2.523876239      2.969266164
v            36.36      -2.18095916      3.324405457
v            36.36     -1.801260728      3.626231801
v            36.36     -1.389048269      3.869724811
v            36.36    -0.9485891102      4.049864104
v            36.36    -0.4841505784      4.161629295
v            36.36                0              4.2
v            36.36     0.4841505784      4.161629295
v            36.36     0.9485891102      4.049864104
v            36.36      1.389048269      3.869724811
v            36.36      1.801260728      3.626231801
v            36.36       2.18095916      3.324405457
v            36.36      2.523876239      2.969266164
v            36.36      2.825744638      2.565834306
v            36.36      3.082297031      2.119130268
v            36.36       3.28926609      1.634174434
v            36.36      3.442384489      1.115987188
v            36.36      3.537384901     0.5695889157
v       41.3316051          3.46912                0
v       41.3316051      3.437426529    -0.5540743986
v       41.3316051       3.34511061     -1.085589823
v       41.3316051      3.196318985     -1.589662635
v       41.3316051      2.995198396     -2.061409196
v       41.3316051      2.745895585     -2.495945867
v       41.3316051      2.452557294     -2.888389009
v       41.3316051      2.119330264     -3.233854984
v       41.3316051      1.750361237     -3.527460153
v       41.3316051      1.349796955     -3.764320878
v       41.3316051     0.9217841608      -3.93955352
v       41.3316051     0.4704695951      -4.04827444
v       41.3316051                0          -4.0856
v       41.3316051    -0.4704695951      -4.04827444
v       41.3316051    -0.9217841608      -3.93955352
v       41.3316051     -1.349796955     -3.764320878
v       41.3316051     -1.750361237     -3.527460153
v       41.3316051     -2.119330264     -3.233854984
v       41.3316051     -2.452557294     -2.888389009
v       41.3316051     -2.745895585     -2.495945867
v       41.3316051     -2.995198396     -2.061409196
v       41.3316051     -3.196318985     -1.589662635
v       41.3316051      -3.34511061     -1.085589823
v       41.3316051     -3.437426529    -0.5540743986
v       41.3316051         -3.46912                0
v       41.3316051     -3.437426529     0.5540743986
v       41.3316051      -3.34511061      1.085589823
v       41.3316051     -3.196318985      1.589662635
v       41.3316051     -2.995198396      2.061409196
v       41.3316051     -2.745895585      2.495945867
v       41.3316051     -2.452557294      2.888389009
v       41.3316051     -2.119330264      3.233854984
v       41.3316051     -1.750361237      3.527460153
v       41.3316051     -1.349796955      3.764320878
v       41.3316051    -0.9217841608       3.93955352
v       41.3316051    -0.4704695951       4.04827444
v       41.3316051                0           4.0856
v       41.3316051     0.4704695951       4.04827444
v       41.3316051     0.9217841608       3.93955352
v       41.3316051      1.349796955      3.764320878
v       41.3316051      1.750361237      3.527460153
v       41.3316051      2.119330264      3.233854984
v       41.3316051      2.452557294      2.888389009
v       41.3316051      2.745895585      2.495945867
v       41.3316051      2.995198396      2.061409196
v       41.3316051      3.196318985      1.589662635
v       41.3316051       3.34511061      1.085589823
v       41.3316051      3.437426529     0.5540743986
v      46.61449908          3.22856                0
v      46.61449908      3.199064257    -0.5170782423
v      46.61449908      3.113149822     -1.013103798
v      46.61449908       2.97467589     -1.483519115
v      46.61449908      2.787501653     -1.923766639
v      46.61449908      2.555486305     -2.329288819
v      46.61449908      2.282489039     -2.695528102
v      46.61449908      1.972369049     -3.017926935
v      46.61449908      1.628985528     -3.291927764
v      46.61449908      1.256197669     -3.512973038
v      46.61449908      0.857864666     -3.676505204
v      46.61449908     0.4378457118     -3.777966709
v      46.61449908                0          -3.8128
v      46.61449908    -0.4378457118     -3.777966709
v      46.61449908     -0.857864666     -3.676505204
v      46.61449908     -1.256197669     -3.512973038
v      46.61449908     -1.628985528     -3.291927764
v      46.61449908     -1.972369049     -3.017926935
v      46.61449908     -2.282489039     -2.695528102
v      46.61449908     -2.555486305     -2.329288819
v      46.61449908     -2.787501653     -1.923766639
v      46.61449908      -2.97467589     -1.483519115
v      46.61449908     -3.113149822     -1.013103798
v      46.61449908     -3.199064257    -0.5170782423
v      46.61449908         -3.22856                0
v      46.61449908     -3.199064257     0.5170782423
v      46.61449908     -3.113149822      1.013103798
v      46.61449908      -2.97467589      1.483519115
v      46.61449908     -2.787501653      1.923766639
v      46.61449908     -2.555486305      2.329288819
v      46.61449908     -2.282489039      2.695528102
v      46.61449908     -1.972369049      3.017926935
v      46.61449908     -1.628985528      3.291927764
v      46.61449908     -1.256197669      3.512973038
v      46.61449908     -0.857864666      3.676505204
v      46.61449908    -0.4378457118      3.777966709
v      46.61449908                0           3.8128
v      46.61449908     0.4378457118      3.777966709
v      46.61449908      0.857864666      3.676505204
v      46.61449908      1.256197669      3.512973038
v      46.61449908      1.628985528      3.291927764
v      46.61449908      1.972369049      3.017926935
v      46.61449908      2.282489039      2.695528102
v      46.61449908      2.555486305      2.329288819
v      46.61449908      2.787501653      1.923766639
v      46.61449908       2.97467589      1.483519115
v      46.61449908      3.113149822      1.013103798
v      46.61449908      3.199064257     0.5170782423
v      51.73863052          2.94144                0
v      51.73863052      2.914567351    -0.4729215397
v      51.73863052      2.836293398    -0.9265882199
v      51.73863052      2.710134131     -1.356831687
v      51.73863052       2.53960554     -1.759483588
v      51.73863052      2.328223616     -2.130375569
v      51.73863052      2.079504349     -2.465339278
v      51.73863052      1.796963729     -2.760206359
v      51.73863052      1.484117747     -3.010808461
v      51.73863052      1.144482392     -3.212977229
v      51.73863052     0.7815736561     -3.362544311
v      51.73863052     0.3989075286     -3.455341352
v      51.73863052                0          -3.4872
v      51.73863052    -0.3989075286     -3.455341352
v      51.73863052    -0.7815736561     -3.362544311
v      51.73863052     -1.144482392     -3.212977229
v      51.73863052     -1.484117747     -3.010808461
v      51.73863052     -1.796963729     -2.760206359
v      51.73863052     -2.079504349     -2.465339278
v      51.73863052     -2.328223616     -2.130375569
v      51.73863052      -2.53960554     -1.759483588
v      51.73863052     -2.710134131     -1.356831687
v      51.73863052     -2.836293398    -0.9265882199
v      51.73863052     -2.914567351    -0.4729215397
v      51.73863052         -2.94144                0
v      51.73863052     -2.914567351     0.4729215397
v      51.73863052     -2.836293398     0.9265882199
v      51.73863052     -2.710134131      1.356831687
v      51.73863052      -2.53960554      1.759483588
v      51.73863052     -2.328223616      2.130375569
v      51.73863052     -2.079504349      2.465339278
v      51.73863052     -1.796963729      2.760206359
v      51.73863052     -1.484117747      3.010808461
v      51.73863052     -1.144482392      3.212977229
v      51.73863052    -0.7815736561      3.362544311
v      51.73863052    -0.3989075286      3.455341352
v      51.73863052                0           3.4872
v      51.73863052     0.3989075286      3.455341352
v      51.73863052     0.7815736561      3.362544311
v      51.73863052      1.144482392      3.212977229
v      51.73863052      1.484117747      3.010808461
v      51.73863052      1.796963729      2.760206359
v      51.73863052      2.079504349      2.465339278
v      51.73863052      2.328223616      2.130375569
v      51.73863052       2.53960554      1.759483588
v      51.73863052      2.710134131      1.356831687
v      51.73863052      2.836293398     0.9265882199
v      51.73863052      2.914567351     0.4729215397
v      56.23394797          2.70088                0
v      56.23394797      2.676205079    -0.4359253835
v      56.23394797       2.60433261    -0.8541021949
v      56.23394797      2.488491035     -1.250688167
v      56.23394797      2.331908797     -1.621841032
v      56.23394797      2.137814336     -1.963718522
v      56.23394797      1.909436094     -2.272478371
v      56.23394797      1.650002514     -2.544278309
v      56.23394797      1.362742038     -2.775276071
v      56.23394797      1.050883106     -2.961629389
v      56.23394797     0.7176541613     -3.099495995
v      56.23394797     0.3662836454     -3.185033621
v      56.23394797                0          -3.2144
v      56.23394797    -0.3662836454     -3.185033621
v      56.23394797    -0.7176541613     -3.099495995
v      56.23394797     -1.050883106     -2.961629389
v      56.23394797     -1.362742038     -2.775276071
v      56.23394797     -1.650002514     -2.544278309
v      56.23394797     -1.909436094     -2.272478371
v      56.23394797     -2.137814336     -1.963718522
v      56.23394797     -2.331908797     -1.621841032
v      56.23394797     -2.488491035     -1.250688167
v      56.23394797      -2.60433261    -0.8541021949
v      56.23394797     -2.676205079    -0.4359253835
v      56.23394797         -2.70088                0
v      56.23394797     -2.676205079     0.4359253835
v      56.23394797      -2.60433261     0.8541021949
v      56.23394797     -2.488491035      1.250688167
v      56.23394797     -2.331908797      1.621841032
v      56.23394797     -2.137814336      1.963718522
v      56.23394797     -1.909436094      2.272478371
v      56.23394797     -1.650002514      2.544278309
v      56.23394797     -1.362742038      2.775276071
v      56.23394797     -1.050883106      2.961629389
v      56.23394797    -0.7176541613      3.099495995
v      56.23394797    -0.3662836454      3.185033621
v      56.23394797                0           3.2144
v      56.23394797     0.3662836454      3.185033621
v      56.23394797     0.7176541613      3.099495995
v      56.23394797      1.050883106      2.961629389
v      56.23394797      1.362742038      2.775276071
v      56.23394797      1.650002514      2.544278309
v      56.23394797      1.909436094      2.272478371
v      56.23394797      2.137814336      1.963718522
v      56.23394797      2.331908797      1.621841032
v      56.23394797      2.488491035      1.250688167
v      56.23394797       2.60433261     0.8541021949
v      56.23394797      2.676205079     0.4359253835
v          59.6304              2.6                0
v          59.6304      2.576246707    -0.4204108664
v          59.6304      2.507058731    -0.8237048296
v          59.6304      2.395543931     -1.206176368
v          59.6304      2.244810162      -1.56411996
v          59.6304      2.057965283     -1.893830083
v          59.6304      1.838117149     -2.191601216
v          59.6304      1.588373618     -2.453727837
v          59.6304      1.311842547     -2.676504424
v          59.6304      1.011631792     -2.856225456
v          59.6304     0.6908492119      -2.98918541
v          59.6304     0.3526026621     -3.071678766
v          59.6304                0             -3.1
v          59.6304    -0.3526026621     -3.071678766
v          59.6304    -0.6908492119      -2.98918541
v          59.6304     -1.011631792     -2.856225456
v          59.6304     -1.311842547     -2.676504424
v          59.6304     -1.588373618     -2.453727837
v          59.6304     -1.838117149     -2.191601216
v          59.6304     -2.057965283     -1.893830083
v          59.6304     -2.244810162      -1.56411996
v          59.6304     -2.395543931     -1.206176368
v          59.6304     -2.507058731    -0.8237048296
v          59.6304     -2.576246707    -0.4204108664
v          59.6304             -2.6                0
v          59.6304     -2.576246707     0.4204108664
v          59.6304     -2.507058731     0.8237048296
v          59.6304     -2.395543931      1.206176368
v          59.6304     -2.244810162       1.56411996
v          59.6304     -2.057965283      1.893830083
v          59.6304     -1.838117149      2.191601216
v          59.6304     -1.588373618      2.453727837
v          59.6304     -1.311842547      2.676504424
v          59.6304     -1.011631792      2.856225456
v          59.6304    -0.6908492119       2.98918541
v          59.6304    -0.3526026621      3.071678766
v          59.6304                0              3.1
v          59.6304     0.3526026621      3.071678766
v          59.6304     0.6908492119       2.98918541
v          59.6304      1.011631792      2.856225456
v          59.6304      1.311842547      2.676504424
v          59.6304      1.588373618      2.453727837
v          59.6304      1.838117149      2.191601216
v          59.6304      2.057965283      1.893830083
v          59.6304      2.244810162       1.56411996
v          59.6304      2.395543931      1.206176368
v          59.6304      2.507058731     0.8237048296
v          59.6304      2.576246707     0.4204108664
v      62.48525059      2.557882537                0
v      62.48525059      2.534287698    -0.4051573995
v      62.48525059       2.46562382    -0.7945817299
v      62.48525059      2.355071869      -1.16455652
v      62.48525059      2.205812808     -1.511365298
v      62.48525059        2.0210276     -1.831291593
v      62.48525059       1.80389721     -2.120618934
v      62.48525059      1.557602601     -2.375630849
v      62.48525059      1.285324736     -2.592610866
v      62.48525059     0.9902445803     -2.767842515
v      62.48525059     0.6755430965     -2.897609325
v      62.48525059     0.3444012485     -2.978194822
v      62.48525059 -4.263256415e-17     -3.005882537
v      62.48525059    -0.3444012485     -2.978194822
v      62.48525059    -0.6755430965     -2.897609325
v      62.48525059    -0.9902445803     -2.767842515
v      62.48525059     -1.285324736     -2.592610866
v      62.48525059     -1.557602601     -2.375630849
v      62.48525059      -1.80389721     -2.120618934
v      62.48525059       -2.0210276     -1.831291593
v      62.48525059     -2.205812808     -1.511365298
v      62.48525059     -2.355071869      -1.16455652
v      62.48525059      -2.46562382    -0.7945817299
v      62.48525059     -2.534287698    -0.4051573995
v      62.48525059     -2.557882537  -2.40017293e-17
v      62.48525059     -2.534287698     0.4051573995
v      62.48525059      -2.46562382     0.7945817299
v      62.48525059     -2.355071869       1.16455652
v      62.48525059     -2.205812808      1.511365298
v      62.48525059       -2.0210276      1.831291593
v      62.48525059      -1.80389721      2.120618934
v      62.48525059     -1.557602601      2.375630849
v      62.48525059     -1.285324736      2.592610866
v      62.48525059    -0.9902445803      2.767842515
v      62.48525059    -0.6755430965      2.897609325
v      62.48525059    -0.3444012485      2.978194822
v      62.48525059 -5.631540942e-17      3.005882537
v      62.48525059     0.3444012485      2.978194822
v      62.48525059     0.6755430965      2.897609325
v      62.48525059     0.9902445803      2.767842515
v      62.48525059      1.285324736      2.592610866
v      62.48525059      1.557602601      2.375630849
v      62.48525059       1.80389721      2.120618934
v      62.48525059        2.0210276      1.831291593
v      62.48525059      2.205812808      1.511365298
v      62.48525059      2.355071869       1.16455652
v      62.48525059       2.46562382     0.7945817299
v      62.48525059      2.534287698     0.4051573995
v      65.49013315      2.369647612                0
v      65.49013315      2.347319811     -0.357834031
v      65.49013315      2.282471648    -0.7033873373
v      65.49013315      2.178305988     -1.033069769
v      65.49013315      2.038025692     -1.343291177
v      65.49013315      1.864833624     -1.630461411
v      65.49013315      1.661932646     -1.890990321
v      65.49013315      1.432525622     -2.121287759
v      65.49013315      1.179815413     -2.317763574
v      65.49013315     0.9070048842     -2.476827616
v      65.49013315      0.617296897     -2.594889737
v      65.49013315     0.3138943147     -2.668359785
v      65.49013315 -1.278976924e-16     -2.693647612
v      65.49013315    -0.3138943147     -2.668359785
v      65.49013315     -0.617296897     -2.594889737
v      65.49013315    -0.9070048842     -2.476827616
v      65.49013315     -1.179815413     -2.317763574
v      65.49013315     -1.432525622     -2.121287759
v      65.49013315     -1.661932646     -1.890990321
v      65.49013315     -1.864833624     -1.630461411
v      65.49013315     -2.038025692     -1.343291177
v      65.49013315     -2.178305988     -1.033069769
v      65.49013315     -2.282471648    -0.7033873373
v      65.49013315     -2.347319811     -0.357834031
v      65.49013315     -2.369647612 -7.200518791e-17
v      65.49013315     -2.347319811      0.357834031
v      65.49013315     -2.282471648     0.7033873373
v      65.49013315     -2.178305988      1.033069769
v      65.49013315     -2.038025692      1.343291177
v      65.49013315     -1.864833624      1.630461411
v      65.49013315     -1.661932646      1.890990321
v      65.49013315     -1.432525622      2.121287759
v      65.49013315     -1.179815413      2.317763574
v      65.49013315    -0.9070048842      2.476827616
v      65.49013315     -0.617296897      2.594889737
v      65.49013315    -0.3138943147      2.668359785
v      65.49013315 -1.689462283e-16      2.693647612
v      65.49013315     0.3138943147      2.668359785
v      65.49013315      0.617296897      2.594889737
v      65.49013315     0.9070048842      2.476827616
v      65.49013315      1.179815413      2.317763574
v      65.49013315      1.432525622      2.121287759
v      65.49013315      1.661932646      1.890990321
v      65.49013315      1.864833624      1.630461411
v      65.49013315      2.038025692      1.343291177
v      65.49013315      2.178305988      1.033069769
v      65.49013315      2.282471648     0.7033873373
v      65.49013315      2.347319811      0.357834031
v      68.37655042      1.942471419                0
v      68.37655042      1.923706758    -0.2760963094
v      68.37655042      1.869331059    -0.5443840116
v      68.37655042      1.782221745    -0.8017753055
v      68.37655042      1.665256237      -1.04518239
v      68.37655042       1.52131196     -1.271517465
v      68.37655042      1.353266337     -1.477692728
v      68.37655042      1.163996789      -1.66062038
v      68.37655042      0.956380741     -1.817212618
v      68.37655042      0.733295615     -1.944381642
v      68.37655042     0.4976188341      -2.03903965
v      68.37655042     0.2522278215     -2.098098843
v      68.37655042 -1.918465387e-16     -2.118471419
v      68.37655042    -0.2522278215     -2.098098843
v      68.37655042    -0.4976188341      -2.03903965
v      68.37655042     -0.733295615     -1.944381642
v      68.37655042     -0.956380741     -1.817212618
v      68.37655042     -1.163996789      -1.66062038
v      68.37655042     -1.353266337     -1.477692728
v      68.37655042      -1.52131196     -1.271517465
v      68.37655042     -1.665256237      -1.04518239
v      68.37655042     -1.782221745    -0.8017753055
v      68.37655042     -1.869331059    -0.5443840116
v      68.37655042     -1.923706758    -0.2760963094
v      68.37655042     -1.942471419 -1.080077819e-16
v      68.37655042     -1.923706758     0.2760963094
v      68.37655042     -1.869331059     0.5443840116
v      68.37655042     -1.782221745     0.8017753055
v      68.37655042     -1.665256237       1.04518239
v      68.37655042      -1.52131196      1.271517465
v      68.37655042     -1.353266337      1.477692728
v      68.37655042     -1.163996789       1.66062038
v      68.37655042     -0.956380741      1.817212618
v      68.37655042     -0.733295615      1.944381642
v      68.37655042    -0.4976188341       2.03903965
v      68.37655042    -0.2522278215      2.098098843
v      68.37655042 -2.534193424e-16      2.118471419
v      68.37655042     0.2522278215      2.098098843
v      68.37655042     0.4976188341       2.03903965
v      68.37655042      0.733295615      1.944381642
v      68.37655042      0.956380741      1.817212618
v      68.37655042      1.163996789       1.66062038
v      68.37655042      1.353266337      1.477692728
v      68.37655042       1.52131196      1.271517465
v      68.37655042      1.665256237       1.04518239
v      68.37655042      1.782221745     0.8017753055
v      68.37655042      1.869331059     0.5443840116
v      68.37655042      1.923706758     0.2760963094
v      70.87600513       1.18353015                0
v      70.87600513      1.171812251    -0.1575997829
v      70.87600513      1.137930896    -0.3118341125
v      70.87600513      1.083794596    -0.4607323192
v      70.87600513      1.011311866    -0.6023237331
v      70.87600513     0.9223912169    -0.7346376848
v      70.87600513     0.8189411615    -0.8557035045
v      70.87600513     0.7028702124    -0.9635505225
v      70.87600513     0.5760868822     -1.056208069
v      70.87600513     0.4404996833     -1.131705475
v      70.87600513     0.2980171283      -1.18807207
v      70.87600513     0.1505477297     -1.223337185
v      70.87600513 -1.705302566e-16      -1.23553015
v      70.87600513    -0.1505477297     -1.223337185
v      70.87600513    -0.2980171283      -1.18807207
v      70.87600513    -0.4404996833     -1.131705475
v      70.87600513    -0.5760868822     -1.056208069
v      70.87600513    -0.7028702124    -0.9635505225
v      70.87600513    -0.8189411615    -0.8557035045
v      70.87600513    -0.9223912169    -0.7346376848
v      70.87600513     -1.011311866    -0.6023237331
v      70.87600513     -1.083794596    -0.4607323192
v      70.87600513     -1.137930896    -0.3118341125
v      70.87600513     -1.171812251    -0.1575997829
v      70.87600513      -1.18353015 -9.600691722e-17
v      70.87600513     -1.171812251     0.1575997829
v      70.87600513     -1.137930896     0.3118341125
v      70.87600513     -1.083794596     0.4607323192
v      70.87600513     -1.011311866     0.6023237331
v      70.87600513    -0.9223912169     0.7346376848
v      70.87600513    -0.8189411615     0.8557035045
v      70.87600513    -0.7028702124     0.9635505225
v      70.87600513    -0.5760868822      1.056208069
v      70.87600513    -0.4404996833      1.131705475
v      70.87600513    -0.2980171283       1.18807207
v      70.87600513    -0.1505477297      1.223337185
v      70.87600513 -2.252616377e-16       1.23553015
v      70.87600513     0.1505477297      1.223337185
v      70.87600513     0.2980171283       1.18807207
v      70.87600513     0.4404996833      1.131705475
v      70.87600513     0.5760868822      1.056208069
v      70.87600513     0.7028702124     0.9635505225
v      70.87600513     0.8189411615     0.8557035045
v      70.87600513     0.9223912169     0.7346376848
v      70.87600513      1.011311866     0.6023237331
v      70.87600513      1.083794596     0.4607323192
v      70.87600513      1.137930896     0.3118341125
v      70.87600513      1.171812251     0.1575997829
v            72.72                0                0
v               42                0             -1.8
v      41.66613513                0     -1.830013579
v      44.53853735      7.938284682     -1.035630124
v      44.25698095      7.938361162     -1.060435267
v      41.18629666                0     -1.872317649
v      43.85232352      7.938469176     -1.095400287
v      40.51091204                0     -1.930283411
v        43.282762      7.938617674     -1.143315108
v      39.58772217                0     -2.006754236
v      42.50422947      7.938814697     -1.206537927
v      38.37506058                0     -2.102610839
v       41.4815942      7.939063896     -1.285811246
v      36.86280223                0     -2.214468268
v       40.2063264      7.939358305     -1.378354739
v      35.09442295                0     -2.332155424
v       38.7151004      7.939672539     -1.475767912
v      33.17547072                0     -2.437058466
v      37.09693565      7.939955997     -1.562634164
v      35.47744542      7.940139346     -1.618966248
v       31.2548993                0     -2.505093378
v      33.98314001      7.940160326     -1.627732355
v      29.48275595                0     -2.515778654
v      32.70542353      7.939993698     -1.582808234
v      27.96749403                0     -2.461786624
v      31.68146055      7.939819346     -1.523198594
v      26.75321249                0     -2.389537962
v      30.90265503      7.939707858     -1.464540442
v      25.82972581                0     -2.317662586
v      30.33776632      7.939515733     -1.379739537
v      25.16014013                0     -2.214155579
v        29.956042      7.939128741     -1.245496458
v      24.70846232                0     -2.051375565
v      29.77853735      7.938284682     -1.035630124
v             24.5                0             -1.8
v      24.59293649                0     -1.479585525
v      29.85930246      7.937082782    -0.7668163378
v      24.96442737                0     -1.157917348
v      30.17434745      7.935999094      -0.49822726
v      25.58508232                0    -0.8490196807
v      30.69860315      7.934954952    -0.2402653007
v       26.4911164                0    -0.5719184289
v      31.46297077      7.934019436  -0.008868597543
v      27.72052587                0    -0.3825072902
v      32.49960164      7.933411232     0.1489767561
v      29.27073306                0    -0.3205400056
v      33.80644736      7.933242862     0.2002991763
v      31.08381964                0    -0.3544628527
v      35.33486689      7.933378787     0.1717492569
v      33.04624606                0    -0.4814400703
v      36.98922885       7.93381579    0.06562903809
v      38.63890307      7.934481933   -0.09870463073
v      35.00301514                0    -0.6782094584
v      40.15562575      7.935260801    -0.2911834952
v      36.80199075                0    -0.9086969671
v      41.44969267      7.936036865    -0.4826850485
v      38.33680438                0     -1.137999249
v      42.48520703      7.936728048    -0.6529608997
v       39.5649151                0       -1.3418713
v      43.27212178      7.937294774     -0.792390474
v      40.49815744                0     -1.508801177
v      43.84697222      7.937731939    -0.8998510486
v      41.17988315                0     -1.637451721
v      44.25492498        7.9380544    -0.9790733512
v      41.66367145                0     -1.732293493
v       47.0770747      15.87656936    -0.2712602473
v      46.84782678      15.87672232    -0.2908569556
v      46.51835039      15.87693835    -0.3184829243
v      46.05461196      15.87723535    -0.3563468041
v      45.42073676      15.87762939     -0.406321618
v      44.58812782      15.87812779    -0.4690116532
v      43.54985057      15.87871661    -0.5422412105
v      42.33577785      15.87934508    -0.6193804003
v      41.01840057      15.87991199    -0.6882098616
v      39.69999154      15.88027869    -0.7328391182
v      38.48352408      15.88032065    -0.7396860563
v      37.44335303       15.8799874    -0.7038298446
v      36.60970862      15.87963869    -0.6568592255
v      35.97558425      15.87941572    -0.6114182971
v      35.51539252      15.87903147    -0.5453234952
v      35.20362167      15.87825748    -0.4396173521
v       35.0570747      15.87656936    -0.2712602473
v      35.12566843      15.87416556   -0.05404715057
v      35.38426752      15.87199819     0.1614628282
v      35.81212398       15.8699099     0.3684890793
v      36.43482515      15.86803887     0.5541812338
v      37.27867741      15.86682246     0.6804608024
v      38.34216165      15.86648572     0.7211383583
v      39.58591413      15.86675757     0.6979613665
v      40.93221164      15.86763158     0.6126981465
v      42.27479099      15.86896387      0.480800197
v      43.50926074       15.8705216     0.3263299767
v      44.56258096      15.87207373     0.1726291518
v      45.40549895       15.8734561    0.03594950016
v      46.04608612      15.87458955   -0.07597977127
v      46.51406128      15.87546388    -0.1622503761
v       46.8461785       15.8761088    -0.2258532091
v      49.61561205      23.81485405      0.493109629
v       49.4386726      23.81508349     0.4787213559
v      49.18437726      23.81540753     0.4584344382
v      48.82646192      23.81585302     0.4306214993
v      48.33724406      23.81644409     0.3938946909
v      47.69466144      23.81719169       0.34778794
v      46.89337474      23.81807491     0.2938723182
v       45.9564553      23.81901762     0.2370071118
v       44.9398655      23.81986799     0.1862144407
v      43.92253766      23.82041804     0.1532880115
v      42.98390815      23.82048098     0.1483602423
v      42.18128253      23.81998109     0.1751485449
v      41.53795668      23.81945804     0.2094801429
v      41.04851348      23.81912357     0.2417038476
v      40.69301872       23.8185472     0.2890925467
v      40.45120135      23.81738622     0.3662617541
v      40.33561205      23.81485405      0.493109629
v       40.3920344      23.81124835     0.6587220366
v       40.5941876      23.80799728     0.8211529163
v      40.92564481      23.80486486     0.9772434592
v      41.40667953      23.80205831      1.117231065
v      42.05775318       23.8002337      1.211944849
v      42.87787595      23.79972859       1.24197754
v      43.83696138      23.80013636      1.224173476
v      44.87519443      23.80144737      1.159767255
v      45.91067891       23.8034458      1.060305025
v      46.86289574       23.8057824     0.9438434486
v      47.67546925      23.80811059      0.827943352
v      48.32579088      23.81018414     0.7248599001
v      48.82005046      23.81188432     0.6404309314
v      49.18115035      23.81319582     0.5753502963
v      49.43743203       23.8141632     0.5273669329
v       52.1541494      31.75313873      1.257479505
v      52.02951842      31.75344465      1.248299667
v      51.85040413       31.7538767      1.235351801
v      51.59831188       31.7544707      1.217589803
v      51.25375136      31.75525879         1.194111
v      50.80119506      31.75625559      1.164587533
v      50.23689891      31.75743322      1.129985847
v      49.57713275      31.75869016      1.093394624
v      48.86133043      31.75982399      1.060638743
v      48.14508378      31.76055738      1.039415141
v      47.48429222       31.7606413      1.036406541
v      46.91921203      31.75997479      1.054126934
v      46.46620474      31.75927739      1.075819511
v       46.1214427      31.75883143      1.094825992
v      45.87064491      31.75806293      1.123508589
v      45.69878103      31.75651496       1.17214086
v       45.6141494      31.75313873      1.257479505
v      45.65840037      31.74833113      1.371491224
v      45.80410768      31.74399637      1.480843004
v      46.03916564      31.73981981      1.585997839
v       46.3785339      31.73607775      1.680280897
v      46.83682895      31.73364493      1.743428895
v      47.41359024      31.73297145      1.762816722
v      48.08800862      31.73351515      1.750385586
v      48.81817721      31.73526316      1.706836363
v      49.54656683      31.73792773      1.639809852
v      50.21653074       31.7410432      1.561356921
v      50.78835754      31.74414746      1.483257552
v      51.24608281      31.74691219        1.4137703
v       51.5940148      31.74917909      1.356841634
v      51.84823941      31.75092776      1.312950969
v      52.02868556       31.7522176      1.280587075
v      54.69268675      39.69142341      2.021849382
v      54.62036424      39.69180581      2.017877979
v        54.516431      39.69234588      2.012269163
v      54.37016184      39.69308837      2.004558106
v      54.17025866      39.69407348      1.994327309
v      53.90772867      39.69531948      1.981387126
v      53.58042308      39.69679152      1.966099376
v       53.1978102       39.6983627      1.949782136
v      52.78279535      39.69977998      1.935063045
v       52.3676299      39.70069673      1.925542271
v      51.98467629      39.70080163       1.92445284
v      51.65714153      39.69996849      1.933105324
v      51.39445281      39.69909673       1.94215888
v      51.19437192      39.69853929      1.947948137
v      51.04827111      39.69757866      1.957924631
v       50.9463607       39.6956437      1.978019967
v      50.89268675      39.69142341      2.021849382
v      50.92476633      39.68541391      2.084260411
v      51.01402776      39.67999547      2.140533092
v      51.15268647      39.67477476      2.194752219
v      51.35038828      39.67009718      2.243330728
v      51.61590472      39.66705616      2.274912941
v      51.94930454      39.66621431      2.283655904
v      52.33905587      39.66689394      2.276597695
v         52.76116      39.66907895      2.253905472
v      53.18245475      39.67240966       2.21931468
v      53.57016574      39.67630401      2.178870392
v      53.90124583      39.68018432      2.138571753
v      54.16637473      39.68364024        2.1026807
v      54.36797913      39.68647387      2.073252337
v      54.51532848       39.6886597      2.050551641
v      54.61993909        39.690272      2.033807217
v      54.62025795      39.69142236      2.021860288
v      54.51615537      39.69142433      2.021839783
v      54.36961617      39.69143474      2.021731664
v      54.16928768      39.69146517      2.021415656
v      53.90610796      39.69153569      2.020683283
v      53.57785875      39.69166965       2.01929213
v      53.19397134      39.69187444      2.017165272
v      52.77738651      39.69210473      2.014773652
v      52.36048639      39.69224603      2.013306127
v      51.97583335       39.6921548      2.014253606
v      51.64683233      39.69174041      2.018557228
v      51.38343668      39.69184684      2.017451842
v      51.18395056      39.69259816      2.009649157
v      51.03971027      39.69318286      2.003576746
v      50.94096211      39.69308625      2.004580078
v      50.93016493      39.68797136        2.0577003
v      51.02258859      39.68439127      2.094880977
v      51.16310783      39.68071589      2.133051199
v      51.36140441      39.67734707      2.168037766
v      51.62621392      39.67528424      2.189461037
v      51.95814748      39.67486114      2.193855138
v      52.34619938      39.67534464      2.188833839
v      52.76656884      39.67675421      2.174194865
v      53.18629362      39.67889792      2.151931544
v      53.57273008      39.68142589      2.125677638
v      53.90286654      39.68396811      2.099275596
v      54.16734571      39.68624855      2.075592352
v      54.36852481      39.68812749      2.056078779
v      54.51560411      39.68958124      2.040981022
v      54.62004538      39.69065545      2.029824907
v      54.62015167      39.69103891      2.025842598
v      54.51587974      39.69050279      2.031410402
v      54.36907049      39.68978112      2.038905222
v      54.16831669      39.68885686      2.048504004
v      53.90448725       39.6877519      2.059979439
v      53.57529441      39.68654777      2.072484884
v      53.19013248      39.68538618      2.084548408
v      52.77197768      39.68442947      2.094484259
v      52.35334289      39.68379533      2.101069983
v      51.96699041      39.68350797      2.104054372
v      51.63652313      39.68351233      2.104009133
v      51.37242054      39.68459696      2.092744804
v      51.17352919      39.68665703      2.071350178
v      51.03114943      39.68878707      2.049228862
v      50.93556352      39.69052881      2.031140189
v      44.53853735     -7.938284682     -1.035630124
v      44.25698095     -7.938361162     -1.060435267
v      43.85232352     -7.938469176     -1.095400287
v        43.282762     -7.938617674     -1.143315108
v      42.50422947     -7.938814697     -1.206537927
v       41.4815942     -7.939063896     -1.285811246
v       40.2063264     -7.939358305     -1.378354739
v       38.7151004     -7.939672539     -1.475767912
v      37.09693565     -7.939955997     -1.562634164
v      35.47744542     -7.940139346     -1.618966248
v      33.98314001     -7.940160326     -1.627732355
v      32.70542353     -7.939993698     -1.582808234
v      31.68146055     -7.939819346     -1.523198594
v      30.90265503     -7.939707858     -1.464540442
v      30.33776632     -7.939515733     -1.379739537
v        29.956042     -7.939128741     -1.245496458
v      29.77853735     -7.938284682     -1.035630124
v      29.85930246     -7.937082782    -0.7668163378
v      30.17434745     -7.935999094      -0.49822726
v      30.69860315     -7.934954952    -0.2402653007
v      31.46297077     -7.934019436  -0.008868597543
v      32.49960164     -7.933411232     0.1489767561
v      33.80644736     -7.933242862     0.2002991763
v      35.33486689     -7.933378787     0.1717492569
v      36.98922885      -7.93381579    0.06562903809
v      38.63890307     -7.934481933   -0.09870463073
v      40.15562575     -7.935260801    -0.2911834952
v      41.44969267     -7.936036865    -0.4826850485
v      42.48520703     -7.936728048    -0.6529608997
v      43.27212178     -7.937294774     -0.792390474
v      43.84697222     -7.937731939    -0.8998510486
v      44.25492498       -7.9380544    -0.9790733512
v       47.0770747     -15.87656936    -0.2712602473
v      46.84782678     -15.87672232    -0.2908569556
v      46.51835039     -15.87693835    -0.3184829243
v      46.05461196     -15.87723535    -0.3563468041
v      45.42073676     -15.87762939     -0.406321618
v      44.58812782     -15.87812779    -0.4690116532
v      43.54985057     -15.87871661    -0.5422412105
v      42.33577785     -15.87934508    -0.6193804003
v      41.01840057     -15.87991199    -0.6882098616
v      39.69999154     -15.88027869    -0.7328391182
v      38.48352408     -15.88032065    -0.7396860563
v      37.44335303      -15.8799874    -0.7038298446
v      36.60970862     -15.87963869    -0.6568592255
v      35.97558425     -15.87941572    -0.6114182971
v      35.51539252     -15.87903147    -0.5453234952
v      35.20362167     -15.87825748    -0.4396173521
v       35.0570747     -15.87656936    -0.2712602473
v      35.12566843     -15.87416556   -0.05404715057
v      35.38426752     -15.87199819     0.1614628282
v      35.81212398      -15.8699099     0.3684890793
v      36.43482515     -15.86803887     0.5541812338
v      37.27867741     -15.86682246     0.6804608024
v      38.34216165     -15.86648572     0.7211383583
v      39.58591413     -15.86675757     0.6979613665
v      40.93221164     -15.86763158     0.6126981465
v      42.27479099     -15.86896387      0.480800197
v      43.50926074      -15.8705216     0.3263299767
v      44.56258096     -15.87207373     0.1726291518
v      45.40549895      -15.8734561    0.03594950016
v      46.04608612     -15.87458955   -0.07597977127
v      46.51406128     -15.87546388    -0.1622503761
v       46.8461785      -15.8761088    -0.2258532091
v      49.61561205     -23.81485405      0.493109629
v       49.4386726     -23.81508349     0.4787213559
v      49.18437726     -23.81540753     0.4584344382
v      48.82646192     -23.81585302     0.4306214993
v      48.33724406     -23.81644409     0.3938946909
v      47.69466144     -23.81719169       0.34778794
v      46.89337474     -23.81807491     0.2938723182
v       45.9564553     -23.81901762     0.2370071118
v       44.9398655     -23.81986799     0.1862144407
v      43.92253766     -23.82041804     0.1532880115
v      42.98390815     -23.82048098     0.1483602423
v      42.18128253     -23.81998109     0.1751485449
v      41.53795668     -23.81945804     0.2094801429
v      41.04851348     -23.81912357     0.2417038476
v      40.69301872      -23.8185472     0.2890925467
v      40.45120135     -23.81738622     0.3662617541
v      40.33561205     -23.81485405      0.493109629
v       40.3920344     -23.81124835     0.6587220366
v       40.5941876     -23.80799728     0.8211529163
v      40.92564481     -23.80486486     0.9772434592
v      41.40667953     -23.80205831      1.117231065
v      42.05775318      -23.8002337      1.211944849
v      42.87787595     -23.79972859       1.24197754
v      43.83696138     -23.80013636      1.224173476
v      44.87519443     -23.80144737      1.159767255
v      45.91067891      -23.8034458      1.060305025
v      46.86289574      -23.8057824     0.9438434486
v      47.67546925     -23.80811059      0.827943352
v      48.32579088     -23.81018414     0.7248599001
v      48.82005046     -23.81188432     0.6404309314
v      49.18115035     -23.81319582     0.5753502963
v      49.43743203      -23.8141632     0.5273669329
v       52.1541494     -31.75313873      1.257479505
v      52.02951842     -31.75344465      1.248299667
v      51.85040413      -31.7538767      1.235351801
v      51.59831188      -31.7544707      1.217589803
v      51.25375136     -31.75525879         1.194111
v      50.80119506     -31.75625559      1.164587533
v      50.23689891     -31.75743322      1.129985847
v      49.57713275     -31.75869016      1.093394624
v      48.86133043     -31.75982399      1.060638743
v      48.14508378     -31.76055738      1.039415141
v      47.48429222      -31.7606413      1.036406541
v      46.91921203     -31.75997479      1.054126934
v      46.46620474     -31.75927739      1.075819511
v       46.1214427     -31.75883143      1.094825992
v      45.87064491     -31.75806293      1.123508589
v      45.69878103     -31.75651496       1.17214086
v       45.6141494     -31.75313873      1.257479505
v      45.65840037     -31.74833113      1.371491224
v      45.80410768     -31.74399637      1.480843004
v      46.03916564     -31.73981981      1.585997839
v       46.3785339     -31.73607775      1.680280897
v      46.83682895     -31.73364493      1.743428895
v      47.41359024     -31.73297145      1.762816722
v      48.08800862     -31.73351515      1.750385586
v      48.81817721     -31.73526316      1.706836363
v      49.54656683     -31.73792773      1.639809852
v      50.21653074      -31.7410432      1.561356921
v      50.78835754     -31.74414746      1.483257552
v      51.24608281     -31.74691219        1.4137703
v       51.5940148     -31.74917909      1.356841634
v      51.84823941     -31.75092776      1.312950969
v      52.02868556      -31.7522176      1.280587075
v      54.69268675     -39.69142341      2.021849382
v      54.62036424     -39.69180581      2.017877979
v        54.516431     -39.69234588      2.012269163
v      54.37016184     -39.69308837      2.004558106
v      54.17025866     -39.69407348      1.994327309
v      53.90772867     -39.69531948      1.981387126
v      53.58042308     -39.69679152      1.966099376
v       53.1978102      -39.6983627      1.949782136
v      52.78279535     -39.69977998      1.935063045
v       52.3676299     -39.70069673      1.925542271
v      51.98467629     -39.70080163       1.92445284
v      51.65714153     -39.69996849      1.933105324
v      51.39445281     -39.69909673       1.94215888
v      51.19437192     -39.69853929      1.947948137
v      51.04827111     -39.69757866      1.957924631
v       50.9463607      -39.6956437      1.978019967
v      50.89268675     -39.69142341      2.021849382
v      50.92476633     -39.68541391      2.084260411
v      51.01402776     -39.67999547      2.140533092
v      51.15268647     -39.67477476      2.194752219
v      51.35038828     -39.67009718      2.243330728
v      51.61590472     -39.66705616      2.274912941
v      51.94930454     -39.66621431      2.283655904
v      52.33905587     -39.66689394      2.276597695
v         52.76116     -39.66907895      2.253905472
v      53.18245475     -39.67240966       2.21931468
v      53.57016574     -39.67630401      2.178870392
v      53.90124583     -39.68018432      2.138571753
v      54.16637473     -39.68364024        2.1026807
v      54.36797913     -39.68647387      2.073252337
v      54.51532848      -39.6886597      2.050551641
v      54.61993909       -39.690272      2.033807217
v      54.62025795     -39.69142236      2.021860288
v      54.51615537     -39.69142433      2.021839783
v      54.36961617     -39.69143474      2.021731664
v      54.16928768     -39.69146517      2.021415656
v      53.90610796     -39.69153569      2.020683283
v      53.57785875     -39.69166965       2.01929213
v      53.19397134     -39.69187444      2.017165272
v      52.77738651     -39.69210473      2.014773652
v      52.36048639     -39.69224603      2.013306127
v      51.97583335      -39.6921548      2.014253606
v      51.64683233     -39.69174041      2.018557228
v      51.38343668     -39.69184684      2.017451842
v      51.18395056     -39.69259816      2.009649157
v      51.03971027     -39.69318286      2.003576746
v      50.94096211     -39.69308625      2.004580078
v      50.93016493     -39.68797136        2.0577003
v      51.02258859     -39.68439127      2.094880977
v      51.16310783     -39.68071589      2.133051199
v      51.36140441     -39.67734707      2.168037766
v      51.62621392     -39.67528424      2.189461037
v      51.95814748     -39.67486114      2.193855138
v      52.34619938     -39.67534464      2.188833839
v      52.76656884     -39.67675421      2.174194865
v      53.18629362     -39.67889792      2.151931544
v      53.57273008     -39.68142589      2.125677638
v      53.90286654     -39.68396811      2.099275596
v      54.16734571     -39.68624855      2.075592352
v      54.36852481     -39.68812749      2.056078779
v      54.51560411     -39.68958124      2.040981022
v      54.62004538     -39.69065545      2.029824907
v      54.62015167     -39.69103891      2.025842598
v      54.51587974     -39.69050279      2.031410402
v      54.36907049     -39.68978112      2.038905222
v      54.16831669     -39.68885686      2.048504004
v      53.90448725      -39.6877519      2.059979439
v      53.57529441     -39.68654777      2.072484884
v      53.19013248     -39.68538618      2.084548408
v      52.77197768     -39.68442947      2.094484259
v      52.35334289     -39.68379533      2.101069983
v      51.96699041     -39.68350797      2.104054372
v      51.63652313     -39.68351233      2.104009133
v      51.37242054     -39.68459696      2.092744804
v      51.17352919     -39.68665703      2.071350178
v      51.03114943     -39.68878707      2.049228862
v      50.93556352     -39.69052881      2.031140189
v               72                0              4.2
v      71.81862681                0      4.178885096
v      72.96933411      3.023346562      4.517766528
v      72.80934387      3.023526784      4.499159902
v      71.55791165                0      4.149254365
v      72.57936565      3.023779692      4.473049061
v      71.19086908                0      4.108939687
v      72.25559547      3.024123791      4.437523437
v      70.68901285                0      4.056360776
v      71.81290545      3.024572569      4.391190472
v       70.0295653                0       3.99160738
v      71.23120329       3.02512526       4.33412925
v      69.20686366                0      3.917861073
v      70.50549385      3.025754709      4.269143403
v      68.24442298                0       3.84250135
v      69.65651986      3.026397928      4.202735799
v      67.19964914                0      3.776934292
v      68.73491935      3.026957564      4.144957573
v      67.81230685      3.027324541      4.107069921
v      66.15372804                0      3.733939171
v      66.96085191      3.027419833       4.09723172
v      65.18847483                0      3.722774726
v      66.23258171      3.027228403      4.116995519
v      64.36287019                0      3.745202796
v      65.64988878      3.026794521      4.161790548
v      63.70229945                0      3.796036448
v      65.20932534       3.02618573      4.224643622
v      63.20285401                0      3.867362472
v       64.8927647       3.02544822      4.300786015
v      62.84398455                0      3.953769289
v      64.68089979      3.024557278      4.392769102
v      62.60380357                0      4.058152215
v      64.58933411      3.023346562      4.517766528
v             62.5                0              4.2
v      62.60380357                0      4.341847785
v      64.68089979      3.022135845      4.642763955
v      62.84398455                0      4.446230711
v       64.8927647      3.021244904      4.734747041
v      63.20285401                0      4.532637528
v      65.20932534      3.020507393      4.810889434
v      63.70229945                0      4.603963552
v      65.64988878      3.019898603      4.873742509
v      64.36287019                0      4.654797204
v      66.23258171      3.019464721      4.918537538
v      65.18847483                0      4.677225274
v      66.96085191      3.019273291      4.938301336
v      66.15372804                0      4.666060829
v      67.81230685      3.019368583      4.928463136
v      67.19964914                0      4.623065708
v      68.73491935       3.01973556      4.890575484
v      69.65651986      3.020295196      4.832797257
v      68.24442298                0       4.55749865
v      70.50549385      3.020938415      4.766389654
v      69.20686366                0      4.482138927
v      71.23120329      3.021567864      4.701403806
v       70.0295653                0       4.40839262
v      71.81290545      3.022120555      4.644342585
v      70.68901285                0      4.343639224
v      72.25559547      3.022569333       4.59800962
v      71.19086908                0      4.291060313
v      72.57936565      3.022913432      4.562483996
v      71.55791165                0      4.250745635
v      72.80934387      3.023166339      4.536373154
v      71.81862681                0      4.221114904
v      73.93866823      6.046693124      4.835533057
v      73.80006093      6.047053569      4.819434709
v      73.60081966      6.047559385      4.796843756
v      73.32032186      6.048247582      4.766107187
v      72.93679805      6.049145138      4.726020167
v      72.43284129       6.05025052      4.676651121
v      71.80412404      6.051509417      4.620425732
v      71.06861674      6.052795856      4.562970249
v      70.27018957      6.053915128      4.512980853
v      69.47088566      6.054649082       4.48020067
v      68.73322899      6.054839667      4.471688715
v      68.10229324      6.054456805      4.488788242
v      67.59747812      6.053589042      4.527544648
v      67.21579666      6.052371461      4.581924773
v      66.94154484      6.050896441      4.647802742
v      66.75799601      6.049114557      4.727385989
v      66.67866823      6.046693124      4.835533057
v      66.75799601      6.044271691      4.943680124
v      66.94154484      6.042489807      5.023263371
v      67.21579666      6.041014787       5.08914134
v      67.59747812      6.039797206      5.143521465
v      68.10229324      6.038929443      5.182277871
v      68.73322899      6.038546581      5.199377398
v      69.47088566      6.038737165      5.190865443
v      70.27018957       6.03947112      5.158085261
v      71.06861674      6.040590392      5.108095865
v      71.80412404      6.041876831      5.050640381
v      72.43284129      6.043135728      4.994414993
v      72.93679805       6.04424111      4.945045946
v      73.32032186      6.045138666      4.904958926
v      73.60081966      6.045826863      4.874222357
v      73.80006093      6.046332679      4.851631405
v      74.90800234      9.070039686      5.153299585
v      74.79077799      9.070580353      5.139709515
v      74.62227366      9.071339077      5.120638452
v      74.38504825      9.072371373      5.094690937
v      74.06069065      9.073717707      5.060849862
v      73.63447928       9.07537578      5.019172991
v      73.10275423      9.077264126      4.971708061
v      72.48071362      9.079193784      4.923204698
v      71.80545978      9.080872692      4.881004133
v      71.12946446      9.081973624       4.85333142
v      70.50560607        9.0822595       4.84614571
v      69.97200476      9.081685208      4.860580965
v      69.54506746      9.080383563      4.893298748
v      69.22226799      9.078557191      4.939205924
v      68.99032499      9.076344661      4.994819468
v      68.83509223      9.073671835      5.062002876
v      68.76800234      9.070039686      5.153299585
v      68.83509223      9.066407536      5.244596294
v      68.99032499      9.063734711      5.311779702
v      69.22226799       9.06152218      5.367393246
v      69.54506746      9.059695809      5.413300422
v      69.97200476      9.058394164      5.446018205
v      70.50560607      9.057819872       5.46045346
v      71.12946446      9.058105748       5.45326775
v      71.80545978       9.05920668      5.425595037
v      72.48071362      9.060885587      5.383394472
v      73.10275423      9.062815246      5.334891109
v      73.63447928      9.064703591      5.287426179
v      74.06069065      9.066361665      5.245749308
v      74.38504825      9.067707998      5.211908233
v      74.62227366      9.068740295      5.185960718
v      74.79077799      9.069499018      5.166889655
v      75.87733646      12.09338625      5.471066113
v      75.78149505      12.09410714      5.459984322
v      75.64372767      12.09511877      5.444433147
v      75.44977464      12.09649516      5.423274687
v      75.18458325      12.09829028      5.395679558
v      74.83611728      12.10050104      5.361694861
v      74.40138441      12.10301883       5.32299039
v       73.8928105      12.10559171      5.283439147
v         73.34073      12.10783026      5.249027413
v      72.78804327      12.10929816      5.226462169
v      72.27798316      12.10967933      5.220602704
v      71.84171628      12.10891361      5.232373688
v       71.4926568      12.10717808      5.259052848
v      71.22873931      12.10474292      5.296487075
v      71.03910514      12.10179288      5.341836195
v      70.91218845      12.09822911      5.396619763
v      70.85733646      12.09338625      5.471066113
v      70.91218845      12.08854338      5.545512463
v      71.03910514      12.08497961      5.600296032
v      71.22873931      12.08202957      5.645645152
v       71.4926568      12.07959441      5.683079378
v      71.84171628      12.07785889      5.709758539
v      72.27798316      12.07709316      5.721529523
v      72.78804327      12.07747433      5.715670057
v         73.34073      12.07894224      5.693104813
v       73.8928105      12.08118078       5.65869308
v      74.40138441      12.08375366      5.619141836
v      74.83611728      12.08627146      5.580437366
v      75.18458325      12.08848222      5.546452669
v      75.44977464      12.09027733       5.51885754
v      75.64372767      12.09165373       5.49769908
v      75.78149505      12.09266536      5.482147905
v      76.84667057      15.11673281      5.788832642
v       76.7722121      15.11763392      5.780259129
v      76.66518167      15.11889846      5.768227842
v      76.51450103      15.12061896      5.751858437
v      76.30847585      15.12286284      5.730509253
v      76.03775527       15.1256263      5.704216731
v       75.7000146      15.12877354       5.67427272
v      75.30490737      15.13198964      5.643673596
v      74.87600022      15.13478782      5.617050693
v      74.44662208      15.13662271      5.599592919
v      74.05036024      15.13709917      5.595059699
v      73.71142781      15.13614201      5.604166411
v      73.44024613       15.1339726      5.624806948
v      73.23521064      15.13092865      5.653768226
v      73.08788528       15.1272411      5.688852921
v      72.98928467      15.12278639       5.73123665
v      72.94667057      15.11673281      5.788832642
v      72.98928467      15.11067923      5.846428633
v      73.08788528      15.10622452      5.888812362
v      73.23521064      15.10253697      5.923897058
v      73.44024613      15.09949301      5.952858335
v      73.71142781      15.09732361      5.973498873
v      74.05036024      15.09636645      5.982605585
v      74.44662208      15.09684291      5.978072364
v      74.87600022       15.0986778       5.96061459
v      75.30490737      15.10147598      5.933991688
v       75.7000146      15.10469208      5.903392564
v      76.03775527      15.10783932      5.873448553
v      76.30847585      15.11060277       5.84715603
v      76.51450103      15.11284666      5.825806846
v      76.66518167      15.11456716      5.809437441
v       76.7722121       15.1158317      5.797406155
v       76.7722121      15.11718337      5.784545885
v      76.66518167      15.11781564      5.778530242
v      76.51450103      15.11867588      5.770345539
v      76.30847585      15.11979783      5.759670947
v      76.03775527      15.12117955      5.746524686
v       75.7000146      15.12275318      5.731552681
v      75.30490737      15.12436122      5.716253119
v      74.87600022      15.12576031      5.702941668
v      74.44662208      15.12667776       5.69421278
v      74.05036024      15.12691599       5.69194617
v      73.71142781      15.12643741      5.696499526
v      73.44024613      15.12535271      5.706819795
v      73.23521064      15.12383073      5.721300434
v      73.08788528      15.12198696      5.738842781
v      72.98928467       15.1197596      5.760034646
v      72.98928467      15.11370602      5.817630637
v      73.08788528      15.11147866      5.838822502
v      73.23521064      15.10963489       5.85636485
v      73.44024613      15.10811291      5.870845488
v      73.71142781      15.10702821      5.881165757
v      74.05036024      15.10654963      5.885719113
v      74.44662208      15.10678786      5.883452503
v      74.87600022       15.1077053      5.874723616
v      75.30490737      15.10910439      5.861412165
v       75.7000146      15.11071244      5.846112603
v      76.03775527      15.11228606      5.831140597
v      76.30847585      15.11366779      5.817994336
v      76.51450103      15.11478974      5.807319744
v      76.66518167      15.11564998      5.799135041
v       76.7722121      15.11628225      5.793119398
v       76.7722121      15.11673281      5.788832642
v      76.66518167      15.11673281      5.788832642
v      76.51450103      15.11673281      5.788832642
v      76.30847585      15.11673281      5.788832642
v      76.03775527      15.11673281      5.788832642
v       75.7000146      15.11673281      5.788832642
v      75.30490737      15.11673281      5.788832642
v      74.87600022      15.11673281      5.788832642
v      74.44662208      15.11673281      5.788832642
v      74.05036024      15.11673281      5.788832642
v      73.71142781      15.11673281      5.788832642
v      73.44024613      15.11673281      5.788832642
v      73.23521064      15.11673281      5.788832642
v      73.08788528      15.11673281      5.788832642
v      72.98928467      15.11673281      5.788832642
v      72.96933411     -3.023346562      4.517766528
v      72.80934387     -3.023526784      4.499159902
v      72.57936565     -3.023779692      4.473049061
v      72.25559547     -3.024123791      4.437523437
v      71.81290545     -3.024572569      4.391190472
v      71.23120329      -3.02512526       4.33412925
v      70.50549385     -3.025754709      4.269143403
v      69.65651986     -3.026397928      4.202735799
v      68.73491935     -3.026957564      4.144957573
v      67.81230685     -3.027324541      4.107069921
v      66.96085191     -3.027419833       4.09723172
v      66.23258171     -3.027228403      4.116995519
v      65.64988878     -3.026794521      4.161790548
v      65.20932534      -3.02618573      4.224643622
v       64.8927647      -3.02544822      4.300786015
v      64.68089979     -3.024557278      4.392769102
v      64.58933411     -3.023346562      4.517766528
v      64.68089979     -3.022135845      4.642763955
v       64.8927647     -3.021244904      4.734747041
v      65.20932534     -3.020507393      4.810889434
v      65.64988878     -3.019898603      4.873742509
v      66.23258171     -3.019464721      4.918537538
v      66.96085191     -3.019273291      4.938301336
v      67.81230685     -3.019368583      4.928463136
v      68.73491935      -3.01973556      4.890575484
v      69.65651986     -3.020295196      4.832797257
v      70.50549385     -3.020938415      4.766389654
v      71.23120329     -3.021567864      4.701403806
v      71.81290545     -3.022120555      4.644342585
v      72.25559547     -3.022569333       4.59800962
v      72.57936565     -3.022913432      4.562483996
v      72.80934387     -3.023166339      4.536373154
v      73.93866823     -6.046693124      4.835533057
v      73.80006093     -6.047053569      4.819434709
v      73.60081966     -6.047559385      4.796843756
v      73.32032186     -6.048247582      4.766107187
v      72.93679805     -6.049145138      4.726020167
v      72.43284129      -6.05025052      4.676651121
v      71.80412404     -6.051509417      4.620425732
v      71.06861674     -6.052795856      4.562970249
v      70.27018957     -6.053915128      4.512980853
v      69.47088566     -6.054649082       4.48020067
v      68.73322899     -6.054839667      4.471688715
v      68.10229324     -6.054456805      4.488788242
v      67.59747812     -6.053589042      4.527544648
v      67.21579666     -6.052371461      4.581924773
v      66.94154484     -6.050896441      4.647802742
v      66.75799601     -6.049114557      4.727385989
v      66.67866823     -6.046693124      4.835533057
v      66.75799601     -6.044271691      4.943680124
v      66.94154484     -6.042489807      5.023263371
v      67.21579666     -6.041014787       5.08914134
v      67.59747812     -6.039797206      5.143521465
v      68.10229324     -6.038929443      5.182277871
v      68.73322899     -6.038546581      5.199377398
v      69.47088566     -6.038737165      5.190865443
v      70.27018957      -6.03947112      5.158085261
v      71.06861674     -6.040590392      5.108095865
v      71.80412404     -6.041876831      5.050640381
v      72.43284129     -6.043135728      4.994414993
v      72.93679805      -6.04424111      4.945045946
v      73.32032186     -6.045138666      4.904958926
v      73.60081966     -6.045826863      4.874222357
v      73.80006093     -6.046332679      4.851631405
v      74.90800234     -9.070039686      5.153299585
v      74.79077799     -9.070580353      5.139709515
v      74.62227366     -9.071339077      5.120638452
v      74.38504825     -9.072371373      5.094690937
v      74.06069065     -9.073717707      5.060849862
v      73.63447928      -9.07537578      5.019172991
v      73.10275423     -9.077264126      4.971708061
v      72.48071362     -9.079193784      4.923204698
v      71.80545978     -9.080872692      4.881004133
v      71.12946446     -9.081973624       4.85333142
v      70.50560607       -9.0822595       4.84614571
v      69.97200476     -9.081685208      4.860580965
v      69.54506746     -9.080383563      4.893298748
v      69.22226799     -9.078557191      4.939205924
v      68.99032499     -9.076344661      4.994819468
v      68.83509223     -9.073671835      5.062002876
v      68.76800234     -9.070039686      5.153299585
v      68.83509223     -9.066407536      5.244596294
v      68.99032499     -9.063734711      5.311779702
v      69.22226799      -9.06152218      5.367393246
v      69.54506746     -9.059695809      5.413300422
v      69.97200476     -9.058394164      5.446018205
v      70.50560607     -9.057819872       5.46045346
v      71.12946446     -9.058105748       5.45326775
v      71.80545978      -9.05920668      5.425595037
v      72.48071362     -9.060885587      5.383394472
v      73.10275423     -9.062815246      5.334891109
v      73.63447928     -9.064703591      5.287426179
v      74.06069065     -9.066361665      5.245749308
v      74.38504825     -9.067707998      5.211908233
v      74.62227366     -9.068740295      5.185960718
v      74.79077799     -9.069499018      5.166889655
v      75.87733646     -12.09338625      5.471066113
v      75.78149505     -12.09410714      5.459984322
v      75.64372767     -12.09511877      5.444433147
v      75.44977464     -12.09649516      5.423274687
v      75.18458325     -12.09829028      5.395679558
v      74.83611728     -12.10050104      5.361694861
v      74.40138441     -12.10301883       5.32299039
v       73.8928105     -12.10559171      5.283439147
v         73.34073     -12.10783026      5.249027413
v      72.78804327     -12.10929816      5.226462169
v      72.27798316     -12.10967933      5.220602704
v      71.84171628     -12.10891361      5.232373688
v       71.4926568     -12.10717808      5.259052848
v      71.22873931     -12.10474292      5.296487075
v      71.03910514     -12.10179288      5.341836195
v      70.91218845     -12.09822911      5.396619763
v      70.85733646     -12.09338625      5.471066113
v      70.91218845     -12.08854338      5.545512463
v      71.03910514     -12.08497961      5.600296032
v      71.22873931     -12.08202957      5.645645152
v       71.4926568     -12.07959441      5.683079378
v      71.84171628     -12.07785889      5.709758539
v      72.27798316     -12.07709316      5.721529523
v      72.78804327     -12.07747433      5.715670057
v         73.34073     -12.07894224      5.693104813
v       73.8928105     -12.08118078       5.65869308
v      74.40138441     -12.08375366      5.619141836
v      74.83611728     -12.08627146      5.580437366
v      75.18458325     -12.08848222      5.546452669
v      75.44977464     -12.09027733       5.51885754
v      75.64372767     -12.09165373       5.49769908
v      75.78149505     -12.09266536      5.482147905
v      76.84667057     -15.11673281      5.788832642
v       76.7722121     -15.11763392      5.780259129
v      76.66518167     -15.11889846      5.768227842
v      76.51450103     -15.12061896      5.751858437
v      76.30847585     -15.12286284      5.730509253
v      76.03775527      -15.1256263      5.704216731
v       75.7000146     -15.12877354       5.67427272
v      75.30490737     -15.13198964      5.643673596
v      74.87600022     -15.13478782      5.617050693
v      74.44662208     -15.13662271      5.599592919
v      74.05036024     -15.13709917      5.595059699
v      73.71142781     -15.13614201      5.604166411
v      73.44024613      -15.1339726      5.624806948
v      73.23521064     -15.13092865      5.653768226
v      73.08788528      -15.1272411      5.688852921
v      72.98928467     -15.12278639       5.73123665
v      72.94667057     -15.11673281      5.788832642
v      72.98928467     -15.11067923      5.846428633
v      73.08788528     -15.10622452      5.888812362
v      73.23521064     -15.10253697      5.923897058
v      73.44024613     -15.09949301      5.952858335
v      73.71142781     -15.09732361      5.973498873
v      74.05036024     -15.09636645      5.982605585
v      74.44662208     -15.09684291      5.978072364
v      74.87600022      -15.0986778       5.96061459
v      75.30490737     -15.10147598      5.933991688
v       75.7000146     -15.10469208      5.903392564
v      76.03775527     -15.10783932      5.873448553
v      76.30847585     -15.11060277       5.84715603
v      76.51450103     -15.11284666      5.825806846
v      76.66518167     -15.11456716      5.809437441
v       76.7722121      -15.1158317      5.797406155
v       76.7722121     -15.11718337      5.784545885
v      76.66518167     -15.11781564      5.778530242
v      76.51450103     -15.11867588      5.770345539
v      76.30847585     -15.11979783      5.759670947
v      76.03775527     -15.12117955      5.746524686
v       75.7000146     -15.12275318      5.731552681
v      75.30490737     -15.12436122      5.716253119
v      74.87600022     -15.12576031      5.702941668
v      74.44662208     -15.12667776       5.69421278
v      74.05036024     -15.12691599       5.69194617
v      73.71142781     -15.12643741      5.696499526
v      73.44024613     -15.12535271      5.706819795
v      73.23521064     -15.12383073      5.721300434
v      73.08788528     -15.12198696      5.738842781
v      72.98928467      -15.1197596      5.760034646
v      72.98928467     -15.11370602      5.817630637
v      73.08788528     -15.11147866      5.838822502
v      73.23521064     -15.10963489       5.85636485
v      73.44024613     -15.10811291      5.870845488
v      73.71142781     -15.10702821      5.881165757
v      74.05036024     -15.10654963      5.885719113
v      74.44662208     -15.10678786      5.883452503
v      74.87600022      -15.1077053      5.874723616
v      75.30490737     -15.10910439      5.861412165
v       75.7000146     -15.11071244      5.846112603
v      76.03775527     -15.11228606      5.831140597
v      76.30847585     -15.11366779      5.817994336
v      76.51450103     -15.11478974      5.807319744
v      76.66518167     -15.11564998      5.799135041
v       76.7722121     -15.11628225      5.793119398
v       76.7722121     -15.11673281      5.788832642
v      76.66518167     -15.11673281      5.788832642
v      76.51450103     -15.11673281      5.788832642
v      76.30847585     -15.11673281      5.788832642
v      76.03775527     -15.11673281      5.788832642
v       75.7000146     -15.11673281      5.788832642
v      75.30490737     -15.11673281      5.788832642
v      74.87600022     -15.11673281      5.788832642
v      74.44662208     -15.11673281      5.788832642
v      74.05036024     -15.11673281      5.788832642
v      73.71142781     -15.11673281      5.788832642
v      73.44024613     -15.11673281      5.788832642
v      73.23521064     -15.11673281      5.788832642
v      73.08788528     -15.11673281      5.788832642
v      72.98928467     -15.11673281      5.788832642
v             63.5                0              3.8
v      63.27089703  9.290889694e-16              3.8
v      63.27089703    0.01326267455              3.8
v      62.94157261  1.237489479e-15              3.8
v      62.94157261    0.03187430202              3.8
v      62.47793989  5.911515927e-16              3.8
v      62.47793989    0.05719672117              3.8
v      61.84401623   1.21997937e-16              3.8
v      61.84401623    0.09022253882              3.8
v      61.01102985 -1.257933608e-16              3.8
v      61.01102985      0.130895383              3.8
v      59.97182779  1.963331831e-16              3.8
v      59.97182779     0.1772168463              3.8
v      58.75611324  -1.46531495e-17              3.8
v      58.75611324     0.2245517271              3.8
v      57.43639891  5.551115123e-17              3.8
v      57.43639891      0.265735648              3.8
v      56.11523542     0.2927417047              3.8
v      56.11523542  2.981167863e-17              3.8
v       54.8959682     0.2997543057              3.8
v       54.8959682 -1.816590048e-18              3.8
v      53.85309919     0.2856668066              3.8
v      53.85309919  1.009513411e-16              3.8
v      53.01869404     0.2537372196              3.8
v      53.01869404 -4.819099082e-17              3.8
v      52.38781559     0.2089359823              3.8
v      52.38781559  3.461959224e-16              3.8
v       51.9345068     0.1546622105              3.8
v       51.9345068  -5.36819269e-16              3.8
v       51.6311203    0.08909730189              3.8
v       51.6311203  9.891924847e-16              3.8
v             51.5                0              3.8
v       51.6311203   -0.08909730189              3.8
v       51.9345068    -0.1546622105              3.8
v      52.38781559    -0.2089359823              3.8
v      53.01869404    -0.2537372196              3.8
v      53.85309919    -0.2856668066              3.8
v       54.8959682    -0.2997543057              3.8
v      56.11523542    -0.2927417047              3.8
v      57.43639891     -0.265735648              3.8
v      58.75611324    -0.2245517271              3.8
v      59.97182779    -0.1772168463              3.8
v      61.01102985     -0.130895383              3.8
v      61.84401623   -0.09022253882              3.8
v      62.47793989   -0.05719672117              3.8
v      62.94157261   -0.03187430202              3.8
v      63.27089703   -0.01326267455              3.8
v      63.27089703    0.02652534909              3.8
v      62.94157261    0.06374860405              3.8
v      62.47793989     0.1143934423              3.8
v      61.84401623     0.1804450776              3.8
v      61.01102985      0.261790766              3.8
v      59.97182779     0.3544336926              3.8
v      58.75611324     0.4491034542              3.8
v      57.43639891     0.5314712961              3.8
v      56.11523542     0.5854834093              3.8
v       54.8959682     0.5995086114              3.8
v      53.85309919     0.5713336133              3.8
v      53.01869404     0.5074744392              3.8
v      52.38781559     0.4178719645              3.8
v       51.9345068     0.3093244211              3.8
v       51.6311203     0.1781946038              3.8
v       51.6311203    -0.1781946038              3.8
v       51.9345068    -0.3093244211              3.8
v      52.38781559    -0.4178719645              3.8
v      53.01869404    -0.5074744392              3.8
v      53.85309919    -0.5713336133              3.8
v       54.8959682    -0.5995086114              3.8
v      56.11523542    -0.5854834093              3.8
v      57.43639891    -0.5314712961              3.8
v      58.75611324    -0.4491034542              3.8
v      59.97182779    -0.3544336926              3.8
v      61.01102985     -0.261790766              3.8
v      61.84401623    -0.1804450776              3.8
v      62.47793989    -0.1143934423              3.8
v      62.94157261   -0.06374860405              3.8
v      63.27089703   -0.02652534909              3.8
v      64.43338893  1.775737859e-16              6.7
v      64.23292383    0.02320968045              6.7
v      63.94476496    0.05578002854              6.7
v      63.53908633     0.1000942621              6.7
v      62.98440313     0.1578894429              6.7
v      62.25554005     0.2290669203              6.7
v      61.34623824      0.310129481              6.7
v      60.28248801     0.3929655224              6.7
v      59.12773798      0.465037384              6.7
v      57.97171992     0.5122979831              6.7
v      56.90486111      0.524570035              6.7
v      55.99235072     0.4999169116              6.7
v      55.26224621     0.4440401343              6.7
v      54.71022757      0.365637969              6.7
v      54.31358238     0.2706588685              6.7
v       54.0481192     0.1559202783              6.7
v      53.93338893  1.775737859e-16              6.7
v       54.0481192    -0.1559202783              6.7
v      54.31358238    -0.2706588685              6.7
v      54.71022757     -0.365637969              6.7
v      55.26224621    -0.4440401343              6.7
v      55.99235072    -0.4999169116              6.7
v      56.90486111     -0.524570035              6.7
v      57.97171992    -0.5122979831              6.7
v      59.12773798     -0.465037384              6.7
v      60.28248801    -0.3929655224              6.7
v      61.34623824     -0.310129481              6.7
v      62.25554005    -0.2290669203              6.7
v      62.98440313    -0.1578894429              6.7
v      63.53908633    -0.1000942621              6.7
v      63.94476496   -0.05578002854              6.7
v      64.23292383   -0.02320968045              6.7
v      65.36677786  3.551475718e-16              9.6
v      65.19495063    0.01989401182              9.6
v      64.94795732    0.04781145303              9.6
v      64.60023278    0.08579508176              9.6
v      64.12479003     0.1353338082              9.6
v      63.50005025     0.1963430745              9.6
v       62.7206487     0.2658252695              9.6
v      61.80886279     0.3368275906              9.6
v      60.81907704      0.398603472              9.6
v      59.82820442      0.439112557              9.6
v      58.91375401     0.4496314585              9.6
v      58.13160225       0.42850021              9.6
v      57.50579839     0.3806058294              9.6
v      57.03263955     0.3134039734              9.6
v      56.69265796     0.2319933158              9.6
v      56.46511809     0.1336459528              9.6
v      56.36677786  3.551475718e-16              9.6
v      56.46511809    -0.1336459528              9.6
v      56.69265796    -0.2319933158              9.6
v      57.03263955    -0.3134039734              9.6
v      57.50579839    -0.3806058294              9.6
v      58.13160225      -0.42850021              9.6
v      58.91375401    -0.4496314585              9.6
v      59.82820442     -0.439112557              9.6
v      60.81907704     -0.398603472              9.6
v      61.80886279    -0.3368275906              9.6
v       62.7206487    -0.2658252695              9.6
v      63.50005025    -0.1963430745              9.6
v      64.12479003    -0.1353338082              9.6
v      64.60023278   -0.08579508176              9.6
v      64.94795732   -0.04781145303              9.6
v      65.19495063   -0.01989401182              9.6
v      66.30016679  5.327213576e-16             12.5
v      66.15697743    0.01657834318             12.5
v      65.95114967    0.03984287753             12.5
v      65.66137922    0.07149590147             12.5
v      65.26517693     0.1127781735             12.5
v      64.74456045     0.1636192288             12.5
v      64.09505916     0.2215210579             12.5
v      63.33523757     0.2806896589             12.5
v      62.51041611       0.33216956             12.5
v      61.68468893     0.3659271308             12.5
v      60.92264692     0.3746928821             12.5
v      60.27085378     0.3570835083             12.5
v      59.74935057     0.3171715245             12.5
v      59.35505154     0.2611699778             12.5
v      59.07173354     0.1933277632             12.5
v      58.88211698     0.1113716274             12.5
v      58.80016679  5.327213576e-16             12.5
v      58.88211698    -0.1113716274             12.5
v      59.07173354    -0.1933277632             12.5
v      59.35505154    -0.2611699778             12.5
v      59.74935057    -0.3171715245             12.5
v      60.27085378    -0.3570835083             12.5
v      60.92264692    -0.3746928821             12.5
v      61.68468893    -0.3659271308             12.5
v      62.51041611      -0.33216956             12.5
v      63.33523757    -0.2806896589             12.5
v      64.09505916    -0.2215210579             12.5
v      64.74456045    -0.1636192288             12.5
v      65.26517693    -0.1127781735             12.5
v      65.66137922   -0.07149590147             12.5
v      65.95114967   -0.03984287753             12.5
v      66.15697743   -0.01657834318             12.5
v      67.11900423    0.01326267455             15.4
v      67.23355572  7.102951435e-16             15.4
v      66.95434203    0.03187430202             15.4
v      66.72252567    0.05719672117             15.4
v      66.40556384    0.09022253882             15.4
v      65.98907065      0.130895383             15.4
v      65.46946961     0.1772168463             15.4
v      64.86161234     0.2245517271             15.4
v      64.20175518      0.265735648             15.4
v      63.54117343     0.2927417047             15.4
v      62.93153982     0.2997543057             15.4
v      62.41010531     0.2856668066             15.4
v      61.99290274     0.2537372196             15.4
v      61.67746352     0.2089359823             15.4
v      61.45080912     0.1546622105             15.4
v      61.29911587    0.08909730189             15.4
v      61.23355572  7.102951435e-16             15.4
v      61.29911587   -0.08909730189             15.4
v      61.45080912    -0.1546622105             15.4
v      61.67746352    -0.2089359823             15.4
v      61.99290274    -0.2537372196             15.4
v      62.41010531    -0.2856668066             15.4
v      62.93153982    -0.2997543057             15.4
v      63.54117343    -0.2927417047             15.4
v      64.20175518     -0.265735648             15.4
v      64.86161234    -0.2245517271             15.4
v      65.46946961    -0.1772168463             15.4
v      65.98907065     -0.130895383             15.4
v      66.40556384   -0.09022253882             15.4
v      66.72252567   -0.05719672117             15.4
v      66.95434203   -0.03187430202             15.4
v      67.11900423   -0.01326267455             15.4
v      68.08103104   0.009947005909             18.3
v      68.16694465  8.878689294e-16             18.3
v      67.95753438    0.02390572652             18.3
v      67.78367211    0.04289754088             18.3
v      67.54595074    0.06766690411             18.3
v      67.23358085    0.09817153726             18.3
v      66.84388007     0.1329126347             18.3
v      66.38798712     0.1684137953             18.3
v      65.89309424      0.199301736             18.3
v      65.39765793     0.2195562785             18.3
v      64.94043273     0.2248157293             18.3
v      64.54935685      0.214250105             18.3
v      64.23645492     0.1903029147             18.3
v       63.9998755     0.1567019867             18.3
v       63.8298847     0.1159966579             18.3
v      63.71611477    0.06682297641             18.3
v      63.66694465  8.878689294e-16             18.3
v      63.71611477   -0.06682297641             18.3
v       63.8298847    -0.1159966579             18.3
v       63.9998755    -0.1567019867             18.3
v      64.23645492    -0.1903029147             18.3
v      64.54935685     -0.214250105             18.3
v      64.94043273    -0.2248157293             18.3
v      65.39765793    -0.2195562785             18.3
v      65.89309424     -0.199301736             18.3
v      66.38798712    -0.1684137953             18.3
v      66.84388007    -0.1329126347             18.3
v      67.23358085   -0.09817153726             18.3
v      67.54595074   -0.06766690411             18.3
v      67.78367211   -0.04289754088             18.3
v      67.95753438   -0.02390572652             18.3
v      68.08103104  -0.009947005909             18.3
v      68.08103104   0.004973502954             18.3
v      67.95753438    0.01195286326             18.3
v      67.78367211    0.02144877044             18.3
v      67.54595074    0.03383345206             18.3
v      67.23358085    0.04908576863             18.3
v      66.84388007    0.06645631736             18.3
v      66.38798712    0.08420689766             18.3
v      65.89309424    0.09965086801             18.3
v      65.39765793     0.1097781392             18.3
v      64.94043273     0.1124078646             18.3
v      64.54935685     0.1071250525             18.3
v      64.23645492    0.09515145734             18.3
v       63.9998755    0.07835099335             18.3
v       63.8298847    0.05799832895             18.3
v      63.71611477    0.03341148821             18.3
v      63.71611477   -0.03341148821             18.3
v       63.8298847   -0.05799832895             18.3
v       63.9998755   -0.07835099335             18.3
v      64.23645492   -0.09515145734             18.3
v      64.54935685    -0.1071250525             18.3
v      64.94043273    -0.1124078646             18.3
v      65.39765793    -0.1097781392             18.3
v      65.89309424   -0.09965086801             18.3
v      66.38798712   -0.08420689766             18.3
v      66.84388007   -0.06645631736             18.3
v      67.23358085   -0.04908576863             18.3
v      67.54595074   -0.03383345206             18.3
v      67.78367211   -0.02144877044             18.3
v      67.95753438   -0.01195286326             18.3
v      68.08103104  -0.004973502954             18.3
v      68.08103104  1.236038406e-15             18.3
v      67.95753438  1.352685858e-15             18.3
v      67.78367211   1.10972971e-15             18.3
v      67.54595074  9.209271367e-16             18.3
v      67.23358085  8.493740346e-16             18.3
v      66.84388007  9.727049417e-16             18.3
v      66.38798712  9.158579179e-16             18.3
v      65.89309424   9.15624505e-16             18.3
v      65.39765793   8.95321849e-16             18.3
v      64.94043273   8.95044294e-16             18.3
v      64.54935685  9.237079143e-16             18.3
v      64.23645492  8.695709925e-16             18.3
v       63.9998755  1.017445091e-15             18.3
v       63.8298847  6.931780571e-16             18.3
v      63.71611477  1.262201403e-15             18.3
v       28.6430727             15.5     -3.059451303
v       28.6430727       15.8821507     -3.217849296
v             28.5             15.5             -3.6
v       28.6430727       16.0405487             -3.6
v       28.6430727       15.8821507     -3.982150704
v       28.6430727             15.5     -4.140548697
v       28.6430727       15.1178493     -3.982150704
v       28.6430727       14.9594513             -3.6
v       28.6430727       15.1178493     -3.217849296
v      28.84087791             15.5     -2.632277092
v      28.84087791      16.18414926     -2.915850741
v      28.84087791      16.46772291             -3.6
v      28.84087791      16.18414926     -4.284149259
v      28.84087791             15.5     -4.567722908
v      28.84087791      14.81585074     -4.284149259
v      28.84087791      14.53227709             -3.6
v      28.84087791      14.81585074     -2.915850741
v       29.0962963             15.5     -2.305185185
v       29.0962963      16.41539281     -2.684607186
v       29.0962963      16.79481481             -3.6
v       29.0962963      16.41539281     -4.515392814
v       29.0962963             15.5     -4.894814815
v       29.0962963      14.58460719     -4.515392814
v       29.0962963      14.20518519             -3.6
v       29.0962963      14.58460719     -2.684607186
v       29.4122085             15.5     -2.064883402
v       29.4122085      16.58527852     -2.514721483
v       29.4122085       17.0351166             -3.6
v       29.4122085      16.58527852     -4.685278517
v       29.4122085             15.5     -5.135116598
v       29.4122085      14.41472148     -4.685278517
v       29.4122085       13.9648834             -3.6
v       29.4122085      14.41472148     -2.514721483
v       29.7914952             15.5     -1.898079561
v       29.7914952      16.70320352     -2.396796483
v       29.7914952      17.20192044             -3.6
v       29.7914952      16.70320352     -4.803203517
v       29.7914952             15.5     -5.301920439
v       29.7914952      14.29679648     -4.803203517
v       29.7914952      13.79807956             -3.6
v       29.7914952      14.29679648     -2.396796483
v      30.23703704             15.5     -1.791481481
v      30.23703704      16.77856496     -2.321435037
v      30.23703704      17.30851852             -3.6
v      30.23703704      16.77856496     -4.878564963
v      30.23703704             15.5     -5.408518519
v      30.23703704      14.22143504     -4.878564963
v      30.23703704      13.69148148             -3.6
v      30.23703704      14.22143504     -2.321435037
v      30.75171468             15.5     -1.731796982
v      30.75171468         16.82076     -2.279239998
v      30.75171468      17.36820302             -3.6
v      30.75171468         16.82076     -4.920760002
v      30.75171468             15.5     -5.468203018
v      30.75171468         14.17924     -4.920760002
v      30.75171468      13.63179698             -3.6
v      30.75171468         14.17924     -2.279239998
v      31.33840878             15.5     -1.705733882
v      31.33840878      16.83918578     -2.260814217
v      31.33840878      17.39426612             -3.6
v      31.33840878      16.83918578     -4.939185783
v      31.33840878             15.5     -5.494266118
v      31.33840878      14.16081422     -4.939185783
v      31.33840878      13.60573388             -3.6
v      31.33840878      14.16081422     -2.260814217
v               32             15.5             -1.7
v               32      16.84323945     -2.256760545
v               32             17.4             -3.6
v               32      16.84323945     -4.943239455
v               32             15.5             -5.5
v               32      14.15676055     -4.943239455
v               32             13.6             -3.6
v               32      14.15676055     -2.256760545
v      32.29286694             15.5     -1.746392318
v      32.29286694      16.81044156     -2.289558436
v      32.29286694      17.35360768             -3.6
v      32.29286694      16.81044156     -4.910441564
v      32.29286694             15.5     -5.453607682
v      32.29286694      14.18955844     -4.910441564
v      32.29286694      13.64639232             -3.6
v      32.29286694      14.18955844     -2.289558436
v      32.68367627             15.5     -1.874101509
v      32.68367627      16.72015524     -2.379844764
v      32.68367627      17.22589849             -3.6
v      32.68367627      16.72015524     -4.820155236
v      32.68367627             15.5     -5.325898491
v      32.68367627      14.27984476     -4.820155236
v      32.68367627      13.77410151             -3.6
v      32.68367627      14.27984476     -2.379844764
v      33.14074074             15.5     -2.065925926
v      33.14074074      16.58454149     -2.515458514
v      33.14074074      17.03407407             -3.6
v      33.14074074      16.58454149     -4.684541486
v      33.14074074             15.5     -5.134074074
v      33.14074074      14.41545851     -4.684541486
v      33.14074074      13.96592593             -3.6
v      33.14074074      14.41545851     -2.515458514
v      33.63237311             15.5     -2.304663923
v      33.63237311      16.41576133     -2.684238671
v      33.63237311      16.79533608             -3.6
v      33.63237311      16.41576133     -4.515761329
v      33.63237311             15.5     -4.895336077
v      33.63237311      14.58423867     -4.515761329
v      33.63237311      14.20466392             -3.6
v      33.63237311      14.58423867     -2.684238671
v      34.12688615             15.5     -2.573113855
v      34.12688615      16.22597578     -2.874024218
v      34.12688615      16.52688615             -3.6
v      34.12688615      16.22597578     -4.325975782
v      34.12688615             15.5     -4.626886145
v      34.12688615      14.77402422     -4.325975782
v      34.12688615      14.47311385             -3.6
v      34.12688615      14.77402422     -2.874024218
v      34.59259259             15.5     -2.854074074
v      34.59259259      16.02734586      -3.07265414
v      34.59259259      16.24592593             -3.6
v      34.59259259      16.02734586      -4.12734586
v      34.59259259             15.5     -4.345925926
v      34.59259259      14.97265414      -4.12734586
v      34.59259259      14.75407407             -3.6
v      34.59259259      14.97265414      -3.07265414
v      34.99780521             15.5     -3.130342936
v      34.99780521      15.83203258     -3.267967421
v      34.99780521      15.96965706             -3.6
v      34.99780521      15.83203258     -3.932032579
v      34.99780521             15.5     -4.069657064
v      34.99780521      15.16796742     -3.932032579
v      34.99780521      15.03034294             -3.6
v      34.99780521      15.16796742     -3.267967421
v      35.31083676             15.5     -3.384718793
v      35.31083676      15.65219695     -3.447803047
v      35.31083676      15.71528121             -3.6
v      35.31083676      15.65219695     -3.752196953
v      35.31083676             15.5     -3.815281207
v      35.31083676      15.34780305     -3.752196953
v      35.31083676      15.28471879             -3.6
v      35.31083676      15.34780305     -3.447803047
v             35.5             15.5             -3.6
v       28.6430727            -15.5     -3.059451303
v             28.5            -15.5             -3.6
v       28.6430727      -15.8821507     -3.217849296
v       28.6430727      -16.0405487             -3.6
v       28.6430727      -15.8821507     -3.982150704
v       28.6430727            -15.5     -4.140548697
v       28.6430727      -15.1178493     -3.982150704
v       28.6430727      -14.9594513             -3.6
v       28.6430727      -15.1178493     -3.217849296
v      28.84087791            -15.5     -2.632277092
v      28.84087791     -16.18414926     -2.915850741
v      28.84087791     -16.46772291             -3.6
v      28.84087791     -16.18414926     -4.284149259
v      28.84087791            -15.5     -4.567722908
v      28.84087791     -14.81585074     -4.284149259
v      28.84087791     -14.53227709             -3.6
v      28.84087791     -14.81585074     -2.915850741
v       29.0962963            -15.5     -2.305185185
v       29.0962963     -16.41539281     -2.684607186
v       29.0962963     -16.79481481             -3.6
v       29.0962963     -16.41539281     -4.515392814
v       29.0962963            -15.5     -4.894814815
v       29.0962963     -14.58460719     -4.515392814
v       29.0962963     -14.20518519             -3.6
v       29.0962963     -14.58460719     -2.684607186
v       29.4122085            -15.5     -2.064883402
v       29.4122085     -16.58527852     -2.514721483
v       29.4122085      -17.0351166             -3.6
v       29.4122085     -16.58527852     -4.685278517
v       29.4122085            -15.5     -5.135116598
v       29.4122085     -14.41472148     -4.685278517
v       29.4122085      -13.9648834             -3.6
v       29.4122085     -14.41472148     -2.514721483
v       29.7914952            -15.5     -1.898079561
v       29.7914952     -16.70320352     -2.396796483
v       29.7914952     -17.20192044             -3.6
v       29.7914952     -16.70320352     -4.803203517
v       29.7914952            -15.5     -5.301920439
v       29.7914952     -14.29679648     -4.803203517
v       29.7914952     -13.79807956             -3.6
v       29.7914952     -14.29679648     -2.396796483
v      30.23703704            -15.5     -1.791481481
v      30.23703704     -16.77856496     -2.321435037
v      30.23703704     -17.30851852             -3.6
v      30.23703704     -16.77856496     -4.878564963
v      30.23703704            -15.5     -5.408518519
v      30.23703704     -14.22143504     -4.878564963
v      30.23703704     -13.69148148             -3.6
v      30.23703704     -14.22143504     -2.321435037
v      30.75171468            -15.5     -1.731796982
v      30.75171468        -16.82076     -2.279239998
v      30.75171468     -17.36820302             -3.6
v      30.75171468        -16.82076     -4.920760002
v      30.75171468            -15.5     -5.468203018
v      30.75171468        -14.17924     -4.920760002
v      30.75171468     -13.63179698             -3.6
v      30.75171468        -14.17924     -2.279239998
v      31.33840878            -15.5     -1.705733882
v      31.33840878     -16.83918578     -2.260814217
v      31.33840878     -17.39426612             -3.6
v      31.33840878     -16.83918578     -4.939185783
v      31.33840878            -15.5     -5.494266118
v      31.33840878     -14.16081422     -4.939185783
v      31.33840878     -13.60573388             -3.6
v      31.33840878     -14.16081422     -2.260814217
v               32            -15.5             -1.7
v               32     -16.84323945     -2.256760545
v               32            -17.4             -3.6
v               32     -16.84323945     -4.943239455
v               32            -15.5             -5.5
v               32     -14.15676055     -4.943239455
v               32            -13.6             -3.6
v               32     -14.15676055     -2.256760545
v      32.29286694     -16.81044156     -2.289558436
v      32.29286694            -15.5     -1.746392318
v      32.29286694     -17.35360768             -3.6
v      32.29286694     -16.81044156     -4.910441564
v      32.29286694            -15.5     -5.453607682
v      32.29286694     -14.18955844     -4.910441564
v      32.29286694     -13.64639232             -3.6
v      32.29286694     -14.18955844     -2.289558436
v      32.68367627     -16.72015524     -2.379844764
v      32.68367627            -15.5     -1.874101509
v      32.68367627     -17.22589849             -3.6
v      32.68367627     -16.72015524     -4.820155236
v      32.68367627            -15.5     -5.325898491
v      32.68367627     -14.27984476     -4.820155236
v      32.68367627     -13.77410151             -3.6
v      32.68367627     -14.27984476     -2.379844764
v      33.14074074     -16.58454149     -2.515458514
v      33.14074074            -15.5     -2.065925926
v      33.14074074     -17.03407407             -3.6
v      33.14074074     -16.58454149     -4.684541486
v      33.14074074            -15.5     -5.134074074
v      33.14074074     -14.41545851     -4.684541486
v      33.14074074     -13.96592593             -3.6
v      33.14074074     -14.41545851     -2.515458514
v      33.63237311     -16.41576133     -2.684238671
v      33.63237311            -15.5     -2.304663923
v      33.63237311     -16.79533608             -3.6
v      33.63237311     -16.41576133     -4.515761329
v      33.63237311            -15.5     -4.895336077
v      33.63237311     -14.58423867     -4.515761329
v      33.63237311     -14.20466392             -3.6
v      33.63237311     -14.58423867     -2.684238671
v      34.12688615     -16.22597578     -2.874024218
v      34.12688615            -15.5     -2.573113855
v      34.12688615     -16.52688615             -3.6
v      34.12688615     -16.22597578     -4.325975782
v      34.12688615            -15.5     -4.626886145
v      34.12688615     -14.77402422     -4.325975782
v      34.12688615     -14.47311385             -3.6
v      34.12688615     -14.77402422     -2.874024218
v      34.59259259     -16.02734586      -3.07265414
v      34.59259259            -15.5     -2.854074074
v      34.59259259     -16.24592593             -3.6
v      34.59259259     -16.02734586      -4.12734586
v      34.59259259            -15.5     -4.345925926
v      34.59259259     -14.97265414      -4.12734586
v      34.59259259     -14.75407407             -3.6
v      34.59259259     -14.97265414      -3.07265414
v      34.99780521     -15.83203258     -3.267967421
v      34.99780521            -15.5     -3.130342936
v      34.99780521     -15.96965706             -3.6
v      34.99780521     -15.83203258     -3.932032579
v      34.99780521            -15.5     -4.069657064
v      34.99780521     -15.16796742     -3.932032579
v      34.99780521     -15.03034294             -3.6
v      34.99780521     -15.16796742     -3.267967421
v      35.31083676     -15.65219695     -3.447803047
v      35.31083676            -15.5     -3.384718793
v      35.31083676     -15.71528121             -3.6
v      35.31083676     -15.65219695     -3.752196953
v      35.31083676            -15.5     -3.815281207
v      35.31083676     -15.34780305     -3.752196953
v      35.31083676     -15.28471879             -3.6
v      35.31083676     -15.34780305     -3.447803047
v             35.5            -15.5             -3.6
v      35.38544851             15.5             -3.6
v      35.38544851      15.50663134             -3.6
v      35.22078631             15.5             -3.6
v      35.22078631      15.51593715             -3.6
v      34.98896994             15.5             -3.6
v      34.98896994      15.52859836             -3.6
v      34.67200811             15.5             -3.6
v      34.67200811      15.54511127             -3.6
v      34.25551493             15.5             -3.6
v      34.25551493      15.56544769             -3.6
v      33.73591389             15.5             -3.6
v      33.73591389      15.58860842             -3.6
v      33.12805662             15.5             -3.6
v      33.12805662      15.61227586             -3.6
v      32.46819946             15.5             -3.6
v      32.46819946      15.63286782             -3.6
v      31.80761771      15.64637085             -3.6
v      31.80761771             15.5             -3.6
v       31.1979841      15.64987715             -3.6
v       31.1979841             15.5             -3.6
v      30.67654959       15.6428334             -3.6
v      30.67654959             15.5             -3.6
v      30.25934702      15.62686861             -3.6
v      30.25934702             15.5             -3.6
v       29.9439078      15.60446799             -3.6
v       29.9439078             15.5             -3.6
v       29.7172534      15.57733111             -3.6
v       29.7172534             15.5             -3.6
v      29.56556015      15.54454865             -3.6
v      29.56556015             15.5             -3.6
v             29.5             15.5             -3.6
v      29.56556015      15.45545135             -3.6
v       29.7172534      15.42266889             -3.6
v       29.9439078      15.39553201             -3.6
v      30.25934702      15.37313139             -3.6
v      30.67654959       15.3571666             -3.6
v       31.1979841      15.35012285             -3.6
v      31.80761771      15.35362915             -3.6
v      32.46819946      15.36713218             -3.6
v      33.12805662      15.38772414             -3.6
v      33.73591389      15.41139158             -3.6
v      34.25551493      15.43455231             -3.6
v      34.67200811      15.45488873             -3.6
v      34.98896994      15.47140164             -3.6
v      35.22078631      15.48406285             -3.6
v      35.38544851      15.49336866             -3.6
v      35.38544851      15.51326267             -3.6
v      35.22078631       15.5318743             -3.6
v      34.98896994      15.55719672             -3.6
v      34.67200811      15.59022254             -3.6
v      34.25551493      15.63089538             -3.6
v      33.73591389      15.67721685             -3.6
v      33.12805662      15.72455173             -3.6
v      32.46819946      15.76573565             -3.6
v      31.80761771       15.7927417             -3.6
v       31.1979841      15.79975431             -3.6
v      30.67654959      15.78566681             -3.6
v      30.25934702      15.75373722             -3.6
v       29.9439078      15.70893598             -3.6
v       29.7172534      15.65466221             -3.6
v      29.56556015       15.5890973             -3.6
v      29.56556015       15.4109027             -3.6
v       29.7172534      15.34533779             -3.6
v       29.9439078      15.29106402             -3.6
v      30.25934702      15.24626278             -3.6
v      30.67654959      15.21433319             -3.6
v       31.1979841      15.20024569             -3.6
v      31.80761771       15.2072583             -3.6
v      32.46819946      15.23426435             -3.6
v      33.12805662      15.27544827             -3.6
v      33.73591389      15.32278315             -3.6
v      34.25551493      15.36910462             -3.6
v      34.67200811      15.40977746             -3.6
v      34.98896994      15.44280328             -3.6
v      35.22078631       15.4681257             -3.6
v      35.38544851      15.48673733             -3.6
v      35.55403412             15.5            -3.16
v      35.44330101      15.51282059            -3.16
v      35.28412755      15.53081183            -3.16
v       35.0600384      15.55529016            -3.16
v      34.75364196      15.58721512            -3.16
v      34.35103188       15.6265322            -3.16
v      33.84875088      15.67130962            -3.16
v      33.26115552      15.71706667            -3.16
v      32.62329359      15.75687779            -3.16
v      31.98473124      15.78298365            -3.16
v      31.39541875       15.7897625            -3.16
v      30.89136539      15.77614458            -3.16
v      30.48806957      15.74527931            -3.16
v      30.18314499      15.70197145            -3.16
v      29.96404574       15.6495068            -3.16
v      29.81740893      15.58612739            -3.16
v      29.75403412             15.5            -3.16
v      29.81740893      15.41387261            -3.16
v      29.96404574       15.3504932            -3.16
v      30.18314499      15.29802855            -3.16
v      30.48806957      15.25472069            -3.16
v      30.89136539      15.22385542            -3.16
v      31.39541875       15.2102375            -3.16
v      31.98473124      15.21701635            -3.16
v      32.62329359      15.24312221            -3.16
v      33.26115552      15.28293333            -3.16
v      33.84875088      15.32869038            -3.16
v      34.35103188       15.3734678            -3.16
v      34.75364196      15.41278488            -3.16
v       35.0600384      15.44470984            -3.16
v      35.28412755      15.46918817            -3.16
v      35.44330101      15.48717941            -3.16
v      35.60806824             15.5            -2.72
v      35.50115352       15.5123785            -2.72
v      35.34746879      15.52974935            -2.72
v      35.13110685      15.55338361            -2.72
v      34.83527581       15.5842077            -2.72
v      34.44654883      15.62216902            -2.72
v      33.96158787      15.66540239            -2.72
v      33.39425442      15.70958161            -2.72
v      32.77838773      15.74801994            -2.72
v      32.16184476      15.77322559            -2.72
v       31.5928534      15.77977069            -2.72
v      31.10618119      15.76662235            -2.72
v      30.71679212       15.7368214            -2.72
v      30.42238218      15.69500692            -2.72
v      30.21083808       15.6443514            -2.72
v      30.06925771      15.58315748            -2.72
v      30.00806824             15.5            -2.72
v      30.06925771      15.41684252            -2.72
v      30.21083808       15.3556486            -2.72
v      30.42238218      15.30499308            -2.72
v      30.71679212       15.2631786            -2.72
v      31.10618119      15.23337765            -2.72
v       31.5928534      15.22022931            -2.72
v      32.16184476      15.22677441            -2.72
v      32.77838773      15.25198006            -2.72
v      33.39425442      15.29041839            -2.72
v      33.96158787      15.33459761            -2.72
v      34.44654883      15.37783098            -2.72
v      34.83527581       15.4157923            -2.72
v      35.13110685      15.44661639            -2.72
v      35.34746879      15.47025065            -2.72
v      35.50115352       15.4876215            -2.72
v      35.66210236             15.5            -2.28
v      35.55900602      15.51193641            -2.28
v      35.41081003      15.52868687            -2.28
v       35.2021753      15.55147705            -2.28
v      34.91690966      15.58120028            -2.28
v      34.54206579      15.61780584            -2.28
v      34.07442486      15.65949516            -2.28
v      33.52735331      15.70209655            -2.28
v      32.93348186      15.73916208            -2.28
v      32.33895829      15.76346753            -2.28
v      31.79028805      15.76977888            -2.28
v      31.32099699      15.75710013            -2.28
v      30.94551467       15.7283635            -2.28
v      30.66161937      15.68804238            -2.28
v      30.45763042      15.63919599            -2.28
v      30.32110649      15.58018757            -2.28
v      30.26210236             15.5            -2.28
v      30.32110649      15.41981243            -2.28
v      30.45763042      15.36080401            -2.28
v      30.66161937      15.31195762            -2.28
v      30.94551467       15.2716365            -2.28
v      31.32099699      15.24289987            -2.28
v      31.79028805      15.23022112            -2.28
v      32.33895829      15.23653247            -2.28
v      32.93348186      15.26083792            -2.28
v      33.52735331      15.29790345            -2.28
v      34.07442486      15.34050484            -2.28
v      34.54206579      15.38219416            -2.28
v      34.91690966      15.41879972            -2.28
v       35.2021753      15.44852295            -2.28
v      35.41081003      15.47131313            -2.28
v      35.55900602      15.48806359            -2.28
v      35.61685852      15.51149432            -1.84
v      35.71613647             15.5            -1.84
v      35.47415127       15.5276244            -1.84
v      35.27324376      15.54957049            -1.84
v      34.99854351      15.57819287            -1.84
v      34.63758274      15.61344267            -1.84
v      34.18726185      15.65358793            -1.84
v      33.66045221       15.6946115            -1.84
v        33.088576      15.73030423            -1.84
v      32.51607182      15.75370948            -1.84
v       31.9877227      15.75978706            -1.84
v      31.53581279       15.7475779            -1.84
v      31.17423722      15.71990559            -1.84
v      30.90085656      15.68107785            -1.84
v      30.70442275      15.63404058            -1.84
v      30.57295527      15.57721766            -1.84
v      30.51613647             15.5            -1.84
v      30.57295527      15.42278234            -1.84
v      30.70442275      15.36595942            -1.84
v      30.90085656      15.31892215            -1.84
v      31.17423722      15.28009441            -1.84
v      31.53581279       15.2524221            -1.84
v       31.9877227      15.24021294            -1.84
v      32.51607182      15.24629052            -1.84
v        33.088576      15.26969577            -1.84
v      33.66045221       15.3053885            -1.84
v      34.18726185      15.34641207            -1.84
v      34.63758274      15.38655733            -1.84
v      34.99854351      15.42180713            -1.84
v      35.27324376      15.45042951            -1.84
v      35.47415127       15.4723756            -1.84
v      35.61685852      15.48850568            -1.84
v      35.67471102      15.51105223             -1.4
v      35.77017059             15.5             -1.4
v      35.53749251      15.52656192             -1.4
v      35.34431221      15.54766393             -1.4
v      35.08017735      15.57518545             -1.4
v       34.7330997      15.60907949             -1.4
v      34.30009884      15.64768071             -1.4
v      33.79355111      15.68712644             -1.4
v      33.24367014      15.72144637             -1.4
v      32.69318535      15.74395142             -1.4
v      32.18515734      15.74979525             -1.4
v      31.75062859      15.73805567             -1.4
v      31.40295977      15.71144768             -1.4
v      31.14009376      15.67411332             -1.4
v      30.95121509      15.62888518             -1.4
v      30.82480405      15.57424775             -1.4
v      30.77017059             15.5             -1.4
v      30.82480405      15.42575225             -1.4
v      30.95121509      15.37111482             -1.4
v      31.14009376      15.32588668             -1.4
v      31.40295977      15.28855232             -1.4
v      31.75062859      15.26194433             -1.4
v      32.18515734      15.25020475             -1.4
v      32.69318535      15.25604858             -1.4
v      33.24367014      15.27855363             -1.4
v      33.79355111      15.31287356             -1.4
v      34.30009884      15.35231929             -1.4
v       34.7330997      15.39092051             -1.4
v      35.08017735      15.42481455             -1.4
v      35.34431221      15.45233607             -1.4
v      35.53749251      15.47343808             -1.4
v      35.67471102      15.48894777             -1.4
v      35.67471102      15.50552611             -1.4
v      35.53749251      15.51328096             -1.4
v      35.34431221      15.52383197             -1.4
v      35.08017735      15.53759272             -1.4
v       34.7330997      15.55453974             -1.4
v      34.30009884      15.57384035             -1.4
v      33.79355111      15.59356322             -1.4
v      33.24367014      15.61072319             -1.4
v      32.69318535      15.62197571             -1.4
v      32.18515734      15.62489763             -1.4
v      31.75062859      15.61902784             -1.4
v      31.40295977      15.60572384             -1.4
v      31.14009376      15.58705666             -1.4
v      30.95121509      15.56444259             -1.4
v      30.82480405      15.53712388             -1.4
v      30.82480405      15.46287612             -1.4
v      30.95121509      15.43555741             -1.4
v      31.14009376      15.41294334             -1.4
v      31.40295977      15.39427616             -1.4
v      31.75062859      15.38097216             -1.4
v      32.18515734      15.37510237             -1.4
v      32.69318535      15.37802429             -1.4
v      33.24367014      15.38927681             -1.4
v      33.79355111      15.40643678             -1.4
v      34.30009884      15.42615965             -1.4
v       34.7330997      15.44546026             -1.4
v      35.08017735      15.46240728             -1.4
v      35.34431221      15.47616803             -1.4
v      35.53749251      15.48671904             -1.4
v      35.67471102      15.49447389             -1.4
v      35.67471102             15.5             -1.4
v      35.53749251             15.5             -1.4
v      35.34431221             15.5             -1.4
v      35.08017735             15.5             -1.4
v       34.7330997             15.5             -1.4
v      34.30009884             15.5             -1.4
v      33.79355111             15.5             -1.4
v      33.24367014             15.5             -1.4
v      32.69318535             15.5             -1.4
v      32.18515734             15.5             -1.4
v      31.75062859             15.5             -1.4
v      31.40295977             15.5             -1.4
v      31.14009376             15.5             -1.4
v      30.95121509             15.5             -1.4
v      30.82480405             15.5             -1.4
v      35.38544851     -15.50663134             -3.6
v      35.38544851            -15.5             -3.6
v      35.22078631            -15.5             -3.6
v      35.22078631     -15.51593715             -3.6
v      34.98896994            -15.5             -3.6
v      34.98896994     -15.52859836             -3.6
v      34.67200811            -15.5             -3.6
v      34.67200811     -15.54511127             -3.6
v      34.25551493            -15.5             -3.6
v      34.25551493     -15.56544769             -3.6
v      33.73591389            -15.5             -3.6
v      33.73591389     -15.58860842             -3.6
v      33.12805662            -15.5             -3.6
v      33.12805662     -15.61227586             -3.6
v      32.46819946            -15.5             -3.6
v      32.46819946     -15.63286782             -3.6
v      31.80761771     -15.64637085             -3.6
v      31.80761771            -15.5             -3.6
v       31.1979841     -15.64987715             -3.6
v       31.1979841            -15.5             -3.6
v      30.67654959      -15.6428334             -3.6
v      30.67654959            -15.5             -3.6
v      30.25934702     -15.62686861             -3.6
v      30.25934702            -15.5             -3.6
v       29.9439078     -15.60446799             -3.6
v       29.9439078            -15.5             -3.6
v       29.7172534     -15.57733111             -3.6
v       29.7172534            -15.5             -3.6
v      29.56556015     -15.54454865             -3.6
v      29.56556015            -15.5             -3.6
v             29.5            -15.5             -3.6
v      29.56556015     -15.45545135             -3.6
v       29.7172534     -15.42266889             -3.6
v       29.9439078     -15.39553201             -3.6
v      30.25934702     -15.37313139             -3.6
v      30.67654959      -15.3571666             -3.6
v       31.1979841     -15.35012285             -3.6
v      31.80761771     -15.35362915             -3.6
v      32.46819946     -15.36713218             -3.6
v      33.12805662     -15.38772414             -3.6
v      33.73591389     -15.41139158             -3.6
v      34.25551493     -15.43455231             -3.6
v      34.67200811     -15.45488873             -3.6
v      34.98896994     -15.47140164             -3.6
v      35.22078631     -15.48406285             -3.6
v      35.38544851     -15.49336866             -3.6
v      35.38544851     -15.51326267             -3.6
v      35.22078631      -15.5318743             -3.6
v      34.98896994     -15.55719672             -3.6
v      34.67200811     -15.59022254             -3.6
v      34.25551493     -15.63089538             -3.6
v      33.73591389     -15.67721685             -3.6
v      33.12805662     -15.72455173             -3.6
v      32.46819946     -15.76573565             -3.6
v      31.80761771      -15.7927417             -3.6
v       31.1979841     -15.79975431             -3.6
v      30.67654959     -15.78566681             -3.6
v      30.25934702     -15.75373722             -3.6
v       29.9439078     -15.70893598             -3.6
v       29.7172534     -15.65466221             -3.6
v      29.56556015      -15.5890973             -3.6
v      29.56556015      -15.4109027             -3.6
v       29.7172534     -15.34533779             -3.6
v       29.9439078     -15.29106402             -3.6
v      30.25934702     -15.24626278             -3.6
v      30.67654959     -15.21433319             -3.6
v       31.1979841     -15.20024569             -3.6
v      31.80761771      -15.2072583             -3.6
v      32.46819946     -15.23426435             -3.6
v      33.12805662     -15.27544827             -3.6
v      33.73591389     -15.32278315             -3.6
v      34.25551493     -15.36910462             -3.6
v      34.67200811     -15.40977746             -3.6
v      34.98896994     -15.44280328             -3.6
v      35.22078631      -15.4681257             -3.6
v      35.38544851     -15.48673733             -3.6
v      35.55403412            -15.5            -3.16
v      35.44330101     -15.51282059            -3.16
v      35.28412755     -15.53081183            -3.16
v       35.0600384     -15.55529016            -3.16
v      34.75364196     -15.58721512            -3.16
v      34.35103188      -15.6265322            -3.16
v      33.84875088     -15.67130962            -3.16
v      33.26115552     -15.71706667            -3.16
v      32.62329359     -15.75687779            -3.16
v      31.98473124     -15.78298365            -3.16
v      31.39541875      -15.7897625            -3.16
v      30.89136539     -15.77614458            -3.16
v      30.48806957     -15.74527931            -3.16
v      30.18314499     -15.70197145            -3.16
v      29.96404574      -15.6495068            -3.16
v      29.81740893     -15.58612739            -3.16
v      29.75403412            -15.5            -3.16
v      29.81740893     -15.41387261            -3.16
v      29.96404574      -15.3504932            -3.16
v      30.18314499     -15.29802855            -3.16
v      30.48806957     -15.25472069            -3.16
v      30.89136539     -15.22385542            -3.16
v      31.39541875      -15.2102375            -3.16
v      31.98473124     -15.21701635            -3.16
v      32.62329359     -15.24312221            -3.16
v      33.26115552     -15.28293333            -3.16
v      33.84875088     -15.32869038            -3.16
v      34.35103188      -15.3734678            -3.16
v      34.75364196     -15.41278488            -3.16
v       35.0600384     -15.44470984            -3.16
v      35.28412755     -15.46918817            -3.16
v      35.44330101     -15.48717941            -3.16
v      35.60806824            -15.5            -2.72
v      35.50115352      -15.5123785            -2.72
v      35.34746879     -15.52974935            -2.72
v      35.13110685     -15.55338361            -2.72
v      34.83527581      -15.5842077            -2.72
v      34.44654883     -15.62216902            -2.72
v      33.96158787     -15.66540239            -2.72
v      33.39425442     -15.70958161            -2.72
v      32.77838773     -15.74801994            -2.72
v      32.16184476     -15.77322559            -2.72
v       31.5928534     -15.77977069            -2.72
v      31.10618119     -15.76662235            -2.72
v      30.71679212      -15.7368214            -2.72
v      30.42238218     -15.69500692            -2.72
v      30.21083808      -15.6443514            -2.72
v      30.06925771     -15.58315748            -2.72
v      30.00806824            -15.5            -2.72
v      30.06925771     -15.41684252            -2.72
v      30.21083808      -15.3556486            -2.72
v      30.42238218     -15.30499308            -2.72
v      30.71679212      -15.2631786            -2.72
v      31.10618119     -15.23337765            -2.72
v       31.5928534     -15.22022931            -2.72
v      32.16184476     -15.22677441            -2.72
v      32.77838773     -15.25198006            -2.72
v      33.39425442     -15.29041839            -2.72
v      33.96158787     -15.33459761            -2.72
v      34.44654883     -15.37783098            -2.72
v      34.83527581      -15.4157923            -2.72
v      35.13110685     -15.44661639            -2.72
v      35.34746879     -15.47025065            -2.72
v      35.50115352      -15.4876215            -2.72
v      35.66210236            -15.5            -2.28
v      35.55900602     -15.51193641            -2.28
v      35.41081003     -15.52868687            -2.28
v       35.2021753     -15.55147705            -2.28
v      34.91690966     -15.58120028            -2.28
v      34.54206579     -15.61780584            -2.28
v      34.07442486     -15.65949516            -2.28
v      33.52735331     -15.70209655            -2.28
v      32.93348186     -15.73916208            -2.28
v      32.33895829     -15.76346753            -2.28
v      31.79028805     -15.76977888            -2.28
v      31.32099699     -15.75710013            -2.28
v      30.94551467      -15.7283635            -2.28
v      30.66161937     -15.68804238            -2.28
v      30.45763042     -15.63919599            -2.28
v      30.32110649     -15.58018757            -2.28
v      30.26210236            -15.5            -2.28
v      30.32110649     -15.41981243            -2.28
v      30.45763042     -15.36080401            -2.28
v      30.66161937     -15.31195762            -2.28
v      30.94551467      -15.2716365            -2.28
v      31.32099699     -15.24289987            -2.28
v      31.79028805     -15.23022112            -2.28
v      32.33895829     -15.23653247            -2.28
v      32.93348186     -15.26083792            -2.28
v      33.52735331     -15.29790345            -2.28
v      34.07442486     -15.34050484            -2.28
v      34.54206579     -15.38219416            -2.28
v      34.91690966     -15.41879972            -2.28
v       35.2021753     -15.44852295            -2.28
v      35.41081003     -15.47131313            -2.28
v      35.55900602     -15.48806359            -2.28
v      35.71613647            -15.5            -1.84
v      35.61685852     -15.51149432            -1.84
v      35.47415127      -15.5276244            -1.84
v      35.27324376     -15.54957049            -1.84
v      34.99854351     -15.57819287            -1.84
v      34.63758274     -15.61344267            -1.84
v      34.18726185     -15.65358793            -1.84
v      33.66045221      -15.6946115            -1.84
v        33.088576     -15.73030423            -1.84
v      32.51607182     -15.75370948            -1.84
v       31.9877227     -15.75978706            -1.84
v      31.53581279      -15.7475779            -1.84
v      31.17423722     -15.71990559            -1.84
v      30.90085656     -15.68107785            -1.84
v      30.70442275     -15.63404058            -1.84
v      30.57295527     -15.57721766            -1.84
v      30.51613647            -15.5            -1.84
v      30.57295527     -15.42278234            -1.84
v      30.70442275     -15.36595942            -1.84
v      30.90085656     -15.31892215            -1.84
v      31.17423722     -15.28009441            -1.84
v      31.53581279      -15.2524221            -1.84
v       31.9877227     -15.24021294            -1.84
v      32.51607182     -15.24629052            -1.84
v        33.088576     -15.26969577            -1.84
v      33.66045221      -15.3053885            -1.84
v      34.18726185     -15.34641207            -1.84
v      34.63758274     -15.38655733            -1.84
v      34.99854351     -15.42180713            -1.84
v      35.27324376     -15.45042951            -1.84
v      35.47415127      -15.4723756            -1.84
v      35.61685852     -15.48850568            -1.84
v      35.77017059            -15.5             -1.4
v      35.67471102     -15.51105223             -1.4
v      35.53749251     -15.52656192             -1.4
v      35.34431221     -15.54766393             -1.4
v      35.08017735     -15.57518545             -1.4
v       34.7330997     -15.60907949             -1.4
v      34.30009884     -15.64768071             -1.4
v      33.79355111     -15.68712644             -1.4
v      33.24367014     -15.72144637             -1.4
v      32.69318535     -15.74395142             -1.4
v      32.18515734     -15.74979525             -1.4
v      31.75062859     -15.73805567             -1.4
v      31.40295977     -15.71144768             -1.4
v      31.14009376     -15.67411332             -1.4
v      30.95121509     -15.62888518             -1.4
v      30.82480405     -15.57424775             -1.4
v      30.77017059            -15.5             -1.4
v      30.82480405     -15.42575225             -1.4
v      30.95121509     -15.37111482             -1.4
v      31.14009376     -15.32588668             -1.4
v      31.40295977     -15.28855232             -1.4
v      31.75062859     -15.26194433             -1.4
v      32.18515734     -15.25020475             -1.4
v      32.69318535     -15.25604858             -1.4
v      33.24367014     -15.27855363             -1.4
v      33.79355111     -15.31287356             -1.4
v      34.30009884     -15.35231929             -1.4
v       34.7330997     -15.39092051             -1.4
v      35.08017735     -15.42481455             -1.4
v      35.34431221     -15.45233607             -1.4
v      35.53749251     -15.47343808             -1.4
v      35.67471102     -15.48894777             -1.4
v      35.67471102     -15.50552611             -1.4
v      35.53749251     -15.51328096             -1.4
v      35.34431221     -15.52383197             -1.4
v      35.08017735     -15.53759272             -1.4
v       34.7330997     -15.55453974             -1.4
v      34.30009884     -15.57384035             -1.4
v      33.79355111     -15.59356322             -1.4
v      33.24367014     -15.61072319             -1.4
v      32.69318535     -15.62197571             -1.4
v      32.18515734     -15.62489763             -1.4
v      31.75062859     -15.61902784             -1.4
v      31.40295977     -15.60572384             -1.4
v      31.14009376     -15.58705666             -1.4
v      30.95121509     -15.56444259             -1.4
v      30.82480405     -15.53712388             -1.4
v      30.82480405     -15.46287612             -1.4
v      30.95121509     -15.43555741             -1.4
v      31.14009376     -15.41294334             -1.4
v      31.40295977     -15.39427616             -1.4
v      31.75062859     -15.38097216             -1.4
v      32.18515734     -15.37510237             -1.4
v      32.69318535     -15.37802429             -1.4
v      33.24367014     -15.38927681             -1.4
v      33.79355111     -15.40643678             -1.4
v      34.30009884     -15.42615965             -1.4
v       34.7330997     -15.44546026             -1.4
v      35.08017735     -15.46240728             -1.4
v      35.34431221     -15.47616803             -1.4
v      35.53749251     -15.48671904             -1.4
v      35.67471102     -15.49447389             -1.4
v      35.67471102            -15.5             -1.4
v      35.53749251            -15.5             -1.4
v      35.34431221            -15.5             -1.4
v      35.08017735            -15.5             -1.4
v       34.7330997            -15.5             -1.4
v      34.30009884            -15.5             -1.4
v      33.79355111            -15.5             -1.4
v      33.24367014            -15.5             -1.4
v      32.69318535            -15.5             -1.4
v      32.18515734            -15.5             -1.4
v      31.75062859            -15.5             -1.4
v      31.40295977            -15.5             -1.4
v      31.14009376            -15.5             -1.4
v      30.95121509            -15.5             -1.4
v      30.82480405            -15.5             -1.4
v       34.6430727             26.5     -2.059451303
v       34.6430727       26.8821507     -2.217849296
v             34.5             26.5             -2.6
v       34.6430727       27.0405487             -2.6
v       34.6430727       26.8821507     -2.982150704
v       34.6430727             26.5     -3.140548697
v       34.6430727       26.1178493     -2.982150704
v       34.6430727       25.9594513             -2.6
v       34.6430727       26.1178493     -2.217849296
v      34.84087791             26.5     -1.632277092
v      34.84087791      27.18414926     -1.915850741
v      34.84087791      27.46772291             -2.6
v      34.84087791      27.18414926     -3.284149259
v      34.84087791             26.5     -3.567722908
v      34.84087791      25.81585074     -3.284149259
v      34.84087791      25.53227709             -2.6
v      34.84087791      25.81585074     -1.915850741
v       35.0962963             26.5     -1.305185185
v       35.0962963      27.41539281     -1.684607186
v       35.0962963      27.79481481             -2.6
v       35.0962963      27.41539281     -3.515392814
v       35.0962963             26.5     -3.894814815
v       35.0962963      25.58460719     -3.515392814
v       35.0962963      25.20518519             -2.6
v       35.0962963      25.58460719     -1.684607186
v       35.4122085             26.5     -1.064883402
v       35.4122085      27.58527852     -1.514721483
v       35.4122085       28.0351166             -2.6
v       35.4122085      27.58527852     -3.685278517
v       35.4122085             26.5     -4.135116598
v       35.4122085      25.41472148     -3.685278517
v       35.4122085       24.9648834             -2.6
v       35.4122085      25.41472148     -1.514721483
v       35.7914952             26.5     -0.898079561
v       35.7914952      27.70320352     -1.396796483
v       35.7914952      28.20192044             -2.6
v       35.7914952      27.70320352     -3.803203517
v       35.7914952             26.5     -4.301920439
v       35.7914952      25.29679648     -3.803203517
v       35.7914952      24.79807956             -2.6
v       35.7914952      25.29679648     -1.396796483
v      36.23703704             26.5    -0.7914814815
v      36.23703704      27.77856496     -1.321435037
v      36.23703704      28.30851852             -2.6
v      36.23703704      27.77856496     -3.878564963
v      36.23703704             26.5     -4.408518519
v      36.23703704      25.22143504     -3.878564963
v      36.23703704      24.69148148             -2.6
v      36.23703704      25.22143504     -1.321435037
v      36.75171468             26.5    -0.7317969822
v      36.75171468         27.82076     -1.279239998
v      36.75171468      28.36820302             -2.6
v      36.75171468         27.82076     -3.920760002
v      36.75171468             26.5     -4.468203018
v      36.75171468         25.17924     -3.920760002
v      36.75171468      24.63179698             -2.6
v      36.75171468         25.17924     -1.279239998
v      37.33840878             26.5     -0.705733882
v      37.33840878      27.83918578     -1.260814217
v      37.33840878      28.39426612             -2.6
v      37.33840878      27.83918578     -3.939185783
v      37.33840878             26.5     -4.494266118
v      37.33840878      25.16081422     -3.939185783
v      37.33840878      24.60573388             -2.6
v      37.33840878      25.16081422     -1.260814217
v               38             26.5             -0.7
v               38      27.84323945     -1.256760545
v               38             28.4             -2.6
v               38      27.84323945     -3.943239455
v               38             26.5             -4.5
v               38      25.15676055     -3.943239455
v               38             24.6             -2.6
v               38      25.15676055     -1.256760545
v      38.29286694             26.5    -0.7463923182
v      38.29286694      27.81044156     -1.289558436
v      38.29286694      28.35360768             -2.6
v      38.29286694      27.81044156     -3.910441564
v      38.29286694             26.5     -4.453607682
v      38.29286694      25.18955844     -3.910441564
v      38.29286694      24.64639232             -2.6
v      38.29286694      25.18955844     -1.289558436
v      38.68367627             26.5    -0.8741015089
v      38.68367627      27.72015524     -1.379844764
v      38.68367627      28.22589849             -2.6
v      38.68367627      27.72015524     -3.820155236
v      38.68367627             26.5     -4.325898491
v      38.68367627      25.27984476     -3.820155236
v      38.68367627      24.77410151             -2.6
v      38.68367627      25.27984476     -1.379844764
v      39.14074074             26.5     -1.065925926
v      39.14074074      27.58454149     -1.515458514
v      39.14074074      28.03407407             -2.6
v      39.14074074      27.58454149     -3.684541486
v      39.14074074             26.5     -4.134074074
v      39.14074074      25.41545851     -3.684541486
v      39.14074074      24.96592593             -2.6
v      39.14074074      25.41545851     -1.515458514
v      39.63237311             26.5     -1.304663923
v      39.63237311      27.41576133     -1.684238671
v      39.63237311      27.79533608             -2.6
v      39.63237311      27.41576133     -3.515761329
v      39.63237311             26.5     -3.895336077
v      39.63237311      25.58423867     -3.515761329
v      39.63237311      25.20466392             -2.6
v      39.63237311      25.58423867     -1.684238671
v      40.12688615             26.5     -1.573113855
v      40.12688615      27.22597578     -1.874024218
v      40.12688615      27.52688615             -2.6
v      40.12688615      27.22597578     -3.325975782
v      40.12688615             26.5     -3.626886145
v      40.12688615      25.77402422     -3.325975782
v      40.12688615      25.47311385             -2.6
v      40.12688615      25.77402422     -1.874024218
v      40.59259259             26.5     -1.854074074
v      40.59259259      27.02734586      -2.07265414
v      40.59259259      27.24592593             -2.6
v      40.59259259      27.02734586      -3.12734586
v      40.59259259             26.5     -3.345925926
v      40.59259259      25.97265414      -3.12734586
v      40.59259259      25.75407407             -2.6
v      40.59259259      25.97265414      -2.07265414
v      40.99780521             26.5     -2.130342936
v      40.99780521      26.83203258     -2.267967421
v      40.99780521      26.96965706             -2.6
v      40.99780521      26.83203258     -2.932032579
v      40.99780521             26.5     -3.069657064
v      40.99780521      26.16796742     -2.932032579
v      40.99780521      26.03034294             -2.6
v      40.99780521      26.16796742     -2.267967421
v      41.31083676             26.5     -2.384718793
v      41.31083676      26.65219695     -2.447803047
v      41.31083676      26.71528121             -2.6
v      41.31083676      26.65219695     -2.752196953
v      41.31083676             26.5     -2.815281207
v      41.31083676      26.34780305     -2.752196953
v      41.31083676      26.28471879             -2.6
v      41.31083676      26.34780305     -2.447803047
v             41.5             26.5             -2.6
v       34.6430727            -26.5     -2.059451303
v             34.5            -26.5             -2.6
v       34.6430727      -26.8821507     -2.217849296
v       34.6430727      -27.0405487             -2.6
v       34.6430727      -26.8821507     -2.982150704
v       34.6430727            -26.5     -3.140548697
v       34.6430727      -26.1178493     -2.982150704
v       34.6430727      -25.9594513             -2.6
v       34.6430727      -26.1178493     -2.217849296
v      34.84087791            -26.5     -1.632277092
v      34.84087791     -27.18414926     -1.915850741
v      34.84087791     -27.46772291             -2.6
v      34.84087791     -27.18414926     -3.284149259
v      34.84087791            -26.5     -3.567722908
v      34.84087791     -25.81585074     -3.284149259
v      34.84087791     -25.53227709             -2.6
v      34.84087791     -25.81585074     -1.915850741
v       35.0962963            -26.5     -1.305185185
v       35.0962963     -27.41539281     -1.684607186
v       35.0962963     -27.79481481             -2.6
v       35.0962963     -27.41539281     -3.515392814
v       35.0962963            -26.5     -3.894814815
v       35.0962963     -25.58460719     -3.515392814
v       35.0962963     -25.20518519             -2.6
v       35.0962963     -25.58460719     -1.684607186
v       35.4122085            -26.5     -1.064883402
v       35.4122085     -27.58527852     -1.514721483
v       35.4122085      -28.0351166             -2.6
v       35.4122085     -27.58527852     -3.685278517
v       35.4122085            -26.5     -4.135116598
v       35.4122085     -25.41472148     -3.685278517
v       35.4122085      -24.9648834             -2.6
v       35.4122085     -25.41472148     -1.514721483
v       35.7914952            -26.5     -0.898079561
v       35.7914952     -27.70320352     -1.396796483
v       35.7914952     -28.20192044             -2.6
v       35.7914952     -27.70320352     -3.803203517
v       35.7914952            -26.5     -4.301920439
v       35.7914952     -25.29679648     -3.803203517
v       35.7914952     -24.79807956             -2.6
v       35.7914952     -25.29679648     -1.396796483
v      36.23703704            -26.5    -0.7914814815
v      36.23703704     -27.77856496     -1.321435037
v      36.23703704     -28.30851852             -2.6
v      36.23703704     -27.77856496     -3.878564963
v      36.23703704            -26.5     -4.408518519
v      36.23703704     -25.22143504     -3.878564963
v      36.23703704     -24.69148148             -2.6
v      36.23703704     -25.22143504     -1.321435037
v      36.75171468            -26.5    -0.7317969822
v      36.75171468        -27.82076     -1.279239998
v      36.75171468     -28.36820302             -2.6
v      36.75171468        -27.82076     -3.920760002
v      36.75171468            -26.5     -4.468203018
v      36.75171468        -25.17924     -3.920760002
v      36.75171468     -24.63179698             -2.6
v      36.75171468        -25.17924     -1.279239998
v      37.33840878            -26.5     -0.705733882
v      37.33840878     -27.83918578     -1.260814217
v      37.33840878     -28.39426612             -2.6
v      37.33840878     -27.83918578     -3.939185783
v      37.33840878            -26.5     -4.494266118
v      37.33840878     -25.16081422     -3.939185783
v      37.33840878     -24.60573388             -2.6
v      37.33840878     -25.16081422     -1.260814217
v               38            -26.5             -0.7
v               38     -27.84323945     -1.256760545
v               38            -28.4             -2.6
v               38     -27.84323945     -3.943239455
v               38            -26.5             -4.5
v               38     -25.15676055     -3.943239455
v               38            -24.6             -2.6
v               38     -25.15676055     -1.256760545
v      38.29286694     -27.81044156     -1.289558436
v      38.29286694            -26.5    -0.7463923182
v      38.29286694     -28.35360768             -2.6
v      38.29286694     -27.81044156     -3.910441564
v      38.29286694            -26.5     -4.453607682
v      38.29286694     -25.18955844     -3.910441564
v      38.29286694     -24.64639232             -2.6
v      38.29286694     -25.18955844     -1.289558436
v      38.68367627     -27.72015524     -1.379844764
v      38.68367627            -26.5    -0.8741015089
v      38.68367627     -28.22589849             -2.6
v      38.68367627     -27.72015524     -3.820155236
v      38.68367627            -26.5     -4.325898491
v      38.68367627     -25.27984476     -3.820155236
v      38.68367627     -24.77410151             -2.6
v      38.68367627     -25.27984476     -1.379844764
v      39.14074074     -27.58454149     -1.515458514
v      39.14074074            -26.5     -1.065925926
v      39.14074074     -28.03407407             -2.6
v      39.14074074     -27.58454149     -3.684541486
v      39.14074074            -26.5     -4.134074074
v      39.14074074     -25.41545851     -3.684541486
v      39.14074074     -24.96592593             -2.6
v      39.14074074     -25.41545851     -1.515458514
v      39.63237311     -27.41576133     -1.684238671
v      39.63237311            -26.5     -1.304663923
v      39.63237311     -27.79533608             -2.6
v      39.63237311     -27.41576133     -3.515761329
v      39.63237311            -26.5     -3.895336077
v      39.63237311     -25.58423867     -3.515761329
v      39.63237311     -25.20466392             -2.6
v      39.63237311     -25.58423867     -1.684238671
v      40.12688615     -27.22597578     -1.874024218
v      40.12688615            -26.5     -1.573113855
v      40.12688615     -27.52688615             -2.6
v      40.12688615     -27.22597578     -3.325975782
v      40.12688615            -26.5     -3.626886145
v      40.12688615     -25.77402422     -3.325975782
v      40.12688615     -25.47311385             -2.6
v      40.12688615     -25.77402422     -1.874024218
v      40.59259259     -27.02734586      -2.07265414
v      40.59259259            -26.5     -1.854074074
v      40.59259259     -27.24592593             -2.6
v      40.59259259     -27.02734586      -3.12734586
v      40.59259259            -26.5     -3.345925926
v      40.59259259     -25.97265414      -3.12734586
v      40.59259259     -25.75407407             -2.6
v      40.59259259     -25.97265414      -2.07265414
v      40.99780521     -26.83203258     -2.267967421
v      40.99780521            -26.5     -2.130342936
v      40.99780521     -26.96965706             -2.6
v      40.99780521     -26.83203258     -2.932032579
v      40.99780521            -26.5     -3.069657064
v      40.99780521     -26.16796742     -2.932032579
v      40.99780521     -26.03034294             -2.6
v      40.99780521     -26.16796742     -2.267967421
v      41.31083676     -26.65219695     -2.447803047
v      41.31083676            -26.5     -2.384718793
v      41.31083676     -26.71528121             -2.6
v      41.31083676     -26.65219695     -2.752196953
v      41.31083676            -26.5     -2.815281207
v      41.31083676     -26.34780305     -2.752196953
v      41.31083676     -26.28471879             -2.6
v      41.31083676     -26.34780305     -2.447803047
v             41.5            -26.5             -2.6
v               41             26.5             -2.6
v      40.89499447             26.5             -2.6
v      40.89499447      26.50607873             -2.6
v      40.74405411             26.5             -2.6
v      40.74405411      26.51460906             -2.6
v      40.53155578             26.5             -2.6
v      40.53155578      26.52621516             -2.6
v      40.24100744             26.5             -2.6
v      40.24100744        26.541352             -2.6
v      39.85922201             26.5             -2.6
v      39.85922201      26.55999372             -2.6
v      39.38292107             26.5             -2.6
v      39.38292107      26.58122439             -2.6
v      38.82571857             26.5             -2.6
v      38.82571857      26.60291954             -2.6
v       38.2208495             26.5             -2.6
v       38.2208495      26.62179551             -2.6
v      37.61531623      26.63417328             -2.6
v      37.61531623             26.5             -2.6
v      37.05648543      26.63738739             -2.6
v      37.05648543             26.5             -2.6
v      36.57850379      26.63093062             -2.6
v      36.57850379             26.5             -2.6
v       36.1960681      26.61629623             -2.6
v       36.1960681             26.5             -2.6
v      35.90691548      26.59576233             -2.6
v      35.90691548             26.5             -2.6
v      35.69914895      26.57088685             -2.6
v      35.69914895             26.5             -2.6
v      35.56009681      26.54083626             -2.6
v      35.56009681             26.5             -2.6
v             35.5             26.5             -2.6
v      35.56009681      26.45916374             -2.6
v      35.69914895      26.42911315             -2.6
v      35.90691548      26.40423767             -2.6
v       36.1960681      26.38370377             -2.6
v      36.57850379      26.36906938             -2.6
v      37.05648543      26.36261261             -2.6
v      37.61531623      26.36582672             -2.6
v       38.2208495      26.37820449             -2.6
v      38.82571857      26.39708046             -2.6
v      39.38292107      26.41877561             -2.6
v      39.85922201      26.44000628             -2.6
v      40.24100744        26.458648             -2.6
v      40.53155578      26.47378484             -2.6
v      40.74405411      26.48539094             -2.6
v      40.89499447      26.49392127             -2.6
v      40.89499447      26.51215745             -2.6
v      40.74405411      26.52921811             -2.6
v      40.53155578      26.55243033             -2.6
v      40.24100744      26.58270399             -2.6
v      39.85922201      26.61998743             -2.6
v      39.38292107      26.66244878             -2.6
v      38.82571857      26.70583908             -2.6
v       38.2208495      26.74359101             -2.6
v      37.61531623      26.76834656             -2.6
v      37.05648543      26.77477478             -2.6
v      36.57850379      26.76186124             -2.6
v       36.1960681      26.73259245             -2.6
v      35.90691548      26.69152465             -2.6
v      35.69914895      26.64177369             -2.6
v      35.56009681      26.58167253             -2.6
v      35.56009681      26.41832747             -2.6
v      35.69914895      26.35822631             -2.6
v      35.90691548      26.30847535             -2.6
v       36.1960681      26.26740755             -2.6
v      36.57850379      26.23813876             -2.6
v      37.05648543      26.22522522             -2.6
v      37.61531623      26.23165344             -2.6
v       38.2208495      26.25640899             -2.6
v      38.82571857      26.29416092             -2.6
v      39.38292107      26.33755122             -2.6
v      39.85922201      26.38001257             -2.6
v      40.24100744      26.41729601             -2.6
v      40.53155578      26.44756967             -2.6
v      40.74405411      26.47078189             -2.6
v      40.89499447      26.48784255             -2.6
v      41.03094011             26.5             -2.2
v      40.92975296      26.51171536             -2.2
v      40.78430134      26.52815563             -2.2
v      40.57953022      26.55052377             -2.2
v      40.29954728      26.57969658             -2.2
v      39.93164496      26.61562425             -2.2
v      39.47266405      26.65654155             -2.2
v      38.93572346      26.69835403             -2.2
v      38.35284963      26.73473316             -2.2
v      37.76933575      26.75858851             -2.2
v      37.23082606      26.76478297             -2.2
v      36.77022558      26.75233901             -2.2
v      36.40169664      26.72413454             -2.2
v      36.12305866      26.68456012             -2.2
v      35.92284728      26.63661829             -2.2
v      35.78885158      26.57870262             -2.2
v      35.73094011             26.5             -2.2
v      35.78885158      26.42129738             -2.2
v      35.92284728      26.36338171             -2.2
v      36.12305866      26.31543988             -2.2
v      36.40169664      26.27586546             -2.2
v      36.77022558      26.24766099             -2.2
v      37.23082606      26.23521703             -2.2
v      37.76933575      26.24141149             -2.2
v      38.35284963      26.26526684             -2.2
v      38.93572346      26.30164597             -2.2
v      39.47266405      26.34345845             -2.2
v      39.93164496      26.38437575             -2.2
v      40.29954728      26.42030342             -2.2
v      40.57953022      26.44947623             -2.2
v      40.78430134      26.47184437             -2.2
v      40.92975296      26.48828464             -2.2
v      41.06188022             26.5             -1.8
v      40.96451145      26.51127327             -1.8
v      40.82454857      26.52709316             -1.8
v      40.62750467      26.54861721             -1.8
v      40.35808711      26.57668916             -1.8
v       40.0040679      26.61126108             -1.8
v      39.56240702      26.65063432             -1.8
v      39.04572834      26.69086897             -1.8
v      38.48484975       26.7258753             -1.8
v      37.92335527      26.74883045             -1.8
v       37.4051667      26.75479116             -1.8
v      36.96194737      26.74281679             -1.8
v      36.60732518      26.71567664             -1.8
v      36.33920184      26.67759558             -1.8
v      36.14654561      26.63146288             -1.8
v      36.01760634      26.57573271             -1.8
v      35.96188022             26.5             -1.8
v      36.01760634      26.42426729             -1.8
v      36.14654561      26.36853712             -1.8
v      36.33920184      26.32240442             -1.8
v      36.60732518      26.28432336             -1.8
v      36.96194737      26.25718321             -1.8
v       37.4051667      26.24520884             -1.8
v      37.92335527      26.25116955             -1.8
v      38.48484975       26.2741247             -1.8
v      39.04572834      26.30913103             -1.8
v      39.56240702      26.34936568             -1.8
v       40.0040679      26.38873892             -1.8
v      40.35808711      26.42331084             -1.8
v      40.62750467      26.45138279             -1.8
v      40.82454857      26.47290684             -1.8
v      40.96451145      26.48872673             -1.8
v      41.09282032             26.5             -1.4
v      40.99926994      26.51083118             -1.4
v      40.86479581      26.52603068             -1.4
v      40.67547911      26.54671066             -1.4
v      40.41662695      26.57368174             -1.4
v      40.07649085       26.6068979             -1.4
v         39.65215      26.64472709             -1.4
v      39.15573323      26.68338391             -1.4
v      38.61684988      26.71701745             -1.4
v      38.07737479      26.73907239             -1.4
v      37.57950734      26.74479935             -1.4
v      37.15366916      26.73329456             -1.4
v      36.81295372      26.70721873             -1.4
v      36.55534502      26.67063105             -1.4
v      36.37024393      26.62630747             -1.4
v      36.24636111       26.5727628             -1.4
v      36.19282032             26.5             -1.4
v      36.24636111       26.4272372             -1.4
v      36.37024393      26.37369253             -1.4
v      36.55534502      26.32936895             -1.4
v      36.81295372      26.29278127             -1.4
v      37.15366916      26.26670544             -1.4
v      37.57950734      26.25520065             -1.4
v      38.07737479      26.26092761             -1.4
v      38.61684988      26.28298255             -1.4
v      39.15573323      26.31661609             -1.4
v         39.65215      26.35527291             -1.4
v      40.07649085       26.3931021             -1.4
v      40.41662695      26.42631826             -1.4
v      40.67547911      26.45328934             -1.4
v      40.86479581      26.47396932             -1.4
v      40.99926994      26.48916882             -1.4
v      41.03402843       26.5103891               -1
v      41.12376043             26.5               -1
v      40.90504304       26.5249682               -1
v      40.72345355       26.5448041               -1
v      40.47516679      26.57067432               -1
v      40.14891379      26.60253472               -1
v      39.74189298      26.63881986               -1
v      39.26573812      26.67589885               -1
v         38.74885      26.70815959               -1
v       38.2313943      26.72931434               -1
v      37.75384798      26.73480754               -1
v      37.34539095      26.72377233               -1
v      37.01858226      26.69876082               -1
v       36.7714882      26.66366652               -1
v      36.59394226      26.62115206               -1
v      36.47511588      26.56979289               -1
v      36.42376043             26.5               -1
v      36.47511588      26.43020711               -1
v      36.59394226      26.37884794               -1
v       36.7714882      26.33633348               -1
v      37.01858226      26.30123918               -1
v      37.34539095      26.27622767               -1
v      37.75384798      26.26519246               -1
v       38.2313943      26.27068566               -1
v         38.74885      26.29184041               -1
v      39.26573812      26.32410115               -1
v      39.74189298      26.36118014               -1
v      40.14891379      26.39746528               -1
v      40.47516679      26.42932568               -1
v      40.72345355       26.4551959               -1
v      40.90504304       26.4750318               -1
v      41.03402843       26.4896109               -1
v      41.06878692      26.50994701             -0.6
v      41.15470054             26.5             -0.6
v      40.94529027      26.52390573             -0.6
v        40.771428      26.54289754             -0.6
v      40.53370662       26.5676669             -0.6
v      40.22133673      26.59817154             -0.6
v      39.83163596      26.63291263             -0.6
v        39.375743       26.6684138             -0.6
v      38.88085013      26.69930174             -0.6
v      38.38541382      26.71955628             -0.6
v      37.92818861      26.72481573             -0.6
v      37.53711273       26.7142501             -0.6
v       37.2242108      26.69030291             -0.6
v      36.98763139      26.65670199             -0.6
v      36.81764059      26.61599666             -0.6
v      36.70387065      26.56682298             -0.6
v      36.65470054             26.5             -0.6
v      36.70387065      26.43317702             -0.6
v      36.81764059      26.38400334             -0.6
v      36.98763139      26.34329801             -0.6
v       37.2242108      26.30969709             -0.6
v      37.53711273       26.2857499             -0.6
v      37.92818861      26.27518427             -0.6
v      38.38541382      26.28044372             -0.6
v      38.88085013      26.30069826             -0.6
v        39.375743       26.3315862             -0.6
v      39.83163596      26.36708737             -0.6
v      40.22133673      26.40182846             -0.6
v      40.53370662       26.4323331             -0.6
v        40.771428      26.45710246             -0.6
v      40.94529027      26.47609427             -0.6
v      41.06878692      26.49005299             -0.6
v      41.06878692       26.5049735             -0.6
v      40.94529027      26.51195286             -0.6
v        40.771428      26.52144877             -0.6
v      40.53370662      26.53383345             -0.6
v      40.22133673      26.54908577             -0.6
v      39.83163596      26.56645632             -0.6
v        39.375743       26.5842069             -0.6
v      38.88085013      26.59965087             -0.6
v      38.38541382      26.60977814             -0.6
v      37.92818861      26.61240786             -0.6
v      37.53711273      26.60712505             -0.6
v       37.2242108      26.59515146             -0.6
v      36.98763139      26.57835099             -0.6
v      36.81764059      26.55799833             -0.6
v      36.70387065      26.53341149             -0.6
v      36.70387065      26.46658851             -0.6
v      36.81764059      26.44200167             -0.6
v      36.98763139      26.42164901             -0.6
v       37.2242108      26.40484854             -0.6
v      37.53711273      26.39287495             -0.6
v      37.92818861      26.38759214             -0.6
v      38.38541382      26.39022186             -0.6
v      38.88085013      26.40034913             -0.6
v        39.375743       26.4157931             -0.6
v      39.83163596      26.43354368             -0.6
v      40.22133673      26.45091423             -0.6
v      40.53370662      26.46616655             -0.6
v        40.771428      26.47855123             -0.6
v      40.94529027      26.48804714             -0.6
v      41.06878692       26.4950265             -0.6
v      41.06878692             26.5             -0.6
v      40.94529027             26.5             -0.6
v        40.771428             26.5             -0.6
v      40.53370662             26.5             -0.6
v      40.22133673             26.5             -0.6
v      39.83163596             26.5             -0.6
v        39.375743             26.5             -0.6
v      38.88085013             26.5             -0.6
v      38.38541382             26.5             -0.6
v      37.92818861             26.5             -0.6
v      37.53711273             26.5             -0.6
v       37.2242108             26.5             -0.6
v      36.98763139             26.5             -0.6
v      36.81764059             26.5             -0.6
v      36.70387065             26.5             -0.6
v               41            -26.5             -2.6
v      40.89499447     -26.50607873             -2.6
v      40.89499447            -26.5             -2.6
v      40.74405411            -26.5             -2.6
v      40.74405411     -26.51460906             -2.6
v      40.53155578            -26.5             -2.6
v      40.53155578     -26.52621516             -2.6
v      40.24100744            -26.5             -2.6
v      40.24100744       -26.541352             -2.6
v      39.85922201            -26.5             -2.6
v      39.85922201     -26.55999372             -2.6
v      39.38292107            -26.5             -2.6
v      39.38292107     -26.58122439             -2.6
v      38.82571857            -26.5             -2.6
v      38.82571857     -26.60291954             -2.6
v       38.2208495            -26.5             -2.6
v       38.2208495     -26.62179551             -2.6
v      37.61531623     -26.63417328             -2.6
v      37.61531623            -26.5             -2.6
v      37.05648543     -26.63738739             -2.6
v      37.05648543            -26.5             -2.6
v      36.57850379     -26.63093062             -2.6
v      36.57850379            -26.5             -2.6
v       36.1960681     -26.61629623             -2.6
v       36.1960681            -26.5             -2.6
v      35.90691548     -26.59576233             -2.6
v      35.90691548            -26.5             -2.6
v      35.69914895     -26.57088685             -2.6
v      35.69914895            -26.5             -2.6
v      35.56009681     -26.54083626             -2.6
v      35.56009681            -26.5             -2.6
v             35.5            -26.5             -2.6
v      35.56009681     -26.45916374             -2.6
v      35.69914895     -26.42911315             -2.6
v      35.90691548     -26.40423767             -2.6
v       36.1960681     -26.38370377             -2.6
v      36.57850379     -26.36906938             -2.6
v      37.05648543     -26.36261261             -2.6
v      37.61531623     -26.36582672             -2.6
v       38.2208495     -26.37820449             -2.6
v      38.82571857     -26.39708046             -2.6
v      39.38292107     -26.41877561             -2.6
v      39.85922201     -26.44000628             -2.6
v      40.24100744       -26.458648             -2.6
v      40.53155578     -26.47378484             -2.6
v      40.74405411     -26.48539094             -2.6
v      40.89499447     -26.49392127             -2.6
v      40.89499447     -26.51215745             -2.6
v      40.74405411     -26.52921811             -2.6
v      40.53155578     -26.55243033             -2.6
v      40.24100744     -26.58270399             -2.6
v      39.85922201     -26.61998743             -2.6
v      39.38292107     -26.66244878             -2.6
v      38.82571857     -26.70583908             -2.6
v       38.2208495     -26.74359101             -2.6
v      37.61531623     -26.76834656             -2.6
v      37.05648543     -26.77477478             -2.6
v      36.57850379     -26.76186124             -2.6
v       36.1960681     -26.73259245             -2.6
v      35.90691548     -26.69152465             -2.6
v      35.69914895     -26.64177369             -2.6
v      35.56009681     -26.58167253             -2.6
v      35.56009681     -26.41832747             -2.6
v      35.69914895     -26.35822631             -2.6
v      35.90691548     -26.30847535             -2.6
v       36.1960681     -26.26740755             -2.6
v      36.57850379     -26.23813876             -2.6
v      37.05648543     -26.22522522             -2.6
v      37.61531623     -26.23165344             -2.6
v       38.2208495     -26.25640899             -2.6
v      38.82571857     -26.29416092             -2.6
v      39.38292107     -26.33755122             -2.6
v      39.85922201     -26.38001257             -2.6
v      40.24100744     -26.41729601             -2.6
v      40.53155578     -26.44756967             -2.6
v      40.74405411     -26.47078189             -2.6
v      40.89499447     -26.48784255             -2.6
v      41.03094011            -26.5             -2.2
v      40.92975296     -26.51171536             -2.2
v      40.78430134     -26.52815563             -2.2
v      40.57953022     -26.55052377             -2.2
v      40.29954728     -26.57969658             -2.2
v      39.93164496     -26.61562425             -2.2
v      39.47266405     -26.65654155             -2.2
v      38.93572346     -26.69835403             -2.2
v      38.35284963     -26.73473316             -2.2
v      37.76933575     -26.75858851             -2.2
v      37.23082606     -26.76478297             -2.2
v      36.77022558     -26.75233901             -2.2
v      36.40169664     -26.72413454             -2.2
v      36.12305866     -26.68456012             -2.2
v      35.92284728     -26.63661829             -2.2
v      35.78885158     -26.57870262             -2.2
v      35.73094011            -26.5             -2.2
v      35.78885158     -26.42129738             -2.2
v      35.92284728     -26.36338171             -2.2
v      36.12305866     -26.31543988             -2.2
v      36.40169664     -26.27586546             -2.2
v      36.77022558     -26.24766099             -2.2
v      37.23082606     -26.23521703             -2.2
v      37.76933575     -26.24141149             -2.2
v      38.35284963     -26.26526684             -2.2
v      38.93572346     -26.30164597             -2.2
v      39.47266405     -26.34345845             -2.2
v      39.93164496     -26.38437575             -2.2
v      40.29954728     -26.42030342             -2.2
v      40.57953022     -26.44947623             -2.2
v      40.78430134     -26.47184437             -2.2
v      40.92975296     -26.48828464             -2.2
v      41.06188022            -26.5             -1.8
v      40.96451145     -26.51127327             -1.8
v      40.82454857     -26.52709316             -1.8
v      40.62750467     -26.54861721             -1.8
v      40.35808711     -26.57668916             -1.8
v       40.0040679     -26.61126108             -1.8
v      39.56240702     -26.65063432             -1.8
v      39.04572834     -26.69086897             -1.8
v      38.48484975      -26.7258753             -1.8
v      37.92335527     -26.74883045             -1.8
v       37.4051667     -26.75479116             -1.8
v      36.96194737     -26.74281679             -1.8
v      36.60732518     -26.71567664             -1.8
v      36.33920184     -26.67759558             -1.8
v      36.14654561     -26.63146288             -1.8
v      36.01760634     -26.57573271             -1.8
v      35.96188022            -26.5             -1.8
v      36.01760634     -26.42426729             -1.8
v      36.14654561     -26.36853712             -1.8
v      36.33920184     -26.32240442             -1.8
v      36.60732518     -26.28432336             -1.8
v      36.96194737     -26.25718321             -1.8
v       37.4051667     -26.24520884             -1.8
v      37.92335527     -26.25116955             -1.8
v      38.48484975      -26.2741247             -1.8
v      39.04572834     -26.30913103             -1.8
v      39.56240702     -26.34936568             -1.8
v       40.0040679     -26.38873892             -1.8
v      40.35808711     -26.42331084             -1.8
v      40.62750467     -26.45138279             -1.8
v      40.82454857     -26.47290684             -1.8
v      40.96451145     -26.48872673             -1.8
v      41.09282032            -26.5             -1.4
v      40.99926994     -26.51083118             -1.4
v      40.86479581     -26.52603068             -1.4
v      40.67547911     -26.54671066             -1.4
v      40.41662695     -26.57368174             -1.4
v      40.07649085      -26.6068979             -1.4
v         39.65215     -26.64472709             -1.4
v      39.15573323     -26.68338391             -1.4
v      38.61684988     -26.71701745             -1.4
v      38.07737479     -26.73907239             -1.4
v      37.57950734     -26.74479935             -1.4
v      37.15366916     -26.73329456             -1.4
v      36.81295372     -26.70721873             -1.4
v      36.55534502     -26.67063105             -1.4
v      36.37024393     -26.62630747             -1.4
v      36.24636111      -26.5727628             -1.4
v      36.19282032            -26.5             -1.4
v      36.24636111      -26.4272372             -1.4
v      36.37024393     -26.37369253             -1.4
v      36.55534502     -26.32936895             -1.4
v      36.81295372     -26.29278127             -1.4
v      37.15366916     -26.26670544             -1.4
v      37.57950734     -26.25520065             -1.4
v      38.07737479     -26.26092761             -1.4
v      38.61684988     -26.28298255             -1.4
v      39.15573323     -26.31661609             -1.4
v         39.65215     -26.35527291             -1.4
v      40.07649085      -26.3931021             -1.4
v      40.41662695     -26.42631826             -1.4
v      40.67547911     -26.45328934             -1.4
v      40.86479581     -26.47396932             -1.4
v      40.99926994     -26.48916882             -1.4
v      41.12376043            -26.5               -1
v      41.03402843      -26.5103891               -1
v      40.90504304      -26.5249682               -1
v      40.72345355      -26.5448041               -1
v      40.47516679     -26.57067432               -1
v      40.14891379     -26.60253472               -1
v      39.74189298     -26.63881986               -1
v      39.26573812     -26.67589885               -1
v         38.74885     -26.70815959               -1
v       38.2313943     -26.72931434               -1
v      37.75384798     -26.73480754               -1
v      37.34539095     -26.72377233               -1
v      37.01858226     -26.69876082               -1
v       36.7714882     -26.66366652               -1
v      36.59394226     -26.62115206               -1
v      36.47511588     -26.56979289               -1
v      36.42376043            -26.5               -1
v      36.47511588     -26.43020711               -1
v      36.59394226     -26.37884794               -1
v       36.7714882     -26.33633348               -1
v      37.01858226     -26.30123918               -1
v      37.34539095     -26.27622767               -1
v      37.75384798     -26.26519246               -1
v       38.2313943     -26.27068566               -1
v         38.74885     -26.29184041               -1
v      39.26573812     -26.32410115               -1
v      39.74189298     -26.36118014               -1
v      40.14891379     -26.39746528               -1
v      40.47516679     -26.42932568               -1
v      40.72345355      -26.4551959               -1
v      40.90504304      -26.4750318               -1
v      41.03402843      -26.4896109               -1
v      41.15470054            -26.5             -0.6
v      41.06878692     -26.50994701             -0.6
v      40.94529027     -26.52390573             -0.6
v        40.771428     -26.54289754             -0.6
v      40.53370662      -26.5676669             -0.6
v      40.22133673     -26.59817154             -0.6
v      39.83163596     -26.63291263             -0.6
v        39.375743      -26.6684138             -0.6
v      38.88085013     -26.69930174             -0.6
v      38.38541382     -26.71955628             -0.6
v      37.92818861     -26.72481573             -0.6
v      37.53711273      -26.7142501             -0.6
v       37.2242108     -26.69030291             -0.6
v      36.98763139     -26.65670199             -0.6
v      36.81764059     -26.61599666             -0.6
v      36.70387065     -26.56682298             -0.6
v      36.65470054            -26.5             -0.6
v      36.70387065     -26.43317702             -0.6
v      36.81764059     -26.38400334             -0.6
v      36.98763139     -26.34329801             -0.6
v       37.2242108     -26.30969709             -0.6
v      37.53711273      -26.2857499             -0.6
v      37.92818861     -26.27518427             -0.6
v      38.38541382     -26.28044372             -0.6
v      38.88085013     -26.30069826             -0.6
v        39.375743      -26.3315862             -0.6
v      39.83163596     -26.36708737             -0.6
v      40.22133673     -26.40182846             -0.6
v      40.53370662      -26.4323331             -0.6
v        40.771428     -26.45710246             -0.6
v      40.94529027     -26.47609427             -0.6
v      41.06878692     -26.49005299             -0.6
v      41.06878692      -26.5049735             -0.6
v      40.94529027     -26.51195286             -0.6
v        40.771428     -26.52144877             -0.6
v      40.53370662     -26.53383345             -0.6
v      40.22133673     -26.54908577             -0.6
v      39.83163596     -26.56645632             -0.6
v        39.375743      -26.5842069             -0.6
v      38.88085013     -26.59965087             -0.6
v      38.38541382     -26.60977814             -0.6
v      37.92818861     -26.61240786             -0.6
v      37.53711273     -26.60712505             -0.6
v       37.2242108     -26.59515146             -0.6
v      36.98763139     -26.57835099             -0.6
v      36.81764059     -26.55799833             -0.6
v      36.70387065     -26.53341149             -0.6
v      36.70387065     -26.46658851             -0.6
v      36.81764059     -26.44200167             -0.6
v      36.98763139     -26.42164901             -0.6
v       37.2242108     -26.40484854             -0.6
v      37.53711273     -26.39287495             -0.6
v      37.92818861     -26.38759214             -0.6
v      38.38541382     -26.39022186             -0.6
v      38.88085013     -26.40034913             -0.6
v        39.375743      -26.4157931             -0.6
v      39.83163596     -26.43354368             -0.6
v      40.22133673     -26.45091423             -0.6
v      40.53370662     -26.46616655             -0.6
v        40.771428     -26.47855123             -0.6
v      40.94529027     -26.48804714             -0.6
v      41.06878692      -26.4950265             -0.6
v      41.06878692            -26.5             -0.6
v      40.94529027            -26.5             -0.6
v        40.771428            -26.5             -0.6
v      40.53370662            -26.5             -0.6
v      40.22133673            -26.5             -0.6
v      39.83163596            -26.5             -0.6
v        39.375743            -26.5             -0.6
v      38.88085013            -26.5             -0.6
v      38.38541382            -26.5             -0.6
v      37.92818861            -26.5             -0.6
v      37.53711273            -26.5             -0.6
v       37.2242108            -26.5             -0.6
v      36.98763139            -26.5             -0.6
v      36.81764059            -26.5             -0.6
v      36.70387065            -26.5             -0.6
v      46.63489712             1.35      1.562949246
v      46.63489712      1.571245144      1.471245144
v             46.5             1.35             1.25
v      46.63489712      1.662949246             1.25
v      46.63489712      1.571245144      1.028754856
v      46.63489712             1.35     0.9370507545
v      46.63489712      1.128754856      1.028754856
v      46.63489712      1.037050754             1.25
v      46.63489712      1.128754856      1.471245144
v      46.82139918             1.35      1.810260631
v      46.82139918      1.746086413      1.646086413
v      46.82139918      1.910260631             1.25
v      46.82139918      1.746086413      0.853913587
v      46.82139918             1.35      0.689739369
v      46.82139918      0.953913587      0.853913587
v      46.82139918      0.789739369             1.25
v      46.82139918      0.953913587      1.646086413
v      47.06222222             1.35       1.99962963
v      47.06222222      1.879964261      1.779964261
v      47.06222222       2.09962963             1.25
v      47.06222222      1.879964261     0.7200357394
v      47.06222222             1.35     0.5003703704
v      47.06222222     0.8200357394     0.7200357394
v      47.06222222     0.6003703704             1.25
v      47.06222222     0.8200357394      1.779964261
v       47.3600823             1.35      2.138751715
v       47.3600823      1.978319141      1.878319141
v       47.3600823      2.238751715             1.25
v       47.3600823      1.978319141     0.6216808585
v       47.3600823             1.35     0.3612482853
v       47.3600823     0.7216808585     0.6216808585
v       47.3600823     0.4612482853             1.25
v       47.3600823     0.7216808585      1.878319141
v      47.71769547             1.35      2.235322359
v      47.71769547       2.04659151       1.94659151
v      47.71769547      2.335322359             1.25
v      47.71769547       2.04659151       0.55340849
v      47.71769547             1.35     0.2646776406
v      47.71769547       0.65340849       0.55340849
v      47.71769547     0.3646776406             1.25
v      47.71769547       0.65340849       1.94659151
v      48.13777778             1.35      2.297037037
v      48.13777778       2.09022182       1.99022182
v      48.13777778      2.397037037             1.25
v      48.13777778       2.09022182     0.5097781795
v      48.13777778             1.35      0.202962963
v      48.13777778     0.6097781795     0.5097781795
v      48.13777778      0.302962963             1.25
v      48.13777778     0.6097781795       1.99022182
v      48.62304527             1.35      2.331591221
v      48.62304527      2.114650527      2.014650527
v      48.62304527      2.431591221             1.25
v      48.62304527      2.114650527     0.4853494726
v      48.62304527             1.35     0.1684087791
v      48.62304527     0.5853494726     0.4853494726
v      48.62304527     0.2684087791             1.25
v      48.62304527     0.5853494726      2.014650527
v      49.17621399             1.35      2.346680384
v      49.17621399      2.125318085      2.025318085
v      49.17621399      2.446680384             1.25
v      49.17621399      2.125318085     0.4746819151
v      49.17621399             1.35     0.1533196159
v      49.17621399     0.5746819151     0.4746819151
v      49.17621399     0.2533196159             1.25
v      49.17621399     0.5746819151      2.025318085
v             49.8             1.35             2.35
v             49.8      2.127664948      2.027664948
v             49.8             2.45             1.25
v             49.8      2.127664948     0.4723350524
v             49.8             1.35             0.15
v             49.8     0.5723350524     0.4723350524
v             49.8             0.25             1.25
v             49.8     0.5723350524      2.027664948
v      50.07613169             1.35      2.323141289
v      50.07613169      2.108676695      2.008676695
v      50.07613169      2.423141289             1.25
v      50.07613169      2.108676695     0.4913233049
v      50.07613169             1.35     0.1768587106
v      50.07613169     0.5913233049     0.4913233049
v      50.07613169     0.2768587106             1.25
v      50.07613169     0.5913233049      2.008676695
v      50.44460905             1.35       2.24920439
v      50.44460905      2.056405663      1.956405663
v      50.44460905       2.34920439             1.25
v      50.44460905      2.056405663      0.543594337
v      50.44460905             1.35     0.2507956104
v      50.44460905      0.643594337      0.543594337
v      50.44460905     0.3507956104             1.25
v      50.44460905      0.643594337      1.956405663
v      50.87555556             1.35      2.138148148
v      50.87555556      1.977892439      1.877892439
v      50.87555556      2.238148148             1.25
v      50.87555556      1.977892439     0.6221075608
v      50.87555556             1.35     0.3618518519
v      50.87555556     0.7221075608     0.6221075608
v      50.87555556     0.4618518519             1.25
v      50.87555556     0.7221075608      1.877892439
v      51.33909465             1.35      1.999931413
v      51.33909465      1.880177612      1.780177612
v      51.33909465      2.099931413             1.25
v      51.33909465      1.880177612     0.7198223883
v      51.33909465             1.35     0.5000685871
v      51.33909465     0.8198223883     0.7198223883
v      51.33909465     0.6000685871             1.25
v      51.33909465     0.8198223883      1.780177612
v      51.80534979             1.35      1.844513032
v      51.80534979      1.770301769      1.670301769
v      51.80534979      1.944513032             1.25
v      51.80534979      1.770301769     0.8296982313
v      51.80534979             1.35     0.6554869684
v      51.80534979     0.9296982313     0.8296982313
v      51.80534979     0.7554869684             1.25
v      51.80534979     0.9296982313      1.670301769
v      52.24444444             1.35      1.681851852
v      52.24444444      1.655305498      1.555305498
v      52.24444444      1.781851852             1.25
v      52.24444444      1.655305498     0.9446945021
v      52.24444444             1.35     0.8181481481
v      52.24444444      1.044694502     0.9446945021
v      52.24444444     0.9181481481             1.25
v      52.24444444      1.044694502      1.555305498
v      52.62650206             1.35      1.521906722
v      52.62650206      1.542229388      1.442229388
v      52.62650206      1.621906722             1.25
v      52.62650206      1.542229388      1.057770612
v      52.62650206             1.35     0.9780932785
v      52.62650206      1.157770612      1.057770612
v      52.62650206      1.078093278             1.25
v      52.62650206      1.157770612      1.442229388
v      52.92164609             1.35      1.374636488
v      52.92164609      1.438114026      1.338114026
v      52.92164609      1.474636488             1.25
v      52.92164609      1.438114026      1.161885974
v      52.92164609             1.35      1.125363512
v      52.92164609      1.261885974      1.161885974
v      52.92164609      1.225363512             1.25
v      52.92164609      1.261885974      1.338114026
v             53.1             1.35             1.25
v      46.63489712            -1.35      1.562949246
v             46.5            -1.35             1.25
v      46.63489712     -1.571245144      1.471245144
v      46.63489712     -1.662949246             1.25
v      46.63489712     -1.571245144      1.028754856
v      46.63489712            -1.35     0.9370507545
v      46.63489712     -1.128754856      1.028754856
v      46.63489712     -1.037050754             1.25
v      46.63489712     -1.128754856      1.471245144
v      46.82139918            -1.35      1.810260631
v      46.82139918     -1.746086413      1.646086413
v      46.82139918     -1.910260631             1.25
v      46.82139918     -1.746086413      0.853913587
v      46.82139918            -1.35      0.689739369
v      46.82139918     -0.953913587      0.853913587
v      46.82139918     -0.789739369             1.25
v      46.82139918     -0.953913587      1.646086413
v      47.06222222            -1.35       1.99962963
v      47.06222222     -1.879964261      1.779964261
v      47.06222222      -2.09962963             1.25
v      47.06222222     -1.879964261     0.7200357394
v      47.06222222            -1.35     0.5003703704
v      47.06222222    -0.8200357394     0.7200357394
v      47.06222222    -0.6003703704             1.25
v      47.06222222    -0.8200357394      1.779964261
v       47.3600823            -1.35      2.138751715
v       47.3600823     -1.978319141      1.878319141
v       47.3600823     -2.238751715             1.25
v       47.3600823     -1.978319141     0.6216808585
v       47.3600823            -1.35     0.3612482853
v       47.3600823    -0.7216808585     0.6216808585
v       47.3600823    -0.4612482853             1.25
v       47.3600823    -0.7216808585      1.878319141
v      47.71769547            -1.35      2.235322359
v      47.71769547      -2.04659151       1.94659151
v      47.71769547     -2.335322359             1.25
v      47.71769547      -2.04659151       0.55340849
v      47.71769547            -1.35     0.2646776406
v      47.71769547      -0.65340849       0.55340849
v      47.71769547    -0.3646776406             1.25
v      47.71769547      -0.65340849       1.94659151
v      48.13777778            -1.35      2.297037037
v      48.13777778      -2.09022182       1.99022182
v      48.13777778     -2.397037037             1.25
v      48.13777778      -2.09022182     0.5097781795
v      48.13777778            -1.35      0.202962963
v      48.13777778    -0.6097781795     0.5097781795
v      48.13777778     -0.302962963             1.25
v      48.13777778    -0.6097781795       1.99022182
v      48.62304527            -1.35      2.331591221
v      48.62304527     -2.114650527      2.014650527
v      48.62304527     -2.431591221             1.25
v      48.62304527     -2.114650527     0.4853494726
v      48.62304527            -1.35     0.1684087791
v      48.62304527    -0.5853494726     0.4853494726
v      48.62304527    -0.2684087791             1.25
v      48.62304527    -0.5853494726      2.014650527
v      49.17621399            -1.35      2.346680384
v      49.17621399     -2.125318085      2.025318085
v      49.17621399     -2.446680384             1.25
v      49.17621399     -2.125318085     0.4746819151
v      49.17621399            -1.35     0.1533196159
v      49.17621399    -0.5746819151     0.4746819151
v      49.17621399    -0.2533196159             1.25
v      49.17621399    -0.5746819151      2.025318085
v             49.8            -1.35             2.35
v             49.8     -2.127664948      2.027664948
v             49.8            -2.45             1.25
v             49.8     -2.127664948     0.4723350524
v             49.8            -1.35             0.15
v             49.8    -0.5723350524     0.4723350524
v             49.8            -0.25             1.25
v             49.8    -0.5723350524      2.027664948
v      50.07613169     -2.108676695      2.008676695
v      50.07613169            -1.35      2.323141289
v      50.07613169     -2.423141289             1.25
v      50.07613169     -2.108676695     0.4913233049
v      50.07613169            -1.35     0.1768587106
v      50.07613169    -0.5913233049     0.4913233049
v      50.07613169    -0.2768587106             1.25
v      50.07613169    -0.5913233049      2.008676695
v      50.44460905     -2.056405663      1.956405663
v      50.44460905            -1.35       2.24920439
v      50.44460905      -2.34920439             1.25
v      50.44460905     -2.056405663      0.543594337
v      50.44460905            -1.35     0.2507956104
v      50.44460905     -0.643594337      0.543594337
v      50.44460905    -0.3507956104             1.25
v      50.44460905     -0.643594337      1.956405663
v      50.87555556     -1.977892439      1.877892439
v      50.87555556            -1.35      2.138148148
v      50.87555556     -2.238148148             1.25
v      50.87555556     -1.977892439     0.6221075608
v      50.87555556            -1.35     0.3618518519
v      50.87555556    -0.7221075608     0.6221075608
v      50.87555556    -0.4618518519             1.25
v      50.87555556    -0.7221075608      1.877892439
v      51.33909465     -1.880177612      1.780177612
v      51.33909465            -1.35      1.999931413
v      51.33909465     -2.099931413             1.25
v      51.33909465     -1.880177612     0.7198223883
v      51.33909465            -1.35     0.5000685871
v      51.33909465    -0.8198223883     0.7198223883
v      51.33909465    -0.6000685871             1.25
v      51.33909465    -0.8198223883      1.780177612
v      51.80534979     -1.770301769      1.670301769
v      51.80534979            -1.35      1.844513032
v      51.80534979     -1.944513032             1.25
v      51.80534979     -1.770301769     0.8296982313
v      51.80534979            -1.35     0.6554869684
v      51.80534979    -0.9296982313     0.8296982313
v      51.80534979    -0.7554869684             1.25
v      51.80534979    -0.9296982313      1.670301769
v      52.24444444     -1.655305498      1.555305498
v      52.24444444            -1.35      1.681851852
v      52.24444444     -1.781851852             1.25
v      52.24444444     -1.655305498     0.9446945021
v      52.24444444            -1.35     0.8181481481
v      52.24444444     -1.044694502     0.9446945021
v      52.24444444    -0.9181481481             1.25
v      52.24444444     -1.044694502      1.555305498
v      52.62650206     -1.542229388      1.442229388
v      52.62650206            -1.35      1.521906722
v      52.62650206     -1.621906722             1.25
v      52.62650206     -1.542229388      1.057770612
v      52.62650206            -1.35     0.9780932785
v      52.62650206     -1.157770612      1.057770612
v      52.62650206     -1.078093278             1.25
v      52.62650206     -1.157770612      1.442229388
v      52.92164609     -1.438114026      1.338114026
v      52.92164609            -1.35      1.374636488
v      52.92164609     -1.474636488             1.25
v      52.92164609     -1.438114026      1.161885974
v      52.92164609            -1.35      1.125363512
v      52.92164609     -1.261885974      1.161885974
v      52.92164609     -1.225363512             1.25
v      52.92164609     -1.261885974      1.338114026
v             53.1            -1.35             1.25
v      46.63489712             1.35    -0.9370507545
v      46.63489712      1.571245144     -1.028754856
v             46.5             1.35            -1.25
v      46.63489712      1.662949246            -1.25
v      46.63489712      1.571245144     -1.471245144
v      46.63489712             1.35     -1.562949246
v      46.63489712      1.128754856     -1.471245144
v      46.63489712      1.037050754            -1.25
v      46.63489712      1.128754856     -1.028754856
v      46.82139918             1.35     -0.689739369
v      46.82139918      1.746086413     -0.853913587
v      46.82139918      1.910260631            -1.25
v      46.82139918      1.746086413     -1.646086413
v      46.82139918             1.35     -1.810260631
v      46.82139918      0.953913587     -1.646086413
v      46.82139918      0.789739369            -1.25
v      46.82139918      0.953913587     -0.853913587
v      47.06222222             1.35    -0.5003703704
v      47.06222222      1.879964261    -0.7200357394
v      47.06222222       2.09962963            -1.25
v      47.06222222      1.879964261     -1.779964261
v      47.06222222             1.35      -1.99962963
v      47.06222222     0.8200357394     -1.779964261
v      47.06222222     0.6003703704            -1.25
v      47.06222222     0.8200357394    -0.7200357394
v       47.3600823             1.35    -0.3612482853
v       47.3600823      1.978319141    -0.6216808585
v       47.3600823      2.238751715            -1.25
v       47.3600823      1.978319141     -1.878319141
v       47.3600823             1.35     -2.138751715
v       47.3600823     0.7216808585     -1.878319141
v       47.3600823     0.4612482853            -1.25
v       47.3600823     0.7216808585    -0.6216808585
v      47.71769547             1.35    -0.2646776406
v      47.71769547       2.04659151      -0.55340849
v      47.71769547      2.335322359            -1.25
v      47.71769547       2.04659151      -1.94659151
v      47.71769547             1.35     -2.235322359
v      47.71769547       0.65340849      -1.94659151
v      47.71769547     0.3646776406            -1.25
v      47.71769547       0.65340849      -0.55340849
v      48.13777778             1.35     -0.202962963
v      48.13777778       2.09022182    -0.5097781795
v      48.13777778      2.397037037            -1.25
v      48.13777778       2.09022182      -1.99022182
v      48.13777778             1.35     -2.297037037
v      48.13777778     0.6097781795      -1.99022182
v      48.13777778      0.302962963            -1.25
v      48.13777778     0.6097781795    -0.5097781795
v      48.62304527             1.35    -0.1684087791
v      48.62304527      2.114650527    -0.4853494726
v      48.62304527      2.431591221            -1.25
v      48.62304527      2.114650527     -2.014650527
v      48.62304527             1.35     -2.331591221
v      48.62304527     0.5853494726     -2.014650527
v      48.62304527     0.2684087791            -1.25
v      48.62304527     0.5853494726    -0.4853494726
v      49.17621399             1.35    -0.1533196159
v      49.17621399      2.125318085    -0.4746819151
v      49.17621399      2.446680384            -1.25
v      49.17621399      2.125318085     -2.025318085
v      49.17621399             1.35     -2.346680384
v      49.17621399     0.5746819151     -2.025318085
v      49.17621399     0.2533196159            -1.25
v      49.17621399     0.5746819151    -0.4746819151
v             49.8             1.35            -0.15
v             49.8      2.127664948    -0.4723350524
v             49.8             2.45            -1.25
v             49.8      2.127664948     -2.027664948
v             49.8             1.35            -2.35
v             49.8     0.5723350524     -2.027664948
v             49.8             0.25            -1.25
v             49.8     0.5723350524    -0.4723350524
v      50.07613169             1.35    -0.1768587106
v      50.07613169      2.108676695    -0.4913233049
v      50.07613169      2.423141289            -1.25
v      50.07613169      2.108676695     -2.008676695
v      50.07613169             1.35     -2.323141289
v      50.07613169     0.5913233049     -2.008676695
v      50.07613169     0.2768587106            -1.25
v      50.07613169     0.5913233049    -0.4913233049
v      50.44460905             1.35    -0.2507956104
v      50.44460905      2.056405663     -0.543594337
v      50.44460905       2.34920439            -1.25
v      50.44460905      2.056405663     -1.956405663
v      50.44460905             1.35      -2.24920439
v      50.44460905      0.643594337     -1.956405663
v      50.44460905     0.3507956104            -1.25
v      50.44460905      0.643594337     -0.543594337
v      50.87555556             1.35    -0.3618518519
v      50.87555556      1.977892439    -0.6221075608
v      50.87555556      2.238148148            -1.25
v      50.87555556      1.977892439     -1.877892439
v      50.87555556             1.35     -2.138148148
v      50.87555556     0.7221075608     -1.877892439
v      50.87555556     0.4618518519            -1.25
v      50.87555556     0.7221075608    -0.6221075608
v      51.33909465             1.35    -0.5000685871
v      51.33909465      1.880177612    -0.7198223883
v      51.33909465      2.099931413            -1.25
v      51.33909465      1.880177612     -1.780177612
v      51.33909465             1.35     -1.999931413
v      51.33909465     0.8198223883     -1.780177612
v      51.33909465     0.6000685871            -1.25
v      51.33909465     0.8198223883    -0.7198223883
v      51.80534979             1.35    -0.6554869684
v      51.80534979      1.770301769    -0.8296982313
v      51.80534979      1.944513032            -1.25
v      51.80534979      1.770301769     -1.670301769
v      51.80534979             1.35     -1.844513032
v      51.80534979     0.9296982313     -1.670301769
v      51.80534979     0.7554869684            -1.25
v      51.80534979     0.9296982313    -0.8296982313
v      52.24444444             1.35    -0.8181481481
v      52.24444444      1.655305498    -0.9446945021
v      52.24444444      1.781851852            -1.25
v      52.24444444      1.655305498     -1.555305498
v      52.24444444             1.35     -1.681851852
v      52.24444444      1.044694502     -1.555305498
v      52.24444444     0.9181481481            -1.25
v      52.24444444      1.044694502    -0.9446945021
v      52.62650206             1.35    -0.9780932785
v      52.62650206      1.542229388     -1.057770612
v      52.62650206      1.621906722            -1.25
v      52.62650206      1.542229388     -1.442229388
v      52.62650206             1.35     -1.521906722
v      52.62650206      1.157770612     -1.442229388
v      52.62650206      1.078093278            -1.25
v      52.62650206      1.157770612     -1.057770612
v      52.92164609             1.35     -1.125363512
v      52.92164609      1.438114026     -1.161885974
v      52.92164609      1.474636488            -1.25
v      52.92164609      1.438114026     -1.338114026
v      52.92164609             1.35     -1.374636488
v      52.92164609      1.261885974     -1.338114026
v      52.92164609      1.225363512            -1.25
v      52.92164609      1.261885974     -1.161885974
v             53.1             1.35            -1.25
v      46.63489712            -1.35    -0.9370507545
v             46.5            -1.35            -1.25
v      46.63489712     -1.571245144     -1.028754856
v      46.63489712     -1.662949246            -1.25
v      46.63489712     -1.571245144     -1.471245144
v      46.63489712            -1.35     -1.562949246
v      46.63489712     -1.128754856     -1.471245144
v      46.63489712     -1.037050754            -1.25
v      46.63489712     -1.128754856     -1.028754856
v      46.82139918            -1.35     -0.689739369
v      46.82139918     -1.746086413     -0.853913587
v      46.82139918     -1.910260631            -1.25
v      46.82139918     -1.746086413     -1.646086413
v      46.82139918            -1.35     -1.810260631
v      46.82139918     -0.953913587     -1.646086413
v      46.82139918     -0.789739369            -1.25
v      46.82139918     -0.953913587     -0.853913587
v      47.06222222            -1.35    -0.5003703704
v      47.06222222     -1.879964261    -0.7200357394
v      47.06222222      -2.09962963            -1.25
v      47.06222222     -1.879964261     -1.779964261
v      47.06222222            -1.35      -1.99962963
v      47.06222222    -0.8200357394     -1.779964261
v      47.06222222    -0.6003703704            -1.25
v      47.06222222    -0.8200357394    -0.7200357394
v       47.3600823            -1.35    -0.3612482853
v       47.3600823     -1.978319141    -0.6216808585
v       47.3600823     -2.238751715            -1.25
v       47.3600823     -1.978319141     -1.878319141
v       47.3600823            -1.35     -2.138751715
v       47.3600823    -0.7216808585     -1.878319141
v       47.3600823    -0.4612482853            -1.25
v       47.3600823    -0.7216808585    -0.6216808585
v      47.71769547            -1.35    -0.2646776406
v      47.71769547      -2.04659151      -0.55340849
v      47.71769547     -2.335322359            -1.25
v      47.71769547      -2.04659151      -1.94659151
v      47.71769547            -1.35     -2.235322359
v      47.71769547      -0.65340849      -1.94659151
v      47.71769547    -0.3646776406            -1.25
v      47.71769547      -0.65340849      -0.55340849
v      48.13777778            -1.35     -0.202962963
v      48.13777778      -2.09022182    -0.5097781795
v      48.13777778     -2.397037037            -1.25
v      48.13777778      -2.09022182      -1.99022182
v      48.13777778            -1.35     -2.297037037
v      48.13777778    -0.6097781795      -1.99022182
v      48.13777778     -0.302962963            -1.25
v      48.13777778    -0.6097781795    -0.5097781795
v      48.62304527            -1.35    -0.1684087791
v      48.62304527     -2.114650527    -0.4853494726
v      48.62304527     -2.431591221            -1.25
v      48.62304527     -2.114650527     -2.014650527
v      48.62304527            -1.35     -2.331591221
v      48.62304527    -0.5853494726     -2.014650527
v      48.62304527    -0.2684087791            -1.25
v      48.62304527    -0.5853494726    -0.4853494726
v      49.17621399            -1.35    -0.1533196159
v      49.17621399     -2.125318085    -0.4746819151
v      49.17621399     -2.446680384            -1.25
v      49.17621399     -2.125318085     -2.025318085
v      49.17621399            -1.35     -2.346680384
v      49.17621399    -0.5746819151     -2.025318085
v      49.17621399    -0.2533196159            -1.25
v      49.17621399    -0.5746819151    -0.4746819151
v             49.8            -1.35            -0.15
v             49.8     -2.127664948    -0.4723350524
v             49.8            -2.45            -1.25
v             49.8     -2.127664948     -2.027664948
v             49.8            -1.35            -2.35
v             49.8    -0.5723350524     -2.027664948
v             49.8            -0.25            -1.25
v             49.8    -0.5723350524    -0.4723350524
v      50.07613169     -2.108676695    -0.4913233049
v      50.07613169            -1.35    -0.1768587106
v      50.07613169     -2.423141289            -1.25
v      50.07613169     -2.108676695     -2.008676695
v      50.07613169            -1.35     -2.323141289
v      50.07613169    -0.5913233049     -2.008676695
v      50.07613169    -0.2768587106            -1.25
v      50.07613169    -0.5913233049    -0.4913233049
v      50.44460905     -2.056405663     -0.543594337
v      50.44460905            -1.35    -0.2507956104
v      50.44460905      -2.34920439            -1.25
v      50.44460905     -2.056405663     -1.956405663
v      50.44460905            -1.35      -2.24920439
v      50.44460905     -0.643594337     -1.956405663
v      50.44460905    -0.3507956104            -1.25
v      50.44460905     -0.643594337     -0.543594337
v      50.87555556     -1.977892439    -0.6221075608
v      50.87555556            -1.35    -0.3618518519
v      50.87555556     -2.238148148            -1.25
v      50.87555556     -1.977892439     -1.877892439
v      50.87555556            -1.35     -2.138148148
v      50.87555556    -0.7221075608     -1.877892439
v      50.87555556    -0.4618518519            -1.25
v      50.87555556    -0.7221075608    -0.6221075608
v      51.33909465     -1.880177612    -0.7198223883
v      51.33909465            -1.35    -0.5000685871
v      51.33909465     -2.099931413            -1.25
v      51.33909465     -1.880177612     -1.780177612
v      51.33909465            -1.35     -1.999931413
v      51.33909465    -0.8198223883     -1.780177612
v      51.33909465    -0.6000685871            -1.25
v      51.33909465    -0.8198223883    -0.7198223883
v      51.80534979     -1.770301769    -0.8296982313
v      51.80534979            -1.35    -0.6554869684
v      51.80534979     -1.944513032            -1.25
v      51.80534979     -1.770301769     -1.670301769
v      51.80534979            -1.35     -1.844513032
v      51.80534979    -0.9296982313     -1.670301769
v      51.80534979    -0.7554869684            -1.25
v      51.80534979    -0.9296982313    -0.8296982313
v      52.24444444     -1.655305498    -0.9446945021
v      52.24444444            -1.35    -0.8181481481
v      52.24444444     -1.781851852            -1.25
v      52.24444444     -1.655305498     -1.555305498
v      52.24444444            -1.35     -1.681851852
v      52.24444444     -1.044694502     -1.555305498
v      52.24444444    -0.9181481481            -1.25
v      52.24444444     -1.044694502    -0.9446945021
v      52.62650206     -1.542229388     -1.057770612
v      52.62650206            -1.35    -0.9780932785
v      52.62650206     -1.621906722            -1.25
v      52.62650206     -1.542229388     -1.442229388
v      52.62650206            -1.35     -1.521906722
v      52.62650206     -1.157770612     -1.442229388
v      52.62650206     -1.078093278            -1.25
v      52.62650206     -1.157770612     -1.057770612
v      52.92164609     -1.438114026     -1.161885974
v      52.92164609            -1.35     -1.125363512
v      52.92164609     -1.474636488            -1.25
v      52.92164609     -1.438114026     -1.338114026
v      52.92164609            -1.35     -1.374636488
v      52.92164609     -1.261885974     -1.338114026
v      52.92164609     -1.225363512            -1.25
v      52.92164609     -1.261885974     -1.161885974
v             53.1            -1.35            -1.25
v      55.10628258                0      5.627174211
v      55.10628258     0.2313017417      5.531301742
v               55                0              5.3
v      55.10628258     0.3271742112              5.3
v      55.10628258     0.2313017417      5.068698258
v      55.10628258                0      4.972825789
v      55.10628258    -0.2313017417      5.068698258
v      55.10628258    -0.3271742112              5.3
v      55.10628258    -0.2313017417      5.531301742
v      55.25322359                0      5.885727023
v      55.25322359     0.4140903408      5.714090341
v      55.25322359     0.5857270233              5.3
v      55.25322359     0.4140903408      4.885909659
v      55.25322359                0      4.714272977
v      55.25322359    -0.4140903408      4.885909659
v      55.25322359    -0.5857270233              5.3
v      55.25322359    -0.4140903408      5.714090341
v      55.44296296                0      6.083703704
v      55.44296296     0.5540535452      5.854053545
v      55.44296296     0.7837037037              5.3
v      55.44296296     0.5540535452      4.745946455
v      55.44296296                0      4.516296296
v      55.44296296    -0.5540535452      4.745946455
v      55.44296296    -0.7837037037              5.3
v      55.44296296    -0.5540535452      5.854053545
v       55.6776406                0       6.22914952
v       55.6776406     0.6568791025      5.956879102
v       55.6776406     0.9291495199              5.3
v       55.6776406     0.6568791025      4.643120898
v       55.6776406                0       4.37085048
v       55.6776406    -0.6568791025      4.643120898
v       55.6776406    -0.9291495199              5.3
v       55.6776406    -0.6568791025      5.956879102
v      55.95939643                0      6.330109739
v      55.95939643     0.7282547604       6.02825476
v      55.95939643      1.030109739              5.3
v      55.95939643     0.7282547604       4.57174524
v      55.95939643                0      4.269890261
v      55.95939643    -0.7282547604       4.57174524
v      55.95939643     -1.030109739              5.3
v      55.95939643    -0.7282547604       6.02825476
v      56.29037037                0       6.39462963
v      56.29037037     0.7738682669      6.073868267
v      56.29037037       1.09462963              5.3
v      56.29037037     0.7738682669      4.526131733
v      56.29037037                0       4.20537037
v      56.29037037    -0.7738682669      4.526131733
v      56.29037037      -1.09462963              5.3
v      56.29037037    -0.7738682669      6.073868267
v      56.67270233                0      6.430754458
v      56.67270233     0.7994073695       6.09940737
v      56.67270233      1.130754458              5.3
v      56.67270233     0.7994073695       4.50059263
v      56.67270233                0      4.169245542
v      56.67270233    -0.7994073695       4.50059263
v      56.67270233     -1.130754458              5.3
v      56.67270233    -0.7994073695       6.09940737
v      57.10853224                0      6.446529492
v      57.10853224     0.8105598161      6.110559816
v      57.10853224      1.146529492              5.3
v      57.10853224     0.8105598161      4.489440184
v      57.10853224                0      4.153470508
v      57.10853224    -0.8105598161      4.489440184
v      57.10853224     -1.146529492              5.3
v      57.10853224    -0.8105598161      6.110559816
v             57.6                0             6.45
v             57.6     0.8130133543      6.113013354
v             57.6             1.15              5.3
v             57.6     0.8130133543      4.486986646
v             57.6                0             4.15
v             57.6    -0.8130133543      4.486986646
v             57.6            -1.15              5.3
v             57.6    -0.8130133543      6.113013354
v       57.8175583                0      6.421920439
v       57.8175583     0.7931619994      6.093161999
v       57.8175583      1.121920439              5.3
v       57.8175583     0.7931619994      4.506838001
v       57.8175583                0      4.178079561
v       57.8175583    -0.7931619994      4.506838001
v       57.8175583     -1.121920439              5.3
v       57.8175583    -0.7931619994      6.093161999
v       58.1078738                0      6.344622771
v       58.1078738     0.7385150113      6.038515011
v       58.1078738      1.044622771              5.3
v       58.1078738     0.7385150113      4.561484989
v       58.1078738                0      4.255377229
v       58.1078738    -0.7385150113      4.561484989
v       58.1078738     -1.044622771              5.3
v       58.1078738    -0.7385150113      6.038515011
v      58.44740741                0      6.228518519
v      58.44740741     0.6564330046      5.956433005
v      58.44740741     0.9285185185              5.3
v      58.44740741     0.6564330046      4.643566995
v      58.44740741                0      4.371481481
v      58.44740741    -0.6564330046      4.643566995
v      58.44740741    -0.9285185185              5.3
v      58.44740741    -0.6564330046      5.956433005
v      58.81262003                0      6.084019204
v      58.81262003     0.5542765941      5.854276594
v      58.81262003     0.7840192044              5.3
v      58.81262003     0.5542765941      4.745723406
v      58.81262003                0      4.515980796
v      58.81262003    -0.5542765941      4.745723406
v      58.81262003    -0.7840192044              5.3
v      58.81262003    -0.5542765941      5.854276594
v      59.17997257                0      5.921536351
v      59.17997257     0.4394063945      5.739406395
v      59.17997257     0.6215363512              5.3
v      59.17997257     0.4394063945      4.860593605
v      59.17997257                0      4.678463649
v      59.17997257    -0.4394063945      4.860593605
v      59.17997257    -0.6215363512              5.3
v      59.17997257    -0.4394063945      5.739406395
v      59.52592593                0      5.751481481
v      59.52592593     0.3191830206      5.619183021
v      59.52592593     0.4514814815              5.3
v      59.52592593     0.3191830206      4.980816979
v      59.52592593                0      4.848518519
v      59.52592593    -0.3191830206      4.980816979
v      59.52592593    -0.4514814815              5.3
v      59.52592593    -0.3191830206      5.619183021
v      59.82694102                0      5.584266118
v      59.82694102      0.200967087      5.500967087
v      59.82694102      0.284266118              5.3
v      59.82694102      0.200967087      5.099032913
v      59.82694102                0      5.015733882
v      59.82694102     -0.200967087      5.099032913
v      59.82694102     -0.284266118              5.3
v      59.82694102     -0.200967087      5.500967087
v      60.05947874                0      5.430301783
v      60.05947874     0.0921192086      5.392119209
v      60.05947874     0.1303017833              5.3
v      60.05947874     0.0921192086      5.207880791
v      60.05947874                0      5.169698217
v      60.05947874    -0.0921192086      5.207880791
v      60.05947874    -0.1303017833              5.3
v      60.05947874    -0.0921192086      5.392119209
v             60.2                0              5.3
v             60.2                0              3.8
v      60.11981396  3.235137857e-16              3.8
v      60.11981396   0.004641936091              3.8
v      60.00455041  4.291268501e-16              3.8
v      60.00455041    0.01115600571              3.8
v      59.84227896  2.001668129e-16              3.8
v      59.84227896    0.02001885241              3.8
v      59.62040568  3.467144629e-17              3.8
v      59.62040568    0.03157788859              3.8
v      59.32886045 -3.679894043e-17              3.8
v      59.32886045    0.04581338406              3.8
v      58.96513973   7.06929191e-17              3.8
v      58.96513973    0.06202589621              3.8
v      58.53963963 -2.496975914e-17              3.8
v      58.53963963    0.07859310448              3.8
v      58.07773962                0              3.8
v      58.07773962    0.09300747681              3.8
v       57.6153324     0.1024595966              3.8
v       57.6153324  1.028051505e-18              3.8
v      57.18858887      0.104914007              3.8
v      57.18858887 -3.805359085e-18              3.8
v      56.82358472    0.09998338232              3.8
v      56.82358472  3.084856274e-17              3.8
v      56.53154291    0.08880802685              3.8
v      56.53154291 -1.924916397e-17              3.8
v      56.31073546    0.07312759379              3.8
v      56.31073546  1.324853857e-16              3.8
v      56.15207738    0.05413177369              3.8
v      56.15207738 -1.841389975e-16              3.8
v      56.04589211    0.03118405566              3.8
v      56.04589211  3.394241044e-16              3.8
v               56                0              3.8
v      56.04589211   -0.03118405566              3.8
v      56.15207738   -0.05413177369              3.8
v      56.31073546   -0.07312759379              3.8
v      56.53154291   -0.08880802685              3.8
v      56.82358472   -0.09998338232              3.8
v      57.18858887     -0.104914007              3.8
v       57.6153324    -0.1024595966              3.8
v      58.07773962   -0.09300747681              3.8
v      58.53963963   -0.07859310448              3.8
v      58.96513973   -0.06202589621              3.8
v      59.32886045   -0.04581338406              3.8
v      59.62040568   -0.03157788859              3.8
v      59.84227896   -0.02001885241              3.8
v      60.00455041   -0.01115600571              3.8
v      60.11981396  -0.004641936091              3.8
v      60.11981396   0.009283872182              3.8
v      60.00455041    0.02231201142              3.8
v      59.84227896    0.04003770482              3.8
v      59.62040568    0.06315577717              3.8
v      59.32886045    0.09162676811              3.8
v      58.96513973     0.1240517924              3.8
v      58.53963963      0.157186209              3.8
v      58.07773962     0.1860149536              3.8
v       57.6153324     0.2049191933              3.8
v      57.18858887      0.209828014              3.8
v      56.82358472     0.1999667646              3.8
v      56.53154291     0.1776160537              3.8
v      56.31073546     0.1462551876              3.8
v      56.15207738     0.1082635474              3.8
v      56.04589211    0.06236811132              3.8
v      56.04589211   -0.06236811132              3.8
v      56.15207738    -0.1082635474              3.8
v      56.31073546    -0.1462551876              3.8
v      56.53154291    -0.1776160537              3.8
v      56.82358472    -0.1999667646              3.8
v      57.18858887     -0.209828014              3.8
v       57.6153324    -0.2049191933              3.8
v      58.07773962    -0.1860149536              3.8
v      58.53963963     -0.157186209              3.8
v      58.96513973    -0.1240517924              3.8
v      59.32886045   -0.09162676811              3.8
v      59.62040568   -0.06315577717              3.8
v      59.84227896   -0.04003770482              3.8
v      60.00455041   -0.02231201142              3.8
v      60.11981396  -0.009283872182              3.8
v      60.18475209  1.959434879e-17             4.12
v      60.10838443    0.00884178303             4.12
v      59.99860962    0.02124953468             4.12
v      59.84406538    0.03813114745             4.12
v       59.6327575    0.06014835921             4.12
v      59.35509537    0.08726358868             4.12
v      59.00869468     0.1181445642             4.12
v       58.6034565     0.1497011514             4.12
v      58.16355172     0.1771570987             4.12
v      57.72316389     0.1951611364             4.12
v      57.31674149     0.1998362038             4.12
v      56.96911848     0.1904445378             4.12
v      56.69098343     0.1691581464             4.12
v      56.48069062     0.1392906548             4.12
v      56.32958769     0.1031081404             4.12
v      56.22845885    0.05939820126             4.12
v      56.18475209  1.959434879e-17             4.12
v      56.22845885   -0.05939820126             4.12
v      56.32958769    -0.1031081404             4.12
v      56.48069062    -0.1392906548             4.12
v      56.69098343    -0.1691581464             4.12
v      56.96911848    -0.1904445378             4.12
v      57.31674149    -0.1998362038             4.12
v      57.72316389    -0.1951611364             4.12
v      58.16355172    -0.1771570987             4.12
v       58.6034565    -0.1497011514             4.12
v      59.00869468    -0.1181445642             4.12
v      59.35509537   -0.08726358868             4.12
v       59.6327575   -0.06014835921             4.12
v      59.84406538   -0.03813114745             4.12
v      59.99860962   -0.02124953468             4.12
v      60.10838443   -0.00884178303             4.12
v      60.16950417  3.918869757e-17             4.44
v       60.0969549   0.008399693879             4.44
v      59.99266883    0.02018705795             4.44
v       59.8458518    0.03622459008             4.44
v      59.64510931    0.05714094125             4.44
v      59.38133029    0.08290040924             4.44
v      59.05224964      0.112237336             4.44
v      58.66727336     0.1422160938             4.44
v      58.24936383     0.1682992438             4.44
v      57.83099539     0.1854030796             4.44
v       57.4448941     0.1898443936             4.44
v      57.11465225     0.1809223109             4.44
v      56.85042395     0.1607002391             4.44
v      56.65064578     0.1323261221             4.44
v      56.50709799    0.09795273334             4.44
v       56.4110256    0.05642829119             4.44
v      56.36950417  3.918869757e-17             4.44
v       56.4110256   -0.05642829119             4.44
v      56.50709799   -0.09795273334             4.44
v      56.65064578    -0.1323261221             4.44
v      56.85042395    -0.1607002391             4.44
v      57.11465225    -0.1809223109             4.44
v       57.4448941    -0.1898443936             4.44
v      57.83099539    -0.1854030796             4.44
v      58.24936383    -0.1682992438             4.44
v      58.66727336    -0.1422160938             4.44
v      59.05224964     -0.112237336             4.44
v      59.38133029   -0.08290040924             4.44
v      59.64510931   -0.05714094125             4.44
v       59.8458518   -0.03622459008             4.44
v      59.99266883   -0.02018705795             4.44
v       60.0969549  -0.008399693879             4.44
v      60.15425626  5.878304636e-17             4.76
v      60.08552537   0.007957604727             4.76
v      59.98672804    0.01912458121             4.76
v      59.84763822     0.0343180327             4.76
v      59.65746113    0.05413352329             4.76
v      59.40756521    0.07853722981             4.76
v      59.09580459     0.1063301078             4.76
v      58.73109023     0.1347310363             4.76
v      58.33517593     0.1594413888             4.76
v      57.93882688     0.1756450228             4.76
v      57.57304672     0.1798525834             4.76
v      57.26018601      0.171400084             4.76
v      57.00986447     0.1522423317             4.76
v      56.82060094     0.1253615894             4.76
v       56.6846083    0.09279732633             4.76
v      56.59359235    0.05345838113             4.76
v      56.55425626  5.878304636e-17             4.76
v      56.59359235   -0.05345838113             4.76
v       56.6846083   -0.09279732633             4.76
v      56.82060094    -0.1253615894             4.76
v      57.00986447    -0.1522423317             4.76
v      57.26018601     -0.171400084             4.76
v      57.57304672    -0.1798525834             4.76
v      57.93882688    -0.1756450228             4.76
v      58.33517593    -0.1594413888             4.76
v      58.73109023    -0.1347310363             4.76
v      59.09580459    -0.1063301078             4.76
v      59.40756521   -0.07853722981             4.76
v      59.65746113   -0.05413352329             4.76
v      59.84763822    -0.0343180327             4.76
v      59.98672804   -0.01912458121             4.76
v      60.08552537  -0.007957604727             4.76
v      60.07409584   0.007515515576             5.08
v      60.13900834  7.837739515e-17             5.08
v      59.98078725    0.01806210448             5.08
v      59.84942465    0.03241147533             5.08
v      59.66981294    0.05112610533             5.08
v      59.43380014    0.07417405038             5.08
v      59.13935955     0.1004228796             5.08
v       58.7949071     0.1272459787             5.08
v      58.42098804     0.1505835339             5.08
v      58.04665838      0.165886966             5.08
v      57.70119934     0.1698607732             5.08
v      57.40571978     0.1618778571             5.08
v      57.16930499     0.1437844244             5.08
v       56.9905561     0.1183970566             5.08
v      56.86211861    0.08764191931             5.08
v       56.7761591    0.05048847107             5.08
v      56.73900834  7.837739515e-17             5.08
v       56.7761591   -0.05048847107             5.08
v      56.86211861   -0.08764191931             5.08
v       56.9905561    -0.1183970566             5.08
v      57.16930499    -0.1437844244             5.08
v      57.40571978    -0.1618778571             5.08
v      57.70119934    -0.1698607732             5.08
v      58.04665838     -0.165886966             5.08
v      58.42098804    -0.1505835339             5.08
v       58.7949071    -0.1272459787             5.08
v      59.13935955    -0.1004228796             5.08
v      59.43380014   -0.07417405038             5.08
v      59.66981294   -0.05112610533             5.08
v      59.84942465   -0.03241147533             5.08
v      59.98078725   -0.01806210448             5.08
v      60.07409584  -0.007515515576             5.08
v       60.0626663   0.007073426424              5.4
v      60.12376043  9.797174393e-17              5.4
v      59.97484646    0.01699962775              5.4
v      59.85121107    0.03050491796              5.4
v      59.68216476    0.04811868737              5.4
v      59.46003506    0.06981087094              5.4
v      59.18291451    0.09451565136              5.4
v      58.85872396     0.1197609211              5.4
v      58.50680014     0.1417256789              5.4
v      58.15448988     0.1561289091              5.4
v      57.82935195      0.159868963              5.4
v      57.55125355     0.1523556302              5.4
v      57.32874551     0.1353265171              5.4
v      57.16051126     0.1114325239              5.4
v      57.03962891    0.08248651229              5.4
v      56.95872585    0.04751856101              5.4
v      56.92376043  9.797174393e-17              5.4
v      56.95872585   -0.04751856101              5.4
v      57.03962891   -0.08248651229              5.4
v      57.16051126    -0.1114325239              5.4
v      57.32874551    -0.1353265171              5.4
v      57.55125355    -0.1523556302              5.4
v      57.82935195     -0.159868963              5.4
v      58.15448988    -0.1561289091              5.4
v      58.50680014    -0.1417256789              5.4
v      58.85872396    -0.1197609211              5.4
v      59.18291451   -0.09451565136              5.4
v      59.46003506   -0.06981087094              5.4
v      59.68216476   -0.04811868737              5.4
v      59.85121107   -0.03050491796              5.4
v      59.97484646   -0.01699962775              5.4
v       60.0626663  -0.007073426424              5.4
v       60.0626663   0.003536713212              5.4
v      59.97484646   0.008499813873              5.4
v      59.85121107    0.01525245898              5.4
v      59.68216476    0.02405934368              5.4
v      59.46003506    0.03490543547              5.4
v      59.18291451    0.04725782568              5.4
v      58.85872396    0.05988046056              5.4
v      58.50680014    0.07086283947              5.4
v      58.15448988    0.07806445457              5.4
v      57.82935195    0.07993448152              5.4
v      57.55125355     0.0761778151              5.4
v      57.32874551    0.06766325855              5.4
v      57.16051126    0.05571626194              5.4
v      57.03962891    0.04124325614              5.4
v      56.95872585     0.0237592805              5.4
v      56.95872585    -0.0237592805              5.4
v      57.03962891   -0.04124325614              5.4
v      57.16051126   -0.05571626194              5.4
v      57.32874551   -0.06766325855              5.4
v      57.55125355    -0.0761778151              5.4
v      57.82935195   -0.07993448152              5.4
v      58.15448988   -0.07806445457              5.4
v      58.50680014   -0.07086283947              5.4
v      58.85872396   -0.05988046056              5.4
v      59.18291451   -0.04725782568              5.4
v      59.46003506   -0.03490543547              5.4
v      59.68216476   -0.02405934368              5.4
v      59.85121107   -0.01525245898              5.4
v      59.97484646  -0.008499813873              5.4
v       60.0626663  -0.003536713212              5.4
v       60.0626663    3.4564159e-16              5.4
v      59.97484646  4.272977766e-16              5.4
v      59.85121107  2.533161203e-16              5.4
v      59.68216476   1.26069796e-16              5.4
v      59.46003506  7.129849116e-17              5.4
v      59.18291451  1.553097628e-16              5.4
v      58.85872396  9.159342321e-17              5.4
v      58.50680014  9.797174393e-17              5.4
v      58.15448988  1.054246636e-16              5.4
v      57.82935195   1.00868808e-16              5.4
v      57.55125355  1.210245207e-16              5.4
v      57.32874551  7.702129763e-17              5.4
v      57.16051126   1.96273054e-16              5.4
v      57.03962891 -3.795827095e-17              5.4
v      56.95872585  3.620339607e-16              5.4
g MeshGeom
f 1 2 3
f 2 4 3
f 4 5 3
f 5 6 3
f 6 7 3
f 7 8 3
f 8 9 3
f 9 10 3
f 10 11 3
f 11 12 3
f 12 13 3
f 13 14 3
f 3 14 15
f 3 15 16
f 3 16 17
f 3 17 18
f 3 18 19
f 3 19 20
f 3 20 21
f 3 21 22
f 3 22 23
f 3 23 24
f 3 24 25
f 3 25 26
f 26 27 3
f 27 28 3
f 28 29 3
f 29 30 3
f 30 31 3
f 31 32 3
f 32 33 3
f 33 34 3
f 34 35 3
f 35 36 3
f 36 37 3
f 37 38 3
f 3 38 39
f 3 39 40
f 3 40 41
f 3 41 42
f 3 42 43
f 3 43 44
f 3 44 45
f 3 45 46
f 3 46 47
f 3 47 48
f 3 48 49
f 3 49 1
f 1 50 2
f 50 51 2
f 2 51 4
f 51 52 4
f 4 52 5
f 52 53 5
f 5 53 6
f 53 54 6
f 6 54 7
f 54 55 7
f 7 55 8
f 55 56 8
f 8 56 9
f 56 57 9
f 9 57 10
f 57 58 10
f 10 58 11
f 58 59 11
f 11 59 12
f 59 60 12
f 12 60 13
f 60 61 13
f 13 61 14
f 61 62 14
f 14 62 63
f 14 63 15
f 15 63 64
f 15 64 16
f 16 64 65
f 16 65 17
f 17 65 66
f 17 66 18
f 18 66 67
f 18 67 19
f 19 67 68
f 19 68 20
f 20 68 69
f 20 69 21
f 21 69 70
f 21 70 22
f 22 70 71
f 22 71 23
f 23 71 72
f 23 72 24
f 24 72 73
f 24 73 25
f 25 73 74
f 25 74 26
f 26 74 27
f 74 75 27
f 27 75 28
f 75 76 28
f 28 76 29
f 76 77 29
f 29 77 30
f 77 78 30
f 30 78 31
f 78 79 31
f 31 79 32
f 79 80 32
f 32 80 33
f 80 81 33
f 33 81 34
f 81 82 34
f 34 82 35
f 82 83 35
f 35 83 36
f 83 84 36
f 36 84 37
f 84 85 37
f 37 85 38
f 85 86 38
f 38 86 87
f 38 87 39
f 39 87 88
f 39 88 40
f 40 88 89
f 40 89 41
f 41 89 90
f 41 90 42
f 42 90 91
f 42 91 43
f 43 91 92
f 43 92 44
f 44 92 93
f 44 93 45
f 45 93 94
f 45 94 46
f 46 94 95
f 46 95 47
f 47 95 96
f 47 96 48
f 48 96 97
f 48 97 49
f 49 97 50
f 49 50 1
f 50 98 51
f 98 99 51
f 51 99 52
f 99 100 52
f 52 100 53
f 100 101 53
f 53 101 54
f 101 102 54
f 54 102 55
f 102 103 55
f 55 103 56
f 103 104 56
f 56 104 57
f 104 105 57
f 57 105 58
f 105 106 58
f 58 106 59
f 106 107 59
f 59 107 60
f 107 108 60
f 60 108 61
f 108 109 61
f 61 109 62
f 109 110 62
f 62 110 111
f 62 111 63
f 63 111 112
f 63 112 64
f 64 112 113
f 64 113 65
f 65 113 114
f 65 114 66
f 66 114 115
f 66 115 67
f 67 115 116
f 67 116 68
f 68 116 117
f 68 117 69
f 69 117 118
f 69 118 70
f 70 118 119
f 70 119 71
f 71 119 120
f 71 120 72
f 72 120 121
f 72 121 73
f 73 121 122
f 73 122 74
f 74 122 75
f 122 123 75
f 75 123 76
f 123 124 76
f 76 124 77
f 124 125 77
f 77 125 78
f 125 126 78
f 78 126 79
f 126 127 79
f 79 127 80
f 127 128 80
f 80 128 81
f 128 129 81
f 81 129 82
f 129 130 82
f 82 130 83
f 130 131 83
f 83 131 84
f 131 132 84
f 84 132 85
f 132 133 85
f 85 133 86
f 133 134 86
f 86 134 135
f 86 135 87
f 87 135 136
f 87 136 88
f 88 136 137
f 88 137 89
f 89 137 138
f 89 138 90
f 90 138 139
f 90 139 91
f 91 139 140
f 91 140 92
f 92 140 141
f 92 141 93
f 93 141 142
f 93 142 94
f 94 142 143
f 94 143 95
f 95 143 144
f 95 144 96
f 96 144 145
f 96 145 97
f 97 145 98
f 97 98 50
f 98 146 99
f 146 147 99
f 99 147 100
f 147 148 100
f 100 148 101
f 148 149 101
f 101 149 102
f 149 150 102
f 102 150 103
f 150 151 103
f 103 151 104
f 151 152 104
f 104 152 105
f 152 153 105
f 105 153 106
f 153 154 106
f 106 154 107
f 154 155 107
f 107 155 108
f 155 156 108
f 108 156 109
f 156 157 109
f 109 157 110
f 157 158 110
f 110 158 159
f 110 159 111
f 111 159 160
f 111 160 112
f 112 160 161
f 112 161 113
f 113 161 162
f 113 162 114
f 114 162 163
f 114 163 115
f 115 163 164
f 115 164 116
f 116 164 165
f 116 165 117
f 117 165 166
f 117 166 118
f 118 166 167
f 118 167 119
f 119 167 168
f 119 168 120
f 120 168 169
f 120 169 121
f 121 169 170
f 121 170 122
f 122 170 123
f 170 171 123
f 123 171 124
f 171 172 124
f 124 172 125
f 172 173 125
f 125 173 126
f 173 174 126
f 126 174 127
f 174 175 127
f 127 175 128
f 175 176 128
f 128 176 129
f 176 177 129
f 129 177 130
f 177 178 130
f 130 178 131
f 178 179 131
f 131 179 132
f 179 180 132
f 132 180 133
f 180 181 133
f 133 181 134
f 181 182 134
f 134 182 183
f 134 183 135
f 135 183 184
f 135 184 136
f 136 184 185
f 136 185 137
f 137 185 186
f 137 186 138
f 138 186 187
f 138 187 139
f 139 187 188
f 139 188 140
f 140 188 189
f 140 189 141
f 141 189 190
f 141 190 142
f 142 190 191
f 142 191 143
f 143 191 192
f 143 192 144
f 144 192 193
f 144 193 145
f 145 193 146
f 145 146 98
f 146 194 147
f 194 195 147
f 147 195 148
f 195 196 148
f 148 196 149
f 196 197 149
f 149 197 150
f 197 198 150
f 150 198 151
f 198 199 151
f 151 199 152
f 199 200 152
f 152 200 153
f 200 201 153
f 153 201 154
f 201 202 154
f 154 202 155
f 202 203 155
f 155 203 156
f 203 204 156
f 156 204 157
f 204 205 157
f 157 205 158
f 205 206 158
f 158 206 207
f 158 207 159
f 159 207 208
f 159 208 160
f 160 208 209
f 160 209 161
f 161 209 210
f 161 210 162
f 162 210 211
f 162 211 163
f 163 211 212
f 163 212 164
f 164 212 213
f 164 213 165
f 165 213 214
f 165 214 166
f 166 214 215
f 166 215 167
f 167 215 216
f 167 216 168
f 168 216 217
f 168 217 169
f 169 217 218
f 169 218 170
f 170 218 171
f 218 219 171
f 171 219 172
f 219 220 172
f 172 220 173
f 220 221 173
f 173 221 174
f 221 222 174
f 174 222 175
f 222 223 175
f 175 223 176
f 223 224 176
f 176 224 177
f 224 225 177
f 177 225 178
f 225 226 178
f 178 226 179
f 226 227 179
f 179 227 180
f 227 228 180
f 180 228 181
f 228 229 181
f 181 229 182
f 229 230 182
f 182 230 231
f 182 231 183
f 183 231 232
f 183 232 184
f 184 232 233
f 184 233 185
f 185 233 234
f 185 234 186
f 186 234 235
f 186 235 187
f 187 235 236
f 187 236 188
f 188 236 237
f 188 237 189
f 189 237 238
f 189 238 190
f 190 238 239
f 190 239 191
f 191 239 240
f 191 240 192
f 192 240 241
f 192 241 193
f 193 241 194
f 193 194 146
f 194 242 195
f 242 243 195
f 195 243 196
f 243 244 196
f 196 244 197
f 244 245 197
f 197 245 198
f 245 246 198
f 198 246 199
f 246 247 199
f 199 247 200
f 247 248 200
f 200 248 201
f 248 249 201
f 201 249 202
f 249 250 202
f 202 250 203
f 250 251 203
f 203 251 204
f 251 252 204
f 204 252 205
f 252 253 205
f 205 253 206
f 253 254 206
f 206 254 255
f 206 255 207
f 207 255 256
f 207 256 208
f 208 256 257
f 208 257 209
f 209 257 258
f 209 258 210
f 210 258 259
f 210 259 211
f 211 259 260
f 211 260 212
f 212 260 261
f 212 261 213
f 213 261 262
f 213 262 214
f 214 262 263
f 214 263 215
f 215 263 264
f 215 264 216
f 216 264 265
f 216 265 217
f 217 265 266
f 217 266 218
f 218 266 219
f 266 267 219
f 219 267 220
f 267 268 220
f 220 268 221
f 268 269 221
f 221 269 222
f 269 270 222
f 222 270 223
f 270 271 223
f 223 271 224
f 271 272 224
f 224 272 225
f 272 273 225
f 225 273 226
f 273 274 226
f 226 274 227
f 274 275 227
f 227 275 228
f 275 276 228
f 228 276 229
f 276 277 229
f 229 277 230
f 277 278 230
f 230 278 279
f 230 279 231
f 231 279 280
f 231 280 232
f 232 280 281
f 232 281 233
f 233 281 282
f 233 282 234
f 234 282 283
f 234 283 235
f 235 283 284
f 235 284 236
f 236 284 285
f 236 285 237
f 237 285 286
f 237 286 238
f 238 286 287
f 238 287 239
f 239 287 288
f 239 288 240
f 240 288 289
f 240 289 241
f 241 289 242
f 241 242 194
f 242 290 243
f 290 291 243
f 243 291 244
f 291 292 244
f 244 292 245
f 292 293 245
f 245 293 246
f 293 294 246
f 246 294 247
f 294 295 247
f 247 295 248
f 295 296 248
f 248 296 249
f 296 297 249
f 249 297 250
f 297 298 250
f 250 298 251
f 298 299 251
f 251 299 252
f 299 300 252
f 252 300 253
f 300 301 253
f 253 301 254
f 301 302 254
f 254 302 303
f 254 303 255
f 255 303 304
f 255 304 256
f 256 304 305
f 256 305 257
f 257 305 306
f 257 306 258
f 258 306 307
f 258 307 259
f 259 307 308
f 259 308 260
f 260 308 309
f 260 309 261
f 261 309 310
f 261 310 262
f 262 310 311
f 262 311 263
f 263 311 312
f 263 312 264
f 264 312 313
f 264 313 265
f 265 313 314
f 265 314 266
f 266 314 267
f 314 315 267
f 267 315 268
f 315 316 268
f 268 316 269
f 316 317 269
f 269 317 270
f 317 318 270
f 270 318 271
f 318 319 271
f 271 319 272
f 319 320 272
f 272 320 273
f 320 321 273
f 273 321 274
f 321 322 274
f 274 322 275
f 322 323 275
f 275 323 276
f 323 324 276
f 276 324 277
f 324 325 277
f 277 325 278
f 325 326 278
f 278 326 327
f 278 327 279
f 279 327 328
f 279 328 280
f 280 328 329
f 280 329 281
f 281 329 330
f 281 330 282
f 282 330 331
f 282 331 283
f 283 331 332
f 283 332 284
f 284 332 333
f 284 333 285
f 285 333 334
f 285 334 286
f 286 334 335
f 286 335 287
f 287 335 336
f 287 336 288
f 288 336 337
f 288 337 289
f 289 337 290
f 289 290 242
f 290 338 291
f 338 339 291
f 291 339 292
f 339 340 292
f 292 340 293
f 340 341 293
f 293 341 294
f 341 342 294
f 294 342 295
f 342 343 295
f 295 343 296
f 343 344 296
f 296 344 297
f 344 345 297
f 297 345 298
f 345 346 298
f 298 346 299
f 346 347 299
f 299 347 300
f 347 348 300
f 300 348 301
f 348 349 301
f 301 349 302
f 349 350 302
f 302 350 351
f 302 351 303
f 303 351 352
f 303 352 304
f 304 352 353
f 304 353 305
f 305 353 354
f 305 354 306
f 306 354 355
f 306 355 307
f 307 355 356
f 307 356 308
f 308 356 357
f 308 357 309
f 309 357 358
f 309 358 310
f 310 358 359
f 310 359 311
f 311 359 360
f 311 360 312
f 312 360 361
f 312 361 313
f 313 361 362
f 313 362 314
f 314 362 315
f 362 363 315
f 315 363 316
f 363 364 316
f 316 364 317
f 364 365 317
f 317 365 318
f 365 366 318
f 318 366 319
f 366 367 319
f 319 367 320
f 367 368 320
f 320 368 321
f 368 369 321
f 321 369 322
f 369 370 322
f 322 370 323
f 370 371 323
f 323 371 324
f 371 372 324
f 324 372 325
f 372 373 325
f 325 373 326
f 373 374 326
f 326 374 375
f 326 375 327
f 327 375 376
f 327 376 328
f 328 376 377
f 328 377 329
f 329 377 378
f 329 378 330
f 330 378 379
f 330 379 331
f 331 379 380
f 331 380 332
f 332 380 381
f 332 381 333
f 333 381 382
f 333 382 334
f 334 382 383
f 334 383 335
f 335 383 384
f 335 384 336
f 336 384 385
f 336 385 337
f 337 385 338
f 337 338 290
f 338 386 339
f 386 387 339
f 339 387 340
f 387 388 340
f 340 388 341
f 388 389 341
f 341 389 342
f 389 390 342
f 342 390 343
f 390 391 343
f 343 391 344
f 391 392 344
f 344 392 345
f 392 393 345
f 345 393 346
f 393 394 346
f 346 394 347
f 394 395 347
f 347 395 348
f 395 396 348
f 348 396 349
f 396 397 349
f 349 397 350
f 397 398 350
f 350 398 399
f 350 399 351
f 351 399 400
f 351 400 352
f 352 400 401
f 352 401 353
f 353 401 402
f 353 402 354
f 354 402 403
f 354 403 355
f 355 403 404
f 355 404 356
f 356 404 405
f 356 405 357
f 357 405 406
f 357 406 358
f 358 406 407
f 358 407 359
f 359 407 408
f 359 408 360
f 360 408 409
f 360 409 361
f 361 409 410
f 361 410 362
f 362 410 363
f 410 411 363
f 363 411 364
f 411 412 364
f 364 412 365
f 412 413 365
f 365 413 366
f 413 414 366
f 366 414 367
f 414 415 367
f 367 415 368
f 415 416 368
f 368 416 369
f 416 417 369
f 369 417 370
f 417 418 370
f 370 418 371
f 418 419 371
f 371 419 372
f 419 420 372
f 372 420 373
f 420 421 373
f 373 421 374
f 421 422 374
f 374 422 423
f 374 423 375
f 375 423 424
f 375 424 376
f 376 424 425
f 376 425 377
f 377 425 426
f 377 426 378
f 378 426 427
f 378 427 379
f 379 427 428
f 379 428 380
f 380 428 429
f 380 429 381
f 381 429 430
f 381 430 382
f 382 430 431
f 382 431 383
f 383 431 432
f 383 432 384
f 384 432 433
f 384 433 385
f 385 433 386
f 385 386 338
f 386 434 387
f 434 435 387
f 387 435 388
f 435 436 388
f 388 436 389
f 436 437 389
f 389 437 390
f 437 438 390
f 390 438 391
f 438 439 391
f 391 439 392
f 439 440 392
f 392 440 393
f 440 441 393
f 393 441 394
f 441 442 394
f 394 442 395
f 442 443 395
f 395 443 396
f 443 444 396
f 396 444 397
f 444 445 397
f 397 445 398
f 445 446 398
f 398 446 447
f 398 447 399
f 399 447 448
f 399 448 400
f 400 448 449
f 400 449 401
f 401 449 450
f 401 450 402
f 402 450 451
f 402 451 403
f 403 451 452
f 403 452 404
f 404 452 453
f 404 453 405
f 405 453 454
f 405 454 406
f 406 454 455
f 406 455 407
f 407 455 456
f 407 456 408
f 408 456 457
f 408 457 409
f 409 457 458
f 409 458 410
f 410 458 411
f 458 459 411
f 411 459 412
f 459 460 412
f 412 460 413
f 460 461 413
f 413 461 414
f 461 462 414
f 414 462 415
f 462 463 415
f 415 463 416
f 463 464 416
f 416 464 417
f 464 465 417
f 417 465 418
f 465 466 418
f 418 466 419
f 466 467 419
f 419 467 420
f 467 468 420
f 420 468 421
f 468 469 421
f 421 469 422
f 469 470 422
f 422 470 471
f 422 471 423
f 423 471 472
f 423 472 424
f 424 472 473
f 424 473 425
f 425 473 474
f 425 474 426
f 426 474 475
f 426 475 427
f 427 475 476
f 427 476 428
f 428 476 477
f 428 477 429
f 429 477 478
f 429 478 430
f 430 478 479
f 430 479 431
f 431 479 480
f 431 480 432
f 432 480 481
f 432 481 433
f 433 481 434
f 433 434 386
f 434 482 483
f 434 483 435
f 435 483 484
f 435 484 436
f 436 484 485
f 436 485 437
f 437 485 486
f 437 486 438
f 438 486 487
f 438 487 439
f 439 487 488
f 439 488 440
f 440 488 489
f 440 489 441
f 441 489 490
f 441 490 442
f 442 490 491
f 442 491 443
f 443 491 492
f 443 492 444
f 444 492 493
f 444 493 445
f 445 493 494
f 445 494 446
f 446 494 447
f 494 495 447
f 447 495 448
f 495 496 448
f 448 496 449
f 496 497 449
f 449 497 450
f 497 498 450
f 450 498 451
f 498 499 451
f 451 499 452
f 499 500 452
f 452 500 453
f 500 501 453
f 453 501 454
f 501 502 454
f 454 502 455
f 502 503 455
f 455 503 456
f 503 504 456
f 456 504 457
f 504 505 457
f 457 505 458
f 505 506 458
f 458 506 507
f 458 507 459
f 459 507 508
f 459 508 460
f 460 508 509
f 460 509 461
f 461 509 510
f 461 510 462
f 462 510 511
f 462 511 463
f 463 511 512
f 463 512 464
f 464 512 513
f 464 513 465
f 465 513 514
f 465 514 466
f 466 514 515
f 466 515 467
f 467 515 516
f 467 516 468
f 468 516 517
f 468 517 469
f 469 517 518
f 469 518 470
f 470 518 471
f 518 519 471
f 471 519 472
f 519 520 472
f 472 520 473
f 520 521 473
f 473 521 474
f 521 522 474
f 474 522 475
f 522 523 475
f 475 523 476
f 523 524 476
f 476 524 477
f 524 525 477
f 477 525 478
f 525 526 478
f 478 526 479
f 526 527 479
f 479 527 480
f 527 528 480
f 480 528 481
f 528 529 481
f 481 529 434
f 529 482 434
f 482 530 531
f 482 531 483
f 483 531 532
f 483 532 484
f 484 532 533
f 484 533 485
f 485 533 534
f 485 534 486
f 486 534 535
f 486 535 487
f 487 535 536
f 487 536 488
f 488 536 537
f 488 537 489
f 489 537 538
f 489 538 490
f 490 538 539
f 490 539 491
f 491 539 540
f 491 540 492
f 492 540 541
f 492 541 493
f 493 541 542
f 493 542 494
f 494 542 495
f 542 543 495
f 495 543 496
f 543 544 496
f 496 544 497
f 544 545 497
f 497 545 498
f 545 546 498
f 498 546 499
f 546 547 499
f 499 547 500
f 547 548 500
f 500 548 501
f 548 549 501
f 501 549 502
f 549 550 502
f 502 550 503
f 550 551 503
f 503 551 504
f 551 552 504
f 504 552 505
f 552 553 505
f 505 553 506
f 553 554 506
f 506 554 555
f 506 555 507
f 507 555 556
f 507 556 508
f 508 556 557
f 508 557 509
f 509 557 558
f 509 558 510
f 510 558 559
f 510 559 511
f 511 559 560
f 511 560 512
f 512 560 561
f 512 561 513
f 513 561 562
f 513 562 514
f 514 562 563
f 514 563 515
f 515 563 564
f 515 564 516
f 516 564 565
f 516 565 517
f 517 565 566
f 517 566 518
f 518 566 519
f 566 567 519
f 519 567 520
f 567 568 520
f 520 568 521
f 568 569 521
f 521 569 522
f 569 570 522
f 522 570 523
f 570 571 523
f 523 571 524
f 571 572 524
f 524 572 525
f 572 573 525
f 525 573 526
f 573 574 526
f 526 574 527
f 574 575 527
f 527 575 528
f 575 576 528
f 528 576 529
f 576 577 529
f 529 577 482
f 577 530 482
f 530 578 579
f 530 579 531
f 531 579 580
f 531 580 532
f 532 580 581
f 532 581 533
f 533 581 582
f 533 582 534
f 534 582 583
f 534 583 535
f 535 583 584
f 535 584 536
f 536 584 585
f 536 585 537
f 537 585 586
f 537 586 538
f 538 586 587
f 538 587 539
f 539 587 588
f 539 588 540
f 540 588 589
f 540 589 541
f 541 589 590
f 541 590 542
f 542 590 543
f 590 591 543
f 543 591 544
f 591 592 544
f 544 592 545
f 592 593 545
f 545 593 546
f 593 594 546
f 546 594 547
f 594 595 547
f 547 595 548
f 595 596 548
f 548 596 549
f 596 597 549
f 549 597 550
f 597 598 550
f 550 598 551
f 598 599 551
f 551 599 552
f 599 600 552
f 552 600 553
f 600 601 553
f 553 601 554
f 601 602 554
f 554 602 603
f 554 603 555
f 555 603 604
f 555 604 556
f 556 604 605
f 556 605 557
f 557 605 606
f 557 606 558
f 558 606 607
f 558 607 559
f 559 607 608
f 559 608 560
f 560 608 609
f 560 609 561
f 561 609 610
f 561 610 562
f 562 610 611
f 562 611 563
f 563 611 612
f 563 612 564
f 564 612 613
f 564 613 565
f 565 613 614
f 565 614 566
f 566 614 567
f 614 615 567
f 567 615 568
f 615 616 568
f 568 616 569
f 616 617 569
f 569 617 570
f 617 618 570
f 570 618 571
f 618 619 571
f 571 619 572
f 619 620 572
f 572 620 573
f 620 621 573
f 573 621 574
f 621 622 574
f 574 622 575
f 622 623 575
f 575 623 576
f 623 624 576
f 576 624 577
f 624 625 577
f 577 625 530
f 625 578 530
f 578 626 627
f 578 627 579
f 579 627 628
f 579 628 580
f 580 628 629
f 580 629 581
f 581 629 630
f 581 630 582
f 582 630 631
f 582 631 583
f 583 631 632
f 583 632 584
f 584 632 633
f 584 633 585
f 585 633 634
f 585 634 586
f 586 634 635
f 586 635 587
f 587 635 636
f 587 636 588
f 588 636 637
f 588 637 589
f 589 637 638
f 589 638 590
f 590 638 591
f 638 639 591
f 591 639 592
f 639 640 592
f 592 640 593
f 640 641 593
f 593 641 594
f 641 642 594
f 594 642 595
f 642 643 595
f 595 643 596
f 643 644 596
f 596 644 597
f 644 645 597
f 597 645 598
f 645 646 598
f 598 646 599
f 646 647 599
f 599 647 600
f 647 648 600
f 600 648 601
f 648 649 601
f 601 649 602
f 649 650 602
f 602 650 651
f 602 651 603
f 603 651 652
f 603 652 604
f 604 652 653
f 604 653 605
f 605 653 654
f 605 654 606
f 606 654 655
f 606 655 607
f 607 655 656
f 607 656 608
f 608 656 657
f 608 657 609
f 609 657 658
f 609 658 610
f 610 658 659
f 610 659 611
f 611 659 660
f 611 660 612
f 612 660 661
f 612 661 613
f 613 661 662
f 613 662 614
f 614 662 615
f 662 663 615
f 615 663 616
f 663 664 616
f 616 664 617
f 664 665 617
f 617 665 618
f 665 666 618
f 618 666 619
f 666 667 619
f 619 667 620
f 667 668 620
f 620 668 621
f 668 669 621
f 621 669 622
f 669 670 622
f 622 670 623
f 670 671 623
f 623 671 624
f 671 672 624
f 624 672 625
f 672 673 625
f 625 673 578
f 673 626 578
f 626 674 675
f 626 675 627
f 627 675 676
f 627 676 628
f 628 676 677
f 628 677 629
f 629 677 678
f 629 678 630
f 630 678 679
f 630 679 631
f 631 679 680
f 631 680 632
f 632 680 681
f 632 681 633
f 633 681 682
f 633 682 634
f 634 682 683
f 634 683 635
f 635 683 684
f 635 684 636
f 636 684 685
f 636 685 637
f 637 685 686
f 637 686 638
f 638 686 639
f 686 687 639
f 639 687 640
f 687 688 640
f 640 688 641
f 688 689 641
f 641 689 642
f 689 690 642
f 642 690 643
f 690 691 643
f 643 691 644
f 691 692 644
f 644 692 645
f 692 693 645
f 645 693 646
f 693 694 646
f 646 694 647
f 694 695 647
f 647 695 648
f 695 696 648
f 648 696 649
f 696 697 649
f 649 697 650
f 697 698 650
f 650 698 699
f 650 699 651
f 651 699 700
f 651 700 652
f 652 700 701
f 652 701 653
f 653 701 702
f 653 702 654
f 654 702 703
f 654 703 655
f 655 703 704
f 655 704 656
f 656 704 705
f 656 705 657
f 657 705 706
f 657 706 658
f 658 706 707
f 658 707 659
f 659 707 708
f 659 708 660
f 660 708 709
f 660 709 661
f 661 709 710
f 661 710 662
f 662 710 663
f 710 711 663
f 663 711 664
f 711 712 664
f 664 712 665
f 712 713 665
f 665 713 666
f 713 714 666
f 666 714 667
f 714 715 667
f 667 715 668
f 715 716 668
f 668 716 669
f 716 717 669
f 669 717 670
f 717 718 670
f 670 718 671
f 718 719 671
f 671 719 672
f 719 720 672
f 672 720 673
f 720 721 673
f 673 721 626
f 721 674 626
f 674 722 723
f 674 723 675
f 675 723 724
f 675 724 676
f 676 724 725
f 676 725 677
f 677 725 726
f 677 726 678
f 678 726 727
f 678 727 679
f 679 727 728
f 679 728 680
f 680 728 729
f 680 729 681
f 681 729 730
f 681 730 682
f 682 730 731
f 682 731 683
f 683 731 732
f 683 732 684
f 684 732 733
f 684 733 685
f 685 733 734
f 685 734 686
f 686 734 687
f 734 735 687
f 687 735 688
f 735 736 688
f 688 736 689
f 736 737 689
f 689 737 690
f 737 738 690
f 690 738 691
f 738 739 691
f 691 739 692
f 739 740 692
f 692 740 693
f 740 741 693
f 693 741 694
f 741 742 694
f 694 742 695
f 742 743 695
f 695 743 696
f 743 744 696
f 696 744 697
f 744 745 697
f 697 745 698
f 745 746 698
f 698 746 747
f 698 747 699
f 699 747 748
f 699 748 700
f 700 748 749
f 700 749 701
f 701 749 750
f 701 750 702
f 702 750 751
f 702 751 703
f 703 751 752
f 703 752 704
f 704 752 753
f 704 753 705
f 705 753 754
f 705 754 706
f 706 754 755
f 706 755 707
f 707 755 756
f 707 756 708
f 708 756 757
f 708 757 709
f 709 757 758
f 709 758 710
f 710 758 711
f 758 759 711
f 711 759 712
f 759 760 712
f 712 760 713
f 760 761 713
f 713 761 714
f 761 762 714
f 714 762 715
f 762 763 715
f 715 763 716
f 763 764 716
f 716 764 717
f 764 765 717
f 717 765 718
f 765 766 718
f 718 766 719
f 766 767 719
f 719 767 720
f 767 768 720
f 720 768 721
f 768 769 721
f 721 769 674
f 769 722 674
f 722 770 771
f 722 771 723
f 723 771 772
f 723 772 724
f 724 772 773
f 724 773 725
f 725 773 774
f 725 774 726
f 726 774 775
f 726 775 727
f 727 775 776
f 727 776 728
f 728 776 777
f 728 777 729
f 729 777 778
f 729 778 730
f 730 778 779
f 730 779 731
f 731 779 780
f 731 780 732
f 732 780 781
f 732 781 733
f 733 781 782
f 733 782 734
f 734 782 735
f 782 783 735
f 735 783 736
f 783 784 736
f 736 784 737
f 784 785 737
f 737 785 738
f 785 786 738
f 738 786 739
f 786 787 739
f 739 787 740
f 787 788 740
f 740 788 741
f 788 789 741
f 741 789 742
f 789 790 742
f 742 790 743
f 790 791 743
f 743 791 744
f 791 792 744
f 744 792 745
f 792 793 745
f 745 793 746
f 793 794 746
f 746 794 795
f 746 795 747
f 747 795 796
f 747 796 748
f 748 796 797
f 748 797 749
f 749 797 798
f 749 798 750
f 750 798 799
f 750 799 751
f 751 799 800
f 751 800 752
f 752 800 801
f 752 801 753
f 753 801 802
f 753 802 754
f 754 802 803
f 754 803 755
f 755 803 804
f 755 804 756
f 756 804 805
f 756 805 757
f 757 805 806
f 757 806 758
f 758 806 759
f 806 807 759
f 759 807 760
f 807 808 760
f 760 808 761
f 808 809 761
f 761 809 762
f 809 810 762
f 762 810 763
f 810 811 763
f 763 811 764
f 811 812 764
f 764 812 765
f 812 813 765
f 765 813 766
f 813 814 766
f 766 814 767
f 814 815 767
f 767 815 768
f 815 816 768
f 768 816 769
f 816 817 769
f 769 817 722
f 817 770 722
f 770 818 819
f 770 819 771
f 771 819 820
f 771 820 772
f 772 820 821
f 772 821 773
f 773 821 822
f 773 822 774
f 774 822 823
f 774 823 775
f 775 823 824
f 775 824 776
f 776 824 825
f 776 825 777
f 777 825 826
f 777 826 778
f 778 826 827
f 778 827 779
f 779 827 828
f 779 828 780
f 780 828 829
f 780 829 781
f 781 829 830
f 781 830 782
f 782 830 783
f 830 831 783
f 783 831 784
f 831 832 784
f 784 832 785
f 832 833 785
f 785 833 786
f 833 834 786
f 786 834 787
f 834 835 787
f 787 835 788
f 835 836 788
f 788 836 789
f 836 837 789
f 789 837 790
f 837 838 790
f 790 838 791
f 838 839 791
f 791 839 792
f 839 840 792
f 792 840 793
f 840 841 793
f 793 841 794
f 841 842 794
f 794 842 843
f 794 843 795
f 795 843 844
f 795 844 796
f 796 844 845
f 796 845 797
f 797 845 846
f 797 846 798
f 798 846 847
f 798 847 799
f 799 847 848
f 799 848 800
f 800 848 849
f 800 849 801
f 801 849 850
f 801 850 802
f 802 850 851
f 802 851 803
f 803 851 852
f 803 852 804
f 804 852 853
f 804 853 805
f 805 853 854
f 805 854 806
f 806 854 807
f 854 855 807
f 807 855 808
f 855 856 808
f 808 856 809
f 856 857 809
f 809 857 810
f 857 858 810
f 810 858 811
f 858 859 811
f 811 859 812
f 859 860 812
f 812 860 813
f 860 861 813
f 813 861 814
f 861 862 814
f 814 862 815
f 862 863 815
f 815 863 816
f 863 864 816
f 816 864 817
f 864 865 817
f 817 865 770
f 865 818 770
f 818 866 867
f 818 867 819
f 819 867 868
f 819 868 820
f 820 868 869
f 820 869 821
f 821 869 870
f 821 870 822
f 822 870 871
f 822 871 823
f 823 871 872
f 823 872 824
f 824 872 873
f 824 873 825
f 825 873 874
f 825 874 826
f 826 874 875
f 826 875 827
f 827 875 876
f 827 876 828
f 828 876 877
f 828 877 829
f 829 877 878
f 829 878 830
f 830 878 831
f 878 879 831
f 831 879 832
f 879 880 832
f 832 880 833
f 880 881 833
f 833 881 834
f 881 882 834
f 834 882 835
f 882 883 835
f 835 883 836
f 883 884 836
f 836 884 837
f 884 885 837
f 837 885 838
f 885 886 838
f 838 886 839
f 886 887 839
f 839 887 840
f 887 888 840
f 840 888 841
f 888 889 841
f 841 889 842
f 889 890 842
f 842 890 891
f 842 891 843
f 843 891 892
f 843 892 844
f 844 892 893
f 844 893 845
f 845 893 894
f 845 894 846
f 846 894 895
f 846 895 847
f 847 895 896
f 847 896 848
f 848 896 897
f 848 897 849
f 849 897 898
f 849 898 850
f 850 898 899
f 850 899 851
f 851 899 900
f 851 900 852
f 852 900 901
f 852 901 853
f 853 901 902
f 853 902 854
f 854 902 855
f 902 903 855
f 855 903 856
f 903 904 856
f 856 904 857
f 904 905 857
f 857 905 858
f 905 906 858
f 858 906 859
f 906 907 859
f 859 907 860
f 907 908 860
f 860 908 861
f 908 909 861
f 861 909 862
f 909 910 862
f 862 910 863
f 910 911 863
f 863 911 864
f 911 912 864
f 864 912 865
f 912 913 865
f 865 913 818
f 913 866 818
f 866 914 867
f 867 914 868
f 868 914 869
f 869 914 870
f 870 914 871
f 871 914 872
f 872 914 873
f 873 914 874
f 874 914 875
f 875 914 876
f 876 914 877
f 877 914 878
f 878 914 879
f 879 914 880
f 880 914 881
f 881 914 882
f 882 914 883
f 883 914 884
f 884 914 885
f 885 914 886
f 886 914 887
f 887 914 888
f 888 914 889
f 889 914 890
f 890 914 891
f 891 914 892
f 892 914 893
f 893 914 894
f 894 914 895
f 895 914 896
f 896 914 897
f 897 914 898
f 898 914 899
f 899 914 900
f 900 914 901
f 901 914 902
f 902 914 903
f 903 914 904
f 904 914 905
f 905 914 906
f 906 914 907
f 907 914 908
f 908 914 909
f 909 914 910
f 910 914 911
f 911 914 912
f 912 914 913
f 913 914 866
f 915 916 917
f 917 916 918
f 916 919 918
f 918 919 920
f 919 921 920
f 920 921 922
f 921 923 922
f 922 923 924
f 923 925 924
f 924 925 926
f 925 927 926
f 926 927 928
f 927 929 928
f 928 929 930
f 929 931 930
f 930 931 932
f 931 933 932
f 931 934 933
f 934 935 933
f 934 936 935
f 936 937 935
f 936 938 937
f 938 939 937
f 938 940 939
f 940 941 939
f 940 942 941
f 942 943 941
f 942 944 943
f 944 945 943
f 944 946 945
f 946 947 945
f 946 948 947
f 948 949 947
f 947 949 950
f 949 951 950
f 950 951 952
f 951 953 952
f 952 953 954
f 953 955 954
f 954 955 956
f 955 957 956
f 956 957 958
f 957 959 958
f 958 959 960
f 959 961 960
f 960 961 962
f 961 963 962
f 962 963 964
f 963 965 964
f 963 966 965
f 966 967 965
f 966 968 967
f 968 969 967
f 968 970 969
f 970 971 969
f 970 972 971
f 972 973 971
f 972 974 973
f 974 975 973
f 974 976 975
f 976 977 975
f 976 978 977
f 978 917 977
f 978 915 917
f 917 918 979
f 979 918 980
f 918 920 980
f 980 920 981
f 920 922 981
f 981 922 982
f 922 924 982
f 982 924 983
f 924 926 983
f 983 926 984
f 926 928 984
f 984 928 985
f 928 930 985
f 985 930 986
f 930 932 986
f 986 932 987
f 932 988 987
f 932 933 988
f 933 989 988
f 933 935 989
f 935 990 989
f 935 937 990
f 937 991 990
f 937 939 991
f 939 992 991
f 939 941 992
f 941 993 992
f 941 943 993
f 943 994 993
f 943 945 994
f 945 995 994
f 945 947 995
f 947 950 995
f 995 950 996
f 950 952 996
f 996 952 997
f 952 954 997
f 997 954 998
f 954 956 998
f 998 956 999
f 956 958 999
f 999 958 1000
f 958 960 1000
f 1000 960 1001
f 960 962 1001
f 1001 962 1002
f 962 964 1002
f 1002 964 1003
f 964 1004 1003
f 964 965 1004
f 965 1005 1004
f 965 967 1005
f 967 1006 1005
f 967 969 1006
f 969 1007 1006
f 969 971 1007
f 971 1008 1007
f 971 973 1008
f 973 1009 1008
f 973 975 1009
f 975 1010 1009
f 975 977 1010
f 977 979 1010
f 977 917 979
f 979 980 1011
f 1011 980 1012
f 980 981 1012
f 1012 981 1013
f 981 982 1013
f 1013 982 1014
f 982 983 1014
f 1014 983 1015
f 983 984 1015
f 1015 984 1016
f 984 985 1016
f 1016 985 1017
f 985 986 1017
f 1017 986 1018
f 986 987 1018
f 1018 987 1019
f 987 1020 1019
f 987 988 1020
f 988 1021 1020
f 988 989 1021
f 989 1022 1021
f 989 990 1022
f 990 1023 1022
f 990 991 1023
f 991 1024 1023
f 991 992 1024
f 992 1025 1024
f 992 993 1025
f 993 1026 1025
f 993 994 1026
f 994 1027 1026
f 994 995 1027
f 995 996 1027
f 1027 996 1028
f 996 997 1028
f 1028 997 1029
f 997 998 1029
f 1029 998 1030
f 998 999 1030
f 1030 999 1031
f 999 1000 1031
f 1031 1000 1032
f 1000 1001 1032
f 1032 1001 1033
f 1001 1002 1033
f 1033 1002 1034
f 1002 1003 1034
f 1034 1003 1035
f 1003 1036 1035
f 1003 1004 1036
f 1004 1037 1036
f 1004 1005 1037
f 1005 1038 1037
f 1005 1006 1038
f 1006 1039 1038
f 1006 1007 1039
f 1007 1040 1039
f 1007 1008 1040
f 1008 1041 1040
f 1008 1009 1041
f 1009 1042 1041
f 1009 1010 1042
f 1010 1011 1042
f 1010 979 1011
f 1011 1012 1043
f 1043 1012 1044
f 1012 1013 1044
f 1044 1013 1045
f 1013 1014 1045
f 1045 1014 1046
f 1014 1015 1046
f 1046 1015 1047
f 1015 1016 1047
f 1047 1016 1048
f 1016 1017 1048
f 1048 1017 1049
f 1017 1018 1049
f 1049 1018 1050
f 1018 1019 1050
f 1050 1019 1051
f 1019 1052 1051
f 1019 1020 1052
f 1020 1053 1052
f 1020 1021 1053
f 1021 1054 1053
f 1021 1022 1054
f 1022 1055 1054
f 1022 1023 1055
f 1023 1056 1055
f 1023 1024 1056
f 1024 1057 1056
f 1024 1025 1057
f 1025 1058 1057
f 1025 1026 1058
f 1026 1059 1058
f 1026 1027 1059
f 1027 1028 1059
f 1059 1028 1060
f 1028 1029 1060
f 1060 1029 1061
f 1029 1030 1061
f 1061 1030 1062
f 1030 1031 1062
f 1062 1031 1063
f 1031 1032 1063
f 1063 1032 1064
f 1032 1033 1064
f 1064 1033 1065
f 1033 1034 1065
f 1065 1034 1066
f 1034 1035 1066
f 1066 1035 1067
f 1035 1068 1067
f 1035 1036 1068
f 1036 1069 1068
f 1036 1037 1069
f 1037 1070 1069
f 1037 1038 1070
f 1038 1071 1070
f 1038 1039 1071
f 1039 1072 1071
f 1039 1040 1072
f 1040 1073 1072
f 1040 1041 1073
f 1041 1074 1073
f 1041 1042 1074
f 1042 1043 1074
f 1042 1011 1043
f 1043 1044 1075
f 1075 1044 1076
f 1044 1045 1076
f 1076 1045 1077
f 1045 1046 1077
f 1077 1046 1078
f 1046 1047 1078
f 1078 1047 1079
f 1047 1048 1079
f 1079 1048 1080
f 1048 1049 1080
f 1080 1049 1081
f 1049 1050 1081
f 1081 1050 1082
f 1050 1051 1082
f 1082 1051 1083
f 1051 1084 1083
f 1051 1052 1084
f 1052 1085 1084
f 1052 1053 1085
f 1053 1086 1085
f 1053 1054 1086
f 1054 1087 1086
f 1054 1055 1087
f 1055 1088 1087
f 1055 1056 1088
f 1056 1089 1088
f 1056 1057 1089
f 1057 1090 1089
f 1057 1058 1090
f 1058 1091 1090
f 1058 1059 1091
f 1059 1060 1091
f 1091 1060 1092
f 1060 1061 1092
f 1092 1061 1093
f 1061 1062 1093
f 1093 1062 1094
f 1062 1063 1094
f 1094 1063 1095
f 1063 1064 1095
f 1095 1064 1096
f 1064 1065 1096
f 1096 1065 1097
f 1065 1066 1097
f 1097 1066 1098
f 1066 1067 1098
f 1098 1067 1099
f 1067 1100 1099
f 1067 1068 1100
f 1068 1101 1100
f 1068 1069 1101
f 1069 1102 1101
f 1069 1070 1102
f 1070 1103 1102
f 1070 1071 1103
f 1071 1104 1103
f 1071 1072 1104
f 1072 1105 1104
f 1072 1073 1105
f 1073 1106 1105
f 1073 1074 1106
f 1074 1075 1106
f 1074 1043 1075
f 1075 1076 1107
f 1076 1108 1107
f 1076 1077 1108
f 1077 1109 1108
f 1077 1078 1109
f 1078 1110 1109
f 1078 1079 1110
f 1079 1111 1110
f 1079 1080 1111
f 1080 1112 1111
f 1080 1081 1112
f 1081 1113 1112
f 1081 1082 1113
f 1082 1114 1113
f 1082 1083 1114
f 1083 1084 1114
f 1114 1084 1115
f 1084 1085 1115
f 1115 1085 1116
f 1085 1086 1116
f 1116 1086 1117
f 1086 1087 1117
f 1117 1087 1118
f 1087 1088 1118
f 1118 1088 1119
f 1088 1089 1119
f 1119 1089 1120
f 1089 1090 1120
f 1120 1090 1121
f 1090 1091 1121
f 1091 1092 1122
f 1092 1123 1122
f 1092 1093 1123
f 1093 1124 1123
f 1093 1094 1124
f 1094 1125 1124
f 1094 1095 1125
f 1095 1126 1125
f 1095 1096 1126
f 1096 1127 1126
f 1096 1097 1127
f 1097 1128 1127
f 1097 1098 1128
f 1098 1129 1128
f 1098 1099 1129
f 1099 1100 1129
f 1129 1100 1130
f 1100 1101 1130
f 1130 1101 1131
f 1101 1102 1131
f 1131 1102 1132
f 1102 1103 1132
f 1132 1103 1133
f 1103 1104 1133
f 1133 1104 1134
f 1104 1105 1134
f 1134 1105 1135
f 1105 1106 1135
f 1135 1106 1136
f 1106 1075 1136
f 1075 1107 1137
f 1107 1138 1137
f 1107 1108 1138
f 1108 1139 1138
f 1108 1109 1139
f 1109 1140 1139
f 1109 1110 1140
f 1110 1141 1140
f 1110 1111 1141
f 1111 1142 1141
f 1111 1112 1142
f 1112 1143 1142
f 1112 1113 1143
f 1113 1144 1143
f 1113 1114 1144
f 1114 1115 1144
f 1144 1115 1145
f 1115 1116 1145
f 1145 1116 1146
f 1116 1117 1146
f 1146 1117 1147
f 1117 1118 1147
f 1147 1118 1148
f 1118 1119 1148
f 1148 1119 1149
f 1119 1120 1149
f 1149 1120 1150
f 1120 1121 1150
f 1150 1121 1151
f 1121 1091 1151
f 1091 1122 1151
f 1122 1150 1151
f 1122 1123 1150
f 1123 1149 1150
f 1123 1124 1149
f 1124 1148 1149
f 1124 1125 1148
f 1125 1147 1148
f 1125 1126 1147
f 1126 1146 1147
f 1126 1127 1146
f 1127 1145 1146
f 1127 1128 1145
f 1128 1144 1145
f 1128 1129 1144
f 1129 1130 1144
f 1144 1130 1143
f 1130 1131 1143
f 1143 1131 1142
f 1131 1132 1142
f 1142 1132 1141
f 1132 1133 1141
f 1141 1133 1140
f 1133 1134 1140
f 1140 1134 1139
f 1134 1135 1139
f 1139 1135 1138
f 1135 1136 1138
f 1138 1136 1137
f 1136 1075 1137
f 915 1152 916
f 1152 1153 916
f 916 1153 919
f 1153 1154 919
f 919 1154 921
f 1154 1155 921
f 921 1155 923
f 1155 1156 923
f 923 1156 925
f 1156 1157 925
f 925 1157 927
f 1157 1158 927
f 927 1158 929
f 1158 1159 929
f 929 1159 931
f 1159 1160 931
f 931 1160 1161
f 931 1161 934
f 934 1161 1162
f 934 1162 936
f 936 1162 1163
f 936 1163 938
f 938 1163 1164
f 938 1164 940
f 940 1164 1165
f 940 1165 942
f 942 1165 1166
f 942 1166 944
f 944 1166 1167
f 944 1167 946
f 946 1167 1168
f 946 1168 948
f 948 1168 949
f 1168 1169 949
f 949 1169 951
f 1169 1170 951
f 951 1170 953
f 1170 1171 953
f 953 1171 955
f 1171 1172 955
f 955 1172 957
f 1172 1173 957
f 957 1173 959
f 1173 1174 959
f 959 1174 961
f 1174 1175 961
f 961 1175 963
f 1175 1176 963
f 963 1176 1177
f 963 1177 966
f 966 1177 1178
f 966 1178 968
f 968 1178 1179
f 968 1179 970
f 970 1179 1180
f 970 1180 972
f 972 1180 1181
f 972 1181 974
f 974 1181 1182
f 974 1182 976
f 976 1182 1183
f 976 1183 978
f 978 1183 1152
f 978 1152 915
f 1152 1184 1153
f 1184 1185 1153
f 1153 1185 1154
f 1185 1186 1154
f 1154 1186 1155
f 1186 1187 1155
f 1155 1187 1156
f 1187 1188 1156
f 1156 1188 1157
f 1188 1189 1157
f 1157 1189 1158
f 1189 1190 1158
f 1158 1190 1159
f 1190 1191 1159
f 1159 1191 1160
f 1191 1192 1160
f 1160 1192 1193
f 1160 1193 1161
f 1161 1193 1194
f 1161 1194 1162
f 1162 1194 1195
f 1162 1195 1163
f 1163 1195 1196
f 1163 1196 1164
f 1164 1196 1197
f 1164 1197 1165
f 1165 1197 1198
f 1165 1198 1166
f 1166 1198 1199
f 1166 1199 1167
f 1167 1199 1200
f 1167 1200 1168
f 1168 1200 1169
f 1200 1201 1169
f 1169 1201 1170
f 1201 1202 1170
f 1170 1202 1171
f 1202 1203 1171
f 1171 1203 1172
f 1203 1204 1172
f 1172 1204 1173
f 1204 1205 1173
f 1173 1205 1174
f 1205 1206 1174
f 1174 1206 1175
f 1206 1207 1175
f 1175 1207 1176
f 1207 1208 1176
f 1176 1208 1209
f 1176 1209 1177
f 1177 1209 1210
f 1177 1210 1178
f 1178 1210 1211
f 1178 1211 1179
f 1179 1211 1212
f 1179 1212 1180
f 1180 1212 1213
f 1180 1213 1181
f 1181 1213 1214
f 1181 1214 1182
f 1182 1214 1215
f 1182 1215 1183
f 1183 1215 1184
f 1183 1184 1152
f 1184 1216 1185
f 1216 1217 1185
f 1185 1217 1186
f 1217 1218 1186
f 1186 1218 1187
f 1218 1219 1187
f 1187 1219 1188
f 1219 1220 1188
f 1188 1220 1189
f 1220 1221 1189
f 1189 1221 1190
f 1221 1222 1190
f 1190 1222 1191
f 1222 1223 1191
f 1191 1223 1192
f 1223 1224 1192
f 1192 1224 1225
f 1192 1225 1193
f 1193 1225 1226
f 1193 1226 1194
f 1194 1226 1227
f 1194 1227 1195
f 1195 1227 1228
f 1195 1228 1196
f 1196 1228 1229
f 1196 1229 1197
f 1197 1229 1230
f 1197 1230 1198
f 1198 1230 1231
f 1198 1231 1199
f 1199 1231 1232
f 1199 1232 1200
f 1200 1232 1201
f 1232 1233 1201
f 1201 1233 1202
f 1233 1234 1202
f 1202 1234 1203
f 1234 1235 1203
f 1203 1235 1204
f 1235 1236 1204
f 1204 1236 1205
f 1236 1237 1205
f 1205 1237 1206
f 1237 1238 1206
f 1206 1238 1207
f 1238 1239 1207
f 1207 1239 1208
f 1239 1240 1208
f 1208 1240 1241
f 1208 1241 1209
f 1209 1241 1242
f 1209 1242 1210
f 1210 1242 1243
f 1210 1243 1211
f 1211 1243 1244
f 1211 1244 1212
f 1212 1244 1245
f 1212 1245 1213
f 1213 1245 1246
f 1213 1246 1214
f 1214 1246 1247
f 1214 1247 1215
f 1215 1247 1216
f 1215 1216 1184
f 1216 1248 1217
f 1248 1249 1217
f 1217 1249 1218
f 1249 1250 1218
f 1218 1250 1219
f 1250 1251 1219
f 1219 1251 1220
f 1251 1252 1220
f 1220 1252 1221
f 1252 1253 1221
f 1221 1253 1222
f 1253 1254 1222
f 1222 1254 1223
f 1254 1255 1223
f 1223 1255 1224
f 1255 1256 1224
f 1224 1256 1257
f 1224 1257 1225
f 1225 1257 1258
f 1225 1258 1226
f 1226 1258 1259
f 1226 1259 1227
f 1227 1259 1260
f 1227 1260 1228
f 1228 1260 1261
f 1228 1261 1229
f 1229 1261 1262
f 1229 1262 1230
f 1230 1262 1263
f 1230 1263 1231
f 1231 1263 1264
f 1231 1264 1232
f 1232 1264 1233
f 1264 1265 1233
f 1233 1265 1234
f 1265 1266 1234
f 1234 1266 1235
f 1266 1267 1235
f 1235 1267 1236
f 1267 1268 1236
f 1236 1268 1237
f 1268 1269 1237
f 1237 1269 1238
f 1269 1270 1238
f 1238 1270 1239
f 1270 1271 1239
f 1239 1271 1240
f 1271 1272 1240
f 1240 1272 1273
f 1240 1273 1241
f 1241 1273 1274
f 1241 1274 1242
f 1242 1274 1275
f 1242 1275 1243
f 1243 1275 1276
f 1243 1276 1244
f 1244 1276 1277
f 1244 1277 1245
f 1245 1277 1278
f 1245 1278 1246
f 1246 1278 1279
f 1246 1279 1247
f 1247 1279 1248
f 1247 1248 1216
f 1248 1280 1249
f 1280 1281 1249
f 1249 1281 1250
f 1281 1282 1250
f 1250 1282 1251
f 1282 1283 1251
f 1251 1283 1252
f 1283 1284 1252
f 1252 1284 1253
f 1284 1285 1253
f 1253 1285 1254
f 1285 1286 1254
f 1254 1286 1255
f 1286 1287 1255
f 1255 1287 1256
f 1287 1288 1256
f 1256 1288 1289
f 1256 1289 1257
f 1257 1289 1290
f 1257 1290 1258
f 1258 1290 1291
f 1258 1291 1259
f 1259 1291 1292
f 1259 1292 1260
f 1260 1292 1293
f 1260 1293 1261
f 1261 1293 1294
f 1261 1294 1262
f 1262 1294 1295
f 1262 1295 1263
f 1263 1295 1296
f 1263 1296 1264
f 1264 1296 1265
f 1296 1297 1265
f 1265 1297 1266
f 1297 1298 1266
f 1266 1298 1267
f 1298 1299 1267
f 1267 1299 1268
f 1299 1300 1268
f 1268 1300 1269
f 1300 1301 1269
f 1269 1301 1270
f 1301 1302 1270
f 1270 1302 1271
f 1302 1303 1271
f 1271 1303 1272
f 1303 1304 1272
f 1272 1304 1305
f 1272 1305 1273
f 1273 1305 1306
f 1273 1306 1274
f 1274 1306 1307
f 1274 1307 1275
f 1275 1307 1308
f 1275 1308 1276
f 1276 1308 1309
f 1276 1309 1277
f 1277 1309 1310
f 1277 1310 1278
f 1278 1310 1311
f 1278 1311 1279
f 1279 1311 1280
f 1279 1280 1248
f 1280 1312 1281
f 1281 1312 1313
f 1281 1313 1282
f 1282 1313 1314
f 1282 1314 1283
f 1283 1314 1315
f 1283 1315 1284
f 1284 1315 1316
f 1284 1316 1285
f 1285 1316 1317
f 1285 1317 1286
f 1286 1317 1318
f 1286 1318 1287
f 1287 1318 1319
f 1287 1319 1288
f 1288 1319 1289
f 1319 1320 1289
f 1289 1320 1290
f 1320 1321 1290
f 1290 1321 1291
f 1321 1322 1291
f 1291 1322 1292
f 1322 1323 1292
f 1292 1323 1293
f 1323 1324 1293
f 1293 1324 1294
f 1324 1325 1294
f 1294 1325 1295
f 1325 1326 1295
f 1295 1326 1296
f 1296 1327 1297
f 1297 1327 1328
f 1297 1328 1298
f 1298 1328 1329
f 1298 1329 1299
f 1299 1329 1330
f 1299 1330 1300
f 1300 1330 1331
f 1300 1331 1301
f 1301 1331 1332
f 1301 1332 1302
f 1302 1332 1333
f 1302 1333 1303
f 1303 1333 1334
f 1303 1334 1304
f 1304 1334 1305
f 1334 1335 1305
f 1305 1335 1306
f 1335 1336 1306
f 1306 1336 1307
f 1336 1337 1307
f 1307 1337 1308
f 1337 1338 1308
f 1308 1338 1309
f 1338 1339 1309
f 1309 1339 1310
f 1339 1340 1310
f 1310 1340 1311
f 1340 1341 1311
f 1311 1341 1280
f 1280 1342 1312
f 1312 1342 1343
f 1312 1343 1313
f 1313 1343 1344
f 1313 1344 1314
f 1314 1344 1345
f 1314 1345 1315
f 1315 1345 1346
f 1315 1346 1316
f 1316 1346 1347
f 1316 1347 1317
f 1317 1347 1348
f 1317 1348 1318
f 1318 1348 1349
f 1318 1349 1319
f 1319 1349 1320
f 1349 1350 1320
f 1320 1350 1321
f 1350 1351 1321
f 1321 1351 1322
f 1351 1352 1322
f 1322 1352 1323
f 1352 1353 1323
f 1323 1353 1324
f 1353 1354 1324
f 1324 1354 1325
f 1354 1355 1325
f 1325 1355 1326
f 1355 1356 1326
f 1326 1356 1296
f 1296 1356 1327
f 1327 1356 1355
f 1327 1355 1328
f 1328 1355 1354
f 1328 1354 1329
f 1329 1354 1353
f 1329 1353 1330
f 1330 1353 1352
f 1330 1352 1331
f 1331 1352 1351
f 1331 1351 1332
f 1332 1351 1350
f 1332 1350 1333
f 1333 1350 1349
f 1333 1349 1334
f 1334 1349 1335
f 1349 1348 1335
f 1335 1348 1336
f 1348 1347 1336
f 1336 1347 1337
f 1347 1346 1337
f 1337 1346 1338
f 1346 1345 1338
f 1338 1345 1339
f 1345 1344 1339
f 1339 1344 1340
f 1344 1343 1340
f 1340 1343 1341
f 1343 1342 1341
f 1341 1342 1280
f 1357 1358 1359
f 1359 1358 1360
f 1358 1361 1360
f 1360 1361 1362
f 1361 1363 1362
f 1362 1363 1364
f 1363 1365 1364
f 1364 1365 1366
f 1365 1367 1366
f 1366 1367 1368
f 1367 1369 1368
f 1368 1369 1370
f 1369 1371 1370
f 1370 1371 1372
f 1371 1373 1372
f 1372 1373 1374
f 1373 1375 1374
f 1373 1376 1375
f 1376 1377 1375
f 1376 1378 1377
f 1378 1379 1377
f 1378 1380 1379
f 1380 1381 1379
f 1380 1382 1381
f 1382 1383 1381
f 1382 1384 1383
f 1384 1385 1383
f 1384 1386 1385
f 1386 1387 1385
f 1386 1388 1387
f 1388 1389 1387
f 1388 1390 1389
f 1390 1391 1389
f 1389 1391 1392
f 1391 1393 1392
f 1392 1393 1394
f 1393 1395 1394
f 1394 1395 1396
f 1395 1397 1396
f 1396 1397 1398
f 1397 1399 1398
f 1398 1399 1400
f 1399 1401 1400
f 1400 1401 1402
f 1401 1403 1402
f 1402 1403 1404
f 1403 1405 1404
f 1404 1405 1406
f 1405 1407 1406
f 1405 1408 1407
f 1408 1409 1407
f 1408 1410 1409
f 1410 1411 1409
f 1410 1412 1411
f 1412 1413 1411
f 1412 1414 1413
f 1414 1415 1413
f 1414 1416 1415
f 1416 1417 1415
f 1416 1418 1417
f 1418 1419 1417
f 1418 1420 1419
f 1420 1359 1419
f 1420 1357 1359
f 1359 1360 1421
f 1421 1360 1422
f 1360 1362 1422
f 1422 1362 1423
f 1362 1364 1423
f 1423 1364 1424
f 1364 1366 1424
f 1424 1366 1425
f 1366 1368 1425
f 1425 1368 1426
f 1368 1370 1426
f 1426 1370 1427
f 1370 1372 1427
f 1427 1372 1428
f 1372 1374 1428
f 1428 1374 1429
f 1374 1430 1429
f 1374 1375 1430
f 1375 1431 1430
f 1375 1377 1431
f 1377 1432 1431
f 1377 1379 1432
f 1379 1433 1432
f 1379 1381 1433
f 1381 1434 1433
f 1381 1383 1434
f 1383 1435 1434
f 1383 1385 1435
f 1385 1436 1435
f 1385 1387 1436
f 1387 1437 1436
f 1387 1389 1437
f 1389 1392 1437
f 1437 1392 1438
f 1392 1394 1438
f 1438 1394 1439
f 1394 1396 1439
f 1439 1396 1440
f 1396 1398 1440
f 1440 1398 1441
f 1398 1400 1441
f 1441 1400 1442
f 1400 1402 1442
f 1442 1402 1443
f 1402 1404 1443
f 1443 1404 1444
f 1404 1406 1444
f 1444 1406 1445
f 1406 1446 1445
f 1406 1407 1446
f 1407 1447 1446
f 1407 1409 1447
f 1409 1448 1447
f 1409 1411 1448
f 1411 1449 1448
f 1411 1413 1449
f 1413 1450 1449
f 1413 1415 1450
f 1415 1451 1450
f 1415 1417 1451
f 1417 1452 1451
f 1417 1419 1452
f 1419 1421 1452
f 1419 1359 1421
f 1421 1422 1453
f 1453 1422 1454
f 1422 1423 1454
f 1454 1423 1455
f 1423 1424 1455
f 1455 1424 1456
f 1424 1425 1456
f 1456 1425 1457
f 1425 1426 1457
f 1457 1426 1458
f 1426 1427 1458
f 1458 1427 1459
f 1427 1428 1459
f 1459 1428 1460
f 1428 1429 1460
f 1460 1429 1461
f 1429 1462 1461
f 1429 1430 1462
f 1430 1463 1462
f 1430 1431 1463
f 1431 1464 1463
f 1431 1432 1464
f 1432 1465 1464
f 1432 1433 1465
f 1433 1466 1465
f 1433 1434 1466
f 1434 1467 1466
f 1434 1435 1467
f 1435 1468 1467
f 1435 1436 1468
f 1436 1469 1468
f 1436 1437 1469
f 1437 1438 1469
f 1469 1438 1470
f 1438 1439 1470
f 1470 1439 1471
f 1439 1440 1471
f 1471 1440 1472
f 1440 1441 1472
f 1472 1441 1473
f 1441 1442 1473
f 1473 1442 1474
f 1442 1443 1474
f 1474 1443 1475
f 1443 1444 1475
f 1475 1444 1476
f 1444 1445 1476
f 1476 1445 1477
f 1445 1478 1477
f 1445 1446 1478
f 1446 1479 1478
f 1446 1447 1479
f 1447 1480 1479
f 1447 1448 1480
f 1448 1481 1480
f 1448 1449 1481
f 1449 1482 1481
f 1449 1450 1482
f 1450 1483 1482
f 1450 1451 1483
f 1451 1484 1483
f 1451 1452 1484
f 1452 1453 1484
f 1452 1421 1453
f 1453 1454 1485
f 1485 1454 1486
f 1454 1455 1486
f 1486 1455 1487
f 1455 1456 1487
f 1487 1456 1488
f 1456 1457 1488
f 1488 1457 1489
f 1457 1458 1489
f 1489 1458 1490
f 1458 1459 1490
f 1490 1459 1491
f 1459 1460 1491
f 1491 1460 1492
f 1460 1461 1492
f 1492 1461 1493
f 1461 1494 1493
f 1461 1462 1494
f 1462 1495 1494
f 1462 1463 1495
f 1463 1496 1495
f 1463 1464 1496
f 1464 1497 1496
f 1464 1465 1497
f 1465 1498 1497
f 1465 1466 1498
f 1466 1499 1498
f 1466 1467 1499
f 1467 1500 1499
f 1467 1468 1500
f 1468 1501 1500
f 1468 1469 1501
f 1469 1470 1501
f 1501 1470 1502
f 1470 1471 1502
f 1502 1471 1503
f 1471 1472 1503
f 1503 1472 1504
f 1472 1473 1504
f 1504 1473 1505
f 1473 1474 1505
f 1505 1474 1506
f 1474 1475 1506
f 1506 1475 1507
f 1475 1476 1507
f 1507 1476 1508
f 1476 1477 1508
f 1508 1477 1509
f 1477 1510 1509
f 1477 1478 1510
f 1478 1511 1510
f 1478 1479 1511
f 1479 1512 1511
f 1479 1480 1512
f 1480 1513 1512
f 1480 1481 1513
f 1481 1514 1513
f 1481 1482 1514
f 1482 1515 1514
f 1482 1483 1515
f 1483 1516 1515
f 1483 1484 1516
f 1484 1485 1516
f 1484 1453 1485
f 1485 1486 1517
f 1517 1486 1518
f 1486 1487 1518
f 1518 1487 1519
f 1487 1488 1519
f 1519 1488 1520
f 1488 1489 1520
f 1520 1489 1521
f 1489 1490 1521
f 1521 1490 1522
f 1490 1491 1522
f 1522 1491 1523
f 1491 1492 1523
f 1523 1492 1524
f 1492 1493 1524
f 1524 1493 1525
f 1493 1526 1525
f 1493 1494 1526
f 1494 1527 1526
f 1494 1495 1527
f 1495 1528 1527
f 1495 1496 1528
f 1496 1529 1528
f 1496 1497 1529
f 1497 1530 1529
f 1497 1498 1530
f 1498 1531 1530
f 1498 1499 1531
f 1499 1532 1531
f 1499 1500 1532
f 1500 1533 1532
f 1500 1501 1533
f 1501 1502 1533
f 1533 1502 1534
f 1502 1503 1534
f 1534 1503 1535
f 1503 1504 1535
f 1535 1504 1536
f 1504 1505 1536
f 1536 1505 1537
f 1505 1506 1537
f 1537 1506 1538
f 1506 1507 1538
f 1538 1507 1539
f 1507 1508 1539
f 1539 1508 1540
f 1508 1509 1540
f 1540 1509 1541
f 1509 1542 1541
f 1509 1510 1542
f 1510 1543 1542
f 1510 1511 1543
f 1511 1544 1543
f 1511 1512 1544
f 1512 1545 1544
f 1512 1513 1545
f 1513 1546 1545
f 1513 1514 1546
f 1514 1547 1546
f 1514 1515 1547
f 1515 1548 1547
f 1515 1516 1548
f 1516 1517 1548
f 1516 1485 1517
f 1517 1518 1549
f 1518 1550 1549
f 1518 1519 1550
f 1519 1551 1550
f 1519 1520 1551
f 1520 1552 1551
f 1520 1521 1552
f 1521 1553 1552
f 1521 1522 1553
f 1522 1554 1553
f 1522 1523 1554
f 1523 1555 1554
f 1523 1524 1555
f 1524 1556 1555
f 1524 1525 1556
f 1525 1526 1556
f 1556 1526 1557
f 1526 1527 1557
f 1557 1527 1558
f 1527 1528 1558
f 1558 1528 1559
f 1528 1529 1559
f 1559 1529 1560
f 1529 1530 1560
f 1560 1530 1561
f 1530 1531 1561
f 1561 1531 1562
f 1531 1532 1562
f 1562 1532 1563
f 1532 1533 1563
f 1533 1534 1564
f 1534 1565 1564
f 1534 1535 1565
f 1535 1566 1565
f 1535 1536 1566
f 1536 1567 1566
f 1536 1537 1567
f 1537 1568 1567
f 1537 1538 1568
f 1538 1569 1568
f 1538 1539 1569
f 1539 1570 1569
f 1539 1540 1570
f 1540 1571 1570
f 1540 1541 1571
f 1541 1542 1571
f 1571 1542 1572
f 1542 1543 1572
f 1572 1543 1573
f 1543 1544 1573
f 1573 1544 1574
f 1544 1545 1574
f 1574 1545 1575
f 1545 1546 1575
f 1575 1546 1576
f 1546 1547 1576
f 1576 1547 1577
f 1547 1548 1577
f 1577 1548 1578
f 1548 1517 1578
f 1517 1549 1579
f 1549 1580 1579
f 1549 1550 1580
f 1550 1581 1580
f 1550 1551 1581
f 1551 1582 1581
f 1551 1552 1582
f 1552 1583 1582
f 1552 1553 1583
f 1553 1584 1583
f 1553 1554 1584
f 1554 1585 1584
f 1554 1555 1585
f 1555 1586 1585
f 1555 1556 1586
f 1556 1557 1586
f 1586 1557 1587
f 1557 1558 1587
f 1587 1558 1588
f 1558 1559 1588
f 1588 1559 1589
f 1559 1560 1589
f 1589 1560 1590
f 1560 1561 1590
f 1590 1561 1591
f 1561 1562 1591
f 1591 1562 1592
f 1562 1563 1592
f 1592 1563 1593
f 1563 1533 1593
f 1533 1564 1593
f 1564 1592 1593
f 1564 1565 1592
f 1565 1591 1592
f 1565 1566 1591
f 1566 1590 1591
f 1566 1567 1590
f 1567 1589 1590
f 1567 1568 1589
f 1568 1588 1589
f 1568 1569 1588
f 1569 1587 1588
f 1569 1570 1587
f 1570 1586 1587
f 1570 1571 1586
f 1571 1572 1586
f 1586 1572 1585
f 1572 1573 1585
f 1585 1573 1584
f 1573 1574 1584
f 1584 1574 1583
f 1574 1575 1583
f 1583 1575 1582
f 1575 1576 1582
f 1582 1576 1581
f 1576 1577 1581
f 1581 1577 1580
f 1577 1578 1580
f 1580 1578 1579
f 1578 1517 1579
f 1357 1594 1358
f 1594 1595 1358
f 1358 1595 1361
f 1595 1596 1361
f 1361 1596 1363
f 1596 1597 1363
f 1363 1597 1365
f 1597 1598 1365
f 1365 1598 1367
f 1598 1599 1367
f 1367 1599 1369
f 1599 1600 1369
f 1369 1600 1371
f 1600 1601 1371
f 1371 1601 1373
f 1601 1602 1373
f 1373 1602 1603
f 1373 1603 1376
f 1376 1603 1604
f 1376 1604 1378
f 1378 1604 1605
f 1378 1605 1380
f 1380 1605 1606
f 1380 1606 1382
f 1382 1606 1607
f 1382 1607 1384
f 1384 1607 1608
f 1384 1608 1386
f 1386 1608 1609
f 1386 1609 1388
f 1388 1609 1610
f 1388 1610 1390
f 1390 1610 1391
f 1610 1611 1391
f 1391 1611 1393
f 1611 1612 1393
f 1393 1612 1395
f 1612 1613 1395
f 1395 1613 1397
f 1613 1614 1397
f 1397 1614 1399
f 1614 1615 1399
f 1399 1615 1401
f 1615 1616 1401
f 1401 1616 1403
f 1616 1617 1403
f 1403 1617 1405
f 1617 1618 1405
f 1405 1618 1619
f 1405 1619 1408
f 1408 1619 1620
f 1408 1620 1410
f 1410 1620 1621
f 1410 1621 1412
f 1412 1621 1622
f 1412 1622 1414
f 1414 1622 1623
f 1414 1623 1416
f 1416 1623 1624
f 1416 1624 1418
f 1418 1624 1625
f 1418 1625 1420
f 1420 1625 1594
f 1420 1594 1357
f 1594 1626 1595
f 1626 1627 1595
f 1595 1627 1596
f 1627 1628 1596
f 1596 1628 1597
f 1628 1629 1597
f 1597 1629 1598
f 1629 1630 1598
f 1598 1630 1599
f 1630 1631 1599
f 1599 1631 1600
f 1631 1632 1600
f 1600 1632 1601
f 1632 1633 1601
f 1601 1633 1602
f 1633 1634 1602
f 1602 1634 1635
f 1602 1635 1603
f 1603 1635 1636
f 1603 1636 1604
f 1604 1636 1637
f 1604 1637 1605
f 1605 1637 1638
f 1605 1638 1606
f 1606 1638 1639
f 1606 1639 1607
f 1607 1639 1640
f 1607 1640 1608
f 1608 1640 1641
f 1608 1641 1609
f 1609 1641 1642
f 1609 1642 1610
f 1610 1642 1611
f 1642 1643 1611
f 1611 1643 1612
f 1643 1644 1612
f 1612 1644 1613
f 1644 1645 1613
f 1613 1645 1614
f 1645 1646 1614
f 1614 1646 1615
f 1646 1647 1615
f 1615 1647 1616
f 1647 1648 1616
f 1616 1648 1617
f 1648 1649 1617
f 1617 1649 1618
f 1649 1650 1618
f 1618 1650 1651
f 1618 1651 1619
f 1619 1651 1652
f 1619 1652 1620
f 1620 1652 1653
f 1620 1653 1621
f 1621 1653 1654
f 1621 1654 1622
f 1622 1654 1655
f 1622 1655 1623
f 1623 1655 1656
f 1623 1656 1624
f 1624 1656 1657
f 1624 1657 1625
f 1625 1657 1626
f 1625 1626 1594
f 1626 1658 1627
f 1658 1659 1627
f 1627 1659 1628
f 1659 1660 1628
f 1628 1660 1629
f 1660 1661 1629
f 1629 1661 1630
f 1661 1662 1630
f 1630 1662 1631
f 1662 1663 1631
f 1631 1663 1632
f 1663 1664 1632
f 1632 1664 1633
f 1664 1665 1633
f 1633 1665 1634
f 1665 1666 1634
f 1634 1666 1667
f 1634 1667 1635
f 1635 1667 1668
f 1635 1668 1636
f 1636 1668 1669
f 1636 1669 1637
f 1637 1669 1670
f 1637 1670 1638
f 1638 1670 1671
f 1638 1671 1639
f 1639 1671 1672
f 1639 1672 1640
f 1640 1672 1673
f 1640 1673 1641
f 1641 1673 1674
f 1641 1674 1642
f 1642 1674 1643
f 1674 1675 1643
f 1643 1675 1644
f 1675 1676 1644
f 1644 1676 1645
f 1676 1677 1645
f 1645 1677 1646
f 1677 1678 1646
f 1646 1678 1647
f 1678 1679 1647
f 1647 1679 1648
f 1679 1680 1648
f 1648 1680 1649
f 1680 1681 1649
f 1649 1681 1650
f 1681 1682 1650
f 1650 1682 1683
f 1650 1683 1651
f 1651 1683 1684
f 1651 1684 1652
f 1652 1684 1685
f 1652 1685 1653
f 1653 1685 1686
f 1653 1686 1654
f 1654 1686 1687
f 1654 1687 1655
f 1655 1687 1688
f 1655 1688 1656
f 1656 1688 1689
f 1656 1689 1657
f 1657 1689 1658
f 1657 1658 1626
f 1658 1690 1659
f 1690 1691 1659
f 1659 1691 1660
f 1691 1692 1660
f 1660 1692 1661
f 1692 1693 1661
f 1661 1693 1662
f 1693 1694 1662
f 1662 1694 1663
f 1694 1695 1663
f 1663 1695 1664
f 1695 1696 1664
f 1664 1696 1665
f 1696 1697 1665
f 1665 1697 1666
f 1697 1698 1666
f 1666 1698 1699
f 1666 1699 1667
f 1667 1699 1700
f 1667 1700 1668
f 1668 1700 1701
f 1668 1701 1669
f 1669 1701 1702
f 1669 1702 1670
f 1670 1702 1703
f 1670 1703 1671
f 1671 1703 1704
f 1671 1704 1672
f 1672 1704 1705
f 1672 1705 1673
f 1673 1705 1706
f 1673 1706 1674
f 1674 1706 1675
f 1706 1707 1675
f 1675 1707 1676
f 1707 1708 1676
f 1676 1708 1677
f 1708 1709 1677
f 1677 1709 1678
f 1709 1710 1678
f 1678 1710 1679
f 1710 1711 1679
f 1679 1711 1680
f 1711 1712 1680
f 1680 1712 1681
f 1712 1713 1681
f 1681 1713 1682
f 1713 1714 1682
f 1682 1714 1715
f 1682 1715 1683
f 1683 1715 1716
f 1683 1716 1684
f 1684 1716 1717
f 1684 1717 1685
f 1685 1717 1718
f 1685 1718 1686
f 1686 1718 1719
f 1686 1719 1687
f 1687 1719 1720
f 1687 1720 1688
f 1688 1720 1721
f 1688 1721 1689
f 1689 1721 1690
f 1689 1690 1658
f 1690 1722 1691
f 1722 1723 1691
f 1691 1723 1692
f 1723 1724 1692
f 1692 1724 1693
f 1724 1725 1693
f 1693 1725 1694
f 1725 1726 1694
f 1694 1726 1695
f 1726 1727 1695
f 1695 1727 1696
f 1727 1728 1696
f 1696 1728 1697
f 1728 1729 1697
f 1697 1729 1698
f 1729 1730 1698
f 1698 1730 1731
f 1698 1731 1699
f 1699 1731 1732
f 1699 1732 1700
f 1700 1732 1733
f 1700 1733 1701
f 1701 1733 1734
f 1701 1734 1702
f 1702 1734 1735
f 1702 1735 1703
f 1703 1735 1736
f 1703 1736 1704
f 1704 1736 1737
f 1704 1737 1705
f 1705 1737 1738
f 1705 1738 1706
f 1706 1738 1707
f 1738 1739 1707
f 1707 1739 1708
f 1739 1740 1708
f 1708 1740 1709
f 1740 1741 1709
f 1709 1741 1710
f 1741 1742 1710
f 1710 1742 1711
f 1742 1743 1711
f 1711 1743 1712
f 1743 1744 1712
f 1712 1744 1713
f 1744 1745 1713
f 1713 1745 1714
f 1745 1746 1714
f 1714 1746 1747
f 1714 1747 1715
f 1715 1747 1748
f 1715 1748 1716
f 1716 1748 1749
f 1716 1749 1717
f 1717 1749 1750
f 1717 1750 1718
f 1718 1750 1751
f 1718 1751 1719
f 1719 1751 1752
f 1719 1752 1720
f 1720 1752 1753
f 1720 1753 1721
f 1721 1753 1722
f 1721 1722 1690
f 1722 1754 1723
f 1723 1754 1755
f 1723 1755 1724
f 1724 1755 1756
f 1724 1756 1725
f 1725 1756 1757
f 1725 1757 1726
f 1726 1757 1758
f 1726 1758 1727
f 1727 1758 1759
f 1727 1759 1728
f 1728 1759 1760
f 1728 1760 1729
f 1729 1760 1761
f 1729 1761 1730
f 1730 1761 1731
f 1761 1762 1731
f 1731 1762 1732
f 1762 1763 1732
f 1732 1763 1733
f 1763 1764 1733
f 1733 1764 1734
f 1764 1765 1734
f 1734 1765 1735
f 1765 1766 1735
f 1735 1766 1736
f 1766 1767 1736
f 1736 1767 1737
f 1767 1768 1737
f 1737 1768 1738
f 1738 1769 1739
f 1739 1769 1770
f 1739 1770 1740
f 1740 1770 1771
f 1740 1771 1741
f 1741 1771 1772
f 1741 1772 1742
f 1742 1772 1773
f 1742 1773 1743
f 1743 1773 1774
f 1743 1774 1744
f 1744 1774 1775
f 1744 1775 1745
f 1745 1775 1776
f 1745 1776 1746
f 1746 1776 1747
f 1776 1777 1747
f 1747 1777 1748
f 1777 1778 1748
f 1748 1778 1749
f 1778 1779 1749
f 1749 1779 1750
f 1779 1780 1750
f 1750 1780 1751
f 1780 1781 1751
f 1751 1781 1752
f 1781 1782 1752
f 1752 1782 1753
f 1782 1783 1753
f 1753 1783 1722
f 1722 1784 1754
f 1754 1784 1785
f 1754 1785 1755
f 1755 1785 1786
f 1755 1786 1756
f 1756 1786 1787
f 1756 1787 1757
f 1757 1787 1788
f 1757 1788 1758
f 1758 1788 1789
f 1758 1789 1759
f 1759 1789 1790
f 1759 1790 1760
f 1760 1790 1791
f 1760 1791 1761
f 1761 1791 1762
f 1791 1792 1762
f 1762 1792 1763
f 1792 1793 1763
f 1763 1793 1764
f 1793 1794 1764
f 1764 1794 1765
f 1794 1795 1765
f 1765 1795 1766
f 1795 1796 1766
f 1766 1796 1767
f 1796 1797 1767
f 1767 1797 1768
f 1797 1798 1768
f 1768 1798 1738
f 1738 1798 1769
f 1769 1798 1797
f 1769 1797 1770
f 1770 1797 1796
f 1770 1796 1771
f 1771 1796 1795
f 1771 1795 1772
f 1772 1795 1794
f 1772 1794 1773
f 1773 1794 1793
f 1773 1793 1774
f 1774 1793 1792
f 1774 1792 1775
f 1775 1792 1791
f 1775 1791 1776
f 1776 1791 1777
f 1791 1790 1777
f 1777 1790 1778
f 1790 1789 1778
f 1778 1789 1779
f 1789 1788 1779
f 1779 1788 1780
f 1788 1787 1780
f 1780 1787 1781
f 1787 1786 1781
f 1781 1786 1782
f 1786 1785 1782
f 1782 1785 1783
f 1785 1784 1783
f 1783 1784 1722
f 1799 1800 1801
f 1800 1802 1801
f 1801 1802 1803
f 1802 1804 1803
f 1803 1804 1805
f 1804 1806 1805
f 1805 1806 1807
f 1806 1808 1807
f 1807 1808 1809
f 1808 1810 1809
f 1809 1810 1811
f 1810 1812 1811
f 1811 1812 1813
f 1812 1814 1813
f 1813 1814 1815
f 1814 1816 1815
f 1814 1817 1816
f 1817 1818 1816
f 1817 1819 1818
f 1819 1820 1818
f 1819 1821 1820
f 1821 1822 1820
f 1821 1823 1822
f 1823 1824 1822
f 1823 1825 1824
f 1825 1826 1824
f 1825 1827 1826
f 1827 1828 1826
f 1827 1829 1828
f 1829 1830 1828
f 1830 1829 1831
f 1829 1827 1831
f 1831 1827 1832
f 1827 1825 1832
f 1832 1825 1833
f 1825 1823 1833
f 1833 1823 1834
f 1823 1821 1834
f 1834 1821 1835
f 1821 1819 1835
f 1835 1819 1836
f 1819 1817 1836
f 1836 1817 1837
f 1817 1814 1837
f 1837 1814 1838
f 1814 1839 1838
f 1814 1812 1839
f 1812 1840 1839
f 1812 1810 1840
f 1810 1841 1840
f 1810 1808 1841
f 1808 1842 1841
f 1808 1806 1842
f 1806 1843 1842
f 1806 1804 1843
f 1804 1844 1843
f 1804 1802 1844
f 1802 1845 1844
f 1802 1800 1845
f 1800 1799 1845
f 1799 1801 1846
f 1801 1803 1846
f 1846 1803 1847
f 1803 1805 1847
f 1847 1805 1848
f 1805 1807 1848
f 1848 1807 1849
f 1807 1809 1849
f 1849 1809 1850
f 1809 1811 1850
f 1850 1811 1851
f 1811 1813 1851
f 1851 1813 1852
f 1813 1815 1852
f 1852 1815 1853
f 1815 1854 1853
f 1815 1816 1854
f 1816 1855 1854
f 1816 1818 1855
f 1818 1856 1855
f 1818 1820 1856
f 1820 1857 1856
f 1820 1822 1857
f 1822 1858 1857
f 1822 1824 1858
f 1824 1859 1858
f 1824 1826 1859
f 1826 1860 1859
f 1826 1828 1860
f 1828 1830 1860
f 1830 1831 1861
f 1831 1832 1861
f 1861 1832 1862
f 1832 1833 1862
f 1862 1833 1863
f 1833 1834 1863
f 1863 1834 1864
f 1834 1835 1864
f 1864 1835 1865
f 1835 1836 1865
f 1865 1836 1866
f 1836 1837 1866
f 1866 1837 1867
f 1837 1838 1867
f 1867 1838 1868
f 1838 1869 1868
f 1838 1839 1869
f 1839 1870 1869
f 1839 1840 1870
f 1840 1871 1870
f 1840 1841 1871
f 1841 1872 1871
f 1841 1842 1872
f 1842 1873 1872
f 1842 1843 1873
f 1843 1874 1873
f 1843 1844 1874
f 1844 1875 1874
f 1844 1845 1875
f 1845 1799 1875
f 1799 1846 1876
f 1876 1846 1877
f 1846 1847 1877
f 1877 1847 1878
f 1847 1848 1878
f 1878 1848 1879
f 1848 1849 1879
f 1879 1849 1880
f 1849 1850 1880
f 1880 1850 1881
f 1850 1851 1881
f 1881 1851 1882
f 1851 1852 1882
f 1882 1852 1883
f 1852 1853 1883
f 1883 1853 1884
f 1853 1885 1884
f 1853 1854 1885
f 1854 1886 1885
f 1854 1855 1886
f 1855 1887 1886
f 1855 1856 1887
f 1856 1888 1887
f 1856 1857 1888
f 1857 1889 1888
f 1857 1858 1889
f 1858 1890 1889
f 1858 1859 1890
f 1859 1891 1890
f 1859 1860 1891
f 1860 1892 1891
f 1860 1830 1892
f 1830 1861 1892
f 1892 1861 1893
f 1861 1862 1893
f 1893 1862 1894
f 1862 1863 1894
f 1894 1863 1895
f 1863 1864 1895
f 1895 1864 1896
f 1864 1865 1896
f 1896 1865 1897
f 1865 1866 1897
f 1897 1866 1898
f 1866 1867 1898
f 1898 1867 1899
f 1867 1868 1899
f 1899 1868 1900
f 1868 1901 1900
f 1868 1869 1901
f 1869 1902 1901
f 1869 1870 1902
f 1870 1903 1902
f 1870 1871 1903
f 1871 1904 1903
f 1871 1872 1904
f 1872 1905 1904
f 1872 1873 1905
f 1873 1906 1905
f 1873 1874 1906
f 1874 1907 1906
f 1874 1875 1907
f 1875 1876 1907
f 1875 1799 1876
f 1876 1877 1908
f 1908 1877 1909
f 1877 1878 1909
f 1909 1878 1910
f 1878 1879 1910
f 1910 1879 1911
f 1879 1880 1911
f 1911 1880 1912
f 1880 1881 1912
f 1912 1881 1913
f 1881 1882 1913
f 1913 1882 1914
f 1882 1883 1914
f 1914 1883 1915
f 1883 1884 1915
f 1915 1884 1916
f 1884 1917 1916
f 1884 1885 1917
f 1885 1918 1917
f 1885 1886 1918
f 1886 1919 1918
f 1886 1887 1919
f 1887 1920 1919
f 1887 1888 1920
f 1888 1921 1920
f 1888 1889 1921
f 1889 1922 1921
f 1889 1890 1922
f 1890 1923 1922
f 1890 1891 1923
f 1891 1924 1923
f 1891 1892 1924
f 1892 1893 1924
f 1924 1893 1925
f 1893 1894 1925
f 1925 1894 1926
f 1894 1895 1926
f 1926 1895 1927
f 1895 1896 1927
f 1927 1896 1928
f 1896 1897 1928
f 1928 1897 1929
f 1897 1898 1929
f 1929 1898 1930
f 1898 1899 1930
f 1930 1899 1931
f 1899 1900 1931
f 1931 1900 1932
f 1900 1933 1932
f 1900 1901 1933
f 1901 1934 1933
f 1901 1902 1934
f 1902 1935 1934
f 1902 1903 1935
f 1903 1936 1935
f 1903 1904 1936
f 1904 1937 1936
f 1904 1905 1937
f 1905 1938 1937
f 1905 1906 1938
f 1906 1939 1938
f 1906 1907 1939
f 1907 1908 1939
f 1907 1876 1908
f 1908 1909 1940
f 1940 1909 1941
f 1909 1910 1941
f 1941 1910 1942
f 1910 1911 1942
f 1942 1911 1943
f 1911 1912 1943
f 1943 1912 1944
f 1912 1913 1944
f 1944 1913 1945
f 1913 1914 1945
f 1945 1914 1946
f 1914 1915 1946
f 1946 1915 1947
f 1915 1916 1947
f 1947 1916 1948
f 1916 1949 1948
f 1916 1917 1949
f 1917 1950 1949
f 1917 1918 1950
f 1918 1951 1950
f 1918 1919 1951
f 1919 1952 1951
f 1919 1920 1952
f 1920 1953 1952
f 1920 1921 1953
f 1921 1954 1953
f 1921 1922 1954
f 1922 1955 1954
f 1922 1923 1955
f 1923 1956 1955
f 1923 1924 1956
f 1924 1925 1956
f 1956 1925 1957
f 1925 1926 1957
f 1957 1926 1958
f 1926 1927 1958
f 1958 1927 1959
f 1927 1928 1959
f 1959 1928 1960
f 1928 1929 1960
f 1960 1929 1961
f 1929 1930 1961
f 1961 1930 1962
f 1930 1931 1962
f 1962 1931 1963
f 1931 1932 1963
f 1963 1932 1964
f 1932 1965 1964
f 1932 1933 1965
f 1933 1966 1965
f 1933 1934 1966
f 1934 1967 1966
f 1934 1935 1967
f 1935 1968 1967
f 1935 1936 1968
f 1936 1969 1968
f 1936 1937 1969
f 1937 1970 1969
f 1937 1938 1970
f 1938 1971 1970
f 1938 1939 1971
f 1939 1940 1971
f 1939 1908 1940
f 1940 1972 1973
f 1940 1941 1972
f 1941 1974 1972
f 1941 1942 1974
f 1942 1975 1974
f 1942 1943 1975
f 1943 1976 1975
f 1943 1944 1976
f 1944 1977 1976
f 1944 1945 1977
f 1945 1978 1977
f 1945 1946 1978
f 1946 1979 1978
f 1946 1947 1979
f 1947 1980 1979
f 1947 1948 1980
f 1948 1949 1980
f 1980 1949 1981
f 1949 1950 1981
f 1981 1950 1982
f 1950 1951 1982
f 1982 1951 1983
f 1951 1952 1983
f 1983 1952 1984
f 1952 1953 1984
f 1984 1953 1985
f 1953 1954 1985
f 1985 1954 1986
f 1954 1955 1986
f 1986 1955 1987
f 1955 1956 1987
f 1987 1956 1988
f 1956 1989 1988
f 1956 1957 1989
f 1957 1990 1989
f 1957 1958 1990
f 1958 1991 1990
f 1958 1959 1991
f 1959 1992 1991
f 1959 1960 1992
f 1960 1993 1992
f 1960 1961 1993
f 1961 1994 1993
f 1961 1962 1994
f 1962 1995 1994
f 1962 1963 1995
f 1963 1996 1995
f 1963 1964 1996
f 1964 1965 1996
f 1996 1965 1997
f 1965 1966 1997
f 1997 1966 1998
f 1966 1967 1998
f 1998 1967 1999
f 1967 1968 1999
f 1999 1968 2000
f 1968 1969 2000
f 2000 1969 2001
f 1969 1970 2001
f 2001 1970 2002
f 1970 1971 2002
f 2002 1971 2003
f 1971 1940 2003
f 2003 1940 1973
f 1973 2004 2005
f 1973 1972 2004
f 1972 2006 2004
f 1972 1974 2006
f 1974 2007 2006
f 1974 1975 2007
f 1975 2008 2007
f 1975 1976 2008
f 1976 2009 2008
f 1976 1977 2009
f 1977 2010 2009
f 1977 1978 2010
f 1978 2011 2010
f 1978 1979 2011
f 1979 2012 2011
f 1979 1980 2012
f 1980 1981 2012
f 2012 1981 2013
f 1981 1982 2013
f 2013 1982 2014
f 1982 1983 2014
f 2014 1983 2015
f 1983 1984 2015
f 2015 1984 2016
f 1984 1985 2016
f 2016 1985 2017
f 1985 1986 2017
f 2017 1986 2018
f 1986 1987 2018
f 2018 1987 2019
f 1987 1988 2019
f 2019 1988 2020
f 1988 2021 2020
f 1988 1989 2021
f 1989 2022 2021
f 1989 1990 2022
f 1990 2023 2022
f 1990 1991 2023
f 1991 2024 2023
f 1991 1992 2024
f 1992 2025 2024
f 1992 1993 2025
f 1993 2026 2025
f 1993 1994 2026
f 1994 2027 2026
f 1994 1995 2027
f 1995 2028 2027
f 1995 1996 2028
f 1996 1997 2028
f 2028 1997 2029
f 1997 1998 2029
f 2029 1998 2030
f 1998 1999 2030
f 2030 1999 2031
f 1999 2000 2031
f 2031 2000 2032
f 2000 2001 2032
f 2032 2001 2033
f 2001 2002 2033
f 2033 2002 2034
f 2002 2003 2034
f 2034 2003 2035
f 2003 1973 2035
f 2035 1973 2005
f 2005 2004 2036
f 2004 2037 2036
f 2004 2006 2037
f 2006 2038 2037
f 2006 2007 2038
f 2007 2039 2038
f 2007 2008 2039
f 2008 2040 2039
f 2008 2009 2040
f 2009 2041 2040
f 2009 2010 2041
f 2010 2042 2041
f 2010 2011 2042
f 2011 2043 2042
f 2011 2012 2043
f 2012 2013 2043
f 2043 2013 2044
f 2013 2014 2044
f 2044 2014 2045
f 2014 2015 2045
f 2045 2015 2046
f 2015 2016 2046
f 2046 2016 2047
f 2016 2017 2047
f 2047 2017 2048
f 2017 2018 2048
f 2048 2018 2049
f 2018 2019 2049
f 2049 2019 2050
f 2019 2020 2050
f 2020 2021 2051
f 2021 2052 2051
f 2021 2022 2052
f 2022 2053 2052
f 2022 2023 2053
f 2023 2054 2053
f 2023 2024 2054
f 2024 2055 2054
f 2024 2025 2055
f 2025 2056 2055
f 2025 2026 2056
f 2026 2057 2056
f 2026 2027 2057
f 2027 2058 2057
f 2027 2028 2058
f 2028 2029 2058
f 2058 2029 2059
f 2029 2030 2059
f 2059 2030 2060
f 2030 2031 2060
f 2060 2031 2061
f 2031 2032 2061
f 2061 2032 2062
f 2032 2033 2062
f 2062 2033 2063
f 2033 2034 2063
f 2063 2034 2064
f 2034 2035 2064
f 2064 2035 2065
f 2035 2005 2065
f 2005 2036 2066
f 2036 2067 2066
f 2036 2037 2067
f 2037 2068 2067
f 2037 2038 2068
f 2038 2069 2068
f 2038 2039 2069
f 2039 2070 2069
f 2039 2040 2070
f 2040 2071 2070
f 2040 2041 2071
f 2041 2072 2071
f 2041 2042 2072
f 2042 2073 2072
f 2042 2043 2073
f 2043 2044 2073
f 2073 2044 2074
f 2044 2045 2074
f 2074 2045 2075
f 2045 2046 2075
f 2075 2046 2076
f 2046 2047 2076
f 2076 2047 2077
f 2047 2048 2077
f 2077 2048 2078
f 2048 2049 2078
f 2078 2049 2079
f 2049 2050 2079
f 2079 2050 2080
f 2050 2020 2080
f 2020 2051 2080
f 2051 2079 2080
f 2051 2052 2079
f 2052 2078 2079
f 2052 2053 2078
f 2053 2077 2078
f 2053 2054 2077
f 2054 2076 2077
f 2054 2055 2076
f 2055 2075 2076
f 2055 2056 2075
f 2056 2074 2075
f 2056 2057 2074
f 2057 2073 2074
f 2057 2058 2073
f 2058 2059 2073
f 2073 2059 2072
f 2059 2060 2072
f 2072 2060 2071
f 2060 2061 2071
f 2071 2061 2070
f 2061 2062 2070
f 2070 2062 2069
f 2062 2063 2069
f 2069 2063 2068
f 2063 2064 2068
f 2068 2064 2067
f 2064 2065 2067
f 2067 2065 2066
f 2065 2005 2066
f 2081 2082 2083
f 2082 2084 2083
f 2083 2084 2085
f 2083 2085 2086
f 2086 2087 2083
f 2087 2088 2083
f 2083 2088 2089
f 2083 2089 2081
f 2081 2090 2082
f 2090 2091 2082
f 2082 2091 2084
f 2091 2092 2084
f 2084 2092 2093
f 2084 2093 2085
f 2085 2093 2094
f 2085 2094 2086
f 2086 2094 2087
f 2094 2095 2087
f 2087 2095 2088
f 2095 2096 2088
f 2088 2096 2097
f 2088 2097 2089
f 2089 2097 2090
f 2089 2090 2081
f 2090 2098 2091
f 2098 2099 2091
f 2091 2099 2092
f 2099 2100 2092
f 2092 2100 2101
f 2092 2101 2093
f 2093 2101 2102
f 2093 2102 2094
f 2094 2102 2095
f 2102 2103 2095
f 2095 2103 2096
f 2103 2104 2096
f 2096 2104 2105
f 2096 2105 2097
f 2097 2105 2098
f 2097 2098 2090
f 2098 2106 2099
f 2106 2107 2099
f 2099 2107 2100
f 2107 2108 2100
f 2100 2108 2109
f 2100 2109 2101
f 2101 2109 2110
f 2101 2110 2102
f 2102 2110 2103
f 2110 2111 2103
f 2103 2111 2104
f 2111 2112 2104
f 2104 2112 2113
f 2104 2113 2105
f 2105 2113 2106
f 2105 2106 2098
f 2106 2114 2107
f 2114 2115 2107
f 2107 2115 2108
f 2115 2116 2108
f 2108 2116 2117
f 2108 2117 2109
f 2109 2117 2118
f 2109 2118 2110
f 2110 2118 2111
f 2118 2119 2111
f 2111 2119 2112
f 2119 2120 2112
f 2112 2120 2121
f 2112 2121 2113
f 2113 2121 2114
f 2113 2114 2106
f 2114 2122 2115
f 2122 2123 2115
f 2115 2123 2116
f 2123 2124 2116
f 2116 2124 2125
f 2116 2125 2117
f 2117 2125 2126
f 2117 2126 2118
f 2118 2126 2119
f 2126 2127 2119
f 2119 2127 2120
f 2127 2128 2120
f 2120 2128 2129
f 2120 2129 2121
f 2121 2129 2122
f 2121 2122 2114
f 2122 2130 2123
f 2130 2131 2123
f 2123 2131 2124
f 2131 2132 2124
f 2124 2132 2133
f 2124 2133 2125
f 2125 2133 2134
f 2125 2134 2126
f 2126 2134 2127
f 2134 2135 2127
f 2127 2135 2128
f 2135 2136 2128
f 2128 2136 2137
f 2128 2137 2129
f 2129 2137 2130
f 2129 2130 2122
f 2130 2138 2131
f 2138 2139 2131
f 2131 2139 2132
f 2139 2140 2132
f 2132 2140 2141
f 2132 2141 2133
f 2133 2141 2142
f 2133 2142 2134
f 2134 2142 2135
f 2142 2143 2135
f 2135 2143 2136
f 2143 2144 2136
f 2136 2144 2145
f 2136 2145 2137
f 2137 2145 2138
f 2137 2138 2130
f 2138 2146 2139
f 2146 2147 2139
f 2139 2147 2140
f 2147 2148 2140
f 2140 2148 2149
f 2140 2149 2141
f 2141 2149 2150
f 2141 2150 2142
f 2142 2150 2143
f 2150 2151 2143
f 2143 2151 2144
f 2151 2152 2144
f 2144 2152 2153
f 2144 2153 2145
f 2145 2153 2146
f 2145 2146 2138
f 2146 2154 2155
f 2146 2155 2147
f 2147 2155 2156
f 2147 2156 2148
f 2148 2156 2149
f 2156 2157 2149
f 2149 2157 2150
f 2157 2158 2150
f 2150 2158 2159
f 2150 2159 2151
f 2151 2159 2160
f 2151 2160 2152
f 2152 2160 2153
f 2160 2161 2153
f 2153 2161 2146
f 2161 2154 2146
f 2154 2162 2163
f 2154 2163 2155
f 2155 2163 2164
f 2155 2164 2156
f 2156 2164 2157
f 2164 2165 2157
f 2157 2165 2158
f 2165 2166 2158
f 2158 2166 2167
f 2158 2167 2159
f 2159 2167 2168
f 2159 2168 2160
f 2160 2168 2161
f 2168 2169 2161
f 2161 2169 2154
f 2169 2162 2154
f 2162 2170 2171
f 2162 2171 2163
f 2163 2171 2172
f 2163 2172 2164
f 2164 2172 2165
f 2172 2173 2165
f 2165 2173 2166
f 2173 2174 2166
f 2166 2174 2175
f 2166 2175 2167
f 2167 2175 2176
f 2167 2176 2168
f 2168 2176 2169
f 2176 2177 2169
f 2169 2177 2162
f 2177 2170 2162
f 2170 2178 2179
f 2170 2179 2171
f 2171 2179 2180
f 2171 2180 2172
f 2172 2180 2173
f 2180 2181 2173
f 2173 2181 2174
f 2181 2182 2174
f 2174 2182 2183
f 2174 2183 2175
f 2175 2183 2184
f 2175 2184 2176
f 2176 2184 2177
f 2184 2185 2177
f 2177 2185 2170
f 2185 2178 2170
f 2178 2186 2187
f 2178 2187 2179
f 2179 2187 2188
f 2179 2188 2180
f 2180 2188 2181
f 2188 2189 2181
f 2181 2189 2182
f 2189 2190 2182
f 2182 2190 2191
f 2182 2191 2183
f 2183 2191 2192
f 2183 2192 2184
f 2184 2192 2185
f 2192 2193 2185
f 2185 2193 2178
f 2193 2186 2178
f 2186 2194 2195
f 2186 2195 2187
f 2187 2195 2196
f 2187 2196 2188
f 2188 2196 2189
f 2196 2197 2189
f 2189 2197 2190
f 2197 2198 2190
f 2190 2198 2199
f 2190 2199 2191
f 2191 2199 2200
f 2191 2200 2192
f 2192 2200 2193
f 2200 2201 2193
f 2193 2201 2186
f 2201 2194 2186
f 2194 2202 2203
f 2194 2203 2195
f 2195 2203 2204
f 2195 2204 2196
f 2196 2204 2197
f 2204 2205 2197
f 2197 2205 2198
f 2205 2206 2198
f 2198 2206 2207
f 2198 2207 2199
f 2199 2207 2208
f 2199 2208 2200
f 2200 2208 2201
f 2208 2209 2201
f 2201 2209 2194
f 2209 2202 2194
f 2202 2210 2211
f 2202 2211 2203
f 2203 2211 2212
f 2203 2212 2204
f 2204 2212 2205
f 2212 2213 2205
f 2205 2213 2206
f 2213 2214 2206
f 2206 2214 2215
f 2206 2215 2207
f 2207 2215 2216
f 2207 2216 2208
f 2208 2216 2209
f 2216 2217 2209
f 2209 2217 2202
f 2217 2210 2202
f 2210 2218 2211
f 2211 2218 2212
f 2212 2218 2213
f 2213 2218 2214
f 2214 2218 2215
f 2215 2218 2216
f 2216 2218 2217
f 2217 2218 2210
f 2219 2220 2221
f 2221 2220 2222
f 2220 2223 2222
f 2220 2224 2223
f 2224 2220 2225
f 2225 2220 2226
f 2220 2227 2226
f 2220 2219 2227
f 2219 2221 2228
f 2228 2221 2229
f 2221 2222 2229
f 2229 2222 2230
f 2222 2231 2230
f 2222 2223 2231
f 2223 2232 2231
f 2223 2224 2232
f 2224 2225 2232
f 2232 2225 2233
f 2225 2226 2233
f 2233 2226 2234
f 2226 2235 2234
f 2226 2227 2235
f 2227 2228 2235
f 2227 2219 2228
f 2228 2229 2236
f 2236 2229 2237
f 2229 2230 2237
f 2237 2230 2238
f 2230 2239 2238
f 2230 2231 2239
f 2231 2240 2239
f 2231 2232 2240
f 2232 2233 2240
f 2240 2233 2241
f 2233 2234 2241
f 2241 2234 2242
f 2234 2243 2242
f 2234 2235 2243
f 2235 2236 2243
f 2235 2228 2236
f 2236 2237 2244
f 2244 2237 2245
f 2237 2238 2245
f 2245 2238 2246
f 2238 2247 2246
f 2238 2239 2247
f 2239 2248 2247
f 2239 2240 2248
f 2240 2241 2248
f 2248 2241 2249
f 2241 2242 2249
f 2249 2242 2250
f 2242 2251 2250
f 2242 2243 2251
f 2243 2244 2251
f 2243 2236 2244
f 2244 2245 2252
f 2252 2245 2253
f 2245 2246 2253
f 2253 2246 2254
f 2246 2255 2254
f 2246 2247 2255
f 2247 2256 2255
f 2247 2248 2256
f 2248 2249 2256
f 2256 2249 2257
f 2249 2250 2257
f 2257 2250 2258
f 2250 2259 2258
f 2250 2251 2259
f 2251 2252 2259
f 2251 2244 2252
f 2252 2253 2260
f 2260 2253 2261
f 2253 2254 2261
f 2261 2254 2262
f 2254 2263 2262
f 2254 2255 2263
f 2255 2264 2263
f 2255 2256 2264
f 2256 2257 2264
f 2264 2257 2265
f 2257 2258 2265
f 2265 2258 2266
f 2258 2267 2266
f 2258 2259 2267
f 2259 2260 2267
f 2259 2252 2260
f 2260 2261 2268
f 2268 2261 2269
f 2261 2262 2269
f 2269 2262 2270
f 2262 2271 2270
f 2262 2263 2271
f 2263 2272 2271
f 2263 2264 2272
f 2264 2265 2272
f 2272 2265 2273
f 2265 2266 2273
f 2273 2266 2274
f 2266 2275 2274
f 2266 2267 2275
f 2267 2268 2275
f 2267 2260 2268
f 2268 2269 2276
f 2276 2269 2277
f 2269 2270 2277
f 2277 2270 2278
f 2270 2279 2278
f 2270 2271 2279
f 2271 2280 2279
f 2271 2272 2280
f 2272 2273 2280
f 2280 2273 2281
f 2273 2274 2281
f 2281 2274 2282
f 2274 2283 2282
f 2274 2275 2283
f 2275 2276 2283
f 2275 2268 2276
f 2276 2277 2284
f 2284 2277 2285
f 2277 2278 2285
f 2285 2278 2286
f 2278 2287 2286
f 2278 2279 2287
f 2279 2288 2287
f 2279 2280 2288
f 2280 2281 2288
f 2288 2281 2289
f 2281 2282 2289
f 2289 2282 2290
f 2282 2291 2290
f 2282 2283 2291
f 2283 2284 2291
f 2283 2276 2284
f 2284 2292 2293
f 2284 2285 2292
f 2285 2294 2292
f 2285 2286 2294
f 2286 2287 2294
f 2294 2287 2295
f 2287 2288 2295
f 2295 2288 2296
f 2288 2297 2296
f 2288 2289 2297
f 2289 2298 2297
f 2289 2290 2298
f 2290 2291 2298
f 2298 2291 2299
f 2291 2284 2299
f 2299 2284 2293
f 2293 2300 2301
f 2293 2292 2300
f 2292 2302 2300
f 2292 2294 2302
f 2294 2295 2302
f 2302 2295 2303
f 2295 2296 2303
f 2303 2296 2304
f 2296 2305 2304
f 2296 2297 2305
f 2297 2306 2305
f 2297 2298 2306
f 2298 2299 2306
f 2306 2299 2307
f 2299 2293 2307
f 2307 2293 2301
f 2301 2308 2309
f 2301 2300 2308
f 2300 2310 2308
f 2300 2302 2310
f 2302 2303 2310
f 2310 2303 2311
f 2303 2304 2311
f 2311 2304 2312
f 2304 2313 2312
f 2304 2305 2313
f 2305 2314 2313
f 2305 2306 2314
f 2306 2307 2314
f 2314 2307 2315
f 2307 2301 2315
f 2315 2301 2309
f 2309 2316 2317
f 2309 2308 2316
f 2308 2318 2316
f 2308 2310 2318
f 2310 2311 2318
f 2318 2311 2319
f 2311 2312 2319
f 2319 2312 2320
f 2312 2321 2320
f 2312 2313 2321
f 2313 2322 2321
f 2313 2314 2322
f 2314 2315 2322
f 2322 2315 2323
f 2315 2309 2323
f 2323 2309 2317
f 2317 2324 2325
f 2317 2316 2324
f 2316 2326 2324
f 2316 2318 2326
f 2318 2319 2326
f 2326 2319 2327
f 2319 2320 2327
f 2327 2320 2328
f 2320 2329 2328
f 2320 2321 2329
f 2321 2330 2329
f 2321 2322 2330
f 2322 2323 2330
f 2330 2323 2331
f 2323 2317 2331
f 2331 2317 2325
f 2325 2332 2333
f 2325 2324 2332
f 2324 2334 2332
f 2324 2326 2334
f 2326 2327 2334
f 2334 2327 2335
f 2327 2328 2335
f 2335 2328 2336
f 2328 2337 2336
f 2328 2329 2337
f 2329 2338 2337
f 2329 2330 2338
f 2330 2331 2338
f 2338 2331 2339
f 2331 2325 2339
f 2339 2325 2333
f 2333 2340 2341
f 2333 2332 2340
f 2332 2342 2340
f 2332 2334 2342
f 2334 2335 2342
f 2342 2335 2343
f 2335 2336 2343
f 2343 2336 2344
f 2336 2345 2344
f 2336 2337 2345
f 2337 2346 2345
f 2337 2338 2346
f 2338 2339 2346
f 2346 2339 2347
f 2339 2333 2347
f 2347 2333 2341
f 2341 2348 2349
f 2341 2340 2348
f 2340 2350 2348
f 2340 2342 2350
f 2342 2343 2350
f 2350 2343 2351
f 2343 2344 2351
f 2351 2344 2352
f 2344 2353 2352
f 2344 2345 2353
f 2345 2354 2353
f 2345 2346 2354
f 2346 2347 2354
f 2354 2347 2355
f 2347 2341 2355
f 2355 2341 2349
f 2349 2348 2356
f 2348 2350 2356
f 2350 2351 2356
f 2351 2352 2356
f 2352 2353 2356
f 2353 2354 2356
f 2354 2355 2356
f 2355 2349 2356
f 2218 2357 2358
f 2357 2359 2358
f 2358 2359 2360
f 2359 2361 2360
f 2360 2361 2362
f 2361 2363 2362
f 2362 2363 2364
f 2363 2365 2364
f 2364 2365 2366
f 2365 2367 2366
f 2366 2367 2368
f 2367 2369 2368
f 2368 2369 2370
f 2369 2371 2370
f 2370 2371 2372
f 2371 2373 2372
f 2371 2374 2373
f 2374 2375 2373
f 2374 2376 2375
f 2376 2377 2375
f 2376 2378 2377
f 2378 2379 2377
f 2378 2380 2379
f 2380 2381 2379
f 2380 2382 2381
f 2382 2383 2381
f 2382 2384 2383
f 2384 2385 2383
f 2384 2386 2385
f 2386 2387 2385
f 2387 2386 2388
f 2386 2384 2388
f 2388 2384 2389
f 2384 2382 2389
f 2389 2382 2390
f 2382 2380 2390
f 2390 2380 2391
f 2380 2378 2391
f 2391 2378 2392
f 2378 2376 2392
f 2392 2376 2393
f 2376 2374 2393
f 2393 2374 2394
f 2374 2371 2394
f 2394 2371 2395
f 2371 2396 2395
f 2371 2369 2396
f 2369 2397 2396
f 2369 2367 2397
f 2367 2398 2397
f 2367 2365 2398
f 2365 2399 2398
f 2365 2363 2399
f 2363 2400 2399
f 2363 2361 2400
f 2361 2401 2400
f 2361 2359 2401
f 2359 2402 2401
f 2359 2357 2402
f 2357 2218 2402
f 2218 2358 2403
f 2358 2360 2403
f 2403 2360 2404
f 2360 2362 2404
f 2404 2362 2405
f 2362 2364 2405
f 2405 2364 2406
f 2364 2366 2406
f 2406 2366 2407
f 2366 2368 2407
f 2407 2368 2408
f 2368 2370 2408
f 2408 2370 2409
f 2370 2372 2409
f 2409 2372 2410
f 2372 2411 2410
f 2372 2373 2411
f 2373 2412 2411
f 2373 2375 2412
f 2375 2413 2412
f 2375 2377 2413
f 2377 2414 2413
f 2377 2379 2414
f 2379 2415 2414
f 2379 2381 2415
f 2381 2416 2415
f 2381 2383 2416
f 2383 2417 2416
f 2383 2385 2417
f 2385 2387 2417
f 2387 2388 2418
f 2388 2389 2418
f 2418 2389 2419
f 2389 2390 2419
f 2419 2390 2420
f 2390 2391 2420
f 2420 2391 2421
f 2391 2392 2421
f 2421 2392 2422
f 2392 2393 2422
f 2422 2393 2423
f 2393 2394 2423
f 2423 2394 2424
f 2394 2395 2424
f 2424 2395 2425
f 2395 2426 2425
f 2395 2396 2426
f 2396 2427 2426
f 2396 2397 2427
f 2397 2428 2427
f 2397 2398 2428
f 2398 2429 2428
f 2398 2399 2429
f 2399 2430 2429
f 2399 2400 2430
f 2400 2431 2430
f 2400 2401 2431
f 2401 2432 2431
f 2401 2402 2432
f 2402 2218 2432
f 2218 2403 2433
f 2433 2403 2434
f 2403 2404 2434
f 2434 2404 2435
f 2404 2405 2435
f 2435 2405 2436
f 2405 2406 2436
f 2436 2406 2437
f 2406 2407 2437
f 2437 2407 2438
f 2407 2408 2438
f 2438 2408 2439
f 2408 2409 2439
f 2439 2409 2440
f 2409 2410 2440
f 2440 2410 2441
f 2410 2442 2441
f 2410 2411 2442
f 2411 2443 2442
f 2411 2412 2443
f 2412 2444 2443
f 2412 2413 2444
f 2413 2445 2444
f 2413 2414 2445
f 2414 2446 2445
f 2414 2415 2446
f 2415 2447 2446
f 2415 2416 2447
f 2416 2448 2447
f 2416 2417 2448
f 2417 2449 2448
f 2417 2387 2449
f 2387 2418 2449
f 2449 2418 2450
f 2418 2419 2450
f 2450 2419 2451
f 2419 2420 2451
f 2451 2420 2452
f 2420 2421 2452
f 2452 2421 2453
f 2421 2422 2453
f 2453 2422 2454
f 2422 2423 2454
f 2454 2423 2455
f 2423 2424 2455
f 2455 2424 2456
f 2424 2425 2456
f 2456 2425 2457
f 2425 2458 2457
f 2425 2426 2458
f 2426 2459 2458
f 2426 2427 2459
f 2427 2460 2459
f 2427 2428 2460
f 2428 2461 2460
f 2428 2429 2461
f 2429 2462 2461
f 2429 2430 2462
f 2430 2463 2462
f 2430 2431 2463
f 2431 2464 2463
f 2431 2432 2464
f 2432 2433 2464
f 2432 2218 2433
f 2433 2434 2465
f 2465 2434 2466
f 2434 2435 2466
f 2466 2435 2467
f 2435 2436 2467
f 2467 2436 2468
f 2436 2437 2468
f 2468 2437 2469
f 2437 2438 2469
f 2469 2438 2470
f 2438 2439 2470
f 2470 2439 2471
f 2439 2440 2471
f 2471 2440 2472
f 2440 2441 2472
f 2472 2441 2473
f 2441 2474 2473
f 2441 2442 2474
f 2442 2475 2474
f 2442 2443 2475
f 2443 2476 2475
f 2443 2444 2476
f 2444 2477 2476
f 2444 2445 2477
f 2445 2478 2477
f 2445 2446 2478
f 2446 2479 2478
f 2446 2447 2479
f 2447 2480 2479
f 2447 2448 2480
f 2448 2481 2480
f 2448 2449 2481
f 2449 2450 2481
f 2481 2450 2482
f 2450 2451 2482
f 2482 2451 2483
f 2451 2452 2483
f 2483 2452 2484
f 2452 2453 2484
f 2484 2453 2485
f 2453 2454 2485
f 2485 2454 2486
f 2454 2455 2486
f 2486 2455 2487
f 2455 2456 2487
f 2487 2456 2488
f 2456 2457 2488
f 2488 2457 2489
f 2457 2490 2489
f 2457 2458 2490
f 2458 2491 2490
f 2458 2459 2491
f 2459 2492 2491
f 2459 2460 2492
f 2460 2493 2492
f 2460 2461 2493
f 2461 2494 2493
f 2461 2462 2494
f 2462 2495 2494
f 2462 2463 2495
f 2463 2496 2495
f 2463 2464 2496
f 2464 2465 2496
f 2464 2433 2465
f 2465 2466 2497
f 2497 2466 2498
f 2466 2467 2498
f 2498 2467 2499
f 2467 2468 2499
f 2499 2468 2500
f 2468 2469 2500
f 2500 2469 2501
f 2469 2470 2501
f 2501 2470 2502
f 2470 2471 2502
f 2502 2471 2503
f 2471 2472 2503
f 2503 2472 2504
f 2472 2473 2504
f 2504 2473 2505
f 2473 2506 2505
f 2473 2474 2506
f 2474 2507 2506
f 2474 2475 2507
f 2475 2508 2507
f 2475 2476 2508
f 2476 2509 2508
f 2476 2477 2509
f 2477 2510 2509
f 2477 2478 2510
f 2478 2511 2510
f 2478 2479 2511
f 2479 2512 2511
f 2479 2480 2512
f 2480 2513 2512
f 2480 2481 2513
f 2481 2482 2513
f 2513 2482 2514
f 2482 2483 2514
f 2514 2483 2515
f 2483 2484 2515
f 2515 2484 2516
f 2484 2485 2516
f 2516 2485 2517
f 2485 2486 2517
f 2517 2486 2518
f 2486 2487 2518
f 2518 2487 2519
f 2487 2488 2519
f 2519 2488 2520
f 2488 2489 2520
f 2520 2489 2521
f 2489 2522 2521
f 2489 2490 2522
f 2490 2523 2522
f 2490 2491 2523
f 2491 2524 2523
f 2491 2492 2524
f 2492 2525 2524
f 2492 2493 2525
f 2493 2526 2525
f 2493 2494 2526
f 2494 2527 2526
f 2494 2495 2527
f 2495 2528 2527
f 2495 2496 2528
f 2496 2497 2528
f 2496 2465 2497
f 2497 2529 2530
f 2497 2498 2529
f 2498 2531 2529
f 2498 2499 2531
f 2499 2532 2531
f 2499 2500 2532
f 2500 2533 2532
f 2500 2501 2533
f 2501 2534 2533
f 2501 2502 2534
f 2502 2535 2534
f 2502 2503 2535
f 2503 2536 2535
f 2503 2504 2536
f 2504 2537 2536
f 2504 2505 2537
f 2505 2506 2537
f 2537 2506 2538
f 2506 2507 2538
f 2538 2507 2539
f 2507 2508 2539
f 2539 2508 2540
f 2508 2509 2540
f 2540 2509 2541
f 2509 2510 2541
f 2541 2510 2542
f 2510 2511 2542
f 2542 2511 2543
f 2511 2512 2543
f 2543 2512 2544
f 2512 2513 2544
f 2544 2513 2545
f 2513 2546 2545
f 2513 2514 2546
f 2514 2547 2546
f 2514 2515 2547
f 2515 2548 2547
f 2515 2516 2548
f 2516 2549 2548
f 2516 2517 2549
f 2517 2550 2549
f 2517 2518 2550
f 2518 2551 2550
f 2518 2519 2551
f 2519 2552 2551
f 2519 2520 2552
f 2520 2553 2552
f 2520 2521 2553
f 2521 2522 2553
f 2553 2522 2554
f 2522 2523 2554
f 2554 2523 2555
f 2523 2524 2555
f 2555 2524 2556
f 2524 2525 2556
f 2556 2525 2557
f 2525 2526 2557
f 2557 2526 2558
f 2526 2527 2558
f 2558 2527 2559
f 2527 2528 2559
f 2559 2528 2560
f 2528 2497 2560
f 2560 2497 2530
f 2530 2561 2562
f 2530 2529 2561
f 2529 2563 2561
f 2529 2531 2563
f 2531 2564 2563
f 2531 2532 2564
f 2532 2565 2564
f 2532 2533 2565
f 2533 2566 2565
f 2533 2534 2566
f 2534 2567 2566
f 2534 2535 2567
f 2535 2568 2567
f 2535 2536 2568
f 2536 2569 2568
f 2536 2537 2569
f 2537 2538 2569
f 2569 2538 2570
f 2538 2539 2570
f 2570 2539 2571
f 2539 2540 2571
f 2571 2540 2572
f 2540 2541 2572
f 2572 2541 2573
f 2541 2542 2573
f 2573 2542 2574
f 2542 2543 2574
f 2574 2543 2575
f 2543 2544 2575
f 2575 2544 2576
f 2544 2545 2576
f 2576 2545 2577
f 2545 2578 2577
f 2545 2546 2578
f 2546 2579 2578
f 2546 2547 2579
f 2547 2580 2579
f 2547 2548 2580
f 2548 2581 2580
f 2548 2549 2581
f 2549 2582 2581
f 2549 2550 2582
f 2550 2583 2582
f 2550 2551 2583
f 2551 2584 2583
f 2551 2552 2584
f 2552 2585 2584
f 2552 2553 2585
f 2553 2554 2585
f 2585 2554 2586
f 2554 2555 2586
f 2586 2555 2587
f 2555 2556 2587
f 2587 2556 2588
f 2556 2557 2588
f 2588 2557 2589
f 2557 2558 2589
f 2589 2558 2590
f 2558 2559 2590
f 2590 2559 2591
f 2559 2560 2591
f 2591 2560 2592
f 2560 2530 2592
f 2592 2530 2562
f 2562 2561 2593
f 2561 2594 2593
f 2561 2563 2594
f 2563 2595 2594
f 2563 2564 2595
f 2564 2596 2595
f 2564 2565 2596
f 2565 2597 2596
f 2565 2566 2597
f 2566 2598 2597
f 2566 2567 2598
f 2567 2599 2598
f 2567 2568 2599
f 2568 2600 2599
f 2568 2569 2600
f 2569 2570 2600
f 2600 2570 2601
f 2570 2571 2601
f 2601 2571 2602
f 2571 2572 2602
f 2602 2572 2603
f 2572 2573 2603
f 2603 2573 2604
f 2573 2574 2604
f 2604 2574 2605
f 2574 2575 2605
f 2605 2575 2606
f 2575 2576 2606
f 2606 2576 2607
f 2576 2577 2607
f 2577 2578 2608
f 2578 2609 2608
f 2578 2579 2609
f 2579 2610 2609
f 2579 2580 2610
f 2580 2611 2610
f 2580 2581 2611
f 2581 2612 2611
f 2581 2582 2612
f 2582 2613 2612
f 2582 2583 2613
f 2583 2614 2613
f 2583 2584 2614
f 2584 2615 2614
f 2584 2585 2615
f 2585 2586 2615
f 2615 2586 2616
f 2586 2587 2616
f 2616 2587 2617
f 2587 2588 2617
f 2617 2588 2618
f 2588 2589 2618
f 2618 2589 2619
f 2589 2590 2619
f 2619 2590 2620
f 2590 2591 2620
f 2620 2591 2621
f 2591 2592 2621
f 2621 2592 2622
f 2592 2562 2622
f 2562 2593 2623
f 2593 2624 2623
f 2593 2594 2624
f 2594 2625 2624
f 2594 2595 2625
f 2595 2626 2625
f 2595 2596 2626
f 2596 2627 2626
f 2596 2597 2627
f 2597 2628 2627
f 2597 2598 2628
f 2598 2629 2628
f 2598 2599 2629
f 2599 2630 2629
f 2599 2600 2630
f 2600 2601 2630
f 2630 2601 2631
f 2601 2602 2631
f 2631 2602 2632
f 2602 2603 2632
f 2632 2603 2633
f 2603 2604 2633
f 2633 2604 2634
f 2604 2605 2634
f 2634 2605 2635
f 2605 2606 2635
f 2635 2606 2636
f 2606 2607 2636
f 2636 2607 2637
f 2607 2577 2637
f 2577 2608 2637
f 2608 2636 2637
f 2608 2609 2636
f 2609 2635 2636
f 2609 2610 2635
f 2610 2634 2635
f 2610 2611 2634
f 2611 2633 2634
f 2611 2612 2633
f 2612 2632 2633
f 2612 2613 2632
f 2613 2631 2632
f 2613 2614 2631
f 2614 2630 2631
f 2614 2615 2630
f 2615 2616 2630
f 2630 2616 2629
f 2616 2617 2629
f 2629 2617 2628
f 2617 2618 2628
f 2628 2618 2627
f 2618 2619 2627
f 2627 2619 2626
f 2619 2620 2626
f 2626 2620 2625
f 2620 2621 2625
f 2625 2621 2624
f 2621 2622 2624
f 2624 2622 2623
f 2622 2562 2623
f 2356 2638 2639
f 2639 2638 2640
f 2638 2641 2640
f 2640 2641 2642
f 2641 2643 2642
f 2642 2643 2644
f 2643 2645 2644
f 2644 2645 2646
f 2645 2647 2646
f 2646 2647 2648
f 2647 2649 2648
f 2648 2649 2650
f 2649 2651 2650
f 2650 2651 2652
f 2651 2653 2652
f 2652 2653 2654
f 2652 2654 2655
f 2655 2654 2656
f 2655 2656 2657
f 2657 2656 2658
f 2657 2658 2659
f 2659 2658 2660
f 2659 2660 2661
f 2661 2660 2662
f 2661 2662 2663
f 2663 2662 2664
f 2663 2664 2665
f 2665 2664 2666
f 2665 2666 2667
f 2667 2666 2668
f 2668 2669 2667
f 2667 2669 2665
f 2669 2670 2665
f 2665 2670 2663
f 2670 2671 2663
f 2663 2671 2661
f 2671 2672 2661
f 2661 2672 2659
f 2672 2673 2659
f 2659 2673 2657
f 2673 2674 2657
f 2657 2674 2655
f 2674 2675 2655
f 2655 2675 2652
f 2675 2676 2652
f 2652 2676 2677
f 2652 2677 2650
f 2650 2677 2678
f 2650 2678 2648
f 2648 2678 2679
f 2648 2679 2646
f 2646 2679 2680
f 2646 2680 2644
f 2644 2680 2681
f 2644 2681 2642
f 2642 2681 2682
f 2642 2682 2640
f 2640 2682 2683
f 2640 2683 2639
f 2639 2683 2356
f 2356 2684 2638
f 2638 2684 2641
f 2684 2685 2641
f 2641 2685 2643
f 2685 2686 2643
f 2643 2686 2645
f 2686 2687 2645
f 2645 2687 2647
f 2687 2688 2647
f 2647 2688 2649
f 2688 2689 2649
f 2649 2689 2651
f 2689 2690 2651
f 2651 2690 2653
f 2690 2691 2653
f 2653 2691 2692
f 2653 2692 2654
f 2654 2692 2693
f 2654 2693 2656
f 2656 2693 2694
f 2656 2694 2658
f 2658 2694 2695
f 2658 2695 2660
f 2660 2695 2696
f 2660 2696 2662
f 2662 2696 2697
f 2662 2697 2664
f 2664 2697 2698
f 2664 2698 2666
f 2666 2698 2668
f 2668 2699 2669
f 2669 2699 2670
f 2699 2700 2670
f 2670 2700 2671
f 2700 2701 2671
f 2671 2701 2672
f 2701 2702 2672
f 2672 2702 2673
f 2702 2703 2673
f 2673 2703 2674
f 2703 2704 2674
f 2674 2704 2675
f 2704 2705 2675
f 2675 2705 2676
f 2705 2706 2676
f 2676 2706 2707
f 2676 2707 2677
f 2677 2707 2708
f 2677 2708 2678
f 2678 2708 2709
f 2678 2709 2679
f 2679 2709 2710
f 2679 2710 2680
f 2680 2710 2711
f 2680 2711 2681
f 2681 2711 2712
f 2681 2712 2682
f 2682 2712 2713
f 2682 2713 2683
f 2683 2713 2356
f 2356 2714 2684
f 2714 2715 2684
f 2684 2715 2685
f 2715 2716 2685
f 2685 2716 2686
f 2716 2717 2686
f 2686 2717 2687
f 2717 2718 2687
f 2687 2718 2688
f 2718 2719 2688
f 2688 2719 2689
f 2719 2720 2689
f 2689 2720 2690
f 2720 2721 2690
f 2690 2721 2691
f 2721 2722 2691
f 2691 2722 2723
f 2691 2723 2692
f 2692 2723 2724
f 2692 2724 2693
f 2693 2724 2725
f 2693 2725 2694
f 2694 2725 2726
f 2694 2726 2695
f 2695 2726 2727
f 2695 2727 2696
f 2696 2727 2728
f 2696 2728 2697
f 2697 2728 2729
f 2697 2729 2698
f 2698 2729 2730
f 2698 2730 2668
f 2668 2730 2699
f 2730 2731 2699
f 2699 2731 2700
f 2731 2732 2700
f 2700 2732 2701
f 2732 2733 2701
f 2701 2733 2702
f 2733 2734 2702
f 2702 2734 2703
f 2734 2735 2703
f 2703 2735 2704
f 2735 2736 2704
f 2704 2736 2705
f 2736 2737 2705
f 2705 2737 2706
f 2737 2738 2706
f 2706 2738 2739
f 2706 2739 2707
f 2707 2739 2740
f 2707 2740 2708
f 2708 2740 2741
f 2708 2741 2709
f 2709 2741 2742
f 2709 2742 2710
f 2710 2742 2743
f 2710 2743 2711
f 2711 2743 2744
f 2711 2744 2712
f 2712 2744 2745
f 2712 2745 2713
f 2713 2745 2714
f 2713 2714 2356
f 2714 2746 2715
f 2746 2747 2715
f 2715 2747 2716
f 2747 2748 2716
f 2716 2748 2717
f 2748 2749 2717
f 2717 2749 2718
f 2749 2750 2718
f 2718 2750 2719
f 2750 2751 2719
f 2719 2751 2720
f 2751 2752 2720
f 2720 2752 2721
f 2752 2753 2721
f 2721 2753 2722
f 2753 2754 2722
f 2722 2754 2755
f 2722 2755 2723
f 2723 2755 2756
f 2723 2756 2724
f 2724 2756 2757
f 2724 2757 2725
f 2725 2757 2758
f 2725 2758 2726
f 2726 2758 2759
f 2726 2759 2727
f 2727 2759 2760
f 2727 2760 2728
f 2728 2760 2761
f 2728 2761 2729
f 2729 2761 2762
f 2729 2762 2730
f 2730 2762 2731
f 2762 2763 2731
f 2731 2763 2732
f 2763 2764 2732
f 2732 2764 2733
f 2764 2765 2733
f 2733 2765 2734
f 2765 2766 2734
f 2734 2766 2735
f 2766 2767 2735
f 2735 2767 2736
f 2767 2768 2736
f 2736 2768 2737
f 2768 2769 2737
f 2737 2769 2738
f 2769 2770 2738
f 2738 2770 2771
f 2738 2771 2739
f 2739 2771 2772
f 2739 2772 2740
f 2740 2772 2773
f 2740 2773 2741
f 2741 2773 2774
f 2741 2774 2742
f 2742 2774 2775
f 2742 2775 2743
f 2743 2775 2776
f 2743 2776 2744
f 2744 2776 2777
f 2744 2777 2745
f 2745 2777 2746
f 2745 2746 2714
f 2746 2778 2747
f 2778 2779 2747
f 2747 2779 2748
f 2779 2780 2748
f 2748 2780 2749
f 2780 2781 2749
f 2749 2781 2750
f 2781 2782 2750
f 2750 2782 2751
f 2782 2783 2751
f 2751 2783 2752
f 2783 2784 2752
f 2752 2784 2753
f 2784 2785 2753
f 2753 2785 2754
f 2785 2786 2754
f 2754 2786 2787
f 2754 2787 2755
f 2755 2787 2788
f 2755 2788 2756
f 2756 2788 2789
f 2756 2789 2757
f 2757 2789 2790
f 2757 2790 2758
f 2758 2790 2791
f 2758 2791 2759
f 2759 2791 2792
f 2759 2792 2760
f 2760 2792 2793
f 2760 2793 2761
f 2761 2793 2794
f 2761 2794 2762
f 2762 2794 2763
f 2794 2795 2763
f 2763 2795 2764
f 2795 2796 2764
f 2764 2796 2765
f 2796 2797 2765
f 2765 2797 2766
f 2797 2798 2766
f 2766 2798 2767
f 2798 2799 2767
f 2767 2799 2768
f 2799 2800 2768
f 2768 2800 2769
f 2800 2801 2769
f 2769 2801 2770
f 2801 2802 2770
f 2770 2802 2803
f 2770 2803 2771
f 2771 2803 2804
f 2771 2804 2772
f 2772 2804 2805
f 2772 2805 2773
f 2773 2805 2806
f 2773 2806 2774
f 2774 2806 2807
f 2774 2807 2775
f 2775 2807 2808
f 2775 2808 2776
f 2776 2808 2809
f 2776 2809 2777
f 2777 2809 2778
f 2777 2778 2746
f 2778 2810 2811
f 2778 2811 2779
f 2779 2811 2812
f 2779 2812 2780
f 2780 2812 2813
f 2780 2813 2781
f 2781 2813 2814
f 2781 2814 2782
f 2782 2814 2815
f 2782 2815 2783
f 2783 2815 2816
f 2783 2816 2784
f 2784 2816 2817
f 2784 2817 2785
f 2785 2817 2818
f 2785 2818 2786
f 2786 2818 2787
f 2818 2819 2787
f 2787 2819 2788
f 2819 2820 2788
f 2788 2820 2789
f 2820 2821 2789
f 2789 2821 2790
f 2821 2822 2790
f 2790 2822 2791
f 2822 2823 2791
f 2791 2823 2792
f 2823 2824 2792
f 2792 2824 2793
f 2824 2825 2793
f 2793 2825 2794
f 2825 2826 2794
f 2794 2826 2827
f 2794 2827 2795
f 2795 2827 2828
f 2795 2828 2796
f 2796 2828 2829
f 2796 2829 2797
f 2797 2829 2830
f 2797 2830 2798
f 2798 2830 2831
f 2798 2831 2799
f 2799 2831 2832
f 2799 2832 2800
f 2800 2832 2833
f 2800 2833 2801
f 2801 2833 2834
f 2801 2834 2802
f 2802 2834 2803
f 2834 2835 2803
f 2803 2835 2804
f 2835 2836 2804
f 2804 2836 2805
f 2836 2837 2805
f 2805 2837 2806
f 2837 2838 2806
f 2806 2838 2807
f 2838 2839 2807
f 2807 2839 2808
f 2839 2840 2808
f 2808 2840 2809
f 2840 2841 2809
f 2809 2841 2778
f 2841 2810 2778
f 2810 2842 2843
f 2810 2843 2811
f 2811 2843 2844
f 2811 2844 2812
f 2812 2844 2845
f 2812 2845 2813
f 2813 2845 2846
f 2813 2846 2814
f 2814 2846 2847
f 2814 2847 2815
f 2815 2847 2848
f 2815 2848 2816
f 2816 2848 2849
f 2816 2849 2817
f 2817 2849 2850
f 2817 2850 2818
f 2818 2850 2819
f 2850 2851 2819
f 2819 2851 2820
f 2851 2852 2820
f 2820 2852 2821
f 2852 2853 2821
f 2821 2853 2822
f 2853 2854 2822
f 2822 2854 2823
f 2854 2855 2823
f 2823 2855 2824
f 2855 2856 2824
f 2824 2856 2825
f 2856 2857 2825
f 2825 2857 2826
f 2857 2858 2826
f 2826 2858 2859
f 2826 2859 2827
f 2827 2859 2860
f 2827 2860 2828
f 2828 2860 2861
f 2828 2861 2829
f 2829 2861 2862
f 2829 2862 2830
f 2830 2862 2863
f 2830 2863 2831
f 2831 2863 2864
f 2831 2864 2832
f 2832 2864 2865
f 2832 2865 2833
f 2833 2865 2866
f 2833 2866 2834
f 2834 2866 2835
f 2866 2867 2835
f 2835 2867 2836
f 2867 2868 2836
f 2836 2868 2837
f 2868 2869 2837
f 2837 2869 2838
f 2869 2870 2838
f 2838 2870 2839
f 2870 2871 2839
f 2839 2871 2840
f 2871 2872 2840
f 2840 2872 2841
f 2872 2873 2841
f 2841 2873 2810
f 2873 2842 2810
f 2842 2874 2843
f 2843 2874 2875
f 2843 2875 2844
f 2844 2875 2876
f 2844 2876 2845
f 2845 2876 2877
f 2845 2877 2846
f 2846 2877 2878
f 2846 2878 2847
f 2847 2878 2879
f 2847 2879 2848
f 2848 2879 2880
f 2848 2880 2849
f 2849 2880 2881
f 2849 2881 2850
f 2850 2881 2851
f 2881 2882 2851
f 2851 2882 2852
f 2882 2883 2852
f 2852 2883 2853
f 2883 2884 2853
f 2853 2884 2854
f 2884 2885 2854
f 2854 2885 2855
f 2885 2886 2855
f 2855 2886 2856
f 2886 2887 2856
f 2856 2887 2857
f 2887 2888 2857
f 2857 2888 2858
f 2858 2889 2859
f 2859 2889 2890
f 2859 2890 2860
f 2860 2890 2891
f 2860 2891 2861
f 2861 2891 2892
f 2861 2892 2862
f 2862 2892 2893
f 2862 2893 2863
f 2863 2893 2894
f 2863 2894 2864
f 2864 2894 2895
f 2864 2895 2865
f 2865 2895 2896
f 2865 2896 2866
f 2866 2896 2867
f 2896 2897 2867
f 2867 2897 2868
f 2897 2898 2868
f 2868 2898 2869
f 2898 2899 2869
f 2869 2899 2870
f 2899 2900 2870
f 2870 2900 2871
f 2900 2901 2871
f 2871 2901 2872
f 2901 2902 2872
f 2872 2902 2873
f 2902 2903 2873
f 2873 2903 2842
f 2842 2904 2874
f 2874 2904 2905
f 2874 2905 2875
f 2875 2905 2906
f 2875 2906 2876
f 2876 2906 2907
f 2876 2907 2877
f 2877 2907 2908
f 2877 2908 2878
f 2878 2908 2909
f 2878 2909 2879
f 2879 2909 2910
f 2879 2910 2880
f 2880 2910 2911
f 2880 2911 2881
f 2881 2911 2882
f 2911 2912 2882
f 2882 2912 2883
f 2912 2913 2883
f 2883 2913 2884
f 2913 2914 2884
f 2884 2914 2885
f 2914 2915 2885
f 2885 2915 2886
f 2915 2916 2886
f 2886 2916 2887
f 2916 2917 2887
f 2887 2917 2888
f 2917 2918 2888
f 2888 2918 2858
f 2858 2918 2889
f 2889 2918 2917
f 2889 2917 2890
f 2890 2917 2916
f 2890 2916 2891
f 2891 2916 2915
f 2891 2915 2892
f 2892 2915 2914
f 2892 2914 2893
f 2893 2914 2913
f 2893 2913 2894
f 2894 2913 2912
f 2894 2912 2895
f 2895 2912 2911
f 2895 2911 2896
f 2896 2911 2897
f 2911 2910 2897
f 2897 2910 2898
f 2910 2909 2898
f 2898 2909 2899
f 2909 2908 2899
f 2899 2908 2900
f 2908 2907 2900
f 2900 2907 2901
f 2907 2906 2901
f 2901 2906 2902
f 2906 2905 2902
f 2902 2905 2903
f 2905 2904 2903
f 2903 2904 2842
f 2919 2920 2921
f 2920 2922 2921
f 2921 2922 2923
f 2921 2923 2924
f 2924 2925 2921
f 2925 2926 2921
f 2921 2926 2927
f 2921 2927 2919
f 2919 2928 2920
f 2928 2929 2920
f 2920 2929 2922
f 2929 2930 2922
f 2922 2930 2931
f 2922 2931 2923
f 2923 2931 2932
f 2923 2932 2924
f 2924 2932 2925
f 2932 2933 2925
f 2925 2933 2926
f 2933 2934 2926
f 2926 2934 2935
f 2926 2935 2927
f 2927 2935 2928
f 2927 2928 2919
f 2928 2936 2929
f 2936 2937 2929
f 2929 2937 2930
f 2937 2938 2930
f 2930 2938 2939
f 2930 2939 2931
f 2931 2939 2940
f 2931 2940 2932
f 2932 2940 2933
f 2940 2941 2933
f 2933 2941 2934
f 2941 2942 2934
f 2934 2942 2943
f 2934 2943 2935
f 2935 2943 2936
f 2935 2936 2928
f 2936 2944 2937
f 2944 2945 2937
f 2937 2945 2938
f 2945 2946 2938
f 2938 2946 2947
f 2938 2947 2939
f 2939 2947 2948
f 2939 2948 2940
f 2940 2948 2941
f 2948 2949 2941
f 2941 2949 2942
f 2949 2950 2942
f 2942 2950 2951
f 2942 2951 2943
f 2943 2951 2944
f 2943 2944 2936
f 2944 2952 2945
f 2952 2953 2945
f 2945 2953 2946
f 2953 2954 2946
f 2946 2954 2955
f 2946 2955 2947
f 2947 2955 2956
f 2947 2956 2948
f 2948 2956 2949
f 2956 2957 2949
f 2949 2957 2950
f 2957 2958 2950
f 2950 2958 2959
f 2950 2959 2951
f 2951 2959 2952
f 2951 2952 2944
f 2952 2960 2953
f 2960 2961 2953
f 2953 2961 2954
f 2961 2962 2954
f 2954 2962 2963
f 2954 2963 2955
f 2955 2963 2964
f 2955 2964 2956
f 2956 2964 2957
f 2964 2965 2957
f 2957 2965 2958
f 2965 2966 2958
f 2958 2966 2967
f 2958 2967 2959
f 2959 2967 2960
f 2959 2960 2952
f 2960 2968 2961
f 2968 2969 2961
f 2961 2969 2962
f 2969 2970 2962
f 2962 2970 2971
f 2962 2971 2963
f 2963 2971 2972
f 2963 2972 2964
f 2964 2972 2965
f 2972 2973 2965
f 2965 2973 2966
f 2973 2974 2966
f 2966 2974 2975
f 2966 2975 2967
f 2967 2975 2968
f 2967 2968 2960
f 2968 2976 2969
f 2976 2977 2969
f 2969 2977 2970
f 2977 2978 2970
f 2970 2978 2979
f 2970 2979 2971
f 2971 2979 2980
f 2971 2980 2972
f 2972 2980 2973
f 2980 2981 2973
f 2973 2981 2974
f 2981 2982 2974
f 2974 2982 2983
f 2974 2983 2975
f 2975 2983 2976
f 2975 2976 2968
f 2976 2984 2977
f 2984 2985 2977
f 2977 2985 2978
f 2985 2986 2978
f 2978 2986 2987
f 2978 2987 2979
f 2979 2987 2988
f 2979 2988 2980
f 2980 2988 2981
f 2988 2989 2981
f 2981 2989 2982
f 2989 2990 2982
f 2982 2990 2991
f 2982 2991 2983
f 2983 2991 2984
f 2983 2984 2976
f 2984 2992 2993
f 2984 2993 2985
f 2985 2993 2994
f 2985 2994 2986
f 2986 2994 2987
f 2994 2995 2987
f 2987 2995 2988
f 2995 2996 2988
f 2988 2996 2997
f 2988 2997 2989
f 2989 2997 2998
f 2989 2998 2990
f 2990 2998 2991
f 2998 2999 2991
f 2991 2999 2984
f 2999 2992 2984
f 2992 3000 3001
f 2992 3001 2993
f 2993 3001 3002
f 2993 3002 2994
f 2994 3002 2995
f 3002 3003 2995
f 2995 3003 2996
f 3003 3004 2996
f 2996 3004 3005
f 2996 3005 2997
f 2997 3005 3006
f 2997 3006 2998
f 2998 3006 2999
f 3006 3007 2999
f 2999 3007 2992
f 3007 3000 2992
f 3000 3008 3009
f 3000 3009 3001
f 3001 3009 3010
f 3001 3010 3002
f 3002 3010 3003
f 3010 3011 3003
f 3003 3011 3004
f 3011 3012 3004
f 3004 3012 3013
f 3004 3013 3005
f 3005 3013 3014
f 3005 3014 3006
f 3006 3014 3007
f 3014 3015 3007
f 3007 3015 3000
f 3015 3008 3000
f 3008 3016 3017
f 3008 3017 3009
f 3009 3017 3018
f 3009 3018 3010
f 3010 3018 3011
f 3018 3019 3011
f 3011 3019 3012
f 3019 3020 3012
f 3012 3020 3021
f 3012 3021 3013
f 3013 3021 3022
f 3013 3022 3014
f 3014 3022 3015
f 3022 3023 3015
f 3015 3023 3008
f 3023 3016 3008
f 3016 3024 3025
f 3016 3025 3017
f 3017 3025 3026
f 3017 3026 3018
f 3018 3026 3019
f 3026 3027 3019
f 3019 3027 3020
f 3027 3028 3020
f 3020 3028 3029
f 3020 3029 3021
f 3021 3029 3030
f 3021 3030 3022
f 3022 3030 3023
f 3030 3031 3023
f 3023 3031 3016
f 3031 3024 3016
f 3024 3032 3033
f 3024 3033 3025
f 3025 3033 3034
f 3025 3034 3026
f 3026 3034 3027
f 3034 3035 3027
f 3027 3035 3028
f 3035 3036 3028
f 3028 3036 3037
f 3028 3037 3029
f 3029 3037 3038
f 3029 3038 3030
f 3030 3038 3031
f 3038 3039 3031
f 3031 3039 3024
f 3039 3032 3024
f 3032 3040 3041
f 3032 3041 3033
f 3033 3041 3042
f 3033 3042 3034
f 3034 3042 3035
f 3042 3043 3035
f 3035 3043 3036
f 3043 3044 3036
f 3036 3044 3045
f 3036 3045 3037
f 3037 3045 3046
f 3037 3046 3038
f 3038 3046 3039
f 3046 3047 3039
f 3039 3047 3032
f 3047 3040 3032
f 3040 3048 3049
f 3040 3049 3041
f 3041 3049 3050
f 3041 3050 3042
f 3042 3050 3043
f 3050 3051 3043
f 3043 3051 3044
f 3051 3052 3044
f 3044 3052 3053
f 3044 3053 3045
f 3045 3053 3054
f 3045 3054 3046
f 3046 3054 3047
f 3054 3055 3047
f 3047 3055 3040
f 3055 3048 3040
f 3048 3056 3049
f 3049 3056 3050
f 3050 3056 3051
f 3051 3056 3052
f 3052 3056 3053
f 3053 3056 3054
f 3054 3056 3055
f 3055 3056 3048
f 3057 3058 3059
f 3059 3058 3060
f 3058 3061 3060
f 3058 3062 3061
f 3062 3058 3063
f 3063 3058 3064
f 3058 3065 3064
f 3058 3057 3065
f 3057 3059 3066
f 3066 3059 3067
f 3059 3060 3067
f 3067 3060 3068
f 3060 3069 3068
f 3060 3061 3069
f 3061 3070 3069
f 3061 3062 3070
f 3062 3063 3070
f 3070 3063 3071
f 3063 3064 3071
f 3071 3064 3072
f 3064 3073 3072
f 3064 3065 3073
f 3065 3066 3073
f 3065 3057 3066
f 3066 3067 3074
f 3074 3067 3075
f 3067 3068 3075
f 3075 3068 3076
f 3068 3077 3076
f 3068 3069 3077
f 3069 3078 3077
f 3069 3070 3078
f 3070 3071 3078
f 3078 3071 3079
f 3071 3072 3079
f 3079 3072 3080
f 3072 3081 3080
f 3072 3073 3081
f 3073 3074 3081
f 3073 3066 3074
f 3074 3075 3082
f 3082 3075 3083
f 3075 3076 3083
f 3083 3076 3084
f 3076 3085 3084
f 3076 3077 3085
f 3077 3086 3085
f 3077 3078 3086
f 3078 3079 3086
f 3086 3079 3087
f 3079 3080 3087
f 3087 3080 3088
f 3080 3089 3088
f 3080 3081 3089
f 3081 3082 3089
f 3081 3074 3082
f 3082 3083 3090
f 3090 3083 3091
f 3083 3084 3091
f 3091 3084 3092
f 3084 3093 3092
f 3084 3085 3093
f 3085 3094 3093
f 3085 3086 3094
f 3086 3087 3094
f 3094 3087 3095
f 3087 3088 3095
f 3095 3088 3096
f 3088 3097 3096
f 3088 3089 3097
f 3089 3090 3097
f 3089 3082 3090
f 3090 3091 3098
f 3098 3091 3099
f 3091 3092 3099
f 3099 3092 3100
f 3092 3101 3100
f 3092 3093 3101
f 3093 3102 3101
f 3093 3094 3102
f 3094 3095 3102
f 3102 3095 3103
f 3095 3096 3103
f 3103 3096 3104
f 3096 3105 3104
f 3096 3097 3105
f 3097 3098 3105
f 3097 3090 3098
f 3098 3099 3106
f 3106 3099 3107
f 3099 3100 3107
f 3107 3100 3108
f 3100 3109 3108
f 3100 3101 3109
f 3101 3110 3109
f 3101 3102 3110
f 3102 3103 3110
f 3110 3103 3111
f 3103 3104 3111
f 3111 3104 3112
f 3104 3113 3112
f 3104 3105 3113
f 3105 3106 3113
f 3105 3098 3106
f 3106 3107 3114
f 3114 3107 3115
f 3107 3108 3115
f 3115 3108 3116
f 3108 3117 3116
f 3108 3109 3117
f 3109 3118 3117
f 3109 3110 3118
f 3110 3111 3118
f 3118 3111 3119
f 3111 3112 3119
f 3119 3112 3120
f 3112 3121 3120
f 3112 3113 3121
f 3113 3114 3121
f 3113 3106 3114
f 3114 3115 3122
f 3122 3115 3123
f 3115 3116 3123
f 3123 3116 3124
f 3116 3125 3124
f 3116 3117 3125
f 3117 3126 3125
f 3117 3118 3126
f 3118 3119 3126
f 3126 3119 3127
f 3119 3120 3127
f 3127 3120 3128
f 3120 3129 3128
f 3120 3121 3129
f 3121 3122 3129
f 3121 3114 3122
f 3122 3130 3131
f 3122 3123 3130
f 3123 3132 3130
f 3123 3124 3132
f 3124 3125 3132
f 3132 3125 3133
f 3125 3126 3133
f 3133 3126 3134
f 3126 3135 3134
f 3126 3127 3135
f 3127 3136 3135
f 3127 3128 3136
f 3128 3129 3136
f 3136 3129 3137
f 3129 3122 3137
f 3137 3122 3131
f 3131 3138 3139
f 3131 3130 3138
f 3130 3140 3138
f 3130 3132 3140
f 3132 3133 3140
f 3140 3133 3141
f 3133 3134 3141
f 3141 3134 3142
f 3134 3143 3142
f 3134 3135 3143
f 3135 3144 3143
f 3135 3136 3144
f 3136 3137 3144
f 3144 3137 3145
f 3137 3131 3145
f 3145 3131 3139
f 3139 3146 3147
f 3139 3138 3146
f 3138 3148 3146
f 3138 3140 3148
f 3140 3141 3148
f 3148 3141 3149
f 3141 3142 3149
f 3149 3142 3150
f 3142 3151 3150
f 3142 3143 3151
f 3143 3152 3151
f 3143 3144 3152
f 3144 3145 3152
f 3152 3145 3153
f 3145 3139 3153
f 3153 3139 3147
f 3147 3154 3155
f 3147 3146 3154
f 3146 3156 3154
f 3146 3148 3156
f 3148 3149 3156
f 3156 3149 3157
f 3149 3150 3157
f 3157 3150 3158
f 3150 3159 3158
f 3150 3151 3159
f 3151 3160 3159
f 3151 3152 3160
f 3152 3153 3160
f 3160 3153 3161
f 3153 3147 3161
f 3161 3147 3155
f 3155 3162 3163
f 3155 3154 3162
f 3154 3164 3162
f 3154 3156 3164
f 3156 3157 3164
f 3164 3157 3165
f 3157 3158 3165
f 3165 3158 3166
f 3158 3167 3166
f 3158 3159 3167
f 3159 3168 3167
f 3159 3160 3168
f 3160 3161 3168
f 3168 3161 3169
f 3161 3155 3169
f 3169 3155 3163
f 3163 3170 3171
f 3163 3162 3170
f 3162 3172 3170
f 3162 3164 3172
f 3164 3165 3172
f 3172 3165 3173
f 3165 3166 3173
f 3173 3166 3174
f 3166 3175 3174
f 3166 3167 3175
f 3167 3176 3175
f 3167 3168 3176
f 3168 3169 3176
f 3176 3169 3177
f 3169 3163 3177
f 3177 3163 3171
f 3171 3178 3179
f 3171 3170 3178
f 3170 3180 3178
f 3170 3172 3180
f 3172 3173 3180
f 3180 3173 3181
f 3173 3174 3181
f 3181 3174 3182
f 3174 3183 3182
f 3174 3175 3183
f 3175 3184 3183
f 3175 3176 3184
f 3176 3177 3184
f 3184 3177 3185
f 3177 3171 3185
f 3185 3171 3179
f 3179 3186 3187
f 3179 3178 3186
f 3178 3188 3186
f 3178 3180 3188
f 3180 3181 3188
f 3188 3181 3189
f 3181 3182 3189
f 3189 3182 3190
f 3182 3191 3190
f 3182 3183 3191
f 3183 3192 3191
f 3183 3184 3192
f 3184 3185 3192
f 3192 3185 3193
f 3185 3179 3193
f 3193 3179 3187
f 3187 3186 3194
f 3186 3188 3194
f 3188 3189 3194
f 3189 3190 3194
f 3190 3191 3194
f 3191 3192 3194
f 3192 3193 3194
f 3193 3187 3194
f 3195 3196 3197
f 3196 3198 3197
f 3197 3198 3199
f 3198 3200 3199
f 3199 3200 3201
f 3200 3202 3201
f 3201 3202 3203
f 3202 3204 3203
f 3203 3204 3205
f 3204 3206 3205
f 3205 3206 3207
f 3206 3208 3207
f 3207 3208 3209
f 3208 3210 3209
f 3209 3210 3211
f 3210 3212 3211
f 3210 3213 3212
f 3213 3214 3212
f 3213 3215 3214
f 3215 3216 3214
f 3215 3217 3216
f 3217 3218 3216
f 3217 3219 3218
f 3219 3220 3218
f 3219 3221 3220
f 3221 3222 3220
f 3221 3223 3222
f 3223 3224 3222
f 3223 3225 3224
f 3225 3226 3224
f 3226 3225 3227
f 3225 3223 3227
f 3227 3223 3228
f 3223 3221 3228
f 3228 3221 3229
f 3221 3219 3229
f 3229 3219 3230
f 3219 3217 3230
f 3230 3217 3231
f 3217 3215 3231
f 3231 3215 3232
f 3215 3213 3232
f 3232 3213 3233
f 3213 3210 3233
f 3233 3210 3234
f 3210 3235 3234
f 3210 3208 3235
f 3208 3236 3235
f 3208 3206 3236
f 3206 3237 3236
f 3206 3204 3237
f 3204 3238 3237
f 3204 3202 3238
f 3202 3239 3238
f 3202 3200 3239
f 3200 3240 3239
f 3200 3198 3240
f 3198 3241 3240
f 3198 3196 3241
f 3196 3195 3241
f 3195 3197 3242
f 3197 3199 3242
f 3242 3199 3243
f 3199 3201 3243
f 3243 3201 3244
f 3201 3203 3244
f 3244 3203 3245
f 3203 3205 3245
f 3245 3205 3246
f 3205 3207 3246
f 3246 3207 3247
f 3207 3209 3247
f 3247 3209 3248
f 3209 3211 3248
f 3248 3211 3249
f 3211 3250 3249
f 3211 3212 3250
f 3212 3251 3250
f 3212 3214 3251
f 3214 3252 3251
f 3214 3216 3252
f 3216 3253 3252
f 3216 3218 3253
f 3218 3254 3253
f 3218 3220 3254
f 3220 3255 3254
f 3220 3222 3255
f 3222 3256 3255
f 3222 3224 3256
f 3224 3226 3256
f 3226 3227 3257
f 3227 3228 3257
f 3257 3228 3258
f 3228 3229 3258
f 3258 3229 3259
f 3229 3230 3259
f 3259 3230 3260
f 3230 3231 3260
f 3260 3231 3261
f 3231 3232 3261
f 3261 3232 3262
f 3232 3233 3262
f 3262 3233 3263
f 3233 3234 3263
f 3263 3234 3264
f 3234 3265 3264
f 3234 3235 3265
f 3235 3266 3265
f 3235 3236 3266
f 3236 3267 3266
f 3236 3237 3267
f 3237 3268 3267
f 3237 3238 3268
f 3238 3269 3268
f 3238 3239 3269
f 3239 3270 3269
f 3239 3240 3270
f 3240 3271 3270
f 3240 3241 3271
f 3241 3195 3271
f 3195 3242 3272
f 3272 3242 3273
f 3242 3243 3273
f 3273 3243 3274
f 3243 3244 3274
f 3274 3244 3275
f 3244 3245 3275
f 3275 3245 3276
f 3245 3246 3276
f 3276 3246 3277
f 3246 3247 3277
f 3277 3247 3278
f 3247 3248 3278
f 3278 3248 3279
f 3248 3249 3279
f 3279 3249 3280
f 3249 3281 3280
f 3249 3250 3281
f 3250 3282 3281
f 3250 3251 3282
f 3251 3283 3282
f 3251 3252 3283
f 3252 3284 3283
f 3252 3253 3284
f 3253 3285 3284
f 3253 3254 3285
f 3254 3286 3285
f 3254 3255 3286
f 3255 3287 3286
f 3255 3256 3287
f 3256 3288 3287
f 3256 3226 3288
f 3226 3257 3288
f 3288 3257 3289
f 3257 3258 3289
f 3289 3258 3290
f 3258 3259 3290
f 3290 3259 3291
f 3259 3260 3291
f 3291 3260 3292
f 3260 3261 3292
f 3292 3261 3293
f 3261 3262 3293
f 3293 3262 3294
f 3262 3263 3294
f 3294 3263 3295
f 3263 3264 3295
f 3295 3264 3296
f 3264 3297 3296
f 3264 3265 3297
f 3265 3298 3297
f 3265 3266 3298
f 3266 3299 3298
f 3266 3267 3299
f 3267 3300 3299
f 3267 3268 3300
f 3268 3301 3300
f 3268 3269 3301
f 3269 3302 3301
f 3269 3270 3302
f 3270 3303 3302
f 3270 3271 3303
f 3271 3272 3303
f 3271 3195 3272
f 3272 3273 3304
f 3304 3273 3305
f 3273 3274 3305
f 3305 3274 3306
f 3274 3275 3306
f 3306 3275 3307
f 3275 3276 3307
f 3307 3276 3308
f 3276 3277 3308
f 3308 3277 3309
f 3277 3278 3309
f 3309 3278 3310
f 3278 3279 3310
f 3310 3279 3311
f 3279 3280 3311
f 3311 3280 3312
f 3280 3313 3312
f 3280 3281 3313
f 3281 3314 3313
f 3281 3282 3314
f 3282 3315 3314
f 3282 3283 3315
f 3283 3316 3315
f 3283 3284 3316
f 3284 3317 3316
f 3284 3285 3317
f 3285 3318 3317
f 3285 3286 3318
f 3286 3319 3318
f 3286 3287 3319
f 3287 3320 3319
f 3287 3288 3320
f 3288 3289 3320
f 3320 3289 3321
f 3289 3290 3321
f 3321 3290 3322
f 3290 3291 3322
f 3322 3291 3323
f 3291 3292 3323
f 3323 3292 3324
f 3292 3293 3324
f 3324 3293 3325
f 3293 3294 3325
f 3325 3294 3326
f 3294 3295 3326
f 3326 3295 3327
f 3295 3296 3327
f 3327 3296 3328
f 3296 3329 3328
f 3296 3297 3329
f 3297 3330 3329
f 3297 3298 3330
f 3298 3331 3330
f 3298 3299 3331
f 3299 3332 3331
f 3299 3300 3332
f 3300 3333 3332
f 3300 3301 3333
f 3301 3334 3333
f 3301 3302 3334
f 3302 3335 3334
f 3302 3303 3335
f 3303 3304 3335
f 3303 3272 3304
f 3304 3305 3336
f 3336 3305 3337
f 3305 3306 3337
f 3337 3306 3338
f 3306 3307 3338
f 3338 3307 3339
f 3307 3308 3339
f 3339 3308 3340
f 3308 3309 3340
f 3340 3309 3341
f 3309 3310 3341
f 3341 3310 3342
f 3310 3311 3342
f 3342 3311 3343
f 3311 3312 3343
f 3343 3312 3344
f 3312 3345 3344
f 3312 3313 3345
f 3313 3346 3345
f 3313 3314 3346
f 3314 3347 3346
f 3314 3315 3347
f 3315 3348 3347
f 3315 3316 3348
f 3316 3349 3348
f 3316 3317 3349
f 3317 3350 3349
f 3317 3318 3350
f 3318 3351 3350
f 3318 3319 3351
f 3319 3352 3351
f 3319 3320 3352
f 3320 3321 3352
f 3352 3321 3353
f 3321 3322 3353
f 3353 3322 3354
f 3322 3323 3354
f 3354 3323 3355
f 3323 3324 3355
f 3355 3324 3356
f 3324 3325 3356
f 3356 3325 3357
f 3325 3326 3357
f 3357 3326 3358
f 3326 3327 3358
f 3358 3327 3359
f 3327 3328 3359
f 3359 3328 3360
f 3328 3361 3360
f 3328 3329 3361
f 3329 3362 3361
f 3329 3330 3362
f 3330 3363 3362
f 3330 3331 3363
f 3331 3364 3363
f 3331 3332 3364
f 3332 3365 3364
f 3332 3333 3365
f 3333 3366 3365
f 3333 3334 3366
f 3334 3367 3366
f 3334 3335 3367
f 3335 3336 3367
f 3335 3304 3336
f 3336 3368 3369
f 3336 3337 3368
f 3337 3370 3368
f 3337 3338 3370
f 3338 3371 3370
f 3338 3339 3371
f 3339 3372 3371
f 3339 3340 3372
f 3340 3373 3372
f 3340 3341 3373
f 3341 3374 3373
f 3341 3342 3374
f 3342 3375 3374
f 3342 3343 3375
f 3343 3376 3375
f 3343 3344 3376
f 3344 3345 3376
f 3376 3345 3377
f 3345 3346 3377
f 3377 3346 3378
f 3346 3347 3378
f 3378 3347 3379
f 3347 3348 3379
f 3379 3348 3380
f 3348 3349 3380
f 3380 3349 3381
f 3349 3350 3381
f 3381 3350 3382
f 3350 3351 3382
f 3382 3351 3383
f 3351 3352 3383
f 3383 3352 3384
f 3352 3385 3384
f 3352 3353 3385
f 3353 3386 3385
f 3353 3354 3386
f 3354 3387 3386
f 3354 3355 3387
f 3355 3388 3387
f 3355 3356 3388
f 3356 3389 3388
f 3356 3357 3389
f 3357 3390 3389
f 3357 3358 3390
f 3358 3391 3390
f 3358 3359 3391
f 3359 3392 3391
f 3359 3360 3392
f 3360 3361 3392
f 3392 3361 3393
f 3361 3362 3393
f 3393 3362 3394
f 3362 3363 3394
f 3394 3363 3395
f 3363 3364 3395
f 3395 3364 3396
f 3364 3365 3396
f 3396 3365 3397
f 3365 3366 3397
f 3397 3366 3398
f 3366 3367 3398
f 3398 3367 3399
f 3367 3336 3399
f 3399 3336 3369
f 3369 3400 3401
f 3369 3368 3400
f 3368 3402 3400
f 3368 3370 3402
f 3370 3403 3402
f 3370 3371 3403
f 3371 3404 3403
f 3371 3372 3404
f 3372 3405 3404
f 3372 3373 3405
f 3373 3406 3405
f 3373 3374 3406
f 3374 3407 3406
f 3374 3375 3407
f 3375 3408 3407
f 3375 3376 3408
f 3376 3377 3408
f 3408 3377 3409
f 3377 3378 3409
f 3409 3378 3410
f 3378 3379 3410
f 3410 3379 3411
f 3379 3380 3411
f 3411 3380 3412
f 3380 3381 3412
f 3412 3381 3413
f 3381 3382 3413
f 3413 3382 3414
f 3382 3383 3414
f 3414 3383 3415
f 3383 3384 3415
f 3415 3384 3416
f 3384 3417 3416
f 3384 3385 3417
f 3385 3418 3417
f 3385 3386 3418
f 3386 3419 3418
f 3386 3387 3419
f 3387 3420 3419
f 3387 3388 3420
f 3388 3421 3420
f 3388 3389 3421
f 3389 3422 3421
f 3389 3390 3422
f 3390 3423 3422
f 3390 3391 3423
f 3391 3424 3423
f 3391 3392 3424
f 3392 3393 3424
f 3424 3393 3425
f 3393 3394 3425
f 3425 3394 3426
f 3394 3395 3426
f 3426 3395 3427
f 3395 3396 3427
f 3427 3396 3428
f 3396 3397 3428
f 3428 3397 3429
f 3397 3398 3429
f 3429 3398 3430
f 3398 3399 3430
f 3430 3399 3431
f 3399 3369 3431
f 3431 3369 3401
f 3401 3400 3432
f 3400 3433 3432
f 3400 3402 3433
f 3402 3434 3433
f 3402 3403 3434
f 3403 3435 3434
f 3403 3404 3435
f 3404 3436 3435
f 3404 3405 3436
f 3405 3437 3436
f 3405 3406 3437
f 3406 3438 3437
f 3406 3407 3438
f 3407 3439 3438
f 3407 3408 3439
f 3408 3409 3439
f 3439 3409 3440
f 3409 3410 3440
f 3440 3410 3441
f 3410 3411 3441
f 3441 3411 3442
f 3411 3412 3442
f 3442 3412 3443
f 3412 3413 3443
f 3443 3413 3444
f 3413 3414 3444
f 3444 3414 3445
f 3414 3415 3445
f 3445 3415 3446
f 3415 3416 3446
f 3416 3417 3447
f 3417 3448 3447
f 3417 3418 3448
f 3418 3449 3448
f 3418 3419 3449
f 3419 3450 3449
f 3419 3420 3450
f 3420 3451 3450
f 3420 3421 3451
f 3421 3452 3451
f 3421 3422 3452
f 3422 3453 3452
f 3422 3423 3453
f 3423 3454 3453
f 3423 3424 3454
f 3424 3425 3454
f 3454 3425 3455
f 3425 3426 3455
f 3455 3426 3456
f 3426 3427 3456
f 3456 3427 3457
f 3427 3428 3457
f 3457 3428 3458
f 3428 3429 3458
f 3458 3429 3459
f 3429 3430 3459
f 3459 3430 3460
f 3430 3431 3460
f 3460 3431 3461
f 3431 3401 3461
f 3401 3432 3462
f 3432 3463 3462
f 3432 3433 3463
f 3433 3464 3463
f 3433 3434 3464
f 3434 3465 3464
f 3434 3435 3465
f 3435 3466 3465
f 3435 3436 3466
f 3436 3467 3466
f 3436 3437 3467
f 3437 3468 3467
f 3437 3438 3468
f 3438 3469 3468
f 3438 3439 3469
f 3439 3440 3469
f 3469 3440 3470
f 3440 3441 3470
f 3470 3441 3471
f 3441 3442 3471
f 3471 3442 3472
f 3442 3443 3472
f 3472 3443 3473
f 3443 3444 3473
f 3473 3444 3474
f 3444 3445 3474
f 3474 3445 3475
f 3445 3446 3475
f 3475 3446 3476
f 3446 3416 3476
f 3416 3447 3476
f 3447 3475 3476
f 3447 3448 3475
f 3448 3474 3475
f 3448 3449 3474
f 3449 3473 3474
f 3449 3450 3473
f 3450 3472 3473
f 3450 3451 3472
f 3451 3471 3472
f 3451 3452 3471
f 3452 3470 3471
f 3452 3453 3470
f 3453 3469 3470
f 3453 3454 3469
f 3454 3455 3469
f 3469 3455 3468
f 3455 3456 3468
f 3468 3456 3467
f 3456 3457 3467
f 3467 3457 3466
f 3457 3458 3466
f 3466 3458 3465
f 3458 3459 3465
f 3465 3459 3464
f 3459 3460 3464
f 3464 3460 3463
f 3460 3461 3463
f 3463 3461 3462
f 3461 3401 3462
f 3477 3478 3479
f 3479 3478 3480
f 3478 3481 3480
f 3480 3481 3482
f 3481 3483 3482
f 3482 3483 3484
f 3483 3485 3484
f 3484 3485 3486
f 3485 3487 3486
f 3486 3487 3488
f 3487 3489 3488
f 3488 3489 3490
f 3489 3491 3490
f 3490 3491 3492
f 3491 3493 3492
f 3492 3493 3494
f 3492 3494 3495
f 3495 3494 3496
f 3495 3496 3497
f 3497 3496 3498
f 3497 3498 3499
f 3499 3498 3500
f 3499 3500 3501
f 3501 3500 3502
f 3501 3502 3503
f 3503 3502 3504
f 3503 3504 3505
f 3505 3504 3506
f 3505 3506 3507
f 3507 3506 3508
f 3508 3509 3507
f 3507 3509 3505
f 3509 3510 3505
f 3505 3510 3503
f 3510 3511 3503
f 3503 3511 3501
f 3511 3512 3501
f 3501 3512 3499
f 3512 3513 3499
f 3499 3513 3497
f 3513 3514 3497
f 3497 3514 3495
f 3514 3515 3495
f 3495 3515 3492
f 3515 3516 3492
f 3492 3516 3517
f 3492 3517 3490
f 3490 3517 3518
f 3490 3518 3488
f 3488 3518 3519
f 3488 3519 3486
f 3486 3519 3520
f 3486 3520 3484
f 3484 3520 3521
f 3484 3521 3482
f 3482 3521 3522
f 3482 3522 3480
f 3480 3522 3523
f 3480 3523 3479
f 3479 3523 3477
f 3477 3524 3478
f 3478 3524 3481
f 3524 3525 3481
f 3481 3525 3483
f 3525 3526 3483
f 3483 3526 3485
f 3526 3527 3485
f 3485 3527 3487
f 3527 3528 3487
f 3487 3528 3489
f 3528 3529 3489
f 3489 3529 3491
f 3529 3530 3491
f 3491 3530 3493
f 3530 3531 3493
f 3493 3531 3532
f 3493 3532 3494
f 3494 3532 3533
f 3494 3533 3496
f 3496 3533 3534
f 3496 3534 3498
f 3498 3534 3535
f 3498 3535 3500
f 3500 3535 3536
f 3500 3536 3502
f 3502 3536 3537
f 3502 3537 3504
f 3504 3537 3538
f 3504 3538 3506
f 3506 3538 3508
f 3508 3539 3509
f 3509 3539 3510
f 3539 3540 3510
f 3510 3540 3511
f 3540 3541 3511
f 3511 3541 3512
f 3541 3542 3512
f 3512 3542 3513
f 3542 3543 3513
f 3513 3543 3514
f 3543 3544 3514
f 3514 3544 3515
f 3544 3545 3515
f 3515 3545 3516
f 3545 3546 3516
f 3516 3546 3547
f 3516 3547 3517
f 3517 3547 3548
f 3517 3548 3518
f 3518 3548 3549
f 3518 3549 3519
f 3519 3549 3550
f 3519 3550 3520
f 3520 3550 3551
f 3520 3551 3521
f 3521 3551 3552
f 3521 3552 3522
f 3522 3552 3553
f 3522 3553 3523
f 3523 3553 3477
f 3477 3554 3524
f 3554 3555 3524
f 3524 3555 3525
f 3555 3556 3525
f 3525 3556 3526
f 3556 3557 3526
f 3526 3557 3527
f 3557 3558 3527
f 3527 3558 3528
f 3558 3559 3528
f 3528 3559 3529
f 3559 3560 3529
f 3529 3560 3530
f 3560 3561 3530
f 3530 3561 3531
f 3561 3562 3531
f 3531 3562 3563
f 3531 3563 3532
f 3532 3563 3564
f 3532 3564 3533
f 3533 3564 3565
f 3533 3565 3534
f 3534 3565 3566
f 3534 3566 3535
f 3535 3566 3567
f 3535 3567 3536
f 3536 3567 3568
f 3536 3568 3537
f 3537 3568 3569
f 3537 3569 3538
f 3538 3569 3570
f 3538 3570 3508
f 3508 3570 3539
f 3570 3571 3539
f 3539 3571 3540
f 3571 3572 3540
f 3540 3572 3541
f 3572 3573 3541
f 3541 3573 3542
f 3573 3574 3542
f 3542 3574 3543
f 3574 3575 3543
f 3543 3575 3544
f 3575 3576 3544
f 3544 3576 3545
f 3576 3577 3545
f 3545 3577 3546
f 3577 3578 3546
f 3546 3578 3579
f 3546 3579 3547
f 3547 3579 3580
f 3547 3580 3548
f 3548 3580 3581
f 3548 3581 3549
f 3549 3581 3582
f 3549 3582 3550
f 3550 3582 3583
f 3550 3583 3551
f 3551 3583 3584
f 3551 3584 3552
f 3552 3584 3585
f 3552 3585 3553
f 3553 3585 3554
f 3553 3554 3477
f 3554 3586 3555
f 3586 3587 3555
f 3555 3587 3556
f 3587 3588 3556
f 3556 3588 3557
f 3588 3589 3557
f 3557 3589 3558
f 3589 3590 3558
f 3558 3590 3559
f 3590 3591 3559
f 3559 3591 3560
f 3591 3592 3560
f 3560 3592 3561
f 3592 3593 3561
f 3561 3593 3562
f 3593 3594 3562
f 3562 3594 3595
f 3562 3595 3563
f 3563 3595 3596
f 3563 3596 3564
f 3564 3596 3597
f 3564 3597 3565
f 3565 3597 3598
f 3565 3598 3566
f 3566 3598 3599
f 3566 3599 3567
f 3567 3599 3600
f 3567 3600 3568
f 3568 3600 3601
f 3568 3601 3569
f 3569 3601 3602
f 3569 3602 3570
f 3570 3602 3571
f 3602 3603 3571
f 3571 3603 3572
f 3603 3604 3572
f 3572 3604 3573
f 3604 3605 3573
f 3573 3605 3574
f 3605 3606 3574
f 3574 3606 3575
f 3606 3607 3575
f 3575 3607 3576
f 3607 3608 3576
f 3576 3608 3577
f 3608 3609 3577
f 3577 3609 3578
f 3609 3610 3578
f 3578 3610 3611
f 3578 3611 3579
f 3579 3611 3612
f 3579 3612 3580
f 3580 3612 3613
f 3580 3613 3581
f 3581 3613 3614
f 3581 3614 3582
f 3582 3614 3615
f 3582 3615 3583
f 3583 3615 3616
f 3583 3616 3584
f 3584 3616 3617
f 3584 3617 3585
f 3585 3617 3586
f 3585 3586 3554
f 3586 3618 3587
f 3618 3619 3587
f 3587 3619 3588
f 3619 3620 3588
f 3588 3620 3589
f 3620 3621 3589
f 3589 3621 3590
f 3621 3622 3590
f 3590 3622 3591
f 3622 3623 3591
f 3591 3623 3592
f 3623 3624 3592
f 3592 3624 3593
f 3624 3625 3593
f 3593 3625 3594
f 3625 3626 3594
f 3594 3626 3627
f 3594 3627 3595
f 3595 3627 3628
f 3595 3628 3596
f 3596 3628 3629
f 3596 3629 3597
f 3597 3629 3630
f 3597 3630 3598
f 3598 3630 3631
f 3598 3631 3599
f 3599 3631 3632
f 3599 3632 3600
f 3600 3632 3633
f 3600 3633 3601
f 3601 3633 3634
f 3601 3634 3602
f 3602 3634 3603
f 3634 3635 3603
f 3603 3635 3604
f 3635 3636 3604
f 3604 3636 3605
f 3636 3637 3605
f 3605 3637 3606
f 3637 3638 3606
f 3606 3638 3607
f 3638 3639 3607
f 3607 3639 3608
f 3639 3640 3608
f 3608 3640 3609
f 3640 3641 3609
f 3609 3641 3610
f 3641 3642 3610
f 3610 3642 3643
f 3610 3643 3611
f 3611 3643 3644
f 3611 3644 3612
f 3612 3644 3645
f 3612 3645 3613
f 3613 3645 3646
f 3613 3646 3614
f 3614 3646 3647
f 3614 3647 3615
f 3615 3647 3648
f 3615 3648 3616
f 3616 3648 3649
f 3616 3649 3617
f 3617 3649 3618
f 3617 3618 3586
f 3618 3650 3651
f 3618 3651 3619
f 3619 3651 3652
f 3619 3652 3620
f 3620 3652 3653
f 3620 3653 3621
f 3621 3653 3654
f 3621 3654 3622
f 3622 3654 3655
f 3622 3655 3623
f 3623 3655 3656
f 3623 3656 3624
f 3624 3656 3657
f 3624 3657 3625
f 3625 3657 3658
f 3625 3658 3626
f 3626 3658 3627
f 3658 3659 3627
f 3627 3659 3628
f 3659 3660 3628
f 3628 3660 3629
f 3660 3661 3629
f 3629 3661 3630
f 3661 3662 3630
f 3630 3662 3631
f 3662 3663 3631
f 3631 3663 3632
f 3663 3664 3632
f 3632 3664 3633
f 3664 3665 3633
f 3633 3665 3634
f 3665 3666 3634
f 3634 3666 3667
f 3634 3667 3635
f 3635 3667 3668
f 3635 3668 3636
f 3636 3668 3669
f 3636 3669 3637
f 3637 3669 3670
f 3637 3670 3638
f 3638 3670 3671
f 3638 3671 3639
f 3639 3671 3672
f 3639 3672 3640
f 3640 3672 3673
f 3640 3673 3641
f 3641 3673 3674
f 3641 3674 3642
f 3642 3674 3643
f 3674 3675 3643
f 3643 3675 3644
f 3675 3676 3644
f 3644 3676 3645
f 3676 3677 3645
f 3645 3677 3646
f 3677 3678 3646
f 3646 3678 3647
f 3678 3679 3647
f 3647 3679 3648
f 3679 3680 3648
f 3648 3680 3649
f 3680 3681 3649
f 3649 3681 3618
f 3681 3650 3618
f 3650 3682 3683
f 3650 3683 3651
f 3651 3683 3684
f 3651 3684 3652
f 3652 3684 3685
f 3652 3685 3653
f 3653 3685 3686
f 3653 3686 3654
f 3654 3686 3687
f 3654 3687 3655
f 3655 3687 3688
f 3655 3688 3656
f 3656 3688 3689
f 3656 3689 3657
f 3657 3689 3690
f 3657 3690 3658
f 3658 3690 3659
f 3690 3691 3659
f 3659 3691 3660
f 3691 3692 3660
f 3660 3692 3661
f 3692 3693 3661
f 3661 3693 3662
f 3693 3694 3662
f 3662 3694 3663
f 3694 3695 3663
f 3663 3695 3664
f 3695 3696 3664
f 3664 3696 3665
f 3696 3697 3665
f 3665 3697 3666
f 3697 3698 3666
f 3666 3698 3699
f 3666 3699 3667
f 3667 3699 3700
f 3667 3700 3668
f 3668 3700 3701
f 3668 3701 3669
f 3669 3701 3702
f 3669 3702 3670
f 3670 3702 3703
f 3670 3703 3671
f 3671 3703 3704
f 3671 3704 3672
f 3672 3704 3705
f 3672 3705 3673
f 3673 3705 3706
f 3673 3706 3674
f 3674 3706 3675
f 3706 3707 3675
f 3675 3707 3676
f 3707 3708 3676
f 3676 3708 3677
f 3708 3709 3677
f 3677 3709 3678
f 3709 3710 3678
f 3678 3710 3679
f 3710 3711 3679
f 3679 3711 3680
f 3711 3712 3680
f 3680 3712 3681
f 3712 3713 3681
f 3681 3713 3650
f 3713 3682 3650
f 3682 3714 3683
f 3683 3714 3715
f 3683 3715 3684
f 3684 3715 3716
f 3684 3716 3685
f 3685 3716 3717
f 3685 3717 3686
f 3686 3717 3718
f 3686 3718 3687
f 3687 3718 3719
f 3687 3719 3688
f 3688 3719 3720
f 3688 3720 3689
f 3689 3720 3721
f 3689 3721 3690
f 3690 3721 3691
f 3721 3722 3691
f 3691 3722 3692
f 3722 3723 3692
f 3692 3723 3693
f 3723 3724 3693
f 3693 3724 3694
f 3724 3725 3694
f 3694 3725 3695
f 3725 3726 3695
f 3695 3726 3696
f 3726 3727 3696
f 3696 3727 3697
f 3727 3728 3697
f 3697 3728 3698
f 3698 3729 3699
f 3699 3729 3730
f 3699 3730 3700
f 3700 3730 3731
f 3700 3731 3701
f 3701 3731 3732
f 3701 3732 3702
f 3702 3732 3733
f 3702 3733 3703
f 3703 3733 3734
f 3703 3734 3704
f 3704 3734 3735
f 3704 3735 3705
f 3705 3735 3736
f 3705 3736 3706
f 3706 3736 3707
f 3736 3737 3707
f 3707 3737 3708
f 3737 3738 3708
f 3708 3738 3709
f 3738 3739 3709
f 3709 3739 3710
f 3739 3740 3710
f 3710 3740 3711
f 3740 3741 3711
f 3711 3741 3712
f 3741 3742 3712
f 3712 3742 3713
f 3742 3743 3713
f 3713 3743 3682
f 3682 3744 3714
f 3714 3744 3745
f 3714 3745 3715
f 3715 3745 3746
f 3715 3746 3716
f 3716 3746 3747
f 3716 3747 3717
f 3717 3747 3748
f 3717 3748 3718
f 3718 3748 3749
f 3718 3749 3719
f 3719 3749 3750
f 3719 3750 3720
f 3720 3750 3751
f 3720 3751 3721
f 3721 3751 3722
f 3751 3752 3722
f 3722 3752 3723
f 3752 3753 3723
f 3723 3753 3724
f 3753 3754 3724
f 3724 3754 3725
f 3754 3755 3725
f 3725 3755 3726
f 3755 3756 3726
f 3726 3756 3727
f 3756 3757 3727
f 3727 3757 3728
f 3757 3758 3728
f 3728 3758 3698
f 3698 3758 3729
f 3729 3758 3757
f 3729 3757 3730
f 3730 3757 3756
f 3730 3756 3731
f 3731 3756 3755
f 3731 3755 3732
f 3732 3755 3754
f 3732 3754 3733
f 3733 3754 3753
f 3733 3753 3734
f 3734 3753 3752
f 3734 3752 3735
f 3735 3752 3751
f 3735 3751 3736
f 3736 3751 3737
f 3751 3750 3737
f 3737 3750 3738
f 3750 3749 3738
f 3738 3749 3739
f 3749 3748 3739
f 3739 3748 3740
f 3748 3747 3740
f 3740 3747 3741
f 3747 3746 3741
f 3741 3746 3742
f 3746 3745 3742
f 3742 3745 3743
f 3745 3744 3743
f 3743 3744 3682
f 3759 3760 3761
f 3760 3762 3761
f 3761 3762 3763
f 3761 3763 3764
f 3764 3765 3761
f 3765 3766 3761
f 3761 3766 3767
f 3761 3767 3759
f 3759 3768 3760
f 3768 3769 3760
f 3760 3769 3762
f 3769 3770 3762
f 3762 3770 3771
f 3762 3771 3763
f 3763 3771 3772
f 3763 3772 3764
f 3764 3772 3765
f 3772 3773 3765
f 3765 3773 3766
f 3773 3774 3766
f 3766 3774 3775
f 3766 3775 3767
f 3767 3775 3768
f 3767 3768 3759
f 3768 3776 3769
f 3776 3777 3769
f 3769 3777 3770
f 3777 3778 3770
f 3770 3778 3779
f 3770 3779 3771
f 3771 3779 3780
f 3771 3780 3772
f 3772 3780 3773
f 3780 3781 3773
f 3773 3781 3774
f 3781 3782 3774
f 3774 3782 3783
f 3774 3783 3775
f 3775 3783 3776
f 3775 3776 3768
f 3776 3784 3777
f 3784 3785 3777
f 3777 3785 3778
f 3785 3786 3778
f 3778 3786 3787
f 3778 3787 3779
f 3779 3787 3788
f 3779 3788 3780
f 3780 3788 3781
f 3788 3789 3781
f 3781 3789 3782
f 3789 3790 3782
f 3782 3790 3791
f 3782 3791 3783
f 3783 3791 3784
f 3783 3784 3776
f 3784 3792 3785
f 3792 3793 3785
f 3785 3793 3786
f 3793 3794 3786
f 3786 3794 3795
f 3786 3795 3787
f 3787 3795 3796
f 3787 3796 3788
f 3788 3796 3789
f 3796 3797 3789
f 3789 3797 3790
f 3797 3798 3790
f 3790 3798 3799
f 3790 3799 3791
f 3791 3799 3792
f 3791 3792 3784
f 3792 3800 3793
f 3800 3801 3793
f 3793 3801 3794
f 3801 3802 3794
f 3794 3802 3803
f 3794 3803 3795
f 3795 3803 3804
f 3795 3804 3796
f 3796 3804 3797
f 3804 3805 3797
f 3797 3805 3798
f 3805 3806 3798
f 3798 3806 3807
f 3798 3807 3799
f 3799 3807 3800
f 3799 3800 3792
f 3800 3808 3801
f 3808 3809 3801
f 3801 3809 3802
f 3809 3810 3802
f 3802 3810 3811
f 3802 3811 3803
f 3803 3811 3812
f 3803 3812 3804
f 3804 3812 3805
f 3812 3813 3805
f 3805 3813 3806
f 3813 3814 3806
f 3806 3814 3815
f 3806 3815 3807
f 3807 3815 3808
f 3807 3808 3800
f 3808 3816 3809
f 3816 3817 3809
f 3809 3817 3810
f 3817 3818 3810
f 3810 3818 3819
f 3810 3819 3811
f 3811 3819 3820
f 3811 3820 3812
f 3812 3820 3813
f 3820 3821 3813
f 3813 3821 3814
f 3821 3822 3814
f 3814 3822 3823
f 3814 3823 3815
f 3815 3823 3816
f 3815 3816 3808
f 3816 3824 3817
f 3824 3825 3817
f 3817 3825 3818
f 3825 3826 3818
f 3818 3826 3827
f 3818 3827 3819
f 3819 3827 3828
f 3819 3828 3820
f 3820 3828 3821
f 3828 3829 3821
f 3821 3829 3822
f 3829 3830 3822
f 3822 3830 3831
f 3822 3831 3823
f 3823 3831 3824
f 3823 3824 3816
f 3824 3832 3833
f 3824 3833 3825
f 3825 3833 3834
f 3825 3834 3826
f 3826 3834 3827
f 3834 3835 3827
f 3827 3835 3828
f 3835 3836 3828
f 3828 3836 3837
f 3828 3837 3829
f 3829 3837 3838
f 3829 3838 3830
f 3830 3838 3831
f 3838 3839 3831
f 3831 3839 3824
f 3839 3832 3824
f 3832 3840 3841
f 3832 3841 3833
f 3833 3841 3842
f 3833 3842 3834
f 3834 3842 3835
f 3842 3843 3835
f 3835 3843 3836
f 3843 3844 3836
f 3836 3844 3845
f 3836 3845 3837
f 3837 3845 3846
f 3837 3846 3838
f 3838 3846 3839
f 3846 3847 3839
f 3839 3847 3832
f 3847 3840 3832
f 3840 3848 3849
f 3840 3849 3841
f 3841 3849 3850
f 3841 3850 3842
f 3842 3850 3843
f 3850 3851 3843
f 3843 3851 3844
f 3851 3852 3844
f 3844 3852 3853
f 3844 3853 3845
f 3845 3853 3854
f 3845 3854 3846
f 3846 3854 3847
f 3854 3855 3847
f 3847 3855 3840
f 3855 3848 3840
f 3848 3856 3857
f 3848 3857 3849
f 3849 3857 3858
f 3849 3858 3850
f 3850 3858 3851
f 3858 3859 3851
f 3851 3859 3852
f 3859 3860 3852
f 3852 3860 3861
f 3852 3861 3853
f 3853 3861 3862
f 3853 3862 3854
f 3854 3862 3855
f 3862 3863 3855
f 3855 3863 3848
f 3863 3856 3848
f 3856 3864 3865
f 3856 3865 3857
f 3857 3865 3866
f 3857 3866 3858
f 3858 3866 3859
f 3866 3867 3859
f 3859 3867 3860
f 3867 3868 3860
f 3860 3868 3869
f 3860 3869 3861
f 3861 3869 3870
f 3861 3870 3862
f 3862 3870 3863
f 3870 3871 3863
f 3863 3871 3856
f 3871 3864 3856
f 3864 3872 3873
f 3864 3873 3865
f 3865 3873 3874
f 3865 3874 3866
f 3866 3874 3867
f 3874 3875 3867
f 3867 3875 3868
f 3875 3876 3868
f 3868 3876 3877
f 3868 3877 3869
f 3869 3877 3878
f 3869 3878 3870
f 3870 3878 3871
f 3878 3879 3871
f 3871 3879 3864
f 3879 3872 3864
f 3872 3880 3881
f 3872 3881 3873
f 3873 3881 3882
f 3873 3882 3874
f 3874 3882 3875
f 3882 3883 3875
f 3875 3883 3876
f 3883 3884 3876
f 3876 3884 3885
f 3876 3885 3877
f 3877 3885 3886
f 3877 3886 3878
f 3878 3886 3879
f 3886 3887 3879
f 3879 3887 3872
f 3887 3880 3872
f 3880 3888 3889
f 3880 3889 3881
f 3881 3889 3890
f 3881 3890 3882
f 3882 3890 3883
f 3890 3891 3883
f 3883 3891 3884
f 3891 3892 3884
f 3884 3892 3893
f 3884 3893 3885
f 3885 3893 3894
f 3885 3894 3886
f 3886 3894 3887
f 3894 3895 3887
f 3887 3895 3880
f 3895 3888 3880
f 3888 3896 3889
f 3889 3896 3890
f 3890 3896 3891
f 3891 3896 3892
f 3892 3896 3893
f 3893 3896 3894
f 3894 3896 3895
f 3895 3896 3888
f 3897 3898 3899
f 3899 3898 3900
f 3898 3901 3900
f 3898 3902 3901
f 3902 3898 3903
f 3903 3898 3904
f 3898 3905 3904
f 3898 3897 3905
f 3897 3899 3906
f 3906 3899 3907
f 3899 3900 3907
f 3907 3900 3908
f 3900 3909 3908
f 3900 3901 3909
f 3901 3910 3909
f 3901 3902 3910
f 3902 3903 3910
f 3910 3903 3911
f 3903 3904 3911
f 3911 3904 3912
f 3904 3913 3912
f 3904 3905 3913
f 3905 3906 3913
f 3905 3897 3906
f 3906 3907 3914
f 3914 3907 3915
f 3907 3908 3915
f 3915 3908 3916
f 3908 3917 3916
f 3908 3909 3917
f 3909 3918 3917
f 3909 3910 3918
f 3910 3911 3918
f 3918 3911 3919
f 3911 3912 3919
f 3919 3912 3920
f 3912 3921 3920
f 3912 3913 3921
f 3913 3914 3921
f 3913 3906 3914
f 3914 3915 3922
f 3922 3915 3923
f 3915 3916 3923
f 3923 3916 3924
f 3916 3925 3924
f 3916 3917 3925
f 3917 3926 3925
f 3917 3918 3926
f 3918 3919 3926
f 3926 3919 3927
f 3919 3920 3927
f 3927 3920 3928
f 3920 3929 3928
f 3920 3921 3929
f 3921 3922 3929
f 3921 3914 3922
f 3922 3923 3930
f 3930 3923 3931
f 3923 3924 3931
f 3931 3924 3932
f 3924 3933 3932
f 3924 3925 3933
f 3925 3934 3933
f 3925 3926 3934
f 3926 3927 3934
f 3934 3927 3935
f 3927 3928 3935
f 3935 3928 3936
f 3928 3937 3936
f 3928 3929 3937
f 3929 3930 3937
f 3929 3922 3930
f 3930 3931 3938
f 3938 3931 3939
f 3931 3932 3939
f 3939 3932 3940
f 3932 3941 3940
f 3932 3933 3941
f 3933 3942 3941
f 3933 3934 3942
f 3934 3935 3942
f 3942 3935 3943
f 3935 3936 3943
f 3943 3936 3944
f 3936 3945 3944
f 3936 3937 3945
f 3937 3938 3945
f 3937 3930 3938
f 3938 3939 3946
f 3946 3939 3947
f 3939 3940 3947
f 3947 3940 3948
f 3940 3949 3948
f 3940 3941 3949
f 3941 3950 3949
f 3941 3942 3950
f 3942 3943 3950
f 3950 3943 3951
f 3943 3944 3951
f 3951 3944 3952
f 3944 3953 3952
f 3944 3945 3953
f 3945 3946 3953
f 3945 3938 3946
f 3946 3947 3954
f 3954 3947 3955
f 3947 3948 3955
f 3955 3948 3956
f 3948 3957 3956
f 3948 3949 3957
f 3949 3958 3957
f 3949 3950 3958
f 3950 3951 3958
f 3958 3951 3959
f 3951 3952 3959
f 3959 3952 3960
f 3952 3961 3960
f 3952 3953 3961
f 3953 3954 3961
f 3953 3946 3954
f 3954 3955 3962
f 3962 3955 3963
f 3955 3956 3963
f 3963 3956 3964
f 3956 3965 3964
f 3956 3957 3965
f 3957 3966 3965
f 3957 3958 3966
f 3958 3959 3966
f 3966 3959 3967
f 3959 3960 3967
f 3967 3960 3968
f 3960 3969 3968
f 3960 3961 3969
f 3961 3962 3969
f 3961 3954 3962
f 3962 3970 3971
f 3962 3963 3970
f 3963 3972 3970
f 3963 3964 3972
f 3964 3965 3972
f 3972 3965 3973
f 3965 3966 3973
f 3973 3966 3974
f 3966 3975 3974
f 3966 3967 3975
f 3967 3976 3975
f 3967 3968 3976
f 3968 3969 3976
f 3976 3969 3977
f 3969 3962 3977
f 3977 3962 3971
f 3971 3978 3979
f 3971 3970 3978
f 3970 3980 3978
f 3970 3972 3980
f 3972 3973 3980
f 3980 3973 3981
f 3973 3974 3981
f 3981 3974 3982
f 3974 3983 3982
f 3974 3975 3983
f 3975 3984 3983
f 3975 3976 3984
f 3976 3977 3984
f 3984 3977 3985
f 3977 3971 3985
f 3985 3971 3979
f 3979 3986 3987
f 3979 3978 3986
f 3978 3988 3986
f 3978 3980 3988
f 3980 3981 3988
f 3988 3981 3989
f 3981 3982 3989
f 3989 3982 3990
f 3982 3991 3990
f 3982 3983 3991
f 3983 3992 3991
f 3983 3984 3992
f 3984 3985 3992
f 3992 3985 3993
f 3985 3979 3993
f 3993 3979 3987
f 3987 3994 3995
f 3987 3986 3994
f 3986 3996 3994
f 3986 3988 3996
f 3988 3989 3996
f 3996 3989 3997
f 3989 3990 3997
f 3997 3990 3998
f 3990 3999 3998
f 3990 3991 3999
f 3991 4000 3999
f 3991 3992 4000
f 3992 3993 4000
f 4000 3993 4001
f 3993 3987 4001
f 4001 3987 3995
f 3995 4002 4003
f 3995 3994 4002
f 3994 4004 4002
f 3994 3996 4004
f 3996 3997 4004
f 4004 3997 4005
f 3997 3998 4005
f 4005 3998 4006
f 3998 4007 4006
f 3998 3999 4007
f 3999 4008 4007
f 3999 4000 4008
f 4000 4001 4008
f 4008 4001 4009
f 4001 3995 4009
f 4009 3995 4003
f 4003 4010 4011
f 4003 4002 4010
f 4002 4012 4010
f 4002 4004 4012
f 4004 4005 4012
f 4012 4005 4013
f 4005 4006 4013
f 4013 4006 4014
f 4006 4015 4014
f 4006 4007 4015
f 4007 4016 4015
f 4007 4008 4016
f 4008 4009 4016
f 4016 4009 4017
f 4009 4003 4017
f 4017 4003 4011
f 4011 4018 4019
f 4011 4010 4018
f 4010 4020 4018
f 4010 4012 4020
f 4012 4013 4020
f 4020 4013 4021
f 4013 4014 4021
f 4021 4014 4022
f 4014 4023 4022
f 4014 4015 4023
f 4015 4024 4023
f 4015 4016 4024
f 4016 4017 4024
f 4024 4017 4025
f 4017 4011 4025
f 4025 4011 4019
f 4019 4026 4027
f 4019 4018 4026
f 4018 4028 4026
f 4018 4020 4028
f 4020 4021 4028
f 4028 4021 4029
f 4021 4022 4029
f 4029 4022 4030
f 4022 4031 4030
f 4022 4023 4031
f 4023 4032 4031
f 4023 4024 4032
f 4024 4025 4032
f 4032 4025 4033
f 4025 4019 4033
f 4033 4019 4027
f 4027 4026 4034
f 4026 4028 4034
f 4028 4029 4034
f 4029 4030 4034
f 4030 4031 4034
f 4031 4032 4034
f 4032 4033 4034
f 4033 4027 4034
f 4035 4036 4037
f 4036 4038 4037
f 4037 4038 4039
f 4037 4039 4040
f 4040 4041 4037
f 4041 4042 4037
f 4037 4042 4043
f 4037 4043 4035
f 4035 4044 4036
f 4044 4045 4036
f 4036 4045 4038
f 4045 4046 4038
f 4038 4046 4047
f 4038 4047 4039
f 4039 4047 4048
f 4039 4048 4040
f 4040 4048 4041
f 4048 4049 4041
f 4041 4049 4042
f 4049 4050 4042
f 4042 4050 4051
f 4042 4051 4043
f 4043 4051 4044
f 4043 4044 4035
f 4044 4052 4045
f 4052 4053 4045
f 4045 4053 4046
f 4053 4054 4046
f 4046 4054 4055
f 4046 4055 4047
f 4047 4055 4056
f 4047 4056 4048
f 4048 4056 4049
f 4056 4057 4049
f 4049 4057 4050
f 4057 4058 4050
f 4050 4058 4059
f 4050 4059 4051
f 4051 4059 4052
f 4051 4052 4044
f 4052 4060 4053
f 4060 4061 4053
f 4053 4061 4054
f 4061 4062 4054
f 4054 4062 4063
f 4054 4063 4055
f 4055 4063 4064
f 4055 4064 4056
f 4056 4064 4057
f 4064 4065 4057
f 4057 4065 4058
f 4065 4066 4058
f 4058 4066 4067
f 4058 4067 4059
f 4059 4067 4060
f 4059 4060 4052
f 4060 4068 4061
f 4068 4069 4061
f 4061 4069 4062
f 4069 4070 4062
f 4062 4070 4071
f 4062 4071 4063
f 4063 4071 4072
f 4063 4072 4064
f 4064 4072 4065
f 4072 4073 4065
f 4065 4073 4066
f 4073 4074 4066
f 4066 4074 4075
f 4066 4075 4067
f 4067 4075 4068
f 4067 4068 4060
f 4068 4076 4069
f 4076 4077 4069
f 4069 4077 4070
f 4077 4078 4070
f 4070 4078 4079
f 4070 4079 4071
f 4071 4079 4080
f 4071 4080 4072
f 4072 4080 4073
f 4080 4081 4073
f 4073 4081 4074
f 4081 4082 4074
f 4074 4082 4083
f 4074 4083 4075
f 4075 4083 4076
f 4075 4076 4068
f 4076 4084 4077
f 4084 4085 4077
f 4077 4085 4078
f 4085 4086 4078
f 4078 4086 4087
f 4078 4087 4079
f 4079 4087 4088
f 4079 4088 4080
f 4080 4088 4081
f 4088 4089 4081
f 4081 4089 4082
f 4089 4090 4082
f 4082 4090 4091
f 4082 4091 4083
f 4083 4091 4084
f 4083 4084 4076
f 4084 4092 4085
f 4092 4093 4085
f 4085 4093 4086
f 4093 4094 4086
f 4086 4094 4095
f 4086 4095 4087
f 4087 4095 4096
f 4087 4096 4088
f 4088 4096 4089
f 4096 4097 4089
f 4089 4097 4090
f 4097 4098 4090
f 4090 4098 4099
f 4090 4099 4091
f 4091 4099 4092
f 4091 4092 4084
f 4092 4100 4093
f 4100 4101 4093
f 4093 4101 4094
f 4101 4102 4094
f 4094 4102 4103
f 4094 4103 4095
f 4095 4103 4104
f 4095 4104 4096
f 4096 4104 4097
f 4104 4105 4097
f 4097 4105 4098
f 4105 4106 4098
f 4098 4106 4107
f 4098 4107 4099
f 4099 4107 4100
f 4099 4100 4092
f 4100 4108 4109
f 4100 4109 4101
f 4101 4109 4110
f 4101 4110 4102
f 4102 4110 4103
f 4110 4111 4103
f 4103 4111 4104
f 4111 4112 4104
f 4104 4112 4113
f 4104 4113 4105
f 4105 4113 4114
f 4105 4114 4106
f 4106 4114 4107
f 4114 4115 4107
f 4107 4115 4100
f 4115 4108 4100
f 4108 4116 4117
f 4108 4117 4109
f 4109 4117 4118
f 4109 4118 4110
f 4110 4118 4111
f 4118 4119 4111
f 4111 4119 4112
f 4119 4120 4112
f 4112 4120 4121
f 4112 4121 4113
f 4113 4121 4122
f 4113 4122 4114
f 4114 4122 4115
f 4122 4123 4115
f 4115 4123 4108
f 4123 4116 4108
f 4116 4124 4125
f 4116 4125 4117
f 4117 4125 4126
f 4117 4126 4118
f 4118 4126 4119
f 4126 4127 4119
f 4119 4127 4120
f 4127 4128 4120
f 4120 4128 4129
f 4120 4129 4121
f 4121 4129 4130
f 4121 4130 4122
f 4122 4130 4123
f 4130 4131 4123
f 4123 4131 4116
f 4131 4124 4116
f 4124 4132 4133
f 4124 4133 4125
f 4125 4133 4134
f 4125 4134 4126
f 4126 4134 4127
f 4134 4135 4127
f 4127 4135 4128
f 4135 4136 4128
f 4128 4136 4137
f 4128 4137 4129
f 4129 4137 4138
f 4129 4138 4130
f 4130 4138 4131
f 4138 4139 4131
f 4131 4139 4124
f 4139 4132 4124
f 4132 4140 4141
f 4132 4141 4133
f 4133 4141 4142
f 4133 4142 4134
f 4134 4142 4135
f 4142 4143 4135
f 4135 4143 4136
f 4143 4144 4136
f 4136 4144 4145
f 4136 4145 4137
f 4137 4145 4146
f 4137 4146 4138
f 4138 4146 4139
f 4146 4147 4139
f 4139 4147 4132
f 4147 4140 4132
f 4140 4148 4149
f 4140 4149 4141
f 4141 4149 4150
f 4141 4150 4142
f 4142 4150 4143
f 4150 4151 4143
f 4143 4151 4144
f 4151 4152 4144
f 4144 4152 4153
f 4144 4153 4145
f 4145 4153 4154
f 4145 4154 4146
f 4146 4154 4147
f 4154 4155 4147
f 4147 4155 4140
f 4155 4148 4140
f 4148 4156 4157
f 4148 4157 4149
f 4149 4157 4158
f 4149 4158 4150
f 4150 4158 4151
f 4158 4159 4151
f 4151 4159 4152
f 4159 4160 4152
f 4152 4160 4161
f 4152 4161 4153
f 4153 4161 4162
f 4153 4162 4154
f 4154 4162 4155
f 4162 4163 4155
f 4155 4163 4148
f 4163 4156 4148
f 4156 4164 4165
f 4156 4165 4157
f 4157 4165 4166
f 4157 4166 4158
f 4158 4166 4159
f 4166 4167 4159
f 4159 4167 4160
f 4167 4168 4160
f 4160 4168 4169
f 4160 4169 4161
f 4161 4169 4170
f 4161 4170 4162
f 4162 4170 4163
f 4170 4171 4163
f 4163 4171 4156
f 4171 4164 4156
f 4164 4172 4165
f 4165 4172 4166
f 4166 4172 4167
f 4167 4172 4168
f 4168 4172 4169
f 4169 4172 4170
f 4170 4172 4171
f 4171 4172 4164
f 4173 4174 4175
f 4175 4174 4176
f 4174 4177 4176
f 4174 4178 4177
f 4178 4174 4179
f 4179 4174 4180
f 4174 4181 4180
f 4174 4173 4181
f 4173 4175 4182
f 4182 4175 4183
f 4175 4176 4183
f 4183 4176 4184
f 4176 4185 4184
f 4176 4177 4185
f 4177 4186 4185
f 4177 4178 4186
f 4178 4179 4186
f 4186 4179 4187
f 4179 4180 4187
f 4187 4180 4188
f 4180 4189 4188
f 4180 4181 4189
f 4181 4182 4189
f 4181 4173 4182
f 4182 4183 4190
f 4190 4183 4191
f 4183 4184 4191
f 4191 4184 4192
f 4184 4193 4192
f 4184 4185 4193
f 4185 4194 4193
f 4185 4186 4194
f 4186 4187 4194
f 4194 4187 4195
f 4187 4188 4195
f 4195 4188 4196
f 4188 4197 4196
f 4188 4189 4197
f 4189 4190 4197
f 4189 4182 4190
f 4190 4191 4198
f 4198 4191 4199
f 4191 4192 4199
f 4199 4192 4200
f 4192 4201 4200
f 4192 4193 4201
f 4193 4202 4201
f 4193 4194 4202
f 4194 4195 4202
f 4202 4195 4203
f 4195 4196 4203
f 4203 4196 4204
f 4196 4205 4204
f 4196 4197 4205
f 4197 4198 4205
f 4197 4190 4198
f 4198 4199 4206
f 4206 4199 4207
f 4199 4200 4207
f 4207 4200 4208
f 4200 4209 4208
f 4200 4201 4209
f 4201 4210 4209
f 4201 4202 4210
f 4202 4203 4210
f 4210 4203 4211
f 4203 4204 4211
f 4211 4204 4212
f 4204 4213 4212
f 4204 4205 4213
f 4205 4206 4213
f 4205 4198 4206
f 4206 4207 4214
f 4214 4207 4215
f 4207 4208 4215
f 4215 4208 4216
f 4208 4217 4216
f 4208 4209 4217
f 4209 4218 4217
f 4209 4210 4218
f 4210 4211 4218
f 4218 4211 4219
f 4211 4212 4219
f 4219 4212 4220
f 4212 4221 4220
f 4212 4213 4221
f 4213 4214 4221
f 4213 4206 4214
f 4214 4215 4222
f 4222 4215 4223
f 4215 4216 4223
f 4223 4216 4224
f 4216 4225 4224
f 4216 4217 4225
f 4217 4226 4225
f 4217 4218 4226
f 4218 4219 4226
f 4226 4219 4227
f 4219 4220 4227
f 4227 4220 4228
f 4220 4229 4228
f 4220 4221 4229
f 4221 4222 4229
f 4221 4214 4222
f 4222 4223 4230
f 4230 4223 4231
f 4223 4224 4231
f 4231 4224 4232
f 4224 4233 4232
f 4224 4225 4233
f 4225 4234 4233
f 4225 4226 4234
f 4226 4227 4234
f 4234 4227 4235
f 4227 4228 4235
f 4235 4228 4236
f 4228 4237 4236
f 4228 4229 4237
f 4229 4230 4237
f 4229 4222 4230
f 4230 4231 4238
f 4238 4231 4239
f 4231 4232 4239
f 4239 4232 4240
f 4232 4241 4240
f 4232 4233 4241
f 4233 4242 4241
f 4233 4234 4242
f 4234 4235 4242
f 4242 4235 4243
f 4235 4236 4243
f 4243 4236 4244
f 4236 4245 4244
f 4236 4237 4245
f 4237 4238 4245
f 4237 4230 4238
f 4238 4246 4247
f 4238 4239 4246
f 4239 4248 4246
f 4239 4240 4248
f 4240 4241 4248
f 4248 4241 4249
f 4241 4242 4249
f 4249 4242 4250
f 4242 4251 4250
f 4242 4243 4251
f 4243 4252 4251
f 4243 4244 4252
f 4244 4245 4252
f 4252 4245 4253
f 4245 4238 4253
f 4253 4238 4247
f 4247 4254 4255
f 4247 4246 4254
f 4246 4256 4254
f 4246 4248 4256
f 4248 4249 4256
f 4256 4249 4257
f 4249 4250 4257
f 4257 4250 4258
f 4250 4259 4258
f 4250 4251 4259
f 4251 4260 4259
f 4251 4252 4260
f 4252 4253 4260
f 4260 4253 4261
f 4253 4247 4261
f 4261 4247 4255
f 4255 4262 4263
f 4255 4254 4262
f 4254 4264 4262
f 4254 4256 4264
f 4256 4257 4264
f 4264 4257 4265
f 4257 4258 4265
f 4265 4258 4266
f 4258 4267 4266
f 4258 4259 4267
f 4259 4268 4267
f 4259 4260 4268
f 4260 4261 4268
f 4268 4261 4269
f 4261 4255 4269
f 4269 4255 4263
f 4263 4270 4271
f 4263 4262 4270
f 4262 4272 4270
f 4262 4264 4272
f 4264 4265 4272
f 4272 4265 4273
f 4265 4266 4273
f 4273 4266 4274
f 4266 4275 4274
f 4266 4267 4275
f 4267 4276 4275
f 4267 4268 4276
f 4268 4269 4276
f 4276 4269 4277
f 4269 4263 4277
f 4277 4263 4271
f 4271 4278 4279
f 4271 4270 4278
f 4270 4280 4278
f 4270 4272 4280
f 4272 4273 4280
f 4280 4273 4281
f 4273 4274 4281
f 4281 4274 4282
f 4274 4283 4282
f 4274 4275 4283
f 4275 4284 4283
f 4275 4276 4284
f 4276 4277 4284
f 4284 4277 4285
f 4277 4271 4285
f 4285 4271 4279
f 4279 4286 4287
f 4279 4278 4286
f 4278 4288 4286
f 4278 4280 4288
f 4280 4281 4288
f 4288 4281 4289
f 4281 4282 4289
f 4289 4282 4290
f 4282 4291 4290
f 4282 4283 4291
f 4283 4292 4291
f 4283 4284 4292
f 4284 4285 4292
f 4292 4285 4293
f 4285 4279 4293
f 4293 4279 4287
f 4287 4294 4295
f 4287 4286 4294
f 4286 4296 4294
f 4286 4288 4296
f 4288 4289 4296
f 4296 4289 4297
f 4289 4290 4297
f 4297 4290 4298
f 4290 4299 4298
f 4290 4291 4299
f 4291 4300 4299
f 4291 4292 4300
f 4292 4293 4300
f 4300 4293 4301
f 4293 4287 4301
f 4301 4287 4295
f 4295 4302 4303
f 4295 4294 4302
f 4294 4304 4302
f 4294 4296 4304
f 4296 4297 4304
f 4304 4297 4305
f 4297 4298 4305
f 4305 4298 4306
f 4298 4307 4306
f 4298 4299 4307
f 4299 4308 4307
f 4299 4300 4308
f 4300 4301 4308
f 4308 4301 4309
f 4301 4295 4309
f 4309 4295 4303
f 4303 4302 4310
f 4302 4304 4310
f 4304 4305 4310
f 4305 4306 4310
f 4306 4307 4310
f 4307 4308 4310
f 4308 4309 4310
f 4309 4303 4310
f 4311 4312 4313
f 4312 4314 4313
f 4313 4314 4315
f 4313 4315 4316
f 4316 4317 4313
f 4317 4318 4313
f 4313 4318 4319
f 4313 4319 4311
f 4311 4320 4312
f 4320 4321 4312
f 4312 4321 4314
f 4321 4322 4314
f 4314 4322 4323
f 4314 4323 4315
f 4315 4323 4324
f 4315 4324 4316
f 4316 4324 4317
f 4324 4325 4317
f 4317 4325 4318
f 4325 4326 4318
f 4318 4326 4327
f 4318 4327 4319
f 4319 4327 4320
f 4319 4320 4311
f 4320 4328 4321
f 4328 4329 4321
f 4321 4329 4322
f 4329 4330 4322
f 4322 4330 4331
f 4322 4331 4323
f 4323 4331 4332
f 4323 4332 4324
f 4324 4332 4325
f 4332 4333 4325
f 4325 4333 4326
f 4333 4334 4326
f 4326 4334 4335
f 4326 4335 4327
f 4327 4335 4328
f 4327 4328 4320
f 4328 4336 4329
f 4336 4337 4329
f 4329 4337 4330
f 4337 4338 4330
f 4330 4338 4339
f 4330 4339 4331
f 4331 4339 4340
f 4331 4340 4332
f 4332 4340 4333
f 4340 4341 4333
f 4333 4341 4334
f 4341 4342 4334
f 4334 4342 4343
f 4334 4343 4335
f 4335 4343 4336
f 4335 4336 4328
f 4336 4344 4337
f 4344 4345 4337
f 4337 4345 4338
f 4345 4346 4338
f 4338 4346 4347
f 4338 4347 4339
f 4339 4347 4348
f 4339 4348 4340
f 4340 4348 4341
f 4348 4349 4341
f 4341 4349 4342
f 4349 4350 4342
f 4342 4350 4351
f 4342 4351 4343
f 4343 4351 4344
f 4343 4344 4336
f 4344 4352 4345
f 4352 4353 4345
f 4345 4353 4346
f 4353 4354 4346
f 4346 4354 4355
f 4346 4355 4347
f 4347 4355 4356
f 4347 4356 4348
f 4348 4356 4349
f 4356 4357 4349
f 4349 4357 4350
f 4357 4358 4350
f 4350 4358 4359
f 4350 4359 4351
f 4351 4359 4352
f 4351 4352 4344
f 4352 4360 4353
f 4360 4361 4353
f 4353 4361 4354
f 4361 4362 4354
f 4354 4362 4363
f 4354 4363 4355
f 4355 4363 4364
f 4355 4364 4356
f 4356 4364 4357
f 4364 4365 4357
f 4357 4365 4358
f 4365 4366 4358
f 4358 4366 4367
f 4358 4367 4359
f 4359 4367 4360
f 4359 4360 4352
f 4360 4368 4361
f 4368 4369 4361
f 4361 4369 4362
f 4369 4370 4362
f 4362 4370 4371
f 4362 4371 4363
f 4363 4371 4372
f 4363 4372 4364
f 4364 4372 4365
f 4372 4373 4365
f 4365 4373 4366
f 4373 4374 4366
f 4366 4374 4375
f 4366 4375 4367
f 4367 4375 4368
f 4367 4368 4360
f 4368 4376 4369
f 4376 4377 4369
f 4369 4377 4370
f 4377 4378 4370
f 4370 4378 4379
f 4370 4379 4371
f 4371 4379 4380
f 4371 4380 4372
f 4372 4380 4373
f 4380 4381 4373
f 4373 4381 4374
f 4381 4382 4374
f 4374 4382 4383
f 4374 4383 4375
f 4375 4383 4376
f 4375 4376 4368
f 4376 4384 4385
f 4376 4385 4377
f 4377 4385 4386
f 4377 4386 4378
f 4378 4386 4379
f 4386 4387 4379
f 4379 4387 4380
f 4387 4388 4380
f 4380 4388 4389
f 4380 4389 4381
f 4381 4389 4390
f 4381 4390 4382
f 4382 4390 4383
f 4390 4391 4383
f 4383 4391 4376
f 4391 4384 4376
f 4384 4392 4393
f 4384 4393 4385
f 4385 4393 4394
f 4385 4394 4386
f 4386 4394 4387
f 4394 4395 4387
f 4387 4395 4388
f 4395 4396 4388
f 4388 4396 4397
f 4388 4397 4389
f 4389 4397 4398
f 4389 4398 4390
f 4390 4398 4391
f 4398 4399 4391
f 4391 4399 4384
f 4399 4392 4384
f 4392 4400 4401
f 4392 4401 4393
f 4393 4401 4402
f 4393 4402 4394
f 4394 4402 4395
f 4402 4403 4395
f 4395 4403 4396
f 4403 4404 4396
f 4396 4404 4405
f 4396 4405 4397
f 4397 4405 4406
f 4397 4406 4398
f 4398 4406 4399
f 4406 4407 4399
f 4399 4407 4392
f 4407 4400 4392
f 4400 4408 4409
f 4400 4409 4401
f 4401 4409 4410
f 4401 4410 4402
f 4402 4410 4403
f 4410 4411 4403
f 4403 4411 4404
f 4411 4412 4404
f 4404 4412 4413
f 4404 4413 4405
f 4405 4413 4414
f 4405 4414 4406
f 4406 4414 4407
f 4414 4415 4407
f 4407 4415 4400
f 4415 4408 4400
f 4408 4416 4417
f 4408 4417 4409
f 4409 4417 4418
f 4409 4418 4410
f 4410 4418 4411
f 4418 4419 4411
f 4411 4419 4412
f 4419 4420 4412
f 4412 4420 4421
f 4412 4421 4413
f 4413 4421 4422
f 4413 4422 4414
f 4414 4422 4415
f 4422 4423 4415
f 4415 4423 4408
f 4423 4416 4408
f 4416 4424 4425
f 4416 4425 4417
f 4417 4425 4426
f 4417 4426 4418
f 4418 4426 4419
f 4426 4427 4419
f 4419 4427 4420
f 4427 4428 4420
f 4420 4428 4429
f 4420 4429 4421
f 4421 4429 4430
f 4421 4430 4422
f 4422 4430 4423
f 4430 4431 4423
f 4423 4431 4416
f 4431 4424 4416
f 4424 4432 4433
f 4424 4433 4425
f 4425 4433 4434
f 4425 4434 4426
f 4426 4434 4427
f 4434 4435 4427
f 4427 4435 4428
f 4435 4436 4428
f 4428 4436 4437
f 4428 4437 4429
f 4429 4437 4438
f 4429 4438 4430
f 4430 4438 4431
f 4438 4439 4431
f 4431 4439 4424
f 4439 4432 4424
f 4432 4440 4441
f 4432 4441 4433
f 4433 4441 4442
f 4433 4442 4434
f 4434 4442 4435
f 4442 4443 4435
f 4435 4443 4436
f 4443 4444 4436
f 4436 4444 4445
f 4436 4445 4437
f 4437 4445 4446
f 4437 4446 4438
f 4438 4446 4439
f 4446 4447 4439
f 4439 4447 4432
f 4447 4440 4432
f 4440 4448 4441
f 4441 4448 4442
f 4442 4448 4443
f 4443 4448 4444
f 4444 4448 4445
f 4445 4448 4446
f 4446 4448 4447
f 4447 4448 4440
f 4449 4450 4451
f 4450 4452 4451
f 4451 4452 4453
f 4452 4454 4453
f 4453 4454 4455
f 4454 4456 4455
f 4455 4456 4457
f 4456 4458 4457
f 4457 4458 4459
f 4458 4460 4459
f 4459 4460 4461
f 4460 4462 4461
f 4461 4462 4463
f 4462 4464 4463
f 4463 4464 4465
f 4464 4466 4465
f 4464 4467 4466
f 4467 4468 4466
f 4467 4469 4468
f 4469 4470 4468
f 4469 4471 4470
f 4471 4472 4470
f 4471 4473 4472
f 4473 4474 4472
f 4473 4475 4474
f 4475 4476 4474
f 4475 4477 4476
f 4477 4478 4476
f 4477 4479 4478
f 4479 4480 4478
f 4480 4479 4481
f 4479 4477 4481
f 4481 4477 4482
f 4477 4475 4482
f 4482 4475 4483
f 4475 4473 4483
f 4483 4473 4484
f 4473 4471 4484
f 4484 4471 4485
f 4471 4469 4485
f 4485 4469 4486
f 4469 4467 4486
f 4486 4467 4487
f 4467 4464 4487
f 4487 4464 4488
f 4464 4489 4488
f 4464 4462 4489
f 4462 4490 4489
f 4462 4460 4490
f 4460 4491 4490
f 4460 4458 4491
f 4458 4492 4491
f 4458 4456 4492
f 4456 4493 4492
f 4456 4454 4493
f 4454 4494 4493
f 4454 4452 4494
f 4452 4495 4494
f 4452 4450 4495
f 4450 4449 4495
f 4449 4451 4496
f 4451 4453 4496
f 4496 4453 4497
f 4453 4455 4497
f 4497 4455 4498
f 4455 4457 4498
f 4498 4457 4499
f 4457 4459 4499
f 4499 4459 4500
f 4459 4461 4500
f 4500 4461 4501
f 4461 4463 4501
f 4501 4463 4502
f 4463 4465 4502
f 4502 4465 4503
f 4465 4504 4503
f 4465 4466 4504
f 4466 4505 4504
f 4466 4468 4505
f 4468 4506 4505
f 4468 4470 4506
f 4470 4507 4506
f 4470 4472 4507
f 4472 4508 4507
f 4472 4474 4508
f 4474 4509 4508
f 4474 4476 4509
f 4476 4510 4509
f 4476 4478 4510
f 4478 4480 4510
f 4480 4481 4511
f 4481 4482 4511
f 4511 4482 4512
f 4482 4483 4512
f 4512 4483 4513
f 4483 4484 4513
f 4513 4484 4514
f 4484 4485 4514
f 4514 4485 4515
f 4485 4486 4515
f 4515 4486 4516
f 4486 4487 4516
f 4516 4487 4517
f 4487 4488 4517
f 4517 4488 4518
f 4488 4519 4518
f 4488 4489 4519
f 4489 4520 4519
f 4489 4490 4520
f 4490 4521 4520
f 4490 4491 4521
f 4491 4522 4521
f 4491 4492 4522
f 4492 4523 4522
f 4492 4493 4523
f 4493 4524 4523
f 4493 4494 4524
f 4494 4525 4524
f 4494 4495 4525
f 4495 4449 4525
f 4449 4496 4526
f 4526 4496 4527
f 4496 4497 4527
f 4527 4497 4528
f 4497 4498 4528
f 4528 4498 4529
f 4498 4499 4529
f 4529 4499 4530
f 4499 4500 4530
f 4530 4500 4531
f 4500 4501 4531
f 4531 4501 4532
f 4501 4502 4532
f 4532 4502 4533
f 4502 4503 4533
f 4533 4503 4534
f 4503 4535 4534
f 4503 4504 4535
f 4504 4536 4535
f 4504 4505 4536
f 4505 4537 4536
f 4505 4506 4537
f 4506 4538 4537
f 4506 4507 4538
f 4507 4539 4538
f 4507 4508 4539
f 4508 4540 4539
f 4508 4509 4540
f 4509 4541 4540
f 4509 4510 4541
f 4510 4542 4541
f 4510 4480 4542
f 4480 4511 4542
f 4542 4511 4543
f 4511 4512 4543
f 4543 4512 4544
f 4512 4513 4544
f 4544 4513 4545
f 4513 4514 4545
f 4545 4514 4546
f 4514 4515 4546
f 4546 4515 4547
f 4515 4516 4547
f 4547 4516 4548
f 4516 4517 4548
f 4548 4517 4549
f 4517 4518 4549
f 4549 4518 4550
f 4518 4551 4550
f 4518 4519 4551
f 4519 4552 4551
f 4519 4520 4552
f 4520 4553 4552
f 4520 4521 4553
f 4521 4554 4553
f 4521 4522 4554
f 4522 4555 4554
f 4522 4523 4555
f 4523 4556 4555
f 4523 4524 4556
f 4524 4557 4556
f 4524 4525 4557
f 4525 4526 4557
f 4525 4449 4526
f 4526 4527 4558
f 4558 4527 4559
f 4527 4528 4559
f 4559 4528 4560
f 4528 4529 4560
f 4560 4529 4561
f 4529 4530 4561
f 4561 4530 4562
f 4530 4531 4562
f 4562 4531 4563
f 4531 4532 4563
f 4563 4532 4564
f 4532 4533 4564
f 4564 4533 4565
f 4533 4534 4565
f 4565 4534 4566
f 4534 4567 4566
f 4534 4535 4567
f 4535 4568 4567
f 4535 4536 4568
f 4536 4569 4568
f 4536 4537 4569
f 4537 4570 4569
f 4537 4538 4570
f 4538 4571 4570
f 4538 4539 4571
f 4539 4572 4571
f 4539 4540 4572
f 4540 4573 4572
f 4540 4541 4573
f 4541 4574 4573
f 4541 4542 4574
f 4542 4543 4574
f 4574 4543 4575
f 4543 4544 4575
f 4575 4544 4576
f 4544 4545 4576
f 4576 4545 4577
f 4545 4546 4577
f 4577 4546 4578
f 4546 4547 4578
f 4578 4547 4579
f 4547 4548 4579
f 4579 4548 4580
f 4548 4549 4580
f 4580 4549 4581
f 4549 4550 4581
f 4581 4550 4582
f 4550 4583 4582
f 4550 4551 4583
f 4551 4584 4583
f 4551 4552 4584
f 4552 4585 4584
f 4552 4553 4585
f 4553 4586 4585
f 4553 4554 4586
f 4554 4587 4586
f 4554 4555 4587
f 4555 4588 4587
f 4555 4556 4588
f 4556 4589 4588
f 4556 4557 4589
f 4557 4558 4589
f 4557 4526 4558
f 4558 4559 4590
f 4590 4559 4591
f 4559 4560 4591
f 4591 4560 4592
f 4560 4561 4592
f 4592 4561 4593
f 4561 4562 4593
f 4593 4562 4594
f 4562 4563 4594
f 4594 4563 4595
f 4563 4564 4595
f 4595 4564 4596
f 4564 4565 4596
f 4596 4565 4597
f 4565 4566 4597
f 4597 4566 4598
f 4566 4599 4598
f 4566 4567 4599
f 4567 4600 4599
f 4567 4568 4600
f 4568 4601 4600
f 4568 4569 4601
f 4569 4602 4601
f 4569 4570 4602
f 4570 4603 4602
f 4570 4571 4603
f 4571 4604 4603
f 4571 4572 4604
f 4572 4605 4604
f 4572 4573 4605
f 4573 4606 4605
f 4573 4574 4606
f 4574 4575 4606
f 4606 4575 4607
f 4575 4576 4607
f 4607 4576 4608
f 4576 4577 4608
f 4608 4577 4609
f 4577 4578 4609
f 4609 4578 4610
f 4578 4579 4610
f 4610 4579 4611
f 4579 4580 4611
f 4611 4580 4612
f 4580 4581 4612
f 4612 4581 4613
f 4581 4582 4613
f 4613 4582 4614
f 4582 4615 4614
f 4582 4583 4615
f 4583 4616 4615
f 4583 4584 4616
f 4584 4617 4616
f 4584 4585 4617
f 4585 4618 4617
f 4585 4586 4618
f 4586 4619 4618
f 4586 4587 4619
f 4587 4620 4619
f 4587 4588 4620
f 4588 4621 4620
f 4588 4589 4621
f 4589 4590 4621
f 4589 4558 4590
f 4590 4622 4623
f 4590 4591 4622
f 4591 4624 4622
f 4591 4592 4624
f 4592 4625 4624
f 4592 4593 4625
f 4593 4626 4625
f 4593 4594 4626
f 4594 4627 4626
f 4594 4595 4627
f 4595 4628 4627
f 4595 4596 4628
f 4596 4629 4628
f 4596 4597 4629
f 4597 4630 4629
f 4597 4598 4630
f 4598 4599 4630
f 4630 4599 4631
f 4599 4600 4631
f 4631 4600 4632
f 4600 4601 4632
f 4632 4601 4633
f 4601 4602 4633
f 4633 4602 4634
f 4602 4603 4634
f 4634 4603 4635
f 4603 4604 4635
f 4635 4604 4636
f 4604 4605 4636
f 4636 4605 4637
f 4605 4606 4637
f 4637 4606 4638
f 4606 4639 4638
f 4606 4607 4639
f 4607 4640 4639
f 4607 4608 4640
f 4608 4641 4640
f 4608 4609 4641
f 4609 4642 4641
f 4609 4610 4642
f 4610 4643 4642
f 4610 4611 4643
f 4611 4644 4643
f 4611 4612 4644
f 4612 4645 4644
f 4612 4613 4645
f 4613 4646 4645
f 4613 4614 4646
f 4614 4615 4646
f 4646 4615 4647
f 4615 4616 4647
f 4647 4616 4648
f 4616 4617 4648
f 4648 4617 4649
f 4617 4618 4649
f 4649 4618 4650
f 4618 4619 4650
f 4650 4619 4651
f 4619 4620 4651
f 4651 4620 4652
f 4620 4621 4652
f 4652 4621 4653
f 4621 4590 4653
f 4653 4590 4623
f 4623 4654 4655
f 4623 4622 4654
f 4622 4656 4654
f 4622 4624 4656
f 4624 4657 4656
f 4624 4625 4657
f 4625 4658 4657
f 4625 4626 4658
f 4626 4659 4658
f 4626 4627 4659
f 4627 4660 4659
f 4627 4628 4660
f 4628 4661 4660
f 4628 4629 4661
f 4629 4662 4661
f 4629 4630 4662
f 4630 4631 4662
f 4662 4631 4663
f 4631 4632 4663
f 4663 4632 4664
f 4632 4633 4664
f 4664 4633 4665
f 4633 4634 4665
f 4665 4634 4666
f 4634 4635 4666
f 4666 4635 4667
f 4635 4636 4667
f 4667 4636 4668
f 4636 4637 4668
f 4668 4637 4669
f 4637 4638 4669
f 4669 4638 4670
f 4638 4671 4670
f 4638 4639 4671
f 4639 4672 4671
f 4639 4640 4672
f 4640 4673 4672
f 4640 4641 4673
f 4641 4674 4673
f 4641 4642 4674
f 4642 4675 4674
f 4642 4643 4675
f 4643 4676 4675
f 4643 4644 4676
f 4644 4677 4676
f 4644 4645 4677
f 4645 4678 4677
f 4645 4646 4678
f 4646 4647 4678
f 4678 4647 4679
f 4647 4648 4679
f 4679 4648 4680
f 4648 4649 4680
f 4680 4649 4681
f 4649 4650 4681
f 4681 4650 4682
f 4650 4651 4682
f 4682 4651 4683
f 4651 4652 4683
f 4683 4652 4684
f 4652 4653 4684
f 4684 4653 4685
f 4653 4623 4685
f 4685 4623 4655
f 4655 4654 4686
f 4654 4687 4686
f 4654 4656 4687
f 4656 4688 4687
f 4656 4657 4688
f 4657 4689 4688
f 4657 4658 4689
f 4658 4690 4689
f 4658 4659 4690
f 4659 4691 4690
f 4659 4660 4691
f 4660 4692 4691
f 4660 4661 4692
f 4661 4693 4692
f 4661 4662 4693
f 4662 4663 4693
f 4693 4663 4694
f 4663 4664 4694
f 4694 4664 4695
f 4664 4665 4695
f 4695 4665 4696
f 4665 4666 4696
f 4696 4666 4697
f 4666 4667 4697
f 4697 4667 4698
f 4667 4668 4698
f 4698 4668 4699
f 4668 4669 4699
f 4699 4669 4700
f 4669 4670 4700
f 4670 4671 4701
f 4671 4702 4701
f 4671 4672 4702
f 4672 4703 4702
f 4672 4673 4703
f 4673 4704 4703
f 4673 4674 4704
f 4674 4705 4704
f 4674 4675 4705
f 4675 4706 4705
f 4675 4676 4706
f 4676 4707 4706
f 4676 4677 4707
f 4677 4708 4707
f 4677 4678 4708
f 4678 4679 4708
f 4708 4679 4709
f 4679 4680 4709
f 4709 4680 4710
f 4680 4681 4710
f 4710 4681 4711
f 4681 4682 4711
f 4711 4682 4712
f 4682 4683 4712
f 4712 4683 4713
f 4683 4684 4713
f 4713 4684 4714
f 4684 4685 4714
f 4714 4685 4715
f 4685 4655 4715
f 4655 4686 4716
f 4686 4717 4716
f 4686 4687 4717
f 4687 4718 4717
f 4687 4688 4718
f 4688 4719 4718
f 4688 4689 4719
f 4689 4720 4719
f 4689 4690 4720
f 4690 4721 4720
f 4690 4691 4721
f 4691 4722 4721
f 4691 4692 4722
f 4692 4723 4722
f 4692 4693 4723
f 4693 4694 4723
f 4723 4694 4724
f 4694 4695 4724
f 4724 4695 4725
f 4695 4696 4725
f 4725 4696 4726
f 4696 4697 4726
f 4726 4697 4727
f 4697 4698 4727
f 4727 4698 4728
f 4698 4699 4728
f 4728 4699 4729
f 4699 4700 4729
f 4729 4700 4730
f 4700 4670 4730
f 4670 4701 4730
f 4701 4729 4730
f 4701 4702 4729
f 4702 4728 4729
f 4702 4703 4728
f 4703 4727 4728
f 4703 4704 4727
f 4704 4726 4727
f 4704 4705 4726
f 4705 4725 4726
f 4705 4706 4725
f 4706 4724 4725
f 4706 4707 4724
f 4707 4723 4724
f 4707 4708 4723
f 4708 4709 4723
f 4723 4709 4722
f 4709 4710 4722
f 4722 4710 4721
f 4710 4711 4721
f 4721 4711 4720
f 4711 4712 4720
f 4720 4712 4719
f 4712 4713 4719
f 4719 4713 4718
f 4713 4714 4718
f 4718 4714 4717
f 4714 4715 4717
f 4717 4715 4716
f 4715 4655 4716
f 4449 4495 4450
f 4450 4495 4452
f 4495 4494 4452
f 4452 4494 4454
f 4494 4493 4454
f 4454 4493 4456
f 4493 4492 4456
f 4456 4492 4458
f 4492 4491 4458
f 4458 4491 4460
f 4491 4490 4460
f 4460 4490 4462
f 4490 4489 4462
f 4462 4489 4464
f 4489 4488 4464
f 4464 4488 4487
f 4464 4487 4467
f 4467 4487 4486
f 4467 4486 4469
f 4469 4486 4485
f 4469 4485 4471
f 4471 4485 4484
f 4471 4484 4473
f 4473 4484 4483
f 4473 4483 4475
f 4475 4483 4482
f 4475 4482 4477
f 4477 4482 4481
f 4477 4481 4479
f 4479 4481 4480
f 4480 4478 4479
f 4479 4478 4477
f 4478 4476 4477
f 4477 4476 4475
f 4476 4474 4475
f 4475 4474 4473
f 4474 4472 4473
f 4473 4472 4471
f 4472 4470 4471
f 4471 4470 4469
f 4470 4468 4469
f 4469 4468 4467
f 4468 4466 4467
f 4467 4466 4464
f 4466 4465 4464
f 4464 4465 4463
f 4464 4463 4462
f 4462 4463 4461
f 4462 4461 4460
f 4460 4461 4459
f 4460 4459 4458
f 4458 4459 4457
f 4458 4457 4456
f 4456 4457 4455
f 4456 4455 4454
f 4454 4455 4453
f 4454 4453 4452
f 4452 4453 4451
f 4452 4451 4450
f 4450 4451 4449
f 4449 4525 4495
f 4495 4525 4494
f 4525 4524 4494
f 4494 4524 4493
f 4524 4523 4493
f 4493 4523 4492
f 4523 4522 4492
f 4492 4522 4491
f 4522 4521 4491
f 4491 4521 4490
f 4521 4520 4490
f 4490 4520 4489
f 4520 4519 4489
f 4489 4519 4488
f 4519 4518 4488
f 4488 4518 4517
f 4488 4517 4487
f 4487 4517 4516
f 4487 4516 4486
f 4486 4516 4515
f 4486 4515 4485
f 4485 4515 4514
f 4485 4514 4484
f 4484 4514 4513
f 4484 4513 4483
f 4483 4513 4512
f 4483 4512 4482
f 4482 4512 4511
f 4482 4511 4481
f 4481 4511 4480
f 4480 4510 4478
f 4478 4510 4476
f 4510 4509 4476
f 4476 4509 4474
f 4509 4508 4474
f 4474 4508 4472
f 4508 4507 4472
f 4472 4507 4470
f 4507 4506 4470
f 4470 4506 4468
f 4506 4505 4468
f 4468 4505 4466
f 4505 4504 4466
f 4466 4504 4465
f 4504 4503 4465
f 4465 4503 4502
f 4465 4502 4463
f 4463 4502 4501
f 4463 4501 4461
f 4461 4501 4500
f 4461 4500 4459
f 4459 4500 4499
f 4459 4499 4457
f 4457 4499 4498
f 4457 4498 4455
f 4455 4498 4497
f 4455 4497 4453
f 4453 4497 4496
f 4453 4496 4451
f 4451 4496 4449
f 4449 4526 4525
f 4526 4557 4525
f 4525 4557 4524
f 4557 4556 4524
f 4524 4556 4523
f 4556 4555 4523
f 4523 4555 4522
f 4555 4554 4522
f 4522 4554 4521
f 4554 4553 4521
f 4521 4553 4520
f 4553 4552 4520
f 4520 4552 4519
f 4552 4551 4519
f 4519 4551 4518
f 4551 4550 4518
f 4518 4550 4549
f 4518 4549 4517
f 4517 4549 4548
f 4517 4548 4516
f 4516 4548 4547
f 4516 4547 4515
f 4515 4547 4546
f 4515 4546 4514
f 4514 4546 4545
f 4514 4545 4513
f 4513 4545 4544
f 4513 4544 4512
f 4512 4544 4543
f 4512 4543 4511
f 4511 4543 4542
f 4511 4542 4480
f 4480 4542 4510
f 4542 4541 4510
f 4510 4541 4509
f 4541 4540 4509
f 4509 4540 4508
f 4540 4539 4508
f 4508 4539 4507
f 4539 4538 4507
f 4507 4538 4506
f 4538 4537 4506
f 4506 4537 4505
f 4537 4536 4505
f 4505 4536 4504
f 4536 4535 4504
f 4504 4535 4503
f 4535 4534 4503
f 4503 4534 4533
f 4503 4533 4502
f 4502 4533 4532
f 4502 4532 4501
f 4501 4532 4531
f 4501 4531 4500
f 4500 4531 4530
f 4500 4530 4499
f 4499 4530 4529
f 4499 4529 4498
f 4498 4529 4528
f 4498 4528 4497
f 4497 4528 4527
f 4497 4527 4496
f 4496 4527 4526
f 4496 4526 4449
f 4526 4558 4557
f 4558 4589 4557
f 4557 4589 4556
f 4589 4588 4556
f 4556 4588 4555
f 4588 4587 4555
f 4555 4587 4554
f 4587 4586 4554
f 4554 4586 4553
f 4586 4585 4553
f 4553 4585 4552
f 4585 4584 4552
f 4552 4584 4551
f 4584 4583 4551
f 4551 4583 4550
f 4583 4582 4550
f 4550 4582 4581
f 4550 4581 4549
f 4549 4581 4580
f 4549 4580 4548
f 4548 4580 4579
f 4548 4579 4547
f 4547 4579 4578
f 4547 4578 4546
f 4546 4578 4577
f 4546 4577 4545
f 4545 4577 4576
f 4545 4576 4544
f 4544 4576 4575
f 4544 4575 4543
f 4543 4575 4574
f 4543 4574 4542
f 4542 4574 4541
f 4574 4573 4541
f 4541 4573 4540
f 4573 4572 4540
f 4540 4572 4539
f 4572 4571 4539
f 4539 4571 4538
f 4571 4570 4538
f 4538 4570 4537
f 4570 4569 4537
f 4537 4569 4536
f 4569 4568 4536
f 4536 4568 4535
f 4568 4567 4535
f 4535 4567 4534
f 4567 4566 4534
f 4534 4566 4565
f 4534 4565 4533
f 4533 4565 4564
f 4533 4564 4532
f 4532 4564 4563
f 4532 4563 4531
f 4531 4563 4562
f 4531 4562 4530
f 4530 4562 4561
f 4530 4561 4529
f 4529 4561 4560
f 4529 4560 4528
f 4528 4560 4559
f 4528 4559 4527
f 4527 4559 4558
f 4527 4558 4526
f 4558 4590 4589
f 4590 4621 4589
f 4589 4621 4588
f 4621 4620 4588
f 4588 4620 4587
f 4620 4619 4587
f 4587 4619 4586
f 4619 4618 4586
f 4586 4618 4585
f 4618 4617 4585
f 4585 4617 4584
f 4617 4616 4584
f 4584 4616 4583
f 4616 4615 4583
f 4583 4615 4582
f 4615 4614 4582
f 4582 4614 4613
f 4582 4613 4581
f 4581 4613 4612
f 4581 4612 4580
f 4580 4612 4611
f 4580 4611 4579
f 4579 4611 4610
f 4579 4610 4578
f 4578 4610 4609
f 4578 4609 4577
f 4577 4609 4608
f 4577 4608 4576
f 4576 4608 4607
f 4576 4607 4575
f 4575 4607 4606
f 4575 4606 4574
f 4574 4606 4573
f 4606 4605 4573
f 4573 4605 4572
f 4605 4604 4572
f 4572 4604 4571
f 4604 4603 4571
f 4571 4603 4570
f 4603 4602 4570
f 4570 4602 4569
f 4602 4601 4569
f 4569 4601 4568
f 4601 4600 4568
f 4568 4600 4567
f 4600 4599 4567
f 4567 4599 4566
f 4599 4598 4566
f 4566 4598 4597
f 4566 4597 4565
f 4565 4597 4596
f 4565 4596 4564
f 4564 4596 4595
f 4564 4595 4563
f 4563 4595 4594
f 4563 4594 4562
f 4562 4594 4593
f 4562 4593 4561
f 4561 4593 4592
f 4561 4592 4560
f 4560 4592 4591
f 4560 4591 4559
f 4559 4591 4590
f 4559 4590 4558
f 4590 4623 4653
f 4590 4653 4621
f 4621 4653 4652
f 4621 4652 4620
f 4620 4652 4651
f 4620 4651 4619
f 4619 4651 4650
f 4619 4650 4618
f 4618 4650 4649
f 4618 4649 4617
f 4617 4649 4648
f 4617 4648 4616
f 4616 4648 4647
f 4616 4647 4615
f 4615 4647 4646
f 4615 4646 4614
f 4614 4646 4613
f 4646 4645 4613
f 4613 4645 4612
f 4645 4644 4612
f 4612 4644 4611
f 4644 4643 4611
f 4611 4643 4610
f 4643 4642 4610
f 4610 4642 4609
f 4642 4641 4609
f 4609 4641 4608
f 4641 4640 4608
f 4608 4640 4607
f 4640 4639 4607
f 4607 4639 4606
f 4639 4638 4606
f 4606 4638 4637
f 4606 4637 4605
f 4605 4637 4636
f 4605 4636 4604
f 4604 4636 4635
f 4604 4635 4603
f 4603 4635 4634
f 4603 4634 4602
f 4602 4634 4633
f 4602 4633 4601
f 4601 4633 4632
f 4601 4632 4600
f 4600 4632 4631
f 4600 4631 4599
f 4599 4631 4630
f 4599 4630 4598
f 4598 4630 4597
f 4630 4629 4597
f 4597 4629 4596
f 4629 4628 4596
f 4596 4628 4595
f 4628 4627 4595
f 4595 4627 4594
f 4627 4626 4594
f 4594 4626 4593
f 4626 4625 4593
f 4593 4625 4592
f 4625 4624 4592
f 4592 4624 4591
f 4624 4622 4591
f 4591 4622 4590
f 4622 4623 4590
f 4623 4655 4685
f 4623 4685 4653
f 4653 4685 4684
f 4653 4684 4652
f 4652 4684 4683
f 4652 4683 4651
f 4651 4683 4682
f 4651 4682 4650
f 4650 4682 4681
f 4650 4681 4649
f 4649 4681 4680
f 4649 4680 4648
f 4648 4680 4679
f 4648 4679 4647
f 4647 4679 4678
f 4647 4678 4646
f 4646 4678 4645
f 4678 4677 4645
f 4645 4677 4644
f 4677 4676 4644
f 4644 4676 4643
f 4676 4675 4643
f 4643 4675 4642
f 4675 4674 4642
f 4642 4674 4641
f 4674 4673 4641
f 4641 4673 4640
f 4673 4672 4640
f 4640 4672 4639
f 4672 4671 4639
f 4639 4671 4638
f 4671 4670 4638
f 4638 4670 4669
f 4638 4669 4637
f 4637 4669 4668
f 4637 4668 4636
f 4636 4668 4667
f 4636 4667 4635
f 4635 4667 4666
f 4635 4666 4634
f 4634 4666 4665
f 4634 4665 4633
f 4633 4665 4664
f 4633 4664 4632
f 4632 4664 4663
f 4632 4663 4631
f 4631 4663 4662
f 4631 4662 4630
f 4630 4662 4629
f 4662 4661 4629
f 4629 4661 4628
f 4661 4660 4628
f 4628 4660 4627
f 4660 4659 4627
f 4627 4659 4626
f 4659 4658 4626
f 4626 4658 4625
f 4658 4657 4625
f 4625 4657 4624
f 4657 4656 4624
f 4624 4656 4622
f 4656 4654 4622
f 4622 4654 4623
f 4654 4655 4623
f 4655 4715 4685
f 4685 4715 4714
f 4685 4714 4684
f 4684 4714 4713
f 4684 4713 4683
f 4683 4713 4712
f 4683 4712 4682
f 4682 4712 4711
f 4682 4711 4681
f 4681 4711 4710
f 4681 4710 4680
f 4680 4710 4709
f 4680 4709 4679
f 4679 4709 4708
f 4679 4708 4678
f 4678 4708 4677
f 4708 4707 4677
f 4677 4707 4676
f 4707 4706 4676
f 4676 4706 4675
f 4706 4705 4675
f 4675 4705 4674
f 4705 4704 4674
f 4674 4704 4673
f 4704 4703 4673
f 4673 4703 4672
f 4703 4702 4672
f 4672 4702 4671
f 4702 4701 4671
f 4671 4701 4670
f 4670 4700 4669
f 4669 4700 4699
f 4669 4699 4668
f 4668 4699 4698
f 4668 4698 4667
f 4667 4698 4697
f 4667 4697 4666
f 4666 4697 4696
f 4666 4696 4665
f 4665 4696 4695
f 4665 4695 4664
f 4664 4695 4694
f 4664 4694 4663
f 4663 4694 4693
f 4663 4693 4662
f 4662 4693 4661
f 4693 4692 4661
f 4661 4692 4660
f 4692 4691 4660
f 4660 4691 4659
f 4691 4690 4659
f 4659 4690 4658
f 4690 4689 4658
f 4658 4689 4657
f 4689 4688 4657
f 4657 4688 4656
f 4688 4687 4656
f 4656 4687 4654
f 4687 4686 4654
f 4654 4686 4655
f 4655 4716 4715
f 4715 4716 4717
f 4715 4717 4714
f 4714 4717 4718
f 4714 4718 4713
f 4713 4718 4719
f 4713 4719 4712
f 4712 4719 4720
f 4712 4720 4711
f 4711 4720 4721
f 4711 4721 4710
f 4710 4721 4722
f 4710 4722 4709
f 4709 4722 4723
f 4709 4723 4708
f 4708 4723 4707
f 4723 4724 4707
f 4707 4724 4706
f 4724 4725 4706
f 4706 4725 4705
f 4725 4726 4705
f 4705 4726 4704
f 4726 4727 4704
f 4704 4727 4703
f 4727 4728 4703
f 4703 4728 4702
f 4728 4729 4702
f 4702 4729 4701
f 4729 4730 4701
f 4701 4730 4670
f 4670 4730 4700
f 4700 4730 4729
f 4700 4729 4699
f 4699 4729 4728
f 4699 4728 4698
f 4698 4728 4727
f 4698 4727 4697
f 4697 4727 4726
f 4697 4726 4696
f 4696 4726 4725
f 4696 4725 4695
f 4695 4725 4724
f 4695 4724 4694
f 4694 4724 4723
f 4694 4723 4693
f 4693 4723 4692
f 4723 4722 4692
f 4692 4722 4691
f 4722 4721 4691
f 4691 4721 4690
f 4721 4720 4690
f 4690 4720 4689
f 4720 4719 4689
f 4689 4719 4688
f 4719 4718 4688
f 4688 4718 4687
f 4718 4717 4687
f 4687 4717 4686
f 4717 4716 4686
f 4686 4716 4655
