v               38                0                0
v      37.26728116                0    -0.1654220942
v        36.850057      1.599756312     0.0279238503
v      36.16361514      1.600348804    -0.1270401907
v      36.21314442                0    -0.3976811744
v      35.17605546      1.601180687    -0.3446157558
v      34.72743372                0    -0.7139699959
v      33.78417912      1.602313538    -0.6409086672
v      32.69308707                0     -1.126848104
v      31.87831752      1.603792344      -1.02768445
v      30.01511371                0     -1.635627238
v      29.36947932      1.605614638     -1.504298357
v      26.66690414                0      -2.21520878
v      26.23273562      1.607690524     -2.047238515
v      22.73974501                0     -2.806426047
v      22.55360759      1.609808087     -2.601078782
v      18.46362457                0     -3.316298653
v      18.54755791      1.611634298     -3.078717031
v      14.52464551      1.612787594     -3.380357141
v      14.16950458                0      -3.63829554
v       10.8050746      1.612980176     -3.430726399
v      10.19917608                0     -3.692064066
v      7.630317437      1.612142927     -3.211747158
v      6.810390352                0     -3.458306581
v      5.118121389      1.610423171     -2.761951587
v      4.128832772                0     -2.978155671
v      3.276127968      1.608066462     -2.145563429
v      2.162660019                0     -2.320169344
v      2.056279583      1.605294895     -1.420670973
v     0.8605746642                0     -1.546356095
v       1.41249707      1.602349812    -0.6503959823
v     0.1733910838                0    -0.7240975812
v      1.250057002      1.599756312     0.0279238503
v                0                0                0
v     0.1733910838                0     0.7240975812
v       1.41249707      1.597162812     0.7062436829
v     0.8605746642                0      1.546356095
v      2.056279583      1.594217729      1.476518673
v      2.162660019                0      2.320169344
v      3.276127968      1.591446163      2.201411129
v      4.128832772                0      2.978155671
v      5.118121389      1.589089454      2.817799288
v      6.810390352                0      3.458306581
v      7.630317437      1.587369697      3.267594859
v      10.19917608                0      3.692064066
v       10.8050746      1.586532448        3.4865741
v      14.16950458                0       3.63829554
v      14.52464551      1.586725031      3.436204841
v      18.46362457                0      3.316298653
v      18.54755791      1.587878327      3.134564731
v      22.55360759      1.589704537      2.656926482
v      22.73974501                0      2.806426047
v      26.23273562        1.5918221      2.103086215
v      26.66690414                0       2.21520878
v      29.36947932      1.593897987      1.560146058
v      30.01511371                0      1.635627238
v      31.87831752      1.595720281      1.083532151
v      32.69308707                0      1.126848104
v      33.78417912      1.597199086     0.6967563678
v      34.72743372                0     0.7139699959
v      35.17605546      1.598331938     0.4004634564
v      36.21314442                0     0.3976811744
v      36.16361514       1.59916382     0.1828878913
v      37.26728116                0     0.1654220942
v        35.700114      3.199512625     0.0558477006
v      35.05994912      3.200697609   -0.08865828722
v       34.1389665      3.202361373    -0.2915503372
v      32.84092452      3.204627076    -0.5678473385
v      31.06354797      3.207584687    -0.9285207969
v      28.72384493      3.211229275     -1.372969477
v      25.79856709      3.215381049     -1.879268249
v      22.36747017      3.219616174     -2.395731516
v      18.63149126      3.223268595     -2.841135408
v      14.87978643      3.225575187     -3.122418742
v      11.41097311      3.225960353     -3.169388732
v      8.450244523      3.224285855     -2.965187736
v      6.107410006      3.220846342     -2.545747504
v      4.389595916      3.216132923     -1.970957513
v      3.251984501       3.21058979     -1.294985851
v      2.651603057      3.204699624    -0.5766943835
v      2.500114005      3.199512625     0.0558477006
v      2.651603057      3.194325625     0.6883897847
v      3.251984501      3.188435459      1.406681252
v      4.389595916      3.182892326      2.082652914
v      6.107410006      3.178178907      2.657442905
v      8.450244523      3.174739394      3.076883137
v      11.41097311      3.173064896      3.281084133
v      14.87978643      3.173450062      3.234114143
v      18.63149126      3.175756654      2.952830809
v      22.36747017      3.179409075      2.507426917
v      25.79856709        3.1836442       1.99096365
v      28.72384493      3.187795974      1.484664878
v      31.06354797      3.191440562      1.040216198
v      32.84092452      3.194398173     0.6795427397
v       34.1389665      3.196663876     0.4032457384
v      35.05994912       3.19832764     0.2003536884
v      34.55017101      4.799268937     0.0837715509
v       33.9562831      4.801046413   -0.05027638372
v      33.10187754       4.80354206    -0.2384849186
v      31.89766992      4.806940615    -0.4947860098
v      30.24877842      4.811377031    -0.8293571435
v      28.07821054      4.816843913     -1.241640596
v      25.36439857      4.823071573     -1.711297984
v      22.18133275      4.829424261     -2.190384251
v       18.7154246      4.834902893     -2.603553785
v      15.23492735      4.838362781     -2.864480343
v      12.01687162      4.838940529     -2.908051064
v      9.270171608      4.836428782     -2.718628313
v      7.096698622      4.831269513     -2.329543421
v      5.503063865      4.824199385     -1.796351597
v      4.447689419      4.815884685     -1.169300729
v      3.890709044      4.807049437    -0.5029927847
v      3.750171007      4.799268937     0.0837715509
v      3.890709044      4.791488437     0.6705358865
v      4.447689419      4.782653188       1.33684383
v      5.503063865      4.774338488      1.963894699
v      7.096698622      4.767268361      2.497086522
v      9.270171608      4.762109092      2.886171415
v      12.01687162      4.759597344      3.075594166
v      15.23492735      4.760175093      3.032023445
v       18.7154246      4.763634981      2.771096887
v      22.18133275      4.769113612      2.357927352
v      25.36439857        4.7754663      1.878841086
v      28.07821054      4.781693961      1.409183698
v      30.24877842      4.787160843     0.9969002453
v      31.89766992      4.791597259     0.6623291116
v      33.10187754      4.794995813     0.4060280204
v       33.9562831       4.79749146     0.2178194855
v      33.40022801      6.399025249     0.1116954012
v      32.85261708      6.401395218   -0.01189448021
v      32.06478858      6.404722747       -0.1854195
v      30.95441532      6.409254153    -0.4217246811
v      29.43400887      6.415169374    -0.7301934901
v      27.43257615       6.42245855     -1.110311715
v      24.93023005      6.430762098     -1.543327718
v      21.99519533      6.439232348     -1.985036985
v      18.79935795       6.44653719     -2.365972163
v      15.59006828      6.451150375     -2.606541944
v      12.62277014      6.451920705     -2.646713397
v      10.09009869      6.448571709     -2.472068891
v      8.085987239      6.441692684     -2.113339337
v      6.616531814      6.432265847     -1.621745682
v      5.643394338      6.421179581     -1.043615607
v       5.12981503      6.409399249    -0.4292911859
v       5.00022801      6.399025249     0.1116954012
v       5.12981503      6.388651249     0.6526819883
v      5.643394338      6.376870917      1.267006409
v      6.616531814      6.365784651      1.845136484
v      8.085987239      6.356357814       2.33673014
v      10.09009869      6.349478789      2.695459693
v      12.62277014      6.346129793      2.870104199
v      15.59006828      6.346900123      2.829932747
v      18.79935795      6.351513308      2.589362965
v      21.99519533       6.35881815      2.208427787
v      24.93023005        6.3672884      1.766718521
v      27.43257615      6.375591948      1.333702518
v      29.43400887      6.382881124     0.9535842925
v      30.95441532      6.388796345     0.6451154835
v      32.06478858      6.393327751     0.4088103024
v      32.85261708       6.39665528     0.2352852826
v      32.25028501      7.998781561     0.1396192515
v      31.74895107      8.001744022    0.02648742329
v      31.02769962      8.005903434    -0.1323540814
v      30.01116072      8.011567691    -0.3486633524
v      28.61923932      8.018961718    -0.6310298367
v      26.78694176      8.028073188    -0.9789828345
v      24.49606153      8.038452622     -1.375357453
v      21.80905791      8.049040435     -1.779689719
v      18.88329129      8.058171488      -2.12839054
v       15.9452092      8.063937968     -2.348603545
v      13.22866865      8.064900882      -2.38537573
v      10.91002578      8.060714636     -2.225509468
v      9.075275856      8.052115855     -1.897135254
v      7.729999762      8.040332308     -1.447139766
v      6.839099256      8.026474476    -0.9179304844
v      6.368921017      8.011749061    -0.3555895871
v      6.250285012      7.998781561     0.1396192515
v      6.368921017      7.985814061     0.6348280901
v      6.839099256      7.971088647      1.197168987
v      7.729999762      7.957230814      1.726378269
v      9.075275856      7.945447268      2.176373757
v      10.91002578      7.936848486      2.504747971
v      13.22866865      7.932662241      2.664614233
v       15.9452092      7.933625154      2.627842048
v      18.88329129      7.939391635      2.407629043
v      21.80905791      7.948522687      2.058928222
v      24.49606153        7.9591105      1.654595956
v      26.78694176      7.969489935      1.258221338
v      28.61923932      7.978601405     0.9102683397
v      30.01116072      7.985995431     0.6279018554
v      31.02769962      7.991659689     0.4115925844
v      31.74895107        7.9958191     0.2527510797
v      31.21125472      10.39731955     0.2233780436
v      30.77181804      10.39997046     0.1264377842
v      30.13964389      10.40369231   -0.00966672424
v       29.2487039      10.40876044    -0.1950071003
v      28.02885447      10.41537591    -0.4369386268
v      26.42322022      10.42352754    -0.7350544447
v      24.41596147      10.43281336     -1.074651865
v      22.06194496      10.44228644     -1.421086328
v      19.49916611      10.45046033     -1.719951427
v      16.92602017      10.45563415     -1.908962545
v      14.54712296      10.45652843     -1.941219251
v      12.51640993      10.45283913     -1.805531994
v      10.90847476      10.44522443      -1.52598291
v      9.727393346      10.43477346     -1.142529975
v      8.941391577      10.42245196    -0.6908711051
v      8.520534215      10.40923181    -0.2080211079
v      8.411254718      10.39731955     0.2233780436
v      8.520534215      10.38540728     0.6547771951
v      8.941391577      10.37218713      1.137627192
v      9.727393346      10.35986563      1.589286062
v      10.90847476      10.34941466      1.972738998
v      12.51640993      10.34179996      2.252288081
v      14.54712296      10.33811066      2.387975338
v      16.92602017      10.33900494      2.355718632
v      19.49916611      10.34417876      2.166707514
v      22.06194496      10.35235265      1.867842415
v      24.41596147      10.36182574      1.521407952
v      26.42322022      10.37111156      1.181810532
v      28.02885447      10.37926319      0.883694714
v       29.2487039      10.38587866     0.6417631874
v      30.13964389      10.39094678     0.4564228114
v      30.77181804      10.39466863      0.320318303
v      30.17222442      12.79585753     0.3071368357
v      29.79468502      12.79819691     0.2263881451
v      29.25158817      12.80148118     0.1130206329
v      28.48624708      12.80595318   -0.04135084812
v      27.43846962       12.8117901     -0.242847417
v      26.05949868      12.81898188     -0.491126055
v      24.33586141      12.82717409    -0.7739462772
v      22.31483202      12.83553244     -1.062482937
v      20.11504093      12.84274917     -1.311512313
v      17.90683114      12.84733033     -1.469321545
v      15.86557728      12.84815598     -1.497062772
v      14.12279409      12.84496363     -1.385554519
v      12.74167366      12.83833301     -1.154830567
v      11.72478693      12.82921461    -0.8379201837
v       11.0436839      12.81842945    -0.4638117258
v      10.67214741      12.80671456   -0.06045262875
v      10.57222442      12.79585753     0.3071368357
v      10.67214741       12.7850005     0.6747263001
v       11.0436839      12.77328561      1.078085397
v      11.72478693      12.76250045      1.452193855
v      12.74167366      12.75338205      1.769104238
v      14.12279409      12.74675144       1.99982819
v      15.86557728      12.74355908      2.111336443
v      17.90683114      12.74438473      2.083595216
v      20.11504093      12.74896589      1.925785984
v      22.31483202      12.75618262      1.676756608
v      24.33586141      12.76454097      1.388219949
v      26.05949868      12.77273318      1.105399726
v      27.43846962      12.77992497     0.8571210883
v      28.48624708      12.78576188     0.6556245195
v      29.25158817      12.79023388     0.5012530384
v      29.79468502      12.79351816     0.3878855263
v      29.13319413      15.19439552     0.3908956278
v      28.81755199      15.19642335     0.3263385059
v      28.36353244      15.19927006     0.2357079901
v      27.72379026      15.20314593      0.112305404
v      26.84808476      15.20820429   -0.04875620713
v      25.69577714      15.21443623    -0.2471976652
v      24.25576135      15.22153482    -0.4732406894
v      22.56771907      15.22877845    -0.7038795451
v      20.73091575      15.23503801     -0.903073199
v      18.88764211      15.23902651     -1.029680544
v      17.18403159      15.23978353     -1.052906293
v      15.72917824      15.23708812    -0.9655770437
v      14.57487256      15.23144159    -0.7836782236
v      13.72218051      15.22365576    -0.5333103927
v      13.14597622      15.21440694    -0.2367523465
v      12.82376061      15.20419731    0.08711585041
v      12.73319413      15.19439552     0.3908956278
v      12.82376061      15.18459372     0.6946754051
v      13.14597622       15.1743841      1.018543602
v      13.72218051      15.16513527      1.315101648
v      14.57487256      15.15734945      1.565469479
v      15.72917824      15.15170291      1.747368299
v      17.18403159       15.1490075      1.834697549
v      18.88764211      15.14976452        1.8114718
v      20.73091575      15.15375302      1.684864454
v      22.56771907      15.16001259      1.485670801
v      24.25576135      15.16725621      1.255031945
v      25.69577714       15.1743548      1.028988921
v      26.84808476      15.18058675     0.8305474626
v      27.72379026       15.1856451     0.6694858515
v      28.36353244      15.18952097     0.5460832654
v      28.81755199      15.19236768     0.4554527496
v      28.09416384       17.5929335     0.4746544198
v      27.84041896      17.59464979     0.4262888668
v      27.47547672      17.59705893     0.3583953473
v      26.96133344      17.60033867     0.2659616562
v      26.25769991      17.60461848     0.1453350027
v       25.3320556      17.60989058  -0.003269275442
v      24.17566129      17.61589556    -0.1725351015
v      22.82060612      17.62202445    -0.3452761537
v      21.34679057      17.62732685    -0.4946340852
v      19.86845308      17.63072269    -0.5900395442
v       18.5024859      17.63141108    -0.6087498145
v      17.33556239      17.62921262    -0.5455995688
v      16.40807146      17.62455016    -0.4125258802
v       15.7195741      17.61809691    -0.2287006017
v      15.24826854      17.61038442  -0.009692967196
v      14.97537381      17.60168006     0.2346843296
v      14.89416384       17.5929335     0.4746544198
v      14.97537381      17.58418694     0.7146245101
v      15.24826854      17.57548258     0.9590018069
v       15.7195741      17.56777009      1.178009441
v      16.40807146      17.56131684       1.36183472
v      17.33556239      17.55665438      1.494908408
v       18.5024859      17.55445592      1.558058654
v      19.86845308      17.55514431      1.539348384
v      21.34679057      17.55854015      1.443942925
v      22.82060612      17.56384255      1.294584993
v      24.17566129      17.56997145      1.121843941
v       25.3320556      17.57597642     0.9525781151
v      26.25769991      17.58124853      0.803973837
v      26.96133344      17.58552833     0.6833471835
v      27.47547672      17.58880807     0.5909134924
v      27.84041896      17.59121721     0.5230199729
v      27.05513354      19.99147149     0.5584132119
v      26.86328594      19.99287623     0.5262392277
v      26.58742099      19.99484781     0.4810827045
v      26.19887662      19.99753142     0.4196179083
v      25.66731506      20.00103266     0.3394262126
v      24.96833405      20.00534493     0.2406591143
v      24.09556123      20.01025629     0.1281704863
v      23.07349317      20.01527045    0.01332723774
v      21.96266539      20.01961569   -0.08619497136
v      20.84926405      20.02241888    -0.1503985439
v      19.82094022      20.02303863    -0.1645933357
v      18.94194654      20.02133711    -0.1256220939
v      18.24127035      20.01765874   -0.04137353676
v      17.71696768      20.01253807    0.07590918939
v      17.35056086      20.00636191     0.2173664121
v      17.12698701      19.99916281     0.3822528087
v      17.05513354      19.99147149     0.5584132119
v      17.12698701      19.98378016     0.7345736151
v      17.35056086      19.97658106     0.8994600117
v      17.71696768       19.9704049      1.040917234
v      18.24127035      19.96528423      1.158199961
v      18.94194654      19.96160586      1.242448518
v      19.82094022      19.95990434       1.28141976
v      20.84926405       19.9605241      1.267224968
v      21.96266539      19.96332728      1.203021395
v      23.07349317      19.96767252      1.103499186
v      24.09556123      19.97268668     0.9886559375
v      24.96833405      19.97759804     0.8761673095
v      25.66731506      19.98191031     0.7774002113
v      26.19887662      19.98541155     0.6972085155
v      26.58742099      19.98809516     0.6357437193
v      26.86328594      19.99006674     0.5905871962
v      27.69690609      23.74631854     0.7551964074
v      27.53960344      23.74780557     0.7289663394
v      27.31341331      23.74989258     0.6921522232
v      26.99483628      23.75273308      0.642043025
v      26.55900026      23.75643876     0.5766670573
v      25.98590136       23.7610028     0.4961475951
v         25.27032      23.76620071     0.4044419702
v      24.43234716      23.77150835     0.3108155158
v       23.5216207      23.77611095     0.2296754855
v       22.6088033      23.77908841     0.1773194604
v      21.76574739      23.77976637     0.1657174568
v      21.04510932       23.7780025     0.1974386051
v       20.4706259      23.77416193     0.2660508607
v       20.0406715      23.76880788     0.3615764682
v      19.74004824      23.76234365     0.4768008752
v      19.55629675      23.75475578     0.6111811956
v      19.49690609      23.74631854     0.7551964074
v      19.55629675      23.73788129     0.8992116192
v      19.74004824      23.73029342       1.03359194
v       20.0406715      23.72382919      1.148816347
v       20.4706259      23.71847515      1.244341954
v      21.04510932      23.71463457       1.31295421
v      21.76574739       23.7128707      1.344675358
v       22.6088033      23.71354866      1.333073354
v       23.5216207      23.71652612      1.280717329
v      24.43234716      23.72112872      1.199577299
v         25.27032      23.72643636      1.105950845
v      25.98590136      23.73163427       1.01424522
v      26.55900026      23.73619831     0.9337257575
v      26.99483628      23.73990399     0.8683497898
v      27.31341331      23.74274449     0.8182405916
v      27.53960344      23.74483151     0.7814264754
v      28.33867864      27.50116559     0.9519796029
v      28.21592094       27.5027349     0.9316934511
v      28.03940562      27.50493736     0.9032217419
v      27.79079594      27.50793475     0.8644681417
v      27.45068547      27.51184487      0.813907902
v      27.00346867      27.51666067     0.7516360758
v      26.44507878      27.52214514      0.680713454
v      25.79120116      27.52774625     0.6083037938
v        25.080576      27.53260622     0.5455459424
v      24.36834255      27.53575794     0.5050374647
v      23.71055457      27.53649411     0.4960282492
v      23.14827209      27.53466789      0.520499304
v      22.69998144      27.53066511     0.5734752582
v      22.36437531      27.52507769      0.647243747
v      22.12953562      27.51832539     0.7362353383
v       21.9856065      27.51034874     0.8401095824
v      21.93867864      27.50116559     0.9519796029
v       21.9856065      27.49198243      1.063849623
v      22.12953562      27.48400579      1.167723867
v      22.36437531      27.47725348      1.256715459
v      22.69998144      27.47166606      1.330483948
v      23.14827209      27.46766329      1.383459902
v      23.71055457      27.46583707      1.407930957
v      24.36834255      27.46657323      1.398921741
v        25.080576      27.46972496      1.358413263
v      25.79120116      27.47458493      1.295655412
v      26.44507878      27.48018604      1.223245752
v      27.00346867      27.48567051       1.15232313
v      27.45068547      27.49048631      1.090051304
v      27.79079594      27.49439642      1.039491064
v      28.03940562      27.49739381      1.000737464
v      28.21592094      27.49959627     0.9722657546
v      28.98045119      31.25601264      1.148762798
v      28.89223845      31.25766423      1.134420563
v      28.76539794      31.25998214      1.114291261
v      28.58675561      31.26313641      1.086893258
v      28.34237068      31.26725097      1.051148747
v      28.02103598      31.27231854      1.007124557
v      27.61983755      31.27808956     0.9569849379
v      27.15005515      31.28398414     0.9057920718
v      26.63953131      31.28910148     0.8614163993
v       26.1278818      31.29242747      0.832755469
v      25.65536174      31.29322185     0.8263390417
v      25.25143487      31.29133328      0.843560003
v      24.92933698       31.2871683     0.8808996557
v      24.68807912       31.2813475     0.9329110258
v        24.519023      31.27430712     0.9956698014
v      24.41491624       31.2659417      1.069037969
v      24.38045119      31.25601264      1.148762798
v      24.41491624      31.24608357      1.228487627
v        24.519023      31.23771815      1.301855795
v      24.68807912      31.23067777      1.364614571
v      24.92933698      31.22485698      1.416625941
v      25.25143487        31.220692      1.453965594
v      25.65536174      31.21880343      1.471186555
v       26.1278818       31.2195978      1.464770128
v      26.63953131      31.22292379      1.436109197
v      27.15005515      31.22804113      1.391733525
v      27.61983755      31.23393571      1.340540659
v      28.02103598      31.23970674       1.29040104
v      28.34237068      31.24477431       1.24637685
v      28.58675561      31.24888886      1.210632338
v      28.76539794      31.25204314      1.183234336
v      28.89223845      31.25436104      1.163105034
v      29.56855595      35.01259357      1.337147675
v      29.62222375      35.01085969      1.345545994
v      29.49139025      35.01502691      1.325360779
v      29.38271527      35.01833808      1.309318375
v      29.23405589      35.02265707      1.288389592
v      29.03860329       35.0279764      1.262613037
v      28.79459632      35.03403399      1.233256422
v      28.50890915      35.04022204       1.20328035
v      28.19848661      35.04559675      1.177286856
v      27.88742105      35.04909701      1.160473473
v      27.60016892      35.04994958      1.156649834
v      27.35459764      35.04799866      1.166620702
v      27.15869252      35.04367149      1.188324053
v      27.01178294      35.03761731      1.218578305
v      26.90851038      35.03028886      1.255104264
v      26.84422599      35.02153467      1.297966356
v      26.82222375      35.01085969      1.345545994
v      26.84422599      35.00018471      1.393125631
v      26.90851038      34.99143052      1.435987723
v      27.01178294      34.98410206      1.472513683
v      27.15869252      34.97804789      1.502767934
v      27.35459764      34.97372071      1.524471286
v      27.60016892      34.97176979      1.534442153
v      27.88742105      34.97262237      1.530618514
v      28.19848661      34.97612263      1.513805131
v      28.50890915      34.98149734      1.487811638
v      28.79459632      34.98768539      1.457835566
v      29.03860329      34.99374297       1.42847895
v      29.23405589      34.99906231      1.402702396
v      29.38271527       35.0033813      1.381773612
v      29.49139025      35.00669246      1.365731208
v      29.56855595      35.00912581      1.353944313
v      30.24487345       38.7675229      1.539874786
v       30.2639963      38.76570674      1.542329189
v      30.21738257      38.77007169      1.536430298
v      30.17867493      38.77353974      1.531743492
v      30.12574109      38.77806317      1.525630436
v       30.0561706      38.78363427      1.518101518
v       29.9693551      38.78997841      1.509527906
v      29.86776314      38.79645994      1.500768628
v      29.75744192      38.80209201      1.493157313
v       29.6469603      38.80576654      1.488191478
v      29.54497609      38.80667732      1.486960627
v      29.45776041      38.80466405      1.489681401
v      29.38804806      38.80017467      1.495748451
v      29.33548675      38.79388712      1.504245583
v      29.29799776       38.7862706      1.514538728
v      29.27353573      38.77712763      1.526894743
v       29.2639963      38.76570674      1.542329189
v      29.27353573      38.75428585      1.557763636
v      29.29799776      38.74514288      1.570119651
v      29.33548675      38.73752635      1.580412795
v      29.38804806      38.73123881      1.588909928
v      29.45776041      38.72674942      1.594976978
v      29.54497609      38.72473616      1.597697752
v       29.6469603      38.72564694      1.596466901
v      29.75744192      38.72932146      1.591501065
v      29.86776314      38.73495354      1.583889751
v       29.9693551      38.74143507      1.575130473
v       30.0561706      38.74777921      1.566556861
v      30.12574109      38.75335031      1.559027942
v      30.17867493      38.75787373      1.552914887
v      30.21738257      38.76134179      1.548228081
v      30.24487345      38.76389058      1.544783592
v      31.06259511      39.00717135      2.197932998
v       31.0839963      39.00512084      2.200114024
v      31.03183029      39.01004895      2.194872193
v       30.9885155      39.01396429      2.190707499
v      30.92928581      39.01907093      2.185275502
v       30.8514481      39.02536019      2.178585437
v      30.75432729      39.03252243      2.170966966
v      30.64069146       39.0398407      2.163183179
v      30.51731093      39.04620375      2.156418092
v      30.39377087      39.05036524        2.1520007
v      30.27974459      39.05141993      2.150897339
v      30.18222398       39.0491917      2.153298755
v       30.1042404      39.04418539      2.158667341
v      30.04537007      39.03716812       2.16618834
v      30.00324344      39.02866838      2.175298756
v      29.97543838      39.01844318      2.186243022
v       29.9639963      39.00512084      2.200114024
v      29.97543838       38.9917985      2.213985025
v      30.00324344       38.9815733      2.224929292
v      30.04537007      38.97307356      2.234039708
v       30.1042404      38.96605629      2.241560707
v      30.18222398      38.96104998      2.246929293
v      30.27974459      38.95882174      2.249330709
v      30.39377087      38.95987644      2.248227348
v      30.51731093      38.96403793      2.243809956
v      30.64069146      38.97040098      2.237044868
v      30.75432729      38.97771925      2.229261082
v       30.8514481      38.98488149      2.221642611
v      30.92928581      38.99117075      2.214952545
v       30.9885155      38.99627739      2.209520549
v      31.03183029      39.00019272      2.205355855
v      31.06259511      39.00307032       2.20229505
v      31.88031677      39.24681981       2.85599121
v       31.9039963      39.24453494      2.857898858
v        31.846278      39.25002622      2.853314088
v      31.79835606      39.25438883      2.849671505
v      31.73283052      39.26007869      2.844920568
v      31.64672561      39.26708611      2.839069356
v      31.53929948      39.27506645      2.832406026
v      31.41361977      39.28322145      2.825597731
v      31.27717995      39.29031549       2.81967887
v      31.14058144      39.29496394      2.815809922
v      31.01451309      39.29616255      2.814834052
v      30.90668755      39.29371934      2.816916108
v      30.82043274      39.28819611      2.821586231
v      30.75525339      39.28044912      2.828131096
v      30.70848913      39.27106617      2.836058785
v      30.67734102      39.25975873      2.845591302
v       30.6639963      39.24453494      2.857898858
v      30.67734102      39.22931115      2.870206415
v      30.70848913      39.21800371      2.879738932
v      30.75525339      39.20862076      2.887666621
v      30.82043274      39.20087377      2.894211486
v      30.90668755      39.19535054      2.898881608
v      31.01451309      39.19290733      2.900963665
v      31.14058144      39.19410594      2.899987794
v      31.27717995      39.19875439      2.896118846
v      31.41361977      39.20584842      2.890199986
v      31.53929948      39.21400343       2.88339169
v      31.64672561      39.22198377      2.876728361
v      31.73283052      39.22899119      2.870877149
v      31.79835606      39.23468105      2.866126211
v        31.846278      39.23904366      2.862483629
v      31.88031677      39.24225007      2.859806507
v      32.69803843      39.48646826      3.514049422
v       32.7239963      39.48394904      3.515683693
v      32.66072572      39.49000349      3.511755983
v      32.60819662      39.49481337      3.508635512
v      32.53637524      39.50108645      3.504565634
v      32.44200312      39.50881202      3.499553275
v      32.32427167      39.51761047      3.493845087
v      32.18654809      39.52660221      3.488012282
v      32.03704896      39.53442722      3.482939649
v      31.88739201      39.53956264      3.479619145
v      31.74928159      39.54090516      3.478770764
v      31.63115112      39.53824699      3.480533462
v      31.53662508      39.53220682      3.484505121
v       31.4651367      39.52373012      3.490073852
v      31.41373481      39.51346395      3.496818813
v      31.37924367      39.50107428      3.504939581
v       31.3639963      39.48394904      3.515683693
v      31.37924367       39.4668238      3.526427804
v      31.41373481      39.45443413      3.534548573
v       31.4651367      39.44416796      3.541293534
v      31.53662508      39.43569126      3.546862265
v      31.63115112      39.42965109      3.550833924
v      31.74928159      39.42699292      3.552596622
v      31.88739201      39.42833544      3.551748241
v      32.03704896      39.43347086      3.548427737
v      32.18654809      39.44129587      3.543355104
v      32.32427167      39.45028761      3.537522299
v      32.44200312      39.45908606      3.531814111
v      32.53637524      39.46681163      3.526801752
v      32.60819662      39.47308471      3.522731874
v      32.66072572      39.47789459      3.519611403
v      32.69803843      39.48142982      3.517317964
v      33.51576009      39.72611672      4.172107633
v       33.5439963      39.72336314      4.173468527
v      33.47517343      39.72998075      4.170197878
v      33.41803718      39.73523792      4.167599519
v      33.33991995      39.74209421        4.1642107
v      33.23728063      39.75053794      4.160037193
v      33.10924386      39.76015449      4.155284147
v       32.9594764      39.76998297      4.150426834
v      32.79691797      39.77853896      4.146200428
v      32.63420258      39.78416133      4.143428367
v      32.48405009      39.78564777      4.142707477
v      32.35561469      39.78277463      4.144150816
v      32.25281742      39.77621754      4.147424012
v      32.17502002      39.76701111      4.152016608
v      32.11898049      39.75586173      4.157578842
v      32.08114631      39.74238983      4.164287861
v       32.0639963      39.72336314      4.173468527
v      32.08114631      39.70433645      4.182649194
v      32.11898049      39.69086455      4.189358213
v      32.17502002      39.67971517      4.194920447
v      32.25281742      39.67050874      4.199513043
v      32.35561469      39.66395165      4.202786239
v      32.48405009      39.66107851      4.204229578
v      32.63420258      39.66256495      4.203508688
v      32.79691797      39.66818732      4.200736627
v       32.9594764      39.67674331      4.196510221
v      33.10924386      39.68657179      4.191652908
v      33.23728063      39.69618834      4.186899862
v      33.33991995      39.70463207      4.182726355
v      33.41803718      39.71148836      4.179337536
v      33.47517343      39.71674553      4.176739177
v      33.51576009      39.72060957      4.174829422
v      34.33348175      39.96576517      4.830165845
v       34.3639963      39.96277724      4.831253362
v      34.28962115      39.96995802      4.828639773
v      34.22787775      39.97566246      4.826563526
v      34.14346466      39.98310197      4.823855766
v      34.03255814      39.99226385      4.820521112
v      33.89421605      40.00269851      4.816723208
v      33.73240471      40.01336373      4.812841385
v      33.55678699       40.0226507      4.809461206
v      33.38101315      40.02876003      4.807237589
v      33.21881859      40.03039039      4.806644189
v      33.08007826      40.02730228       4.80776817
v      32.96900976      40.02022826      4.810342902
v      32.88490334      40.01029211      4.813959364
v      32.82422618      39.99825951       4.81833887
v      32.78304896      39.98370539       4.82363614
v       32.7639963      39.96277724      4.831253362
v      32.78304896       39.9418491      4.838870584
v      32.82422618      39.92729497      4.844167854
v      32.88490334      39.91526237       4.84854736
v      32.96900976      39.90532622      4.852163822
v      33.08007826      39.89825221      4.854738554
v      33.21881859      39.89516409      4.855862535
v      33.38101315      39.89679445      4.855269135
v      33.55678699      39.90290378      4.853045518
v      33.73240471      39.91219075      4.849665339
v      33.89421605      39.92285597      4.845783516
v      34.03255814      39.93329063      4.841985612
v      34.14346466      39.94245251      4.838650958
v      34.22787775      39.94989202      4.835943198
v      34.28962115      39.95559646      4.833866951
v      34.33348175      39.95978931      4.832340879
v      34.33348175       39.9642712      4.830709604
v      34.28962115      39.96636763      4.829946567
v      34.22787775      39.96921985      4.828908444
v      34.14346466       39.9729396      4.827554564
v      34.03255814      39.97752055      4.825887237
v      33.89421605      39.98273788      4.823988285
v      33.73240471      39.98807049      4.822047374
v      33.55678699      39.99271397      4.820357284
v      33.38101315      39.99576864      4.819245476
v      33.21881859      39.99658381      4.818948776
v      33.08007826      39.99503976      4.819510766
v      32.96900976      39.99150275      4.820798132
v      32.88490334      39.98653468      4.822606363
v      32.82422618      39.98051838      4.824796116
v      32.78304896      39.97324131      4.827444751
v      32.78304896      39.95231317      4.835061973
v      32.82422618       39.9450361      4.837710608
v      32.88490334      39.93901981      4.839900361
v      32.96900976      39.93405173      4.841708592
v      33.08007826      39.93051472      4.842995958
v      33.21881859      39.92897067      4.843557949
v      33.38101315      39.92978584      4.843261248
v      33.55678699      39.93284051       4.84214944
v      33.73240471      39.93748399      4.840459351
v      33.89421605      39.94281661      4.838518439
v      34.03255814      39.94803393      4.836619487
v      34.14346466      39.95261488       4.83495216
v      34.22787775      39.95633463       4.83359828
v      34.28962115      39.95918685      4.832560157
v      34.33348175      39.96128328       4.83179712
v      34.33348175      39.96277724      4.831253362
v      34.28962115      39.96277724      4.831253362
v      34.22787775      39.96277724      4.831253362
v      34.14346466      39.96277724      4.831253362
v      34.03255814      39.96277724      4.831253362
v      33.89421605      39.96277724      4.831253362
v      33.73240471      39.96277724      4.831253362
v      33.55678699      39.96277724      4.831253362
v      33.38101315      39.96277724      4.831253362
v      33.21881859      39.96277724      4.831253362
v      33.08007826      39.96277724      4.831253362
v      32.96900976      39.96277724      4.831253362
v      32.88490334      39.96277724      4.831253362
v      32.82422618      39.96277724      4.831253362
v      32.78304896      39.96277724      4.831253362
v        36.850057     -1.599756312     0.0279238503
v      36.16361514     -1.600348804    -0.1270401907
v      35.17605546     -1.601180687    -0.3446157558
v      33.78417912     -1.602313538    -0.6409086672
v      31.87831752     -1.603792344      -1.02768445
v      29.36947932     -1.605614638     -1.504298357
v      26.23273562     -1.607690524     -2.047238515
v      22.55360759     -1.609808087     -2.601078782
v      18.54755791     -1.611634298     -3.078717031
v      14.52464551     -1.612787594     -3.380357141
v       10.8050746     -1.612980176     -3.430726399
v      7.630317437     -1.612142927     -3.211747158
v      5.118121389     -1.610423171     -2.761951587
v      3.276127968     -1.608066462     -2.145563429
v      2.056279583     -1.605294895     -1.420670973
v       1.41249707     -1.602349812    -0.6503959823
v      1.250057002     -1.599756312     0.0279238503
v       1.41249707     -1.597162812     0.7062436829
v      2.056279583     -1.594217729      1.476518673
v      3.276127968     -1.591446163      2.201411129
v      5.118121389     -1.589089454      2.817799288
v      7.630317437     -1.587369697      3.267594859
v       10.8050746     -1.586532448        3.4865741
v      14.52464551     -1.586725031      3.436204841
v      18.54755791     -1.587878327      3.134564731
v      22.55360759     -1.589704537      2.656926482
v      26.23273562       -1.5918221      2.103086215
v      29.36947932     -1.593897987      1.560146058
v      31.87831752     -1.595720281      1.083532151
v      33.78417912     -1.597199086     0.6967563678
v      35.17605546     -1.598331938     0.4004634564
v      36.16361514      -1.59916382     0.1828878913
v        35.700114     -3.199512625     0.0558477006
v      35.05994912     -3.200697609   -0.08865828722
v       34.1389665     -3.202361373    -0.2915503372
v      32.84092452     -3.204627076    -0.5678473385
v      31.06354797     -3.207584687    -0.9285207969
v      28.72384493     -3.211229275     -1.372969477
v      25.79856709     -3.215381049     -1.879268249
v      22.36747017     -3.219616174     -2.395731516
v      18.63149126     -3.223268595     -2.841135408
v      14.87978643     -3.225575187     -3.122418742
v      11.41097311     -3.225960353     -3.169388732
v      8.450244523     -3.224285855     -2.965187736
v      6.107410006     -3.220846342     -2.545747504
v      4.389595916     -3.216132923     -1.970957513
v      3.251984501      -3.21058979     -1.294985851
v      2.651603057     -3.204699624    -0.5766943835
v      2.500114005     -3.199512625     0.0558477006
v      2.651603057     -3.194325625     0.6883897847
v      3.251984501     -3.188435459      1.406681252
v      4.389595916     -3.182892326      2.082652914
v      6.107410006     -3.178178907      2.657442905
v      8.450244523     -3.174739394      3.076883137
v      11.41097311     -3.173064896      3.281084133
v      14.87978643     -3.173450062      3.234114143
v      18.63149126     -3.175756654      2.952830809
v      22.36747017     -3.179409075      2.507426917
v      25.79856709       -3.1836442       1.99096365
v      28.72384493     -3.187795974      1.484664878
v      31.06354797     -3.191440562      1.040216198
v      32.84092452     -3.194398173     0.6795427397
v       34.1389665     -3.196663876     0.4032457384
v      35.05994912      -3.19832764     0.2003536884
v      34.55017101     -4.799268937     0.0837715509
v       33.9562831     -4.801046413   -0.05027638372
v      33.10187754      -4.80354206    -0.2384849186
v      31.89766992     -4.806940615    -0.4947860098
v      30.24877842     -4.811377031    -0.8293571435
v      28.07821054     -4.816843913     -1.241640596
v      25.36439857     -4.823071573     -1.711297984
v      22.18133275     -4.829424261     -2.190384251
v       18.7154246     -4.834902893     -2.603553785
v      15.23492735     -4.838362781     -2.864480343
v      12.01687162     -4.838940529     -2.908051064
v      9.270171608     -4.836428782     -2.718628313
v      7.096698622     -4.831269513     -2.329543421
v      5.503063865     -4.824199385     -1.796351597
v      4.447689419     -4.815884685     -1.169300729
v      3.890709044     -4.807049437    -0.5029927847
v      3.750171007     -4.799268937     0.0837715509
v      3.890709044     -4.791488437     0.6705358865
v      4.447689419     -4.782653188       1.33684383
v      5.503063865     -4.774338488      1.963894699
v      7.096698622     -4.767268361      2.497086522
v      9.270171608     -4.762109092      2.886171415
v      12.01687162     -4.759597344      3.075594166
v      15.23492735     -4.760175093      3.032023445
v       18.7154246     -4.763634981      2.771096887
v      22.18133275     -4.769113612      2.357927352
v      25.36439857       -4.7754663      1.878841086
v      28.07821054     -4.781693961      1.409183698
v      30.24877842     -4.787160843     0.9969002453
v      31.89766992     -4.791597259     0.6623291116
v      33.10187754     -4.794995813     0.4060280204
v       33.9562831      -4.79749146     0.2178194855
v      33.40022801     -6.399025249     0.1116954012
v      32.85261708     -6.401395218   -0.01189448021
v      32.06478858     -6.404722747       -0.1854195
v      30.95441532     -6.409254153    -0.4217246811
v      29.43400887     -6.415169374    -0.7301934901
v      27.43257615      -6.42245855     -1.110311715
v      24.93023005     -6.430762098     -1.543327718
v      21.99519533     -6.439232348     -1.985036985
v      18.79935795      -6.44653719     -2.365972163
v      15.59006828     -6.451150375     -2.606541944
v      12.62277014     -6.451920705     -2.646713397
v      10.09009869     -6.448571709     -2.472068891
v      8.085987239     -6.441692684     -2.113339337
v      6.616531814     -6.432265847     -1.621745682
v      5.643394338     -6.421179581     -1.043615607
v       5.12981503     -6.409399249    -0.4292911859
v       5.00022801     -6.399025249     0.1116954012
v       5.12981503     -6.388651249     0.6526819883
v      5.643394338     -6.376870917      1.267006409
v      6.616531814     -6.365784651      1.845136484
v      8.085987239     -6.356357814       2.33673014
v      10.09009869     -6.349478789      2.695459693
v      12.62277014     -6.346129793      2.870104199
v      15.59006828     -6.346900123      2.829932747
v      18.79935795     -6.351513308      2.589362965
v      21.99519533      -6.35881815      2.208427787
v      24.93023005       -6.3672884      1.766718521
v      27.43257615     -6.375591948      1.333702518
v      29.43400887     -6.382881124     0.9535842925
v      30.95441532     -6.388796345     0.6451154835
v      32.06478858     -6.393327751     0.4088103024
v      32.85261708      -6.39665528     0.2352852826
v      32.25028501     -7.998781561     0.1396192515
v      31.74895107     -8.001744022    0.02648742329
v      31.02769962     -8.005903434    -0.1323540814
v      30.01116072     -8.011567691    -0.3486633524
v      28.61923932     -8.018961718    -0.6310298367
v      26.78694176     -8.028073188    -0.9789828345
v      24.49606153     -8.038452622     -1.375357453
v      21.80905791     -8.049040435     -1.779689719
v      18.88329129     -8.058171488      -2.12839054
v       15.9452092     -8.063937968     -2.348603545
v      13.22866865     -8.064900882      -2.38537573
v      10.91002578     -8.060714636     -2.225509468
v      9.075275856     -8.052115855     -1.897135254
v      7.729999762     -8.040332308     -1.447139766
v      6.839099256     -8.026474476    -0.9179304844
v      6.368921017     -8.011749061    -0.3555895871
v      6.250285012     -7.998781561     0.1396192515
v      6.368921017     -7.985814061     0.6348280901
v      6.839099256     -7.971088647      1.197168987
v      7.729999762     -7.957230814      1.726378269
v      9.075275856     -7.945447268      2.176373757
v      10.91002578     -7.936848486      2.504747971
v      13.22866865     -7.932662241      2.664614233
v       15.9452092     -7.933625154      2.627842048
v      18.88329129     -7.939391635      2.407629043
v      21.80905791     -7.948522687      2.058928222
v      24.49606153       -7.9591105      1.654595956
v      26.78694176     -7.969489935      1.258221338
v      28.61923932     -7.978601405     0.9102683397
v      30.01116072     -7.985995431     0.6279018554
v      31.02769962     -7.991659689     0.4115925844
v      31.74895107       -7.9958191     0.2527510797
v      31.21125472     -10.39731955     0.2233780436
v      30.77181804     -10.39997046     0.1264377842
v      30.13964389     -10.40369231   -0.00966672424
v       29.2487039     -10.40876044    -0.1950071003
v      28.02885447     -10.41537591    -0.4369386268
v      26.42322022     -10.42352754    -0.7350544447
v      24.41596147     -10.43281336     -1.074651865
v      22.06194496     -10.44228644     -1.421086328
v      19.49916611     -10.45046033     -1.719951427
v      16.92602017     -10.45563415     -1.908962545
v      14.54712296     -10.45652843     -1.941219251
v      12.51640993     -10.45283913     -1.805531994
v      10.90847476     -10.44522443      -1.52598291
v      9.727393346     -10.43477346     -1.142529975
v      8.941391577     -10.42245196    -0.6908711051
v      8.520534215     -10.40923181    -0.2080211079
v      8.411254718     -10.39731955     0.2233780436
v      8.520534215     -10.38540728     0.6547771951
v      8.941391577     -10.37218713      1.137627192
v      9.727393346     -10.35986563      1.589286062
v      10.90847476     -10.34941466      1.972738998
v      12.51640993     -10.34179996      2.252288081
v      14.54712296     -10.33811066      2.387975338
v      16.92602017     -10.33900494      2.355718632
v      19.49916611     -10.34417876      2.166707514
v      22.06194496     -10.35235265      1.867842415
v      24.41596147     -10.36182574      1.521407952
v      26.42322022     -10.37111156      1.181810532
v      28.02885447     -10.37926319      0.883694714
v       29.2487039     -10.38587866     0.6417631874
v      30.13964389     -10.39094678     0.4564228114
v      30.77181804     -10.39466863      0.320318303
v      30.17222442     -12.79585753     0.3071368357
v      29.79468502     -12.79819691     0.2263881451
v      29.25158817     -12.80148118     0.1130206329
v      28.48624708     -12.80595318   -0.04135084812
v      27.43846962      -12.8117901     -0.242847417
v      26.05949868     -12.81898188     -0.491126055
v      24.33586141     -12.82717409    -0.7739462772
v      22.31483202     -12.83553244     -1.062482937
v      20.11504093     -12.84274917     -1.311512313
v      17.90683114     -12.84733033     -1.469321545
v      15.86557728     -12.84815598     -1.497062772
v      14.12279409     -12.84496363     -1.385554519
v      12.74167366     -12.83833301     -1.154830567
v      11.72478693     -12.82921461    -0.8379201837
v       11.0436839     -12.81842945    -0.4638117258
v      10.67214741     -12.80671456   -0.06045262875
v      10.57222442     -12.79585753     0.3071368357
v      10.67214741      -12.7850005     0.6747263001
v       11.0436839     -12.77328561      1.078085397
v      11.72478693     -12.76250045      1.452193855
v      12.74167366     -12.75338205      1.769104238
v      14.12279409     -12.74675144       1.99982819
v      15.86557728     -12.74355908      2.111336443
v      17.90683114     -12.74438473      2.083595216
v      20.11504093     -12.74896589      1.925785984
v      22.31483202     -12.75618262      1.676756608
v      24.33586141     -12.76454097      1.388219949
v      26.05949868     -12.77273318      1.105399726
v      27.43846962     -12.77992497     0.8571210883
v      28.48624708     -12.78576188     0.6556245195
v      29.25158817     -12.79023388     0.5012530384
v      29.79468502     -12.79351816     0.3878855263
v      29.13319413     -15.19439552     0.3908956278
v      28.81755199     -15.19642335     0.3263385059
v      28.36353244     -15.19927006     0.2357079901
v      27.72379026     -15.20314593      0.112305404
v      26.84808476     -15.20820429   -0.04875620713
v      25.69577714     -15.21443623    -0.2471976652
v      24.25576135     -15.22153482    -0.4732406894
v      22.56771907     -15.22877845    -0.7038795451
v      20.73091575     -15.23503801     -0.903073199
v      18.88764211     -15.23902651     -1.029680544
v      17.18403159     -15.23978353     -1.052906293
v      15.72917824     -15.23708812    -0.9655770437
v      14.57487256     -15.23144159    -0.7836782236
v      13.72218051     -15.22365576    -0.5333103927
v      13.14597622     -15.21440694    -0.2367523465
v      12.82376061     -15.20419731    0.08711585041
v      12.73319413     -15.19439552     0.3908956278
v      12.82376061     -15.18459372     0.6946754051
v      13.14597622      -15.1743841      1.018543602
v      13.72218051     -15.16513527      1.315101648
v      14.57487256     -15.15734945      1.565469479
v      15.72917824     -15.15170291      1.747368299
v      17.18403159      -15.1490075      1.834697549
v      18.88764211     -15.14976452        1.8114718
v      20.73091575     -15.15375302      1.684864454
v      22.56771907     -15.16001259      1.485670801
v      24.25576135     -15.16725621      1.255031945
v      25.69577714      -15.1743548      1.028988921
v      26.84808476     -15.18058675     0.8305474626
v      27.72379026      -15.1856451     0.6694858515
v      28.36353244     -15.18952097     0.5460832654
v      28.81755199     -15.19236768     0.4554527496
v      28.09416384      -17.5929335     0.4746544198
v      27.84041896     -17.59464979     0.4262888668
v      27.47547672     -17.59705893     0.3583953473
v      26.96133344     -17.60033867     0.2659616562
v      26.25769991     -17.60461848     0.1453350027
v       25.3320556     -17.60989058  -0.003269275442
v      24.17566129     -17.61589556    -0.1725351015
v      22.82060612     -17.62202445    -0.3452761537
v      21.34679057     -17.62732685    -0.4946340852
v      19.86845308     -17.63072269    -0.5900395442
v       18.5024859     -17.63141108    -0.6087498145
v      17.33556239     -17.62921262    -0.5455995688
v      16.40807146     -17.62455016    -0.4125258802
v       15.7195741     -17.61809691    -0.2287006017
v      15.24826854     -17.61038442  -0.009692967196
v      14.97537381     -17.60168006     0.2346843296
v      14.89416384      -17.5929335     0.4746544198
v      14.97537381     -17.58418694     0.7146245101
v      15.24826854     -17.57548258     0.9590018069
v       15.7195741     -17.56777009      1.178009441
v      16.40807146     -17.56131684       1.36183472
v      17.33556239     -17.55665438      1.494908408
v       18.5024859     -17.55445592      1.558058654
v      19.86845308     -17.55514431      1.539348384
v      21.34679057     -17.55854015      1.443942925
v      22.82060612     -17.56384255      1.294584993
v      24.17566129     -17.56997145      1.121843941
v       25.3320556     -17.57597642     0.9525781151
v      26.25769991     -17.58124853      0.803973837
v      26.96133344     -17.58552833     0.6833471835
v      27.47547672     -17.58880807     0.5909134924
v      27.84041896     -17.59121721     0.5230199729
v      27.05513354     -19.99147149     0.5584132119
v      26.86328594     -19.99287623     0.5262392277
v      26.58742099     -19.99484781     0.4810827045
v      26.19887662     -19.99753142     0.4196179083
v      25.66731506     -20.00103266     0.3394262126
v      24.96833405     -20.00534493     0.2406591143
v      24.09556123     -20.01025629     0.1281704863
v      23.07349317     -20.01527045    0.01332723774
v      21.96266539     -20.01961569   -0.08619497136
v      20.84926405     -20.02241888    -0.1503985439
v      19.82094022     -20.02303863    -0.1645933357
v      18.94194654     -20.02133711    -0.1256220939
v      18.24127035     -20.01765874   -0.04137353676
v      17.71696768     -20.01253807    0.07590918939
v      17.35056086     -20.00636191     0.2173664121
v      17.12698701     -19.99916281     0.3822528087
v      17.05513354     -19.99147149     0.5584132119
v      17.12698701     -19.98378016     0.7345736151
v      17.35056086     -19.97658106     0.8994600117
v      17.71696768      -19.9704049      1.040917234
v      18.24127035     -19.96528423      1.158199961
v      18.94194654     -19.96160586      1.242448518
v      19.82094022     -19.95990434       1.28141976
v      20.84926405      -19.9605241      1.267224968
v      21.96266539     -19.96332728      1.203021395
v      23.07349317     -19.96767252      1.103499186
v      24.09556123     -19.97268668     0.9886559375
v      24.96833405     -19.97759804     0.8761673095
v      25.66731506     -19.98191031     0.7774002113
v      26.19887662     -19.98541155     0.6972085155
v      26.58742099     -19.98809516     0.6357437193
v      26.86328594     -19.99006674     0.5905871962
v      27.69690609     -23.74631854     0.7551964074
v      27.53960344     -23.74780557     0.7289663394
v      27.31341331     -23.74989258     0.6921522232
v      26.99483628     -23.75273308      0.642043025
v      26.55900026     -23.75643876     0.5766670573
v      25.98590136      -23.7610028     0.4961475951
v         25.27032     -23.76620071     0.4044419702
v      24.43234716     -23.77150835     0.3108155158
v       23.5216207     -23.77611095     0.2296754855
v       22.6088033     -23.77908841     0.1773194604
v      21.76574739     -23.77976637     0.1657174568
v      21.04510932      -23.7780025     0.1974386051
v       20.4706259     -23.77416193     0.2660508607
v       20.0406715     -23.76880788     0.3615764682
v      19.74004824     -23.76234365     0.4768008752
v      19.55629675     -23.75475578     0.6111811956
v      19.49690609     -23.74631854     0.7551964074
v      19.55629675     -23.73788129     0.8992116192
v      19.74004824     -23.73029342       1.03359194
v       20.0406715     -23.72382919      1.148816347
v       20.4706259     -23.71847515      1.244341954
v      21.04510932     -23.71463457       1.31295421
v      21.76574739      -23.7128707      1.344675358
v       22.6088033     -23.71354866      1.333073354
v       23.5216207     -23.71652612      1.280717329
v      24.43234716     -23.72112872      1.199577299
v         25.27032     -23.72643636      1.105950845
v      25.98590136     -23.73163427       1.01424522
v      26.55900026     -23.73619831     0.9337257575
v      26.99483628     -23.73990399     0.8683497898
v      27.31341331     -23.74274449     0.8182405916
v      27.53960344     -23.74483151     0.7814264754
v      28.33867864     -27.50116559     0.9519796029
v      28.21592094      -27.5027349     0.9316934511
v      28.03940562     -27.50493736     0.9032217419
v      27.79079594     -27.50793475     0.8644681417
v      27.45068547     -27.51184487      0.813907902
v      27.00346867     -27.51666067     0.7516360758
v      26.44507878     -27.52214514      0.680713454
v      25.79120116     -27.52774625     0.6083037938
v        25.080576     -27.53260622     0.5455459424
v      24.36834255     -27.53575794     0.5050374647
v      23.71055457     -27.53649411     0.4960282492
v      23.14827209     -27.53466789      0.520499304
v      22.69998144     -27.53066511     0.5734752582
v      22.36437531     -27.52507769      0.647243747
v      22.12953562     -27.51832539     0.7362353383
v       21.9856065     -27.51034874     0.8401095824
v      21.93867864     -27.50116559     0.9519796029
v       21.9856065     -27.49198243      1.063849623
v      22.12953562     -27.48400579      1.167723867
v      22.36437531     -27.47725348      1.256715459
v      22.69998144     -27.47166606      1.330483948
v      23.14827209     -27.46766329      1.383459902
v      23.71055457     -27.46583707      1.407930957
v      24.36834255     -27.46657323      1.398921741
v        25.080576     -27.46972496      1.358413263
v      25.79120116     -27.47458493      1.295655412
v      26.44507878     -27.48018604      1.223245752
v      27.00346867     -27.48567051       1.15232313
v      27.45068547     -27.49048631      1.090051304
v      27.79079594     -27.49439642      1.039491064
v      28.03940562     -27.49739381      1.000737464
v      28.21592094     -27.49959627     0.9722657546
v      28.98045119     -31.25601264      1.148762798
v      28.89223845     -31.25766423      1.134420563
v      28.76539794     -31.25998214      1.114291261
v      28.58675561     -31.26313641      1.086893258
v      28.34237068     -31.26725097      1.051148747
v      28.02103598     -31.27231854      1.007124557
v      27.61983755     -31.27808956     0.9569849379
v      27.15005515     -31.28398414     0.9057920718
v      26.63953131     -31.28910148     0.8614163993
v       26.1278818     -31.29242747      0.832755469
v      25.65536174     -31.29322185     0.8263390417
v      25.25143487     -31.29133328      0.843560003
v      24.92933698      -31.2871683     0.8808996557
v      24.68807912      -31.2813475     0.9329110258
v        24.519023     -31.27430712     0.9956698014
v      24.41491624      -31.2659417      1.069037969
v      24.38045119     -31.25601264      1.148762798
v      24.41491624     -31.24608357      1.228487627
v        24.519023     -31.23771815      1.301855795
v      24.68807912     -31.23067777      1.364614571
v      24.92933698     -31.22485698      1.416625941
v      25.25143487       -31.220692      1.453965594
v      25.65536174     -31.21880343      1.471186555
v       26.1278818      -31.2195978      1.464770128
v      26.63953131     -31.22292379      1.436109197
v      27.15005515     -31.22804113      1.391733525
v      27.61983755     -31.23393571      1.340540659
v      28.02103598     -31.23970674       1.29040104
v      28.34237068     -31.24477431       1.24637685
v      28.58675561     -31.24888886      1.210632338
v      28.76539794     -31.25204314      1.183234336
v      28.89223845     -31.25436104      1.163105034
v      29.62222375     -35.01085969      1.345545994
v      29.56855595     -35.01259357      1.337147675
v      29.49139025     -35.01502691      1.325360779
v      29.38271527     -35.01833808      1.309318375
v      29.23405589     -35.02265707      1.288389592
v      29.03860329      -35.0279764      1.262613037
v      28.79459632     -35.03403399      1.233256422
v      28.50890915     -35.04022204       1.20328035
v      28.19848661     -35.04559675      1.177286856
v      27.88742105     -35.04909701      1.160473473
v      27.60016892     -35.04994958      1.156649834
v      27.35459764     -35.04799866      1.166620702
v      27.15869252     -35.04367149      1.188324053
v      27.01178294     -35.03761731      1.218578305
v      26.90851038     -35.03028886      1.255104264
v      26.84422599     -35.02153467      1.297966356
v      26.82222375     -35.01085969      1.345545994
v      26.84422599     -35.00018471      1.393125631
v      26.90851038     -34.99143052      1.435987723
v      27.01178294     -34.98410206      1.472513683
v      27.15869252     -34.97804789      1.502767934
v      27.35459764     -34.97372071      1.524471286
v      27.60016892     -34.97176979      1.534442153
v      27.88742105     -34.97262237      1.530618514
v      28.19848661     -34.97612263      1.513805131
v      28.50890915     -34.98149734      1.487811638
v      28.79459632     -34.98768539      1.457835566
v      29.03860329     -34.99374297       1.42847895
v      29.23405589     -34.99906231      1.402702396
v      29.38271527      -35.0033813      1.381773612
v      29.49139025     -35.00669246      1.365731208
v      29.56855595     -35.00912581      1.353944313
v       30.2639963     -38.76570674      1.542329189
v      30.24487345      -38.7675229      1.539874786
v      30.21738257     -38.77007169      1.536430298
v      30.17867493     -38.77353974      1.531743492
v      30.12574109     -38.77806317      1.525630436
v       30.0561706     -38.78363427      1.518101518
v       29.9693551     -38.78997841      1.509527906
v      29.86776314     -38.79645994      1.500768628
v      29.75744192     -38.80209201      1.493157313
v       29.6469603     -38.80576654      1.488191478
v      29.54497609     -38.80667732      1.486960627
v      29.45776041     -38.80466405      1.489681401
v      29.38804806     -38.80017467      1.495748451
v      29.33548675     -38.79388712      1.504245583
v      29.29799776      -38.7862706      1.514538728
v      29.27353573     -38.77712763      1.526894743
v       29.2639963     -38.76570674      1.542329189
v      29.27353573     -38.75428585      1.557763636
v      29.29799776     -38.74514288      1.570119651
v      29.33548675     -38.73752635      1.580412795
v      29.38804806     -38.73123881      1.588909928
v      29.45776041     -38.72674942      1.594976978
v      29.54497609     -38.72473616      1.597697752
v       29.6469603     -38.72564694      1.596466901
v      29.75744192     -38.72932146      1.591501065
v      29.86776314     -38.73495354      1.583889751
v       29.9693551     -38.74143507      1.575130473
v       30.0561706     -38.74777921      1.566556861
v      30.12574109     -38.75335031      1.559027942
v      30.17867493     -38.75787373      1.552914887
v      30.21738257     -38.76134179      1.548228081
v      30.24487345     -38.76389058      1.544783592
v       31.0839963     -39.00512084      2.200114024
v      31.06259511     -39.00717135      2.197932998
v      31.03183029     -39.01004895      2.194872193
v       30.9885155     -39.01396429      2.190707499
v      30.92928581     -39.01907093      2.185275502
v       30.8514481     -39.02536019      2.178585437
v      30.75432729     -39.03252243      2.170966966
v      30.64069146      -39.0398407      2.163183179
v      30.51731093     -39.04620375      2.156418092
v      30.39377087     -39.05036524        2.1520007
v      30.27974459     -39.05141993      2.150897339
v      30.18222398      -39.0491917      2.153298755
v       30.1042404     -39.04418539      2.158667341
v      30.04537007     -39.03716812       2.16618834
v      30.00324344     -39.02866838      2.175298756
v      29.97543838     -39.01844318      2.186243022
v       29.9639963     -39.00512084      2.200114024
v      29.97543838      -38.9917985      2.213985025
v      30.00324344      -38.9815733      2.224929292
v      30.04537007     -38.97307356      2.234039708
v       30.1042404     -38.96605629      2.241560707
v      30.18222398     -38.96104998      2.246929293
v      30.27974459     -38.95882174      2.249330709
v      30.39377087     -38.95987644      2.248227348
v      30.51731093     -38.96403793      2.243809956
v      30.64069146     -38.97040098      2.237044868
v      30.75432729     -38.97771925      2.229261082
v       30.8514481     -38.98488149      2.221642611
v      30.92928581     -38.99117075      2.214952545
v       30.9885155     -38.99627739      2.209520549
v      31.03183029     -39.00019272      2.205355855
v      31.06259511     -39.00307032       2.20229505
v       31.9039963     -39.24453494      2.857898858
v      31.88031677     -39.24681981       2.85599121
v        31.846278     -39.25002622      2.853314088
v      31.79835606     -39.25438883      2.849671505
v      31.73283052     -39.26007869      2.844920568
v      31.64672561     -39.26708611      2.839069356
v      31.53929948     -39.27506645      2.832406026
v      31.41361977     -39.28322145      2.825597731
v      31.27717995     -39.29031549       2.81967887
v      31.14058144     -39.29496394      2.815809922
v      31.01451309     -39.29616255      2.814834052
v      30.90668755     -39.29371934      2.816916108
v      30.82043274     -39.28819611      2.821586231
v      30.75525339     -39.28044912      2.828131096
v      30.70848913     -39.27106617      2.836058785
v      30.67734102     -39.25975873      2.845591302
v       30.6639963     -39.24453494      2.857898858
v      30.67734102     -39.22931115      2.870206415
v      30.70848913     -39.21800371      2.879738932
v      30.75525339     -39.20862076      2.887666621
v      30.82043274     -39.20087377      2.894211486
v      30.90668755     -39.19535054      2.898881608
v      31.01451309     -39.19290733      2.900963665
v      31.14058144     -39.19410594      2.899987794
v      31.27717995     -39.19875439      2.896118846
v      31.41361977     -39.20584842      2.890199986
v      31.53929948     -39.21400343       2.88339169
v      31.64672561     -39.22198377      2.876728361
v      31.73283052     -39.22899119      2.870877149
v      31.79835606     -39.23468105      2.866126211
v        31.846278     -39.23904366      2.862483629
v      31.88031677     -39.24225007      2.859806507
v       32.7239963     -39.48394904      3.515683693
v      32.69803843     -39.48646826      3.514049422
v      32.66072572     -39.49000349      3.511755983
v      32.60819662     -39.49481337      3.508635512
v      32.53637524     -39.50108645      3.504565634
v      32.44200312     -39.50881202      3.499553275
v      32.32427167     -39.51761047      3.493845087
v      32.18654809     -39.52660221      3.488012282
v      32.03704896     -39.53442722      3.482939649
v      31.88739201     -39.53956264      3.479619145
v      31.74928159     -39.54090516      3.478770764
v      31.63115112     -39.53824699      3.480533462
v      31.53662508     -39.53220682      3.484505121
v       31.4651367     -39.52373012      3.490073852
v      31.41373481     -39.51346395      3.496818813
v      31.37924367     -39.50107428      3.504939581
v       31.3639963     -39.48394904      3.515683693
v      31.37924367      -39.4668238      3.526427804
v      31.41373481     -39.45443413      3.534548573
v       31.4651367     -39.44416796      3.541293534
v      31.53662508     -39.43569126      3.546862265
v      31.63115112     -39.42965109      3.550833924
v      31.74928159     -39.42699292      3.552596622
v      31.88739201     -39.42833544      3.551748241
v      32.03704896     -39.43347086      3.548427737
v      32.18654809     -39.44129587      3.543355104
v      32.32427167     -39.45028761      3.537522299
v      32.44200312     -39.45908606      3.531814111
v      32.53637524     -39.46681163      3.526801752
v      32.60819662     -39.47308471      3.522731874
v      32.66072572     -39.47789459      3.519611403
v      32.69803843     -39.48142982      3.517317964
v       33.5439963     -39.72336314      4.173468527
v      33.51576009     -39.72611672      4.172107633
v      33.47517343     -39.72998075      4.170197878
v      33.41803718     -39.73523792      4.167599519
v      33.33991995     -39.74209421        4.1642107
v      33.23728063     -39.75053794      4.160037193
v      33.10924386     -39.76015449      4.155284147
v       32.9594764     -39.76998297      4.150426834
v      32.79691797     -39.77853896      4.146200428
v      32.63420258     -39.78416133      4.143428367
v      32.48405009     -39.78564777      4.142707477
v      32.35561469     -39.78277463      4.144150816
v      32.25281742     -39.77621754      4.147424012
v      32.17502002     -39.76701111      4.152016608
v      32.11898049     -39.75586173      4.157578842
v      32.08114631     -39.74238983      4.164287861
v       32.0639963     -39.72336314      4.173468527
v      32.08114631     -39.70433645      4.182649194
v      32.11898049     -39.69086455      4.189358213
v      32.17502002     -39.67971517      4.194920447
v      32.25281742     -39.67050874      4.199513043
v      32.35561469     -39.66395165      4.202786239
v      32.48405009     -39.66107851      4.204229578
v      32.63420258     -39.66256495      4.203508688
v      32.79691797     -39.66818732      4.200736627
v       32.9594764     -39.67674331      4.196510221
v      33.10924386     -39.68657179      4.191652908
v      33.23728063     -39.69618834      4.186899862
v      33.33991995     -39.70463207      4.182726355
v      33.41803718     -39.71148836      4.179337536
v      33.47517343     -39.71674553      4.176739177
v      33.51576009     -39.72060957      4.174829422
v       34.3639963     -39.96277724      4.831253362
v      34.33348175     -39.96576517      4.830165845
v      34.28962115     -39.96995802      4.828639773
v      34.22787775     -39.97566246      4.826563526
v      34.14346466     -39.98310197      4.823855766
v      34.03255814     -39.99226385      4.820521112
v      33.89421605     -40.00269851      4.816723208
v      33.73240471     -40.01336373      4.812841385
v      33.55678699      -40.0226507      4.809461206
v      33.38101315     -40.02876003      4.807237589
v      33.21881859     -40.03039039      4.806644189
v      33.08007826     -40.02730228       4.80776817
v      32.96900976     -40.02022826      4.810342902
v      32.88490334     -40.01029211      4.813959364
v      32.82422618     -39.99825951       4.81833887
v      32.78304896     -39.98370539       4.82363614
v       32.7639963     -39.96277724      4.831253362
v      32.78304896      -39.9418491      4.838870584
v      32.82422618     -39.92729497      4.844167854
v      32.88490334     -39.91526237       4.84854736
v      32.96900976     -39.90532622      4.852163822
v      33.08007826     -39.89825221      4.854738554
v      33.21881859     -39.89516409      4.855862535
v      33.38101315     -39.89679445      4.855269135
v      33.55678699     -39.90290378      4.853045518
v      33.73240471     -39.91219075      4.849665339
v      33.89421605     -39.92285597      4.845783516
v      34.03255814     -39.93329063      4.841985612
v      34.14346466     -39.94245251      4.838650958
v      34.22787775     -39.94989202      4.835943198
v      34.28962115     -39.95559646      4.833866951
v      34.33348175     -39.95978931      4.832340879
v      34.33348175      -39.9642712      4.830709604
v      34.28962115     -39.96636763      4.829946567
v      34.22787775     -39.96921985      4.828908444
v      34.14346466      -39.9729396      4.827554564
v      34.03255814     -39.97752055      4.825887237
v      33.89421605     -39.98273788      4.823988285
v      33.73240471     -39.98807049      4.822047374
v      33.55678699     -39.99271397      4.820357284
v      33.38101315     -39.99576864      4.819245476
v      33.21881859     -39.99658381      4.818948776
v      33.08007826     -39.99503976      4.819510766
v      32.96900976     -39.99150275      4.820798132
v      32.88490334     -39.98653468      4.822606363
v      32.82422618     -39.98051838      4.824796116
v      32.78304896     -39.97324131      4.827444751
v      32.78304896     -39.95231317      4.835061973
v      32.82422618      -39.9450361      4.837710608
v      32.88490334     -39.93901981      4.839900361
v      32.96900976     -39.93405173      4.841708592
v      33.08007826     -39.93051472      4.842995958
v      33.21881859     -39.92897067      4.843557949
v      33.38101315     -39.92978584      4.843261248
v      33.55678699     -39.93284051       4.84214944
v      33.73240471     -39.93748399      4.840459351
v      33.89421605     -39.94281661      4.838518439
v      34.03255814     -39.94803393      4.836619487
v      34.14346466     -39.95261488       4.83495216
v      34.22787775     -39.95633463       4.83359828
v      34.28962115     -39.95918685      4.832560157
v      34.33348175     -39.96128328       4.83179712
v      34.33348175     -39.96277724      4.831253362
v      34.28962115     -39.96277724      4.831253362
v      34.22787775     -39.96277724      4.831253362
v      34.14346466     -39.96277724      4.831253362
v      34.03255814     -39.96277724      4.831253362
v      33.89421605     -39.96277724      4.831253362
v      33.73240471     -39.96277724      4.831253362
v      33.55678699     -39.96277724      4.831253362
v      33.38101315     -39.96277724      4.831253362
v      33.21881859     -39.96277724      4.831253362
v      33.08007826     -39.96277724      4.831253362
v      32.96900976     -39.96277724      4.831253362
v      32.88490334     -39.96277724      4.831253362
v      32.82422618     -39.96277724      4.831253362
v      32.78304896     -39.96277724      4.831253362
v     0.2916173904     0.3424173904                0
v     0.2916173904     0.3142816332    -0.1296035974
v     0.2916173904      0.238853922     -0.238853922
v     0.2916173904     0.1296035974    -0.3142816332
v     0.2916173904 -3.552713679e-17    -0.3424173904
v     0.2916173904    -0.1296035974    -0.3142816332
v     0.2916173904     -0.238853922     -0.238853922
v     0.2916173904    -0.3142816332    -0.1296035974
v     0.2916173904    -0.3424173904 -1.462662513e-17
v     0.2916173904    -0.3142816332     0.1296035974
v     0.2916173904     -0.238853922      0.238853922
v     0.2916173904    -0.1296035974     0.3142816332
v     0.2916173904   -3.0999237e-17     0.3424173904
v     0.2916173904     0.1296035974     0.3142816332
v     0.2916173904      0.238853922      0.238853922
v     0.2916173904     0.3142816332     0.1296035974
v     0.6343195642     0.7847195642                0
v     0.6343195642      0.721651376    -0.3012451629
v     0.6343195642     0.5511444319    -0.5511444319
v     0.6343195642     0.3012451629     -0.721651376
v     0.6343195642 -3.996802889e-17    -0.7847195642
v     0.6343195642    -0.3012451629     -0.721651376
v     0.6343195642    -0.5511444319    -0.5511444319
v     0.6343195642     -0.721651376    -0.3012451629
v     0.6343195642    -0.7847195642 -1.645495327e-17
v     0.6343195642     -0.721651376     0.3012451629
v     0.6343195642    -0.5511444319     0.5511444319
v     0.6343195642    -0.3012451629      0.721651376
v     0.6343195642 -3.487414162e-17     0.7847195642
v     0.6343195642     0.3012451629      0.721651376
v     0.6343195642     0.5511444319     0.5511444319
v     0.6343195642      0.721651376     0.3012451629
v      1.006213043      1.225813043                0
v      1.006213043      1.128512021    -0.4742300853
v      1.006213043     0.8641925635    -0.8641925635
v      1.006213043     0.4742300853     -1.128512021
v      1.006213043 -2.664535259e-17     -1.225813043
v      1.006213043    -0.4742300853     -1.128512021
v      1.006213043    -0.8641925635    -0.8641925635
v      1.006213043     -1.128512021    -0.4742300853
v      1.006213043     -1.225813043 -1.096996884e-17
v      1.006213043     -1.128512021     0.4742300853
v      1.006213043    -0.8641925635     0.8641925635
v      1.006213043    -0.4742300853      1.128512021
v      1.006213043 -2.324942775e-17      1.225813043
v      1.006213043     0.4742300853      1.128512021
v      1.006213043     0.8641925635     0.8641925635
v      1.006213043      1.128512021     0.4742300853
v      1.385404348      1.564604348                0
v      1.385404348       1.44126636    -0.6078637536
v      1.385404348      1.105319351     -1.105319351
v      1.385404348     0.6078637536      -1.44126636
v      1.385404348 -8.881784197e-18     -1.564604348
v      1.385404348    -0.6078637536      -1.44126636
v      1.385404348     -1.105319351     -1.105319351
v      1.385404348      -1.44126636    -0.6078637536
v      1.385404348     -1.564604348 -3.656656281e-18
v      1.385404348      -1.44126636     0.6078637536
v      1.385404348     -1.105319351      1.105319351
v      1.385404348    -0.6078637536       1.44126636
v      1.385404348 -7.749809249e-18      1.564604348
v      1.385404348     0.6078637536       1.44126636
v      1.385404348      1.105319351      1.105319351
v      1.385404348       1.44126636     0.6078637536
v             1.75              1.7                0
v             1.75      1.566317186    -0.6614515566
v             1.75      1.201845828     -1.201845828
v             1.75     0.6614515566     -1.566317186
v             1.75                0             -1.7
v             1.75    -0.6614515566     -1.566317186
v             1.75     -1.201845828     -1.201845828
v             1.75     -1.566317186    -0.6614515566
v             1.75             -1.7                0
v             1.75     -1.566317186     0.6614515566
v             1.75     -1.201845828      1.201845828
v             1.75    -0.6614515566      1.566317186
v             1.75                0              1.7
v             1.75     0.6614515566      1.566317186
v             1.75      1.201845828      1.201845828
v             1.75      1.566317186     0.6614515566
v              2.1              1.7                0
v              2.1      1.566317186    -0.6614515566
v              2.1      1.201845828     -1.201845828
v              2.1     0.6614515566     -1.566317186
v              2.1                0             -1.7
v              2.1    -0.6614515566     -1.566317186
v              2.1     -1.201845828     -1.201845828
v              2.1     -1.566317186    -0.6614515566
v              2.1             -1.7                0
v              2.1     -1.566317186     0.6614515566
v              2.1     -1.201845828      1.201845828
v              2.1    -0.6614515566      1.566317186
v              2.1                0              1.7
v              2.1     0.6614515566      1.566317186
v              2.1      1.201845828      1.201845828
v              2.1      1.566317186     0.6614515566
v             2.45              1.7                0
v             2.45      1.566317186    -0.6614515566
v             2.45      1.201845828     -1.201845828
v             2.45     0.6614515566     -1.566317186
v             2.45                0             -1.7
v             2.45    -0.6614515566     -1.566317186
v             2.45     -1.201845828     -1.201845828
v             2.45     -1.566317186    -0.6614515566
v             2.45             -1.7                0
v             2.45     -1.566317186     0.6614515566
v             2.45     -1.201845828      1.201845828
v             2.45    -0.6614515566      1.566317186
v             2.45                0              1.7
v             2.45     0.6614515566      1.566317186
v             2.45      1.201845828      1.201845828
v             2.45      1.566317186     0.6614515566
v              2.8              1.7                0
v              2.8      1.566317186    -0.6614515566
v              2.8      1.201845828     -1.201845828
v              2.8     0.6614515566     -1.566317186
v              2.8                0             -1.7
v              2.8    -0.6614515566     -1.566317186
v              2.8     -1.201845828     -1.201845828
v              2.8     -1.566317186    -0.6614515566
v              2.8             -1.7                0
v              2.8     -1.566317186     0.6614515566
v              2.8     -1.201845828      1.201845828
v              2.8    -0.6614515566      1.566317186
v              2.8                0              1.7
v              2.8     0.6614515566      1.566317186
v              2.8      1.201845828      1.201845828
v              2.8      1.566317186     0.6614515566
v             3.15              1.7                0
v             3.15      1.566317186    -0.6614515566
v             3.15      1.201845828     -1.201845828
v             3.15     0.6614515566     -1.566317186
v             3.15                0             -1.7
v             3.15    -0.6614515566     -1.566317186
v             3.15     -1.201845828     -1.201845828
v             3.15     -1.566317186    -0.6614515566
v             3.15             -1.7                0
v             3.15     -1.566317186     0.6614515566
v             3.15     -1.201845828      1.201845828
v             3.15    -0.6614515566      1.566317186
v             3.15                0              1.7
v             3.15     0.6614515566      1.566317186
v             3.15      1.201845828      1.201845828
v             3.15      1.566317186     0.6614515566
v              3.5              1.7                0
v              3.5      1.566317186    -0.6614515566
v              3.5      1.201845828     -1.201845828
v              3.5     0.6614515566     -1.566317186
v              3.5                0             -1.7
v              3.5    -0.6614515566     -1.566317186
v              3.5     -1.201845828     -1.201845828
v              3.5     -1.566317186    -0.6614515566
v              3.5             -1.7                0
v              3.5     -1.566317186     0.6614515566
v              3.5     -1.201845828      1.201845828
v              3.5    -0.6614515566      1.566317186
v              3.5                0              1.7
v              3.5     0.6614515566      1.566317186
v              3.5      1.201845828      1.201845828
v              3.5      1.566317186     0.6614515566
v             3.85              1.7                0
v             3.85      1.566317186    -0.6614515566
v             3.85      1.201845828     -1.201845828
v             3.85     0.6614515566     -1.566317186
v             3.85                0             -1.7
v             3.85    -0.6614515566     -1.566317186
v             3.85     -1.201845828     -1.201845828
v             3.85     -1.566317186    -0.6614515566
v             3.85             -1.7                0
v             3.85     -1.566317186     0.6614515566
v             3.85     -1.201845828      1.201845828
v             3.85    -0.6614515566      1.566317186
v             3.85                0              1.7
v             3.85     0.6614515566      1.566317186
v             3.85      1.201845828      1.201845828
v             3.85      1.566317186     0.6614515566
v              4.2              1.7                0
v              4.2      1.566317186    -0.6614515566
v              4.2      1.201845828     -1.201845828
v              4.2     0.6614515566     -1.566317186
v              4.2                0             -1.7
v              4.2    -0.6614515566     -1.566317186
v              4.2     -1.201845828     -1.201845828
v              4.2     -1.566317186    -0.6614515566
v              4.2             -1.7                0
v              4.2     -1.566317186     0.6614515566
v              4.2     -1.201845828      1.201845828
v              4.2    -0.6614515566      1.566317186
v              4.2                0              1.7
v              4.2     0.6614515566      1.566317186
v              4.2      1.201845828      1.201845828
v              4.2      1.566317186     0.6614515566
v             4.55              1.7                0
v             4.55      1.566317186    -0.6614515566
v             4.55      1.201845828     -1.201845828
v             4.55     0.6614515566     -1.566317186
v             4.55                0             -1.7
v             4.55    -0.6614515566     -1.566317186
v             4.55     -1.201845828     -1.201845828
v             4.55     -1.566317186    -0.6614515566
v             4.55             -1.7                0
v             4.55     -1.566317186     0.6614515566
v             4.55     -1.201845828      1.201845828
v             4.55    -0.6614515566      1.566317186
v             4.55                0              1.7
v             4.55     0.6614515566      1.566317186
v             4.55      1.201845828      1.201845828
v             4.55      1.566317186     0.6614515566
v              4.9              1.7                0
v              4.9      1.566317186    -0.6614515566
v              4.9      1.201845828     -1.201845828
v              4.9     0.6614515566     -1.566317186
v              4.9                0             -1.7
v              4.9    -0.6614515566     -1.566317186
v              4.9     -1.201845828     -1.201845828
v              4.9     -1.566317186    -0.6614515566
v              4.9             -1.7                0
v              4.9     -1.566317186     0.6614515566
v              4.9     -1.201845828      1.201845828
v              4.9    -0.6614515566      1.566317186
v              4.9                0              1.7
v              4.9     0.6614515566      1.566317186
v              4.9      1.201845828      1.201845828
v              4.9      1.566317186     0.6614515566
v             5.25              1.7                0
v             5.25      1.566317186    -0.6614515566
v             5.25      1.201845828     -1.201845828
v             5.25     0.6614515566     -1.566317186
v             5.25                0             -1.7
v             5.25    -0.6614515566     -1.566317186
v             5.25     -1.201845828     -1.201845828
v             5.25     -1.566317186    -0.6614515566
v             5.25             -1.7                0
v             5.25     -1.566317186     0.6614515566
v             5.25     -1.201845828      1.201845828
v             5.25    -0.6614515566      1.566317186
v             5.25                0              1.7
v             5.25     0.6614515566      1.566317186
v             5.25      1.201845828      1.201845828
v             5.25      1.566317186     0.6614515566
v      5.614595652      1.564604348                0
v      5.614595652       1.44126636    -0.6078637536
v      5.614595652      1.105319351     -1.105319351
v      5.614595652     0.6078637536      -1.44126636
v      5.614595652 -8.881784197e-18     -1.564604348
v      5.614595652    -0.6078637536      -1.44126636
v      5.614595652     -1.105319351     -1.105319351
v      5.614595652      -1.44126636    -0.6078637536
v      5.614595652     -1.564604348 -3.656656281e-18
v      5.614595652      -1.44126636     0.6078637536
v      5.614595652     -1.105319351      1.105319351
v      5.614595652    -0.6078637536       1.44126636
v      5.614595652 -7.749809249e-18      1.564604348
v      5.614595652     0.6078637536       1.44126636
v      5.614595652      1.105319351      1.105319351
v      5.614595652       1.44126636     0.6078637536
v      5.993786957      1.225813043                0
v      5.993786957      1.128512021    -0.4742300853
v      5.993786957     0.8641925635    -0.8641925635
v      5.993786957     0.4742300853     -1.128512021
v      5.993786957 -2.664535259e-17     -1.225813043
v      5.993786957    -0.4742300853     -1.128512021
v      5.993786957    -0.8641925635    -0.8641925635
v      5.993786957     -1.128512021    -0.4742300853
v      5.993786957     -1.225813043 -1.096996884e-17
v      5.993786957     -1.128512021     0.4742300853
v      5.993786957    -0.8641925635     0.8641925635
v      5.993786957    -0.4742300853      1.128512021
v      5.993786957 -2.324942775e-17      1.225813043
v      5.993786957     0.4742300853      1.128512021
v      5.993786957     0.8641925635     0.8641925635
v      5.993786957      1.128512021     0.4742300853
v      6.365680436     0.7847195642                0
v      6.365680436      0.721651376    -0.3012451629
v      6.365680436     0.5511444319    -0.5511444319
v      6.365680436     0.3012451629     -0.721651376
v      6.365680436 -3.996802889e-17    -0.7847195642
v      6.365680436    -0.3012451629     -0.721651376
v      6.365680436    -0.5511444319    -0.5511444319
v      6.365680436     -0.721651376    -0.3012451629
v      6.365680436    -0.7847195642 -1.645495327e-17
v      6.365680436     -0.721651376     0.3012451629
v      6.365680436    -0.5511444319     0.5511444319
v      6.365680436    -0.3012451629      0.721651376
v      6.365680436 -3.487414162e-17     0.7847195642
v      6.365680436     0.3012451629      0.721651376
v      6.365680436     0.5511444319     0.5511444319
v      6.365680436      0.721651376     0.3012451629
v       6.70838261     0.3424173904                0
v       6.70838261     0.3142816332    -0.1296035974
v       6.70838261      0.238853922     -0.238853922
v       6.70838261     0.1296035974    -0.3142816332
v       6.70838261 -3.552713679e-17    -0.3424173904
v       6.70838261    -0.1296035974    -0.3142816332
v       6.70838261     -0.238853922     -0.238853922
v       6.70838261    -0.3142816332    -0.1296035974
v       6.70838261    -0.3424173904 -1.462662513e-17
v       6.70838261    -0.3142816332     0.1296035974
v       6.70838261     -0.238853922      0.238853922
v       6.70838261    -0.1296035974     0.3142816332
v       6.70838261   -3.0999237e-17     0.3424173904
v       6.70838261     0.1296035974     0.3142816332
v       6.70838261      0.238853922      0.238853922
v       6.70838261     0.3142816332     0.1296035974
v                7                0                0
v              4.5                0                0
v       4.41426743  -7.06140661e-16 -4.323864501e-32
v       4.41426743  -0.003970500284 -2.431230232e-19
v      4.291044714 -9.635475285e-16 -5.900026983e-32
v      4.291044714  -0.009542007666 -5.842794573e-19
v      4.117594024 -5.033494704e-16 -3.082126589e-32
v      4.117594024   -0.01712189141 -1.048413476e-18
v      3.880480636 -8.333982537e-17 -5.103092519e-33
v      3.880480636   -0.02700696919 -1.653699919e-18
v      3.568982589 -1.141738948e-16 -6.991134742e-33
v      3.568982589   -0.03918043529 -2.399109734e-18
v      3.180479469 -4.592600118e-17 -2.812156517e-33
v      3.180479469   -0.05304563955 -3.248108634e-18
v      2.726140198 -1.989840966e-17 -1.218426185e-33
v      2.726140198   -0.06722021838 -4.116051264e-18
v      2.233125067 -2.775557562e-17 -1.699538842e-33
v      2.233125067   -0.07957276794 -4.872426778e-18
v      1.739763949   -0.08772246698  -5.37145192e-18
v      1.739763949 -2.417674002e-17 -1.480398364e-33
v      1.284573605   -0.08995449036 -5.508123934e-18
v      1.284573605  3.177435431e-18  1.945618065e-34
v     0.8951819251   -0.08595316951 -5.263113696e-18
v     0.8951819251 -3.051564117e-17 -1.868544114e-33
v     0.5833051624   -0.07670473703 -4.696810534e-18
v     0.5833051624 -1.701480174e-17 -1.041856124e-33
v      0.346828155   -0.06369570224 -3.900236893e-18
v      0.346828155  4.233691105e-17   2.59238813e-33
v     0.1756453332   -0.04795538993 -2.936420739e-18
v     0.1756453332   3.50841545e-17  2.148284875e-33
v    0.05812057527   -0.02892779272 -1.771316438e-18
v    0.05812057527 -4.391138121e-16 -2.688796622e-32
v    0.05812057527    0.02892779272  1.771316438e-18
v     0.1756453332    0.04795538993  2.936420739e-18
v      0.346828155    0.06369570224  3.900236893e-18
v     0.5833051624    0.07670473703  4.696810534e-18
v     0.8951819251    0.08595316951  5.263113696e-18
v      1.284573605    0.08995449036  5.508123934e-18
v      1.739763949    0.08772246698   5.37145192e-18
v      2.233125067    0.07957276794  4.872426778e-18
v      2.726140198    0.06722021838  4.116051264e-18
v      3.180479469    0.05304563955  3.248108634e-18
v      3.568982589    0.03918043529  2.399109734e-18
v      3.880480636    0.02700696919  1.653699919e-18
v      4.117594024    0.01712189141  1.048413476e-18
v      4.291044714   0.009542007666  5.842794573e-19
v       4.41426743   0.003970500284  2.431230232e-19
v       4.41426743  -0.007941000569 -4.862460464e-19
v      4.291044714   -0.01908401533 -1.168558915e-18
v      4.117594024   -0.03424378283 -2.096826951e-18
v      3.880480636   -0.05401393839 -3.307399838e-18
v      3.568982589   -0.07836087059 -4.798219467e-18
v      3.180479469    -0.1060912791 -6.496217269e-18
v      2.726140198    -0.1344404368 -8.232102528e-18
v      2.233125067    -0.1591455359 -9.744853556e-18
v      1.739763949     -0.175444934 -1.074290384e-17
v      1.284573605    -0.1799089807 -1.101624787e-17
v     0.8951819251     -0.171906339 -1.052622739e-17
v     0.5833051624    -0.1534094741 -9.393621068e-18
v      0.346828155    -0.1273914045 -7.800473786e-18
v     0.1756453332   -0.09591077985 -5.872841477e-18
v    0.05812057527   -0.05785558544 -3.542632876e-18
v    0.05812057527    0.05785558544  3.542632876e-18
v     0.1756453332    0.09591077985  5.872841477e-18
v      0.346828155     0.1273914045  7.800473786e-18
v     0.5833051624     0.1534094741  9.393621068e-18
v     0.8951819251      0.171906339  1.052622739e-17
v      1.284573605     0.1799089807  1.101624787e-17
v      1.739763949      0.175444934  1.074290384e-17
v      2.233125067     0.1591455359  9.744853556e-18
v      2.726140198     0.1344404368  8.232102528e-18
v      3.180479469     0.1060912791  6.496217269e-18
v      3.568982589    0.07836087059  4.798219467e-18
v      3.880480636    0.05401393839  3.307399838e-18
v      4.117594024    0.03424378283  2.096826951e-18
v      4.291044714    0.01908401533  1.168558915e-18
v       4.41426743   0.007941000569  4.862460464e-19
v      4.630940108  2.449293598e-17             -0.4
v      4.547112706   -0.00776453389             -0.4
v      4.426628272    -0.0186599261             -0.4
v      4.257032042   -0.03348280987             -0.4
v      4.025187841   -0.05281362865             -0.4
v      3.720611972   -0.07661951791             -0.4
v      3.340742255    -0.1037336951             -0.4
v      2.896499412    -0.1314528715             -0.4
v      2.414440173    -0.1556089684             -0.4
v      1.932042636    -0.1715461576             -0.4
v      1.486967633    -0.1759110034             -0.4
v      1.106229101    -0.1680861982             -0.4
v     0.8012829331    -0.1500003746             -0.4
v     0.5700609704    -0.1245604844             -0.4
v     0.4026822113   -0.09377942919             -0.4
v     0.2877691146   -0.05656990576             -0.4
v     0.2309401077  2.449293598e-17             -0.4
v     0.2877691146    0.05656990576             -0.4
v     0.4026822113    0.09377942919             -0.4
v     0.5700609704     0.1245604844             -0.4
v     0.8012829331     0.1500003746             -0.4
v      1.106229101     0.1680861982             -0.4
v      1.486967633     0.1759110034             -0.4
v      1.932042636     0.1715461576             -0.4
v      2.414440173     0.1556089684             -0.4
v      2.896499412     0.1314528715             -0.4
v      3.340742255     0.1037336951             -0.4
v      3.720611972    0.07661951791             -0.4
v      4.025187841    0.05281362865             -0.4
v      4.257032042    0.03348280987             -0.4
v      4.426628272     0.0186599261             -0.4
v      4.547112706    0.00776453389             -0.4
v      4.761880215  4.898587197e-17             -0.8
v      4.679957982   -0.00758806721             -0.8
v      4.562211831   -0.01823583687             -0.8
v       4.39647006   -0.03272183692             -0.8
v      4.169895045   -0.05161331891             -0.8
v      3.872241356   -0.07487816523             -0.8
v      3.501005041    -0.1013761111             -0.8
v      3.066858626    -0.1284653062             -0.8
v       2.59575528     -0.152072401             -0.8
v      2.124321322    -0.1676473813             -0.8
v       1.68936166     -0.171913026             -0.8
v      1.317276277    -0.1642660573             -0.8
v      1.019260704    -0.1465912752             -0.8
v     0.7932937857    -0.1217295643             -0.8
v     0.6297190893   -0.09164807852             -0.8
v     0.5174176539   -0.05528422608             -0.8
v     0.4618802154  4.898587197e-17             -0.8
v     0.5174176539    0.05528422608             -0.8
v     0.6297190893    0.09164807852             -0.8
v     0.7932937857     0.1217295643             -0.8
v      1.019260704     0.1465912752             -0.8
v      1.317276277     0.1642660573             -0.8
v       1.68936166      0.171913026             -0.8
v      2.124321322     0.1676473813             -0.8
v       2.59575528      0.152072401             -0.8
v      3.066858626     0.1284653062             -0.8
v      3.501005041     0.1013761111             -0.8
v      3.872241356    0.07487816523             -0.8
v      4.169895045    0.05161331891             -0.8
v       4.39647006    0.03272183692             -0.8
v      4.562211831    0.01823583687             -0.8
v      4.679957982    0.00758806721             -0.8
v      4.892820323  7.347880795e-17             -1.2
v      4.812803258  -0.007411600531             -1.2
v      4.697795389   -0.01781174764             -1.2
v      4.535908078   -0.03196086397             -1.2
v       4.31460225   -0.05041300916             -1.2
v      4.023870739   -0.07313681255             -1.2
v      3.661267827   -0.09901852716             -1.2
v      3.237217841     -0.125477741             -1.2
v      2.777070386    -0.1485358335             -1.2
v      2.316600009     -0.163748605             -1.2
v      1.891755688    -0.1679150487             -1.2
v      1.528323453    -0.1604459164             -1.2
v      1.237238475    -0.1431821758             -1.2
v      1.016526601    -0.1188986442             -1.2
v     0.8567559674   -0.08951672786             -1.2
v     0.7470661933   -0.05399854641             -1.2
v      0.692820323  7.347880795e-17             -1.2
v     0.7470661933    0.05399854641             -1.2
v     0.8567559674    0.08951672786             -1.2
v      1.016526601     0.1188986442             -1.2
v      1.237238475     0.1431821758             -1.2
v      1.528323453     0.1604459164             -1.2
v      1.891755688     0.1679150487             -1.2
v      2.316600009      0.163748605             -1.2
v      2.777070386     0.1485358335             -1.2
v      3.237217841      0.125477741             -1.2
v      3.661267827    0.09901852716             -1.2
v      4.023870739    0.07313681255             -1.2
v       4.31460225    0.05041300916             -1.2
v      4.535908078    0.03196086397             -1.2
v      4.697795389    0.01781174764             -1.2
v      4.812803258   0.007411600531             -1.2
v      4.945648534  -0.007235133852             -1.6
v      5.023760431  9.797174393e-17             -1.6
v      4.833378948   -0.01738765841             -1.6
v      4.675346097   -0.03119989102             -1.6
v      4.459309455   -0.04921269942             -1.6
v      4.175500123   -0.07139545987             -1.6
v      3.821530613   -0.09666094318             -1.6
v      3.407577055    -0.1224901757             -1.6
v      2.958385492     -0.144999266             -1.6
v      2.508878696    -0.1598498287             -1.6
v      2.094149715    -0.1639170713             -1.6
v      1.739370629    -0.1566257756             -1.6
v      1.455216245    -0.1397730764             -1.6
v      1.239759416    -0.1160677241             -1.6
v      1.083792845    -0.0873853772             -1.6
v     0.9767147326   -0.05271286673             -1.6
v     0.9237604307  9.797174393e-17             -1.6
v     0.9767147326    0.05271286673             -1.6
v      1.083792845     0.0873853772             -1.6
v      1.239759416     0.1160677241             -1.6
v      1.455216245     0.1397730764             -1.6
v      1.739370629     0.1566257756             -1.6
v      2.094149715     0.1639170713             -1.6
v      2.508878696     0.1598498287             -1.6
v      2.958385492      0.144999266             -1.6
v      3.407577055     0.1224901757             -1.6
v      3.821530613    0.09666094318             -1.6
v      4.175500123    0.07139545987             -1.6
v      4.459309455    0.04921269942             -1.6
v      4.675346097    0.03119989102             -1.6
v      4.833378948    0.01738765841             -1.6
v      4.945648534   0.007235133852             -1.6
v       5.07849381  -0.007058667172               -2
v      5.154700538  1.224646799e-16               -2
v      4.968962506   -0.01696356918               -2
v      4.814784115   -0.03043891807               -2
v      4.604016659   -0.04801238968               -2
v      4.327129506   -0.06965410719               -2
v      3.981793399    -0.0943033592               -2
v       3.57793627    -0.1195026105               -2
v      3.139700598    -0.1414626986               -2
v      2.701157382    -0.1559510524               -2
v      2.296543743     -0.159919094               -2
v      1.950417805    -0.1528056347               -2
v      1.673194016    -0.1363639769               -2
v      1.462992232     -0.113236804               -2
v      1.310829723   -0.08525402653               -2
v      1.206363272   -0.05142718705               -2
v      1.154700538  1.224646799e-16               -2
v      1.206363272    0.05142718705               -2
v      1.310829723    0.08525402653               -2
v      1.462992232      0.113236804               -2
v      1.673194016     0.1363639769               -2
v      1.950417805     0.1528056347               -2
v      2.296543743      0.159919094               -2
v      2.701157382     0.1559510524               -2
v      3.139700598     0.1414626986               -2
v       3.57793627     0.1195026105               -2
v      3.981793399     0.0943033592               -2
v      4.327129506    0.06965410719               -2
v      4.604016659    0.04801238968               -2
v      4.814784115    0.03043891807               -2
v      4.968962506    0.01696356918               -2
v       5.07849381   0.007058667172               -2
v       5.07849381  -0.003529333586               -2
v      4.968962506  -0.008481784592               -2
v      4.814784115   -0.01521945903               -2
v      4.604016659   -0.02400619484               -2
v      4.327129506    -0.0348270536               -2
v      3.981793399    -0.0471516796               -2
v       3.57793627   -0.05975130523               -2
v      3.139700598   -0.07073134928               -2
v      2.701157382    -0.0779755262               -2
v      2.296543743   -0.07995954699               -2
v      1.950417805   -0.07640281734               -2
v      1.673194016   -0.06818198847               -2
v      1.462992232   -0.05661840199               -2
v      1.310829723   -0.04262701327               -2
v      1.206363272   -0.02571359353               -2
v      1.206363272    0.02571359353               -2
v      1.310829723    0.04262701327               -2
v      1.462992232    0.05661840199               -2
v      1.673194016    0.06818198847               -2
v      1.950417805    0.07640281734               -2
v      2.296543743    0.07995954699               -2
v      2.701157382     0.0779755262               -2
v      3.139700598    0.07073134928               -2
v       3.57793627    0.05975130523               -2
v      3.981793399     0.0471516796               -2
v      4.327129506     0.0348270536               -2
v      4.604016659    0.02400619484               -2
v      4.814784115    0.01521945903               -2
v      4.968962506   0.008481784592               -2
v       5.07849381   0.003529333586               -2
v       5.07849381 -5.055325467e-16               -2
v      4.968962506 -7.364774095e-16               -2
v      4.814784115 -3.314003213e-16               -2
v      4.604016659  4.206164376e-17               -2
v      4.327129506  2.377069323e-17               -2
v      3.981793399  9.188856087e-17               -2
v       3.57793627  1.116990814e-16               -2
v      3.139700598  1.085868921e-16               -2
v      2.701157382  1.098012806e-16               -2
v      2.296543743  1.219188885e-16               -2
v      1.950417805  1.048717602e-16               -2
v      1.673194016   1.19327666e-16               -2
v      1.462992232  1.802373031e-16               -2
v      1.310829723  1.620898708e-16               -2
v      1.206363272 -2.670359019e-16               -2
v      4.630940108  2.449293598e-17              0.4
v      4.547112706    0.00776453389              0.4
v      4.426628272     0.0186599261              0.4
v      4.257032042    0.03348280987              0.4
v      4.025187841    0.05281362865              0.4
v      3.720611972    0.07661951791              0.4
v      3.340742255     0.1037336951              0.4
v      2.896499412     0.1314528715              0.4
v      2.414440173     0.1556089684              0.4
v      1.932042636     0.1715461576              0.4
v      1.486967633     0.1759110034              0.4
v      1.106229101     0.1680861982              0.4
v     0.8012829331     0.1500003746              0.4
v     0.5700609704     0.1245604844              0.4
v     0.4026822113    0.09377942919              0.4
v     0.2877691146    0.05656990576              0.4
v     0.2309401077  2.449293598e-17              0.4
v     0.2877691146   -0.05656990576              0.4
v     0.4026822113   -0.09377942919              0.4
v     0.5700609704    -0.1245604844              0.4
v     0.8012829331    -0.1500003746              0.4
v      1.106229101    -0.1680861982              0.4
v      1.486967633    -0.1759110034              0.4
v      1.932042636    -0.1715461576              0.4
v      2.414440173    -0.1556089684              0.4
v      2.896499412    -0.1314528715              0.4
v      3.340742255    -0.1037336951              0.4
v      3.720611972   -0.07661951791              0.4
v      4.025187841   -0.05281362865              0.4
v      4.257032042   -0.03348280987              0.4
v      4.426628272    -0.0186599261              0.4
v      4.547112706   -0.00776453389              0.4
v      4.761880215  4.898587197e-17              0.8
v      4.679957982    0.00758806721              0.8
v      4.562211831    0.01823583687              0.8
v       4.39647006    0.03272183692              0.8
v      4.169895045    0.05161331891              0.8
v      3.872241356    0.07487816523              0.8
v      3.501005041     0.1013761111              0.8
v      3.066858626     0.1284653062              0.8
v       2.59575528      0.152072401              0.8
v      2.124321322     0.1676473813              0.8
v       1.68936166      0.171913026              0.8
v      1.317276277     0.1642660573              0.8
v      1.019260704     0.1465912752              0.8
v     0.7932937857     0.1217295643              0.8
v     0.6297190893    0.09164807852              0.8
v     0.5174176539    0.05528422608              0.8
v     0.4618802154  4.898587197e-17              0.8
v     0.5174176539   -0.05528422608              0.8
v     0.6297190893   -0.09164807852              0.8
v     0.7932937857    -0.1217295643              0.8
v      1.019260704    -0.1465912752              0.8
v      1.317276277    -0.1642660573              0.8
v       1.68936166     -0.171913026              0.8
v      2.124321322    -0.1676473813              0.8
v       2.59575528     -0.152072401              0.8
v      3.066858626    -0.1284653062              0.8
v      3.501005041    -0.1013761111              0.8
v      3.872241356   -0.07487816523              0.8
v      4.169895045   -0.05161331891              0.8
v       4.39647006   -0.03272183692              0.8
v      4.562211831   -0.01823583687              0.8
v      4.679957982   -0.00758806721              0.8
v      4.892820323  7.347880795e-17              1.2
v      4.812803258   0.007411600531              1.2
v      4.697795389    0.01781174764              1.2
v      4.535908078    0.03196086397              1.2
v       4.31460225    0.05041300916              1.2
v      4.023870739    0.07313681255              1.2
v      3.661267827    0.09901852716              1.2
v      3.237217841      0.125477741              1.2
v      2.777070386     0.1485358335              1.2
v      2.316600009      0.163748605              1.2
v      1.891755688     0.1679150487              1.2
v      1.528323453     0.1604459164              1.2
v      1.237238475     0.1431821758              1.2
v      1.016526601     0.1188986442              1.2
v     0.8567559674    0.08951672786              1.2
v     0.7470661933    0.05399854641              1.2
v      0.692820323  7.347880795e-17              1.2
v     0.7470661933   -0.05399854641              1.2
v     0.8567559674   -0.08951672786              1.2
v      1.016526601    -0.1188986442              1.2
v      1.237238475    -0.1431821758              1.2
v      1.528323453    -0.1604459164              1.2
v      1.891755688    -0.1679150487              1.2
v      2.316600009     -0.163748605              1.2
v      2.777070386    -0.1485358335              1.2
v      3.237217841     -0.125477741              1.2
v      3.661267827   -0.09901852716              1.2
v      4.023870739   -0.07313681255              1.2
v       4.31460225   -0.05041300916              1.2
v      4.535908078   -0.03196086397              1.2
v      4.697795389   -0.01781174764              1.2
v      4.812803258  -0.007411600531              1.2
v      4.945648534   0.007235133852              1.6
v      5.023760431  9.797174393e-17              1.6
v      4.833378948    0.01738765841              1.6
v      4.675346097    0.03119989102              1.6
v      4.459309455    0.04921269942              1.6
v      4.175500123    0.07139545987              1.6
v      3.821530613    0.09666094318              1.6
v      3.407577055     0.1224901757              1.6
v      2.958385492      0.144999266              1.6
v      2.508878696     0.1598498287              1.6
v      2.094149715     0.1639170713              1.6
v      1.739370629     0.1566257756              1.6
v      1.455216245     0.1397730764              1.6
v      1.239759416     0.1160677241              1.6
v      1.083792845     0.0873853772              1.6
v     0.9767147326    0.05271286673              1.6
v     0.9237604307  9.797174393e-17              1.6
v     0.9767147326   -0.05271286673              1.6
v      1.083792845    -0.0873853772              1.6
v      1.239759416    -0.1160677241              1.6
v      1.455216245    -0.1397730764              1.6
v      1.739370629    -0.1566257756              1.6
v      2.094149715    -0.1639170713              1.6
v      2.508878696    -0.1598498287              1.6
v      2.958385492     -0.144999266              1.6
v      3.407577055    -0.1224901757              1.6
v      3.821530613   -0.09666094318              1.6
v      4.175500123   -0.07139545987              1.6
v      4.459309455   -0.04921269942              1.6
v      4.675346097   -0.03119989102              1.6
v      4.833378948   -0.01738765841              1.6
v      4.945648534  -0.007235133852              1.6
v       5.07849381   0.007058667172                2
v      5.154700538  1.224646799e-16                2
v      4.968962506    0.01696356918                2
v      4.814784115    0.03043891807                2
v      4.604016659    0.04801238968                2
v      4.327129506    0.06965410719                2
v      3.981793399     0.0943033592                2
v       3.57793627     0.1195026105                2
v      3.139700598     0.1414626986                2
v      2.701157382     0.1559510524                2
v      2.296543743      0.159919094                2
v      1.950417805     0.1528056347                2
v      1.673194016     0.1363639769                2
v      1.462992232      0.113236804                2
v      1.310829723    0.08525402653                2
v      1.206363272    0.05142718705                2
v      1.154700538  1.224646799e-16                2
v      1.206363272   -0.05142718705                2
v      1.310829723   -0.08525402653                2
v      1.462992232     -0.113236804                2
v      1.673194016    -0.1363639769                2
v      1.950417805    -0.1528056347                2
v      2.296543743     -0.159919094                2
v      2.701157382    -0.1559510524                2
v      3.139700598    -0.1414626986                2
v       3.57793627    -0.1195026105                2
v      3.981793399    -0.0943033592                2
v      4.327129506   -0.06965410719                2
v      4.604016659   -0.04801238968                2
v      4.814784115   -0.03043891807                2
v      4.968962506   -0.01696356918                2
v       5.07849381  -0.007058667172                2
v       5.07849381   0.003529333586                2
v      4.968962506   0.008481784592                2
v      4.814784115    0.01521945903                2
v      4.604016659    0.02400619484                2
v      4.327129506     0.0348270536                2
v      3.981793399     0.0471516796                2
v       3.57793627    0.05975130523                2
v      3.139700598    0.07073134928                2
v      2.701157382     0.0779755262                2
v      2.296543743    0.07995954699                2
v      1.950417805    0.07640281734                2
v      1.673194016    0.06818198847                2
v      1.462992232    0.05661840199                2
v      1.310829723    0.04262701327                2
v      1.206363272    0.02571359353                2
v      1.206363272   -0.02571359353                2
v      1.310829723   -0.04262701327                2
v      1.462992232   -0.05661840199                2
v      1.673194016   -0.06818198847                2
v      1.950417805   -0.07640281734                2
v      2.296543743   -0.07995954699                2
v      2.701157382    -0.0779755262                2
v      3.139700598   -0.07073134928                2
v       3.57793627   -0.05975130523                2
v      3.981793399    -0.0471516796                2
v      4.327129506    -0.0348270536                2
v      4.604016659   -0.02400619484                2
v      4.814784115   -0.01521945903                2
v      4.968962506  -0.008481784592                2
v       5.07849381  -0.003529333586                2
v       5.07849381  7.504619065e-16                2
v      4.968962506  9.814067694e-16                2
v      4.814784115  5.763296811e-16                2
v      4.604016659  2.028677161e-16                2
v      4.327129506  2.211586666e-16                2
v      3.981793399   1.53040799e-16                2
v       3.57793627  1.332302785e-16                2
v      3.139700598  1.363424677e-16                2
v      2.701157382  1.351280792e-16                2
v      2.296543743  1.230104713e-16                2
v      1.950417805  1.400575997e-16                2
v      1.673194016  1.256016938e-16                2
v      1.462992232  6.469205668e-17                2
v      1.310829723  8.283948902e-17                2
v      1.206363272  5.119652617e-16                2
v     0.9439452029      1.311945203                0
v     0.9439452029      1.204514713    -0.2629757052
v     0.9439452029     0.9161351287    -0.4896919501
v     0.9439452029     0.4976742811    -0.6487485207
v     0.9439452029 -8.526512829e-17    -0.7087452029
v     0.9439452029    -0.4976742811    -0.6487485207
v     0.9439452029    -0.9161351287    -0.4896919501
v     0.9439452029     -1.204514713    -0.2629757052
v     0.9439452029     -1.311945203 -7.164233672e-17
v     0.9439452029     -1.204514713     0.2629757052
v     0.9439452029    -0.9161351287     0.4896919501
v     0.9439452029    -0.4976742811     0.6487485207
v     0.9439452029 -1.372051889e-16     0.7087452029
v     0.9439452029     0.4976742811     0.6487485207
v     0.9439452029     0.9161351287     0.4896919501
v     0.9439452029      1.204514713     0.2629757052
v      1.936938353      3.120938353                0
v      1.936938353       2.87072127     -0.405570809
v      1.936938353      2.193614601    -0.7502684578
v      1.936938353       1.19993522     -0.989666466
v      1.936938353 -9.592326933e-17     -1.079338353
v      1.936938353      -1.19993522     -0.989666466
v      1.936938353     -2.193614601    -0.7502684578
v      1.936938353      -2.87072127     -0.405570809
v      1.936938353     -3.120938353 -8.059762881e-17
v      1.936938353      -2.87072127      0.405570809
v      1.936938353     -2.193614601     0.7502684578
v      1.936938353      -1.19993522      0.989666466
v      1.936938353 -1.543558375e-16      1.079338353
v      1.936938353       1.19993522      0.989666466
v      1.936938353      2.193614601     0.7502684578
v      1.936938353       2.87072127      0.405570809
v      2.957958902      4.973958902                0
v      2.957958902      4.579624605    -0.4633687582
v      2.957958902      3.507904202    -0.8508351664
v      2.957958902      1.925721423     -1.116773717
v      2.957958902 -6.394884622e-17     -1.215558902
v      2.957958902     -1.925721423     -1.116773717
v      2.957958902     -3.507904202    -0.8508351664
v      2.957958902     -4.579624605    -0.4633687582
v      2.957958902     -4.973958902 -5.373175254e-17
v      2.957958902     -4.579624605     0.4633687582
v      2.957958902     -3.507904202     0.8508351664
v      2.957958902     -1.925721423      1.116773717
v      2.957958902 -1.029038917e-16      1.215558902
v      2.957958902      1.925721423      1.116773717
v      2.957958902      3.507904202     0.8508351664
v      2.957958902      4.579624605     0.4633687582
v      3.985986301      6.417986301                0
v      3.985986301      5.912229655    -0.4719529999
v      3.985986301      4.534469719    -0.8604977196
v      3.985986301        2.4939715     -1.124090155
v      3.985986301 -2.131628207e-17     -1.221186301
v      3.985986301       -2.4939715     -1.124090155
v      3.985986301     -4.534469719    -0.8604977196
v      3.985986301     -5.912229655    -0.4719529999
v      3.985986301     -6.417986301 -1.791058418e-17
v      3.985986301     -5.912229655     0.4719529999
v      3.985986301     -4.534469719     0.8604977196
v      3.985986301       -2.4939715      1.124090155
v      3.985986301 -3.430129722e-17      1.221186301
v      3.985986301        2.4939715      1.124090155
v      3.985986301      4.534469719     0.8604977196
v      3.985986301      5.912229655     0.4719529999
v                5                7                0
v                5      6.449541352    -0.4669069811
v                5      4.948776939     -0.848361761
v                5      2.723624057      -1.10563566
v                5                0             -1.2
v                5     -2.723624057      -1.10563566
v                5     -4.948776939     -0.848361761
v                5     -6.449541352    -0.4669069811
v                5               -7                0
v                5     -6.449541352     0.4669069811
v                5     -4.948776939      0.848361761
v                5     -2.723624057       1.10563566
v                5                0              1.2
v                5      2.723624057       1.10563566
v                5      4.948776939      0.848361761
v                5      6.449541352     0.4669069811
v                6                7                0
v                6      6.449541352    -0.4669069811
v                6      4.948776939     -0.848361761
v                6      2.723624057      -1.10563566
v                6                0             -1.2
v                6     -2.723624057      -1.10563566
v                6     -4.948776939     -0.848361761
v                6     -6.449541352    -0.4669069811
v                6               -7                0
v                6     -6.449541352     0.4669069811
v                6     -4.948776939      0.848361761
v                6     -2.723624057       1.10563566
v                6                0              1.2
v                6      2.723624057       1.10563566
v                6      4.948776939      0.848361761
v                6      6.449541352     0.4669069811
v                7                7                0
v                7      6.449541352    -0.4669069811
v                7      4.948776939     -0.848361761
v                7      2.723624057      -1.10563566
v                7                0             -1.2
v                7     -2.723624057      -1.10563566
v                7     -4.948776939     -0.848361761
v                7     -6.449541352    -0.4669069811
v                7               -7                0
v                7     -6.449541352     0.4669069811
v                7     -4.948776939      0.848361761
v                7     -2.723624057       1.10563566
v                7                0              1.2
v                7      2.723624057       1.10563566
v                7      4.948776939      0.848361761
v                7      6.449541352     0.4669069811
v                8                7                0
v                8      6.449541352    -0.4669069811
v                8      4.948776939     -0.848361761
v                8      2.723624057      -1.10563566
v                8                0             -1.2
v                8     -2.723624057      -1.10563566
v                8     -4.948776939     -0.848361761
v                8     -6.449541352    -0.4669069811
v                8               -7                0
v                8     -6.449541352     0.4669069811
v                8     -4.948776939      0.848361761
v                8     -2.723624057       1.10563566
v                8                0              1.2
v                8      2.723624057       1.10563566
v                8      4.948776939      0.848361761
v                8      6.449541352     0.4669069811
v                9                7                0
v                9      6.449541352    -0.4669069811
v                9      4.948776939     -0.848361761
v                9      2.723624057      -1.10563566
v                9                0             -1.2
v                9     -2.723624057      -1.10563566
v                9     -4.948776939     -0.848361761
v                9     -6.449541352    -0.4669069811
v                9               -7                0
v                9     -6.449541352     0.4669069811
v                9     -4.948776939      0.848361761
v                9     -2.723624057       1.10563566
v                9                0              1.2
v                9      2.723624057       1.10563566
v                9      4.948776939      0.848361761
v                9      6.449541352     0.4669069811
v               10                7                0
v               10      6.449541352    -0.4669069811
v               10      4.948776939     -0.848361761
v               10      2.723624057      -1.10563566
v               10                0             -1.2
v               10     -2.723624057      -1.10563566
v               10     -4.948776939     -0.848361761
v               10     -6.449541352    -0.4669069811
v               10               -7                0
v               10     -6.449541352     0.4669069811
v               10     -4.948776939      0.848361761
v               10     -2.723624057       1.10563566
v               10                0              1.2
v               10      2.723624057       1.10563566
v               10      4.948776939      0.848361761
v               10      6.449541352     0.4669069811
v               11                7                0
v               11      6.449541352    -0.4669069811
v               11      4.948776939     -0.848361761
v               11      2.723624057      -1.10563566
v               11                0             -1.2
v               11     -2.723624057      -1.10563566
v               11     -4.948776939     -0.848361761
v               11     -6.449541352    -0.4669069811
v               11               -7                0
v               11     -6.449541352     0.4669069811
v               11     -4.948776939      0.848361761
v               11     -2.723624057       1.10563566
v               11                0              1.2
v               11      2.723624057       1.10563566
v               11      4.948776939      0.848361761
v               11      6.449541352     0.4669069811
v               12                7                0
v               12      6.449541352    -0.4669069811
v               12      4.948776939     -0.848361761
v               12      2.723624057      -1.10563566
v               12                0             -1.2
v               12     -2.723624057      -1.10563566
v               12     -4.948776939     -0.848361761
v               12     -6.449541352    -0.4669069811
v               12               -7                0
v               12     -6.449541352     0.4669069811
v               12     -4.948776939      0.848361761
v               12     -2.723624057       1.10563566
v               12                0              1.2
v               12      2.723624057       1.10563566
v               12      4.948776939      0.848361761
v               12      6.449541352     0.4669069811
v               13                7                0
v               13      6.449541352    -0.4669069811
v               13      4.948776939     -0.848361761
v               13      2.723624057      -1.10563566
v               13                0             -1.2
v               13     -2.723624057      -1.10563566
v               13     -4.948776939     -0.848361761
v               13     -6.449541352    -0.4669069811
v               13               -7                0
v               13     -6.449541352     0.4669069811
v               13     -4.948776939      0.848361761
v               13     -2.723624057       1.10563566
v               13                0              1.2
v               13      2.723624057       1.10563566
v               13      4.948776939      0.848361761
v               13      6.449541352     0.4669069811
v               14                7                0
v               14      6.449541352    -0.4669069811
v               14      4.948776939     -0.848361761
v               14      2.723624057      -1.10563566
v               14                0             -1.2
v               14     -2.723624057      -1.10563566
v               14     -4.948776939     -0.848361761
v               14     -6.449541352    -0.4669069811
v               14               -7                0
v               14     -6.449541352     0.4669069811
v               14     -4.948776939      0.848361761
v               14     -2.723624057       1.10563566
v               14                0              1.2
v               14      2.723624057       1.10563566
v               14      4.948776939      0.848361761
v               14      6.449541352     0.4669069811
v               15                7                0
v               15      6.449541352    -0.4669069811
v               15      4.948776939     -0.848361761
v               15      2.723624057      -1.10563566
v               15                0             -1.2
v               15     -2.723624057      -1.10563566
v               15     -4.948776939     -0.848361761
v               15     -6.449541352    -0.4669069811
v               15               -7                0
v               15     -6.449541352     0.4669069811
v               15     -4.948776939      0.848361761
v               15     -2.723624057       1.10563566
v               15                0              1.2
v               15      2.723624057       1.10563566
v               15      4.948776939      0.848361761
v               15      6.449541352     0.4669069811
v       16.0140137      6.417986301                0
v       16.0140137      5.912229655    -0.4719529999
v       16.0140137      4.534469719    -0.8604977196
v       16.0140137        2.4939715     -1.124090155
v       16.0140137 -2.131628207e-17     -1.221186301
v       16.0140137       -2.4939715     -1.124090155
v       16.0140137     -4.534469719    -0.8604977196
v       16.0140137     -5.912229655    -0.4719529999
v       16.0140137     -6.417986301 -1.791058418e-17
v       16.0140137     -5.912229655     0.4719529999
v       16.0140137     -4.534469719     0.8604977196
v       16.0140137       -2.4939715      1.124090155
v       16.0140137 -3.430129722e-17      1.221186301
v       16.0140137        2.4939715      1.124090155
v       16.0140137      4.534469719     0.8604977196
v       16.0140137      5.912229655     0.4719529999
v       17.0420411      4.973958902                0
v       17.0420411      4.579624605    -0.4633687582
v       17.0420411      3.507904202    -0.8508351664
v       17.0420411      1.925721423     -1.116773717
v       17.0420411 -6.394884622e-17     -1.215558902
v       17.0420411     -1.925721423     -1.116773717
v       17.0420411     -3.507904202    -0.8508351664
v       17.0420411     -4.579624605    -0.4633687582
v       17.0420411     -4.973958902 -5.373175254e-17
v       17.0420411     -4.579624605     0.4633687582
v       17.0420411     -3.507904202     0.8508351664
v       17.0420411     -1.925721423      1.116773717
v       17.0420411 -1.029038917e-16      1.215558902
v       17.0420411      1.925721423      1.116773717
v       17.0420411      3.507904202     0.8508351664
v       17.0420411      4.579624605     0.4633687582
v      18.06306165      3.120938353                0
v      18.06306165       2.87072127     -0.405570809
v      18.06306165      2.193614601    -0.7502684578
v      18.06306165       1.19993522     -0.989666466
v      18.06306165 -9.592326933e-17     -1.079338353
v      18.06306165      -1.19993522     -0.989666466
v      18.06306165     -2.193614601    -0.7502684578
v      18.06306165      -2.87072127     -0.405570809
v      18.06306165     -3.120938353 -8.059762881e-17
v      18.06306165      -2.87072127      0.405570809
v      18.06306165     -2.193614601     0.7502684578
v      18.06306165      -1.19993522      0.989666466
v      18.06306165 -1.543558375e-16      1.079338353
v      18.06306165       1.19993522      0.989666466
v      18.06306165      2.193614601     0.7502684578
v      18.06306165       2.87072127      0.405570809
v       19.0560548      1.311945203                0
v       19.0560548      1.204514713    -0.2629757052
v       19.0560548     0.9161351287    -0.4896919501
v       19.0560548     0.4976742811    -0.6487485207
v       19.0560548 -8.526512829e-17    -0.7087452029
v       19.0560548    -0.4976742811    -0.6487485207
v       19.0560548    -0.9161351287    -0.4896919501
v       19.0560548     -1.204514713    -0.2629757052
v       19.0560548     -1.311945203 -7.164233672e-17
v       19.0560548     -1.204514713     0.2629757052
v       19.0560548    -0.9161351287     0.4896919501
v       19.0560548    -0.4976742811     0.6487485207
v       19.0560548 -1.372051889e-16     0.7087452029
v       19.0560548     0.4976742811     0.6487485207
v       19.0560548     0.9161351287     0.4896919501
v       19.0560548      1.204514713     0.2629757052
v               20                0                0
v     0.4452219885     0.3904219885                0
v     0.4452219885     0.3580469476      -0.14688862
v     0.4452219885     0.2715533803    -0.2715533803
v     0.4452219885       0.14688862    -0.3580469476
v     0.4452219885 -3.552713679e-17    -0.3904219885
v     0.4452219885      -0.14688862    -0.3580469476
v     0.4452219885    -0.2715533803    -0.2715533803
v     0.4452219885    -0.3580469476      -0.14688862
v     0.4452219885    -0.3904219885 -3.354516579e-17
v     0.4452219885    -0.3580469476       0.14688862
v     0.4452219885    -0.2715533803     0.2715533803
v     0.4452219885      -0.14688862     0.3580469476
v     0.4452219885 -4.210238179e-17     0.3904219885
v     0.4452219885       0.14688862     0.3580469476
v     0.4452219885     0.2715533803     0.2715533803
v     0.4452219885     0.3580469476       0.14688862
v      1.025874737      0.803474737                0
v      1.025874737     0.7384093071    -0.3069754208
v      1.025874737     0.5630106957    -0.5630106957
v      1.025874737     0.3069754208    -0.7384093071
v      1.025874737 -3.996802889e-17     -0.803474737
v      1.025874737    -0.3069754208    -0.7384093071
v      1.025874737    -0.5630106957    -0.5630106957
v      1.025874737    -0.7384093071    -0.3069754208
v      1.025874737     -0.803474737 -3.773831152e-17
v      1.025874737    -0.7384093071     0.3069754208
v      1.025874737    -0.5630106957     0.5630106957
v      1.025874737    -0.3069754208     0.7384093071
v      1.025874737 -4.736517952e-17      0.803474737
v      1.025874737     0.3069754208     0.7384093071
v      1.025874737     0.5630106957     0.5630106957
v      1.025874737     0.7384093071     0.3069754208
v      1.683916491      1.176316491                0
v      1.683916491      1.082559466    -0.4539267299
v      1.683916491     0.8282713818    -0.8282713818
v      1.683916491     0.4539267299     -1.082559466
v      1.683916491 -2.664535259e-17     -1.176316491
v      1.683916491    -0.4539267299     -1.082559466
v      1.683916491    -0.8282713818    -0.8282713818
v      1.683916491     -1.082559466    -0.4539267299
v      1.683916491     -1.176316491 -2.515887434e-17
v      1.683916491     -1.082559466     0.4539267299
v      1.683916491    -0.8282713818     0.8282713818
v      1.683916491    -0.4539267299      1.082559466
v      1.683916491 -3.157678634e-17      1.176316491
v      1.683916491     0.4539267299      1.082559466
v      1.683916491     0.8282713818     0.8282713818
v      1.683916491      1.082559466     0.4539267299
v      2.361305497      1.446105497                0
v      2.361305497       1.33196981    -0.5614088751
v      2.361305497      1.021234874     -1.021234874
v      2.361305497     0.5614088751      -1.33196981
v      2.361305497 -8.881784197e-18     -1.446105497
v      2.361305497    -0.5614088751      -1.33196981
v      2.361305497     -1.021234874     -1.021234874
v      2.361305497      -1.33196981    -0.5614088751
v      2.361305497     -1.446105497 -8.386291448e-18
v      2.361305497      -1.33196981     0.5614088751
v      2.361305497     -1.021234874      1.021234874
v      2.361305497    -0.5614088751       1.33196981
v      2.361305497 -1.052559545e-17      1.446105497
v      2.361305497     0.5614088751       1.33196981
v      2.361305497      1.021234874      1.021234874
v      2.361305497       1.33196981     0.5614088751
v                3             1.55                0
v                3      1.428112728     -0.603088184
v                3      1.095800608     -1.095800608
v                3      0.603088184     -1.428112728
v                3                0            -1.55
v                3     -0.603088184     -1.428112728
v                3     -1.095800608     -1.095800608
v                3     -1.428112728     -0.603088184
v                3            -1.55                0
v                3     -1.428112728      0.603088184
v                3     -1.095800608      1.095800608
v                3     -0.603088184      1.428112728
v                3                0             1.55
v                3      0.603088184      1.428112728
v                3      1.095800608      1.095800608
v                3      1.428112728      0.603088184
v              3.6             1.55                0
v              3.6      1.428112728     -0.603088184
v              3.6      1.095800608     -1.095800608
v              3.6      0.603088184     -1.428112728
v              3.6                0            -1.55
v              3.6     -0.603088184     -1.428112728
v              3.6     -1.095800608     -1.095800608
v              3.6     -1.428112728     -0.603088184
v              3.6            -1.55                0
v              3.6     -1.428112728      0.603088184
v              3.6     -1.095800608      1.095800608
v              3.6     -0.603088184      1.428112728
v              3.6                0             1.55
v              3.6      0.603088184      1.428112728
v              3.6      1.095800608      1.095800608
v              3.6      1.428112728      0.603088184
v              4.2             1.55                0
v              4.2      1.428112728     -0.603088184
v              4.2      1.095800608     -1.095800608
v              4.2      0.603088184     -1.428112728
v              4.2                0            -1.55
v              4.2     -0.603088184     -1.428112728
v              4.2     -1.095800608     -1.095800608
v              4.2     -1.428112728     -0.603088184
v              4.2            -1.55                0
v              4.2     -1.428112728      0.603088184
v              4.2     -1.095800608      1.095800608
v              4.2     -0.603088184      1.428112728
v              4.2                0             1.55
v              4.2      0.603088184      1.428112728
v              4.2      1.095800608      1.095800608
v              4.2      1.428112728      0.603088184
v              4.8             1.55                0
v              4.8      1.428112728     -0.603088184
v              4.8      1.095800608     -1.095800608
v              4.8      0.603088184     -1.428112728
v              4.8                0            -1.55
v              4.8     -0.603088184     -1.428112728
v              4.8     -1.095800608     -1.095800608
v              4.8     -1.428112728     -0.603088184
v              4.8            -1.55                0
v              4.8     -1.428112728      0.603088184
v              4.8     -1.095800608      1.095800608
v              4.8     -0.603088184      1.428112728
v              4.8                0             1.55
v              4.8      0.603088184      1.428112728
v              4.8      1.095800608      1.095800608
v              4.8      1.428112728      0.603088184
v              5.4             1.55                0
v              5.4      1.428112728     -0.603088184
v              5.4      1.095800608     -1.095800608
v              5.4      0.603088184     -1.428112728
v              5.4                0            -1.55
v              5.4     -0.603088184     -1.428112728
v              5.4     -1.095800608     -1.095800608
v              5.4     -1.428112728     -0.603088184
v              5.4            -1.55                0
v              5.4     -1.428112728      0.603088184
v              5.4     -1.095800608      1.095800608
v              5.4     -0.603088184      1.428112728
v              5.4                0             1.55
v              5.4      0.603088184      1.428112728
v              5.4      1.095800608      1.095800608
v              5.4      1.428112728      0.603088184
v                6             1.55                0
v                6      1.428112728     -0.603088184
v                6      1.095800608     -1.095800608
v                6      0.603088184     -1.428112728
v                6                0            -1.55
v                6     -0.603088184     -1.428112728
v                6     -1.095800608     -1.095800608
v                6     -1.428112728     -0.603088184
v                6            -1.55                0
v                6     -1.428112728      0.603088184
v                6     -1.095800608      1.095800608
v                6     -0.603088184      1.428112728
v                6                0             1.55
v                6      0.603088184      1.428112728
v                6      1.095800608      1.095800608
v                6      1.428112728      0.603088184
v              6.6             1.55                0
v              6.6      1.428112728     -0.603088184
v              6.6      1.095800608     -1.095800608
v              6.6      0.603088184     -1.428112728
v              6.6                0            -1.55
v              6.6     -0.603088184     -1.428112728
v              6.6     -1.095800608     -1.095800608
v              6.6     -1.428112728     -0.603088184
v              6.6            -1.55                0
v              6.6     -1.428112728      0.603088184
v              6.6     -1.095800608      1.095800608
v              6.6     -0.603088184      1.428112728
v              6.6                0             1.55
v              6.6      0.603088184      1.428112728
v              6.6      1.095800608      1.095800608
v              6.6      1.428112728      0.603088184
v              7.2             1.55                0
v              7.2      1.428112728     -0.603088184
v              7.2      1.095800608     -1.095800608
v              7.2      0.603088184     -1.428112728
v              7.2                0            -1.55
v              7.2     -0.603088184     -1.428112728
v              7.2     -1.095800608     -1.095800608
v              7.2     -1.428112728     -0.603088184
v              7.2            -1.55                0
v              7.2     -1.428112728      0.603088184
v              7.2     -1.095800608      1.095800608
v              7.2     -0.603088184      1.428112728
v              7.2                0             1.55
v              7.2      0.603088184      1.428112728
v              7.2      1.095800608      1.095800608
v              7.2      1.428112728      0.603088184
v              7.8             1.55                0
v              7.8      1.428112728     -0.603088184
v              7.8      1.095800608     -1.095800608
v              7.8      0.603088184     -1.428112728
v              7.8                0            -1.55
v              7.8     -0.603088184     -1.428112728
v              7.8     -1.095800608     -1.095800608
v              7.8     -1.428112728     -0.603088184
v              7.8            -1.55                0
v              7.8     -1.428112728      0.603088184
v              7.8     -1.095800608      1.095800608
v              7.8     -0.603088184      1.428112728
v              7.8                0             1.55
v              7.8      0.603088184      1.428112728
v              7.8      1.095800608      1.095800608
v              7.8      1.428112728      0.603088184
v              8.4             1.55                0
v              8.4      1.428112728     -0.603088184
v              8.4      1.095800608     -1.095800608
v              8.4      0.603088184     -1.428112728
v              8.4                0            -1.55
v              8.4     -0.603088184     -1.428112728
v              8.4     -1.095800608     -1.095800608
v              8.4     -1.428112728     -0.603088184
v              8.4            -1.55                0
v              8.4     -1.428112728      0.603088184
v              8.4     -1.095800608      1.095800608
v              8.4     -0.603088184      1.428112728
v              8.4                0             1.55
v              8.4      0.603088184      1.428112728
v              8.4      1.095800608      1.095800608
v              8.4      1.428112728      0.603088184
v                9             1.55                0
v                9      1.428112728     -0.603088184
v                9      1.095800608     -1.095800608
v                9      0.603088184     -1.428112728
v                9                0            -1.55
v                9     -0.603088184     -1.428112728
v                9     -1.095800608     -1.095800608
v                9     -1.428112728     -0.603088184
v                9            -1.55                0
v                9     -1.428112728      0.603088184
v                9     -1.095800608      1.095800608
v                9     -0.603088184      1.428112728
v                9                0             1.55
v                9      0.603088184      1.428112728
v                9      1.095800608      1.095800608
v                9      1.428112728      0.603088184
v      9.638694503      1.446105497                0
v      9.638694503       1.33196981    -0.5614088751
v      9.638694503      1.021234874     -1.021234874
v      9.638694503     0.5614088751      -1.33196981
v      9.638694503 -8.881784197e-18     -1.446105497
v      9.638694503    -0.5614088751      -1.33196981
v      9.638694503     -1.021234874     -1.021234874
v      9.638694503      -1.33196981    -0.5614088751
v      9.638694503     -1.446105497 -8.386291448e-18
v      9.638694503      -1.33196981     0.5614088751
v      9.638694503     -1.021234874      1.021234874
v      9.638694503    -0.5614088751       1.33196981
v      9.638694503 -1.052559545e-17      1.446105497
v      9.638694503     0.5614088751       1.33196981
v      9.638694503      1.021234874      1.021234874
v      9.638694503       1.33196981     0.5614088751
v      10.31608351      1.176316491                0
v      10.31608351      1.082559466    -0.4539267299
v      10.31608351     0.8282713818    -0.8282713818
v      10.31608351     0.4539267299     -1.082559466
v      10.31608351 -2.664535259e-17     -1.176316491
v      10.31608351    -0.4539267299     -1.082559466
v      10.31608351    -0.8282713818    -0.8282713818
v      10.31608351     -1.082559466    -0.4539267299
v      10.31608351     -1.176316491 -2.515887434e-17
v      10.31608351     -1.082559466     0.4539267299
v      10.31608351    -0.8282713818     0.8282713818
v      10.31608351    -0.4539267299      1.082559466
v      10.31608351 -3.157678634e-17      1.176316491
v      10.31608351     0.4539267299      1.082559466
v      10.31608351     0.8282713818     0.8282713818
v      10.31608351      1.082559466     0.4539267299
v      10.97412526      0.803474737                0
v      10.97412526     0.7384093071    -0.3069754208
v      10.97412526     0.5630106957    -0.5630106957
v      10.97412526     0.3069754208    -0.7384093071
v      10.97412526 -3.996802889e-17     -0.803474737
v      10.97412526    -0.3069754208    -0.7384093071
v      10.97412526    -0.5630106957    -0.5630106957
v      10.97412526    -0.7384093071    -0.3069754208
v      10.97412526     -0.803474737 -3.773831152e-17
v      10.97412526    -0.7384093071     0.3069754208
v      10.97412526    -0.5630106957     0.5630106957
v      10.97412526    -0.3069754208     0.7384093071
v      10.97412526 -4.736517952e-17      0.803474737
v      10.97412526     0.3069754208     0.7384093071
v      10.97412526     0.5630106957     0.5630106957
v      10.97412526     0.7384093071     0.3069754208
v      11.55477801     0.3904219885                0
v      11.55477801     0.3580469476      -0.14688862
v      11.55477801     0.2715533803    -0.2715533803
v      11.55477801       0.14688862    -0.3580469476
v      11.55477801 -3.552713679e-17    -0.3904219885
v      11.55477801      -0.14688862    -0.3580469476
v      11.55477801    -0.2715533803    -0.2715533803
v      11.55477801    -0.3580469476      -0.14688862
v      11.55477801    -0.3904219885 -3.354516579e-17
v      11.55477801    -0.3580469476       0.14688862
v      11.55477801    -0.2715533803     0.2715533803
v      11.55477801      -0.14688862     0.3580469476
v      11.55477801 -4.210238179e-17     0.3904219885
v      11.55477801       0.14688862     0.3580469476
v      11.55477801     0.2715533803     0.2715533803
v      11.55477801     0.3580469476       0.14688862
v               12                0                0
v     0.4074747718     0.3550747718                0
v     0.4074747718     0.3256234937    -0.1335678981
v     0.4074747718     0.2469484659    -0.2469484659
v     0.4074747718     0.1335678981    -0.3256234937
v     0.4074747718 -1.421085472e-17    -0.3550747718
v     0.4074747718    -0.1335678981    -0.3256234937
v     0.4074747718    -0.2469484659    -0.2469484659
v     0.4074747718    -0.3256234937    -0.1335678981
v     0.4074747718    -0.3550747718 -2.734662657e-17
v     0.4074747718    -0.3256234937     0.1335678981
v     0.4074747718    -0.2469484659     0.2469484659
v     0.4074747718    -0.1335678981     0.3256234937
v     0.4074747718  -4.33322943e-17     0.3550747718
v     0.4074747718     0.1335678981     0.3256234937
v     0.4074747718     0.2469484659     0.2469484659
v     0.4074747718     0.3256234937     0.1335678981
v     0.9396591182     0.7284591182                0
v     0.9396591182     0.6694548739    -0.2782742161
v     0.9396591182     0.5104095403    -0.5104095403
v     0.9396591182     0.2782742161    -0.6694548739
v     0.9396591182 -1.598721155e-17    -0.7284591182
v     0.9396591182    -0.2782742161    -0.6694548739
v     0.9396591182    -0.5104095403    -0.5104095403
v     0.9396591182    -0.6694548739    -0.2782742161
v     0.9396591182    -0.7284591182  -3.07649549e-17
v     0.9396591182    -0.6694548739     0.2782742161
v     0.9396591182    -0.5104095403     0.5104095403
v     0.9396591182    -0.2782742161     0.6694548739
v     0.9396591182 -4.874883109e-17     0.7284591182
v     0.9396591182     0.2782742161     0.6694548739
v     0.9396591182     0.5104095403     0.5104095403
v     0.9396591182     0.6694548739     0.2782742161
v      1.543106079      1.064306079                0
v      1.543106079     0.9794653344    -0.4106690661
v      1.543106079     0.7493719205    -0.7493719205
v      1.543106079     0.4106690661    -0.9794653344
v      1.543106079 -1.065814104e-17     -1.064306079
v      1.543106079    -0.4106690661    -0.9794653344
v      1.543106079    -0.7493719205    -0.7493719205
v      1.543106079    -0.9794653344    -0.4106690661
v      1.543106079     -1.064306079 -2.050996993e-17
v      1.543106079    -0.9794653344     0.4106690661
v      1.543106079    -0.7493719205     0.7493719205
v      1.543106079    -0.4106690661     0.9794653344
v      1.543106079 -3.249922072e-17      1.064306079
v      1.543106079     0.4106690661     0.9794653344
v      1.543106079     0.7493719205     0.7493719205
v      1.543106079     0.9794653344     0.4106690661
v      2.164368693      1.306768693                0
v      2.164368693      1.203626069    -0.5073025604
v      2.164368693     0.9228243039    -0.9228243039
v      2.164368693     0.5073025604     -1.203626069
v      2.164368693 -3.552713679e-18     -1.306768693
v      2.164368693    -0.5073025604     -1.203626069
v      2.164368693    -0.9228243039    -0.9228243039
v      2.164368693     -1.203626069    -0.5073025604
v      2.164368693     -1.306768693 -6.836656644e-18
v      2.164368693     -1.203626069     0.5073025604
v      2.164368693    -0.9228243039     0.9228243039
v      2.164368693    -0.5073025604      1.203626069
v      2.164368693 -1.083307357e-17      1.306768693
v      2.164368693     0.5073025604      1.203626069
v      2.164368693     0.9228243039     0.9228243039
v      2.164368693      1.203626069     0.5073025604
v             2.75              1.4                0
v             2.75       1.28990827    -0.5447248113
v             2.75     0.9897553879    -0.9897553879
v             2.75     0.5447248113      -1.28990827
v             2.75                0             -1.4
v             2.75    -0.5447248113      -1.28990827
v             2.75    -0.9897553879    -0.9897553879
v             2.75      -1.28990827    -0.5447248113
v             2.75             -1.4                0
v             2.75      -1.28990827     0.5447248113
v             2.75    -0.9897553879     0.9897553879
v             2.75    -0.5447248113       1.28990827
v             2.75                0              1.4
v             2.75     0.5447248113       1.28990827
v             2.75     0.9897553879     0.9897553879
v             2.75       1.28990827     0.5447248113
v              3.3              1.4                0
v              3.3       1.28990827    -0.5447248113
v              3.3     0.9897553879    -0.9897553879
v              3.3     0.5447248113      -1.28990827
v              3.3                0             -1.4
v              3.3    -0.5447248113      -1.28990827
v              3.3    -0.9897553879    -0.9897553879
v              3.3      -1.28990827    -0.5447248113
v              3.3             -1.4                0
v              3.3      -1.28990827     0.5447248113
v              3.3    -0.9897553879     0.9897553879
v              3.3    -0.5447248113       1.28990827
v              3.3                0              1.4
v              3.3     0.5447248113       1.28990827
v              3.3     0.9897553879     0.9897553879
v              3.3       1.28990827     0.5447248113
v             3.85              1.4                0
v             3.85       1.28990827    -0.5447248113
v             3.85     0.9897553879    -0.9897553879
v             3.85     0.5447248113      -1.28990827
v             3.85                0             -1.4
v             3.85    -0.5447248113      -1.28990827
v             3.85    -0.9897553879    -0.9897553879
v             3.85      -1.28990827    -0.5447248113
v             3.85             -1.4                0
v             3.85      -1.28990827     0.5447248113
v             3.85    -0.9897553879     0.9897553879
v             3.85    -0.5447248113       1.28990827
v             3.85                0              1.4
v             3.85     0.5447248113       1.28990827
v             3.85     0.9897553879     0.9897553879
v             3.85       1.28990827     0.5447248113
v              4.4              1.4                0
v              4.4       1.28990827    -0.5447248113
v              4.4     0.9897553879    -0.9897553879
v              4.4     0.5447248113      -1.28990827
v              4.4                0             -1.4
v              4.4    -0.5447248113      -1.28990827
v              4.4    -0.9897553879    -0.9897553879
v              4.4      -1.28990827    -0.5447248113
v              4.4             -1.4                0
v              4.4      -1.28990827     0.5447248113
v              4.4    -0.9897553879     0.9897553879
v              4.4    -0.5447248113       1.28990827
v              4.4                0              1.4
v              4.4     0.5447248113       1.28990827
v              4.4     0.9897553879     0.9897553879
v              4.4       1.28990827     0.5447248113
v             4.95              1.4                0
v             4.95       1.28990827    -0.5447248113
v             4.95     0.9897553879    -0.9897553879
v             4.95     0.5447248113      -1.28990827
v             4.95                0             -1.4
v             4.95    -0.5447248113      -1.28990827
v             4.95    -0.9897553879    -0.9897553879
v             4.95      -1.28990827    -0.5447248113
v             4.95             -1.4                0
v             4.95      -1.28990827     0.5447248113
v             4.95    -0.9897553879     0.9897553879
v             4.95    -0.5447248113       1.28990827
v             4.95                0              1.4
v             4.95     0.5447248113       1.28990827
v             4.95     0.9897553879     0.9897553879
v             4.95       1.28990827     0.5447248113
v              5.5              1.4                0
v              5.5       1.28990827    -0.5447248113
v              5.5     0.9897553879    -0.9897553879
v              5.5     0.5447248113      -1.28990827
v              5.5                0             -1.4
v              5.5    -0.5447248113      -1.28990827
v              5.5    -0.9897553879    -0.9897553879
v              5.5      -1.28990827    -0.5447248113
v              5.5             -1.4                0
v              5.5      -1.28990827     0.5447248113
v              5.5    -0.9897553879     0.9897553879
v              5.5    -0.5447248113       1.28990827
v              5.5                0              1.4
v              5.5     0.5447248113       1.28990827
v              5.5     0.9897553879     0.9897553879
v              5.5       1.28990827     0.5447248113
v             6.05              1.4                0
v             6.05       1.28990827    -0.5447248113
v             6.05     0.9897553879    -0.9897553879
v             6.05     0.5447248113      -1.28990827
v             6.05                0             -1.4
v             6.05    -0.5447248113      -1.28990827
v             6.05    -0.9897553879    -0.9897553879
v             6.05      -1.28990827    -0.5447248113
v             6.05             -1.4                0
v             6.05      -1.28990827     0.5447248113
v             6.05    -0.9897553879     0.9897553879
v             6.05    -0.5447248113       1.28990827
v             6.05                0              1.4
v             6.05     0.5447248113       1.28990827
v             6.05     0.9897553879     0.9897553879
v             6.05       1.28990827     0.5447248113
v              6.6              1.4                0
v              6.6       1.28990827    -0.5447248113
v              6.6     0.9897553879    -0.9897553879
v              6.6     0.5447248113      -1.28990827
v              6.6                0             -1.4
v              6.6    -0.5447248113      -1.28990827
v              6.6    -0.9897553879    -0.9897553879
v              6.6      -1.28990827    -0.5447248113
v              6.6             -1.4                0
v              6.6      -1.28990827     0.5447248113
v              6.6    -0.9897553879     0.9897553879
v              6.6    -0.5447248113       1.28990827
v              6.6                0              1.4
v              6.6     0.5447248113       1.28990827
v              6.6     0.9897553879     0.9897553879
v              6.6       1.28990827     0.5447248113
v             7.15              1.4                0
v             7.15       1.28990827    -0.5447248113
v             7.15     0.9897553879    -0.9897553879
v             7.15     0.5447248113      -1.28990827
v             7.15                0             -1.4
v             7.15    -0.5447248113      -1.28990827
v             7.15    -0.9897553879    -0.9897553879
v             7.15      -1.28990827    -0.5447248113
v             7.15             -1.4                0
v             7.15      -1.28990827     0.5447248113
v             7.15    -0.9897553879     0.9897553879
v             7.15    -0.5447248113       1.28990827
v             7.15                0              1.4
v             7.15     0.5447248113       1.28990827
v             7.15     0.9897553879     0.9897553879
v             7.15       1.28990827     0.5447248113
v              7.7              1.4                0
v              7.7       1.28990827    -0.5447248113
v              7.7     0.9897553879    -0.9897553879
v              7.7     0.5447248113      -1.28990827
v              7.7                0             -1.4
v              7.7    -0.5447248113      -1.28990827
v              7.7    -0.9897553879    -0.9897553879
v              7.7      -1.28990827    -0.5447248113
v              7.7             -1.4                0
v              7.7      -1.28990827     0.5447248113
v              7.7    -0.9897553879     0.9897553879
v              7.7    -0.5447248113       1.28990827
v              7.7                0              1.4
v              7.7     0.5447248113       1.28990827
v              7.7     0.9897553879     0.9897553879
v              7.7       1.28990827     0.5447248113
v             8.25              1.4                0
v             8.25       1.28990827    -0.5447248113
v             8.25     0.9897553879    -0.9897553879
v             8.25     0.5447248113      -1.28990827
v             8.25                0             -1.4
v             8.25    -0.5447248113      -1.28990827
v             8.25    -0.9897553879    -0.9897553879
v             8.25      -1.28990827    -0.5447248113
v             8.25             -1.4                0
v             8.25      -1.28990827     0.5447248113
v             8.25    -0.9897553879     0.9897553879
v             8.25    -0.5447248113       1.28990827
v             8.25                0              1.4
v             8.25     0.5447248113       1.28990827
v             8.25     0.9897553879     0.9897553879
v             8.25       1.28990827     0.5447248113
v      8.835631307      1.306768693                0
v      8.835631307      1.203626069    -0.5073025604
v      8.835631307     0.9228243039    -0.9228243039
v      8.835631307     0.5073025604     -1.203626069
v      8.835631307 -3.552713679e-18     -1.306768693
v      8.835631307    -0.5073025604     -1.203626069
v      8.835631307    -0.9228243039    -0.9228243039
v      8.835631307     -1.203626069    -0.5073025604
v      8.835631307     -1.306768693 -6.836656644e-18
v      8.835631307     -1.203626069     0.5073025604
v      8.835631307    -0.9228243039     0.9228243039
v      8.835631307    -0.5073025604      1.203626069
v      8.835631307 -1.083307357e-17      1.306768693
v      8.835631307     0.5073025604      1.203626069
v      8.835631307     0.9228243039     0.9228243039
v      8.835631307      1.203626069     0.5073025604
v      9.456893921      1.064306079                0
v      9.456893921     0.9794653344    -0.4106690661
v      9.456893921     0.7493719205    -0.7493719205
v      9.456893921     0.4106690661    -0.9794653344
v      9.456893921 -1.065814104e-17     -1.064306079
v      9.456893921    -0.4106690661    -0.9794653344
v      9.456893921    -0.7493719205    -0.7493719205
v      9.456893921    -0.9794653344    -0.4106690661
v      9.456893921     -1.064306079 -2.050996993e-17
v      9.456893921    -0.9794653344     0.4106690661
v      9.456893921    -0.7493719205     0.7493719205
v      9.456893921    -0.4106690661     0.9794653344
v      9.456893921 -3.249922072e-17      1.064306079
v      9.456893921     0.4106690661     0.9794653344
v      9.456893921     0.7493719205     0.7493719205
v      9.456893921     0.9794653344     0.4106690661
v      10.06034088     0.7284591182                0
v      10.06034088     0.6694548739    -0.2782742161
v      10.06034088     0.5104095403    -0.5104095403
v      10.06034088     0.2782742161    -0.6694548739
v      10.06034088 -1.598721155e-17    -0.7284591182
v      10.06034088    -0.2782742161    -0.6694548739
v      10.06034088    -0.5104095403    -0.5104095403
v      10.06034088    -0.6694548739    -0.2782742161
v      10.06034088    -0.7284591182  -3.07649549e-17
v      10.06034088    -0.6694548739     0.2782742161
v      10.06034088    -0.5104095403     0.5104095403
v      10.06034088    -0.2782742161     0.6694548739
v      10.06034088 -4.874883109e-17     0.7284591182
v      10.06034088     0.2782742161     0.6694548739
v      10.06034088     0.5104095403     0.5104095403
v      10.06034088     0.6694548739     0.2782742161
v      10.59252523     0.3550747718                0
v      10.59252523     0.3256234937    -0.1335678981
v      10.59252523     0.2469484659    -0.2469484659
v      10.59252523     0.1335678981    -0.3256234937
v      10.59252523 -1.421085472e-17    -0.3550747718
v      10.59252523    -0.1335678981    -0.3256234937
v      10.59252523    -0.2469484659    -0.2469484659
v      10.59252523    -0.3256234937    -0.1335678981
v      10.59252523    -0.3550747718 -2.734662657e-17
v      10.59252523    -0.3256234937     0.1335678981
v      10.59252523    -0.2469484659     0.2469484659
v      10.59252523    -0.1335678981     0.3256234937
v      10.59252523  -4.33322943e-17     0.3550747718
v      10.59252523     0.1335678981     0.3256234937
v      10.59252523     0.2469484659     0.2469484659
v      10.59252523     0.3256234937     0.1335678981
v               11                0                0
v     0.4303483378     0.3897483378                0
v     0.4303483378     0.3574691516    -0.1467551525
v     0.4303483378     0.2711914798    -0.2711914798
v     0.4303483378     0.1467551525    -0.3574691516
v     0.4303483378 -3.552713679e-17    -0.3897483378
v     0.4303483378    -0.1467551525    -0.3574691516
v     0.4303483378    -0.2711914798    -0.2711914798
v     0.4303483378    -0.3574691516    -0.1467551525
v     0.4303483378    -0.3897483378 -3.311042831e-17
v     0.4303483378    -0.3574691516     0.1467551525
v     0.4303483378    -0.2711914798     0.2711914798
v     0.4303483378    -0.1467551525     0.3574691516
v     0.4303483378 -4.152384839e-17     0.3897483378
v     0.4303483378     0.1467551525     0.3574691516
v     0.4303483378     0.2711914798     0.2711914798
v     0.4303483378     0.3574691516     0.1467551525
v       0.98726688       0.81446688                0
v       0.98726688     0.7485853025    -0.3113970673
v       0.98726688     0.5709104332    -0.5709104332
v       0.98726688     0.3113970673    -0.7485853025
v       0.98726688 -3.996802889e-17      -0.81446688
v       0.98726688    -0.3113970673    -0.7485853025
v       0.98726688    -0.5709104332    -0.5709104332
v       0.98726688    -0.7485853025    -0.3113970673
v       0.98726688      -0.81446688 -3.724923185e-17
v       0.98726688    -0.7485853025     0.3113970673
v       0.98726688    -0.5709104332     0.5709104332
v       0.98726688    -0.3113970673     0.7485853025
v       0.98726688 -4.671432944e-17       0.81446688
v       0.98726688     0.3113970673     0.7485853025
v       0.98726688     0.5709104332     0.5709104332
v       0.98726688     0.7485853025     0.3113970673
v      1.616511253      1.204311253                0
v      1.616511253      1.108384966    -0.4649156701
v      1.616511253     0.8481485482    -0.8481485482
v      1.616511253     0.4649156701     -1.108384966
v      1.616511253 -2.664535259e-17     -1.204311253
v      1.616511253    -0.4649156701     -1.108384966
v      1.616511253    -0.8481485482    -0.8481485482
v      1.616511253     -1.108384966    -0.4649156701
v      1.616511253     -1.204311253 -2.483282123e-17
v      1.616511253     -1.108384966     0.4649156701
v      1.616511253    -0.8481485482     0.8481485482
v      1.616511253    -0.4649156701      1.108384966
v      1.616511253 -3.114288629e-17      1.204311253
v      1.616511253     0.4649156701      1.108384966
v      1.616511253     0.8481485482     0.8481485482
v      1.616511253      1.108384966     0.4649156701
v      2.263837084      1.489437084                0
v      2.263837084      1.371904654    -0.5783008863
v      2.263837084      1.051897513     -1.051897513
v      2.263837084     0.5783008863     -1.371904654
v      2.263837084 -8.881784197e-18     -1.489437084
v      2.263837084    -0.5783008863     -1.371904654
v      2.263837084     -1.051897513     -1.051897513
v      2.263837084     -1.371904654    -0.5783008863
v      2.263837084     -1.489437084 -8.277607078e-18
v      2.263837084     -1.371904654     0.5783008863
v      2.263837084     -1.051897513      1.051897513
v      2.263837084    -0.5783008863      1.371904654
v      2.263837084  -1.03809621e-17      1.489437084
v      2.263837084     0.5783008863      1.371904654
v      2.263837084      1.051897513      1.051897513
v      2.263837084      1.371904654     0.5783008863
v            2.875              1.6                0
v            2.875      1.474180881    -0.6225426415
v            2.875      1.131149015     -1.131149015
v            2.875     0.6225426415     -1.474180881
v            2.875                0             -1.6
v            2.875    -0.6225426415     -1.474180881
v            2.875     -1.131149015     -1.131149015
v            2.875     -1.474180881    -0.6225426415
v            2.875             -1.6                0
v            2.875     -1.474180881     0.6225426415
v            2.875     -1.131149015      1.131149015
v            2.875    -0.6225426415      1.474180881
v            2.875                0              1.6
v            2.875     0.6225426415      1.474180881
v            2.875      1.131149015      1.131149015
v            2.875      1.474180881     0.6225426415
v             3.45              1.6                0
v             3.45      1.474180881    -0.6225426415
v             3.45      1.131149015     -1.131149015
v             3.45     0.6225426415     -1.474180881
v             3.45                0             -1.6
v             3.45    -0.6225426415     -1.474180881
v             3.45     -1.131149015     -1.131149015
v             3.45     -1.474180881    -0.6225426415
v             3.45             -1.6                0
v             3.45     -1.474180881     0.6225426415
v             3.45     -1.131149015      1.131149015
v             3.45    -0.6225426415      1.474180881
v             3.45                0              1.6
v             3.45     0.6225426415      1.474180881
v             3.45      1.131149015      1.131149015
v             3.45      1.474180881     0.6225426415
v            4.025              1.6                0
v            4.025      1.474180881    -0.6225426415
v            4.025      1.131149015     -1.131149015
v            4.025     0.6225426415     -1.474180881
v            4.025                0             -1.6
v            4.025    -0.6225426415     -1.474180881
v            4.025     -1.131149015     -1.131149015
v            4.025     -1.474180881    -0.6225426415
v            4.025             -1.6                0
v            4.025     -1.474180881     0.6225426415
v            4.025     -1.131149015      1.131149015
v            4.025    -0.6225426415      1.474180881
v            4.025                0              1.6
v            4.025     0.6225426415      1.474180881
v            4.025      1.131149015      1.131149015
v            4.025      1.474180881     0.6225426415
v              4.6              1.6                0
v              4.6      1.474180881    -0.6225426415
v              4.6      1.131149015     -1.131149015
v              4.6     0.6225426415     -1.474180881
v              4.6                0             -1.6
v              4.6    -0.6225426415     -1.474180881
v              4.6     -1.131149015     -1.131149015
v              4.6     -1.474180881    -0.6225426415
v              4.6             -1.6                0
v              4.6     -1.474180881     0.6225426415
v              4.6     -1.131149015      1.131149015
v              4.6    -0.6225426415      1.474180881
v              4.6                0              1.6
v              4.6     0.6225426415      1.474180881
v              4.6      1.131149015      1.131149015
v              4.6      1.474180881     0.6225426415
v            5.175              1.6                0
v            5.175      1.474180881    -0.6225426415
v            5.175      1.131149015     -1.131149015
v            5.175     0.6225426415     -1.474180881
v            5.175                0             -1.6
v            5.175    -0.6225426415     -1.474180881
v            5.175     -1.131149015     -1.131149015
v            5.175     -1.474180881    -0.6225426415
v            5.175             -1.6                0
v            5.175     -1.474180881     0.6225426415
v            5.175     -1.131149015      1.131149015
v            5.175    -0.6225426415      1.474180881
v            5.175                0              1.6
v            5.175     0.6225426415      1.474180881
v            5.175      1.131149015      1.131149015
v            5.175      1.474180881     0.6225426415
v             5.75              1.6                0
v             5.75      1.474180881    -0.6225426415
v             5.75      1.131149015     -1.131149015
v             5.75     0.6225426415     -1.474180881
v             5.75                0             -1.6
v             5.75    -0.6225426415     -1.474180881
v             5.75     -1.131149015     -1.131149015
v             5.75     -1.474180881    -0.6225426415
v             5.75             -1.6                0
v             5.75     -1.474180881     0.6225426415
v             5.75     -1.131149015      1.131149015
v             5.75    -0.6225426415      1.474180881
v             5.75                0              1.6
v             5.75     0.6225426415      1.474180881
v             5.75      1.131149015      1.131149015
v             5.75      1.474180881     0.6225426415
v            6.325              1.6                0
v            6.325      1.474180881    -0.6225426415
v            6.325      1.131149015     -1.131149015
v            6.325     0.6225426415     -1.474180881
v            6.325                0             -1.6
v            6.325    -0.6225426415     -1.474180881
v            6.325     -1.131149015     -1.131149015
v            6.325     -1.474180881    -0.6225426415
v            6.325             -1.6                0
v            6.325     -1.474180881     0.6225426415
v            6.325     -1.131149015      1.131149015
v            6.325    -0.6225426415      1.474180881
v            6.325                0              1.6
v            6.325     0.6225426415      1.474180881
v            6.325      1.131149015      1.131149015
v            6.325      1.474180881     0.6225426415
v              6.9              1.6                0
v              6.9      1.474180881    -0.6225426415
v              6.9      1.131149015     -1.131149015
v              6.9     0.6225426415     -1.474180881
v              6.9                0             -1.6
v              6.9    -0.6225426415     -1.474180881
v              6.9     -1.131149015     -1.131149015
v              6.9     -1.474180881    -0.6225426415
v              6.9             -1.6                0
v              6.9     -1.474180881     0.6225426415
v              6.9     -1.131149015      1.131149015
v              6.9    -0.6225426415      1.474180881
v              6.9                0              1.6
v              6.9     0.6225426415      1.474180881
v              6.9      1.131149015      1.131149015
v              6.9      1.474180881     0.6225426415
v            7.475              1.6                0
v            7.475      1.474180881    -0.6225426415
v            7.475      1.131149015     -1.131149015
v            7.475     0.6225426415     -1.474180881
v            7.475                0             -1.6
v            7.475    -0.6225426415     -1.474180881
v            7.475     -1.131149015     -1.131149015
v            7.475     -1.474180881    -0.6225426415
v            7.475             -1.6                0
v            7.475     -1.474180881     0.6225426415
v            7.475     -1.131149015      1.131149015
v            7.475    -0.6225426415      1.474180881
v            7.475                0              1.6
v            7.475     0.6225426415      1.474180881
v            7.475      1.131149015      1.131149015
v            7.475      1.474180881     0.6225426415
v             8.05              1.6                0
v             8.05      1.474180881    -0.6225426415
v             8.05      1.131149015     -1.131149015
v             8.05     0.6225426415     -1.474180881
v             8.05                0             -1.6
v             8.05    -0.6225426415     -1.474180881
v             8.05     -1.131149015     -1.131149015
v             8.05     -1.474180881    -0.6225426415
v             8.05             -1.6                0
v             8.05     -1.474180881     0.6225426415
v             8.05     -1.131149015      1.131149015
v             8.05    -0.6225426415      1.474180881
v             8.05                0              1.6
v             8.05     0.6225426415      1.474180881
v             8.05      1.131149015      1.131149015
v             8.05      1.474180881     0.6225426415
v            8.625              1.6                0
v            8.625      1.474180881    -0.6225426415
v            8.625      1.131149015     -1.131149015
v            8.625     0.6225426415     -1.474180881
v            8.625                0             -1.6
v            8.625    -0.6225426415     -1.474180881
v            8.625     -1.131149015     -1.131149015
v            8.625     -1.474180881    -0.6225426415
v            8.625             -1.6                0
v            8.625     -1.474180881     0.6225426415
v            8.625     -1.131149015      1.131149015
v            8.625    -0.6225426415      1.474180881
v            8.625                0              1.6
v            8.625     0.6225426415      1.474180881
v            8.625      1.131149015      1.131149015
v            8.625      1.474180881     0.6225426415
v      9.236162916      1.489437084                0
v      9.236162916      1.371904654    -0.5783008863
v      9.236162916      1.051897513     -1.051897513
v      9.236162916     0.5783008863     -1.371904654
v      9.236162916 -8.881784197e-18     -1.489437084
v      9.236162916    -0.5783008863     -1.371904654
v      9.236162916     -1.051897513     -1.051897513
v      9.236162916     -1.371904654    -0.5783008863
v      9.236162916     -1.489437084 -8.277607078e-18
v      9.236162916     -1.371904654     0.5783008863
v      9.236162916     -1.051897513      1.051897513
v      9.236162916    -0.5783008863      1.371904654
v      9.236162916  -1.03809621e-17      1.489437084
v      9.236162916     0.5783008863      1.371904654
v      9.236162916      1.051897513      1.051897513
v      9.236162916      1.371904654     0.5783008863
v      9.883488747      1.204311253                0
v      9.883488747      1.108384966    -0.4649156701
v      9.883488747     0.8481485482    -0.8481485482
v      9.883488747     0.4649156701     -1.108384966
v      9.883488747 -2.664535259e-17     -1.204311253
v      9.883488747    -0.4649156701     -1.108384966
v      9.883488747    -0.8481485482    -0.8481485482
v      9.883488747     -1.108384966    -0.4649156701
v      9.883488747     -1.204311253 -2.483282123e-17
v      9.883488747     -1.108384966     0.4649156701
v      9.883488747    -0.8481485482     0.8481485482
v      9.883488747    -0.4649156701      1.108384966
v      9.883488747 -3.114288629e-17      1.204311253
v      9.883488747     0.4649156701      1.108384966
v      9.883488747     0.8481485482     0.8481485482
v      9.883488747      1.108384966     0.4649156701
v      10.51273312       0.81446688                0
v      10.51273312     0.7485853025    -0.3113970673
v      10.51273312     0.5709104332    -0.5709104332
v      10.51273312     0.3113970673    -0.7485853025
v      10.51273312 -3.996802889e-17      -0.81446688
v      10.51273312    -0.3113970673    -0.7485853025
v      10.51273312    -0.5709104332    -0.5709104332
v      10.51273312    -0.7485853025    -0.3113970673
v      10.51273312      -0.81446688 -3.724923185e-17
v      10.51273312    -0.7485853025     0.3113970673
v      10.51273312    -0.5709104332     0.5709104332
v      10.51273312    -0.3113970673     0.7485853025
v      10.51273312 -4.671432944e-17       0.81446688
v      10.51273312     0.3113970673     0.7485853025
v      10.51273312     0.5709104332     0.5709104332
v      10.51273312     0.7485853025     0.3113970673
v      11.06965166     0.3897483378                0
v      11.06965166     0.3574691516    -0.1467551525
v      11.06965166     0.2711914798    -0.2711914798
v      11.06965166     0.1467551525    -0.3574691516
v      11.06965166 -3.552713679e-17    -0.3897483378
v      11.06965166    -0.1467551525    -0.3574691516
v      11.06965166    -0.2711914798    -0.2711914798
v      11.06965166    -0.3574691516    -0.1467551525
v      11.06965166    -0.3897483378 -3.311042831e-17
v      11.06965166    -0.3574691516     0.1467551525
v      11.06965166    -0.2711914798     0.2711914798
v      11.06965166    -0.1467551525     0.3574691516
v      11.06965166 -4.152384839e-17     0.3897483378
v      11.06965166     0.1467551525     0.3574691516
v      11.06965166     0.2711914798     0.2711914798
v      11.06965166     0.3574691516     0.1467551525
v             11.5                0                0
v     0.1841216234     0.1565216234                0
v     0.1841216234     0.1435261008   -0.05883944663
v     0.1841216234     0.1088234277    -0.1088234277
v     0.1841216234    0.05883944663    -0.1435261008
v     0.1841216234 -1.776356839e-17    -0.1565216234
v     0.1841216234   -0.05883944663    -0.1435261008
v     0.1841216234    -0.1088234277    -0.1088234277
v     0.1841216234    -0.1435261008   -0.05883944663
v     0.1841216234    -0.1565216234 -1.525606481e-17
v     0.1841216234    -0.1435261008    0.05883944663
v     0.1841216234    -0.1088234277     0.1088234277
v     0.1841216234   -0.05883944663     0.1435261008
v     0.1841216234  -3.08685447e-17     0.1565216234
v     0.1841216234    0.05883944663     0.1435261008
v     0.1841216234     0.1088234277     0.1088234277
v     0.1841216234     0.1435261008    0.05883944663
v     0.4258868264     0.3170868264                0
v     0.4258868264     0.2913790535    -0.1210559477
v     0.4258868264     0.2221088631    -0.2221088631
v     0.4258868264     0.1210559477    -0.2913790535
v     0.4258868264 -1.998401444e-17    -0.3170868264
v     0.4258868264    -0.1210559477    -0.2913790535
v     0.4258868264    -0.2221088631    -0.2221088631
v     0.4258868264    -0.2913790535    -0.1210559477
v     0.4258868264    -0.3170868264 -1.716307292e-17
v     0.4258868264    -0.2913790535     0.1210559477
v     0.4258868264    -0.2221088631     0.2221088631
v     0.4258868264    -0.1210559477     0.2913790535
v     0.4258868264 -3.472711279e-17     0.3170868264
v     0.4258868264     0.1210559477     0.2913790535
v     0.4258868264     0.2221088631     0.2221088631
v     0.4258868264     0.2913790535     0.1210559477
v     0.7005912176     0.4593912176                0
v     0.7005912176     0.4227507388    -0.1771980746
v     0.7005912176     0.3234006727    -0.3234006727
v     0.7005912176     0.1771980746    -0.4227507388
v     0.7005912176  -1.33226763e-17    -0.4593912176
v     0.7005912176    -0.1771980746    -0.4227507388
v     0.7005912176    -0.3234006727    -0.3234006727
v     0.7005912176    -0.4227507388    -0.1771980746
v     0.7005912176    -0.4593912176 -1.144204861e-17
v     0.7005912176    -0.4227507388     0.1771980746
v     0.7005912176    -0.3234006727     0.3234006727
v     0.7005912176    -0.1771980746     0.4227507388
v     0.7005912176 -2.315140853e-17     0.4593912176
v     0.7005912176     0.1771980746     0.4227507388
v     0.7005912176     0.3234006727     0.3234006727
v     0.7005912176     0.4227507388     0.1771980746
v     0.9835304059     0.5611304059                0
v     0.9835304059     0.5168330375    -0.2178143985
v     0.9835304059      0.396243223     -0.396243223
v     0.9835304059     0.2178143985    -0.5168330375
v     0.9835304059 -4.440892099e-18    -0.5611304059
v     0.9835304059    -0.2178143985    -0.5168330375
v     0.9835304059     -0.396243223     -0.396243223
v     0.9835304059    -0.5168330375    -0.2178143985
v     0.9835304059    -0.5611304059 -3.814016204e-18
v     0.9835304059    -0.5168330375     0.2178143985
v     0.9835304059     -0.396243223      0.396243223
v     0.9835304059    -0.2178143985     0.5168330375
v     0.9835304059 -7.717136176e-18     0.5611304059
v     0.9835304059     0.2178143985     0.5168330375
v     0.9835304059      0.396243223      0.396243223
v     0.9835304059     0.5168330375     0.2178143985
v             1.25              0.6                0
v             1.25     0.5528178302    -0.2334534906
v             1.25     0.4241808805    -0.4241808805
v             1.25     0.2334534906    -0.5528178302
v             1.25                0             -0.6
v             1.25    -0.2334534906    -0.5528178302
v             1.25    -0.4241808805    -0.4241808805
v             1.25    -0.5528178302    -0.2334534906
v             1.25             -0.6                0
v             1.25    -0.5528178302     0.2334534906
v             1.25    -0.4241808805     0.4241808805
v             1.25    -0.2334534906     0.5528178302
v             1.25                0              0.6
v             1.25     0.2334534906     0.5528178302
v             1.25     0.4241808805     0.4241808805
v             1.25     0.5528178302     0.2334534906
v              1.5              0.6                0
v              1.5     0.5528178302    -0.2334534906
v              1.5     0.4241808805    -0.4241808805
v              1.5     0.2334534906    -0.5528178302
v              1.5                0             -0.6
v              1.5    -0.2334534906    -0.5528178302
v              1.5    -0.4241808805    -0.4241808805
v              1.5    -0.5528178302    -0.2334534906
v              1.5             -0.6                0
v              1.5    -0.5528178302     0.2334534906
v              1.5    -0.4241808805     0.4241808805
v              1.5    -0.2334534906     0.5528178302
v              1.5                0              0.6
v              1.5     0.2334534906     0.5528178302
v              1.5     0.4241808805     0.4241808805
v              1.5     0.5528178302     0.2334534906
v             1.75              0.6                0
v             1.75     0.5528178302    -0.2334534906
v             1.75     0.4241808805    -0.4241808805
v             1.75     0.2334534906    -0.5528178302
v             1.75                0             -0.6
v             1.75    -0.2334534906    -0.5528178302
v             1.75    -0.4241808805    -0.4241808805
v             1.75    -0.5528178302    -0.2334534906
v             1.75             -0.6                0
v             1.75    -0.5528178302     0.2334534906
v             1.75    -0.4241808805     0.4241808805
v             1.75    -0.2334534906     0.5528178302
v             1.75                0              0.6
v             1.75     0.2334534906     0.5528178302
v             1.75     0.4241808805     0.4241808805
v             1.75     0.5528178302     0.2334534906
v                2              0.6                0
v                2     0.5528178302    -0.2334534906
v                2     0.4241808805    -0.4241808805
v                2     0.2334534906    -0.5528178302
v                2                0             -0.6
v                2    -0.2334534906    -0.5528178302
v                2    -0.4241808805    -0.4241808805
v                2    -0.5528178302    -0.2334534906
v                2             -0.6                0
v                2    -0.5528178302     0.2334534906
v                2    -0.4241808805     0.4241808805
v                2    -0.2334534906     0.5528178302
v                2                0              0.6
v                2     0.2334534906     0.5528178302
v                2     0.4241808805     0.4241808805
v                2     0.5528178302     0.2334534906
v             2.25              0.6                0
v             2.25     0.5528178302    -0.2334534906
v             2.25     0.4241808805    -0.4241808805
v             2.25     0.2334534906    -0.5528178302
v             2.25                0             -0.6
v             2.25    -0.2334534906    -0.5528178302
v             2.25    -0.4241808805    -0.4241808805
v             2.25    -0.5528178302    -0.2334534906
v             2.25             -0.6                0
v             2.25    -0.5528178302     0.2334534906
v             2.25    -0.4241808805     0.4241808805
v             2.25    -0.2334534906     0.5528178302
v             2.25                0              0.6
v             2.25     0.2334534906     0.5528178302
v             2.25     0.4241808805     0.4241808805
v             2.25     0.5528178302     0.2334534906
v              2.5              0.6                0
v              2.5     0.5528178302    -0.2334534906
v              2.5     0.4241808805    -0.4241808805
v              2.5     0.2334534906    -0.5528178302
v              2.5                0             -0.6
v              2.5    -0.2334534906    -0.5528178302
v              2.5    -0.4241808805    -0.4241808805
v              2.5    -0.5528178302    -0.2334534906
v              2.5             -0.6                0
v              2.5    -0.5528178302     0.2334534906
v              2.5    -0.4241808805     0.4241808805
v              2.5    -0.2334534906     0.5528178302
v              2.5                0              0.6
v              2.5     0.2334534906     0.5528178302
v              2.5     0.4241808805     0.4241808805
v              2.5     0.5528178302     0.2334534906
v             2.75              0.6                0
v             2.75     0.5528178302    -0.2334534906
v             2.75     0.4241808805    -0.4241808805
v             2.75     0.2334534906    -0.5528178302
v             2.75                0             -0.6
v             2.75    -0.2334534906    -0.5528178302
v             2.75    -0.4241808805    -0.4241808805
v             2.75    -0.5528178302    -0.2334534906
v             2.75             -0.6                0
v             2.75    -0.5528178302     0.2334534906
v             2.75    -0.4241808805     0.4241808805
v             2.75    -0.2334534906     0.5528178302
v             2.75                0              0.6
v             2.75     0.2334534906     0.5528178302
v             2.75     0.4241808805     0.4241808805
v             2.75     0.5528178302     0.2334534906
v                3              0.6                0
v                3     0.5528178302    -0.2334534906
v                3     0.4241808805    -0.4241808805
v                3     0.2334534906    -0.5528178302
v                3                0             -0.6
v                3    -0.2334534906    -0.5528178302
v                3    -0.4241808805    -0.4241808805
v                3    -0.5528178302    -0.2334534906
v                3             -0.6                0
v                3    -0.5528178302     0.2334534906
v                3    -0.4241808805     0.4241808805
v                3    -0.2334534906     0.5528178302
v                3                0              0.6
v                3     0.2334534906     0.5528178302
v                3     0.4241808805     0.4241808805
v                3     0.5528178302     0.2334534906
v             3.25              0.6                0
v             3.25     0.5528178302    -0.2334534906
v             3.25     0.4241808805    -0.4241808805
v             3.25     0.2334534906    -0.5528178302
v             3.25                0             -0.6
v             3.25    -0.2334534906    -0.5528178302
v             3.25    -0.4241808805    -0.4241808805
v             3.25    -0.5528178302    -0.2334534906
v             3.25             -0.6                0
v             3.25    -0.5528178302     0.2334534906
v             3.25    -0.4241808805     0.4241808805
v             3.25    -0.2334534906     0.5528178302
v             3.25                0              0.6
v             3.25     0.2334534906     0.5528178302
v             3.25     0.4241808805     0.4241808805
v             3.25     0.5528178302     0.2334534906
v              3.5              0.6                0
v              3.5     0.5528178302    -0.2334534906
v              3.5     0.4241808805    -0.4241808805
v              3.5     0.2334534906    -0.5528178302
v              3.5                0             -0.6
v              3.5    -0.2334534906    -0.5528178302
v              3.5    -0.4241808805    -0.4241808805
v              3.5    -0.5528178302    -0.2334534906
v              3.5             -0.6                0
v              3.5    -0.5528178302     0.2334534906
v              3.5    -0.4241808805     0.4241808805
v              3.5    -0.2334534906     0.5528178302
v              3.5                0              0.6
v              3.5     0.2334534906     0.5528178302
v              3.5     0.4241808805     0.4241808805
v              3.5     0.5528178302     0.2334534906
v             3.75              0.6                0
v             3.75     0.5528178302    -0.2334534906
v             3.75     0.4241808805    -0.4241808805
v             3.75     0.2334534906    -0.5528178302
v             3.75                0             -0.6
v             3.75    -0.2334534906    -0.5528178302
v             3.75    -0.4241808805    -0.4241808805
v             3.75    -0.5528178302    -0.2334534906
v             3.75             -0.6                0
v             3.75    -0.5528178302     0.2334534906
v             3.75    -0.4241808805     0.4241808805
v             3.75    -0.2334534906     0.5528178302
v             3.75                0              0.6
v             3.75     0.2334534906     0.5528178302
v             3.75     0.4241808805     0.4241808805
v             3.75     0.5528178302     0.2334534906
v      4.016469594     0.5611304059                0
v      4.016469594     0.5168330375    -0.2178143985
v      4.016469594      0.396243223     -0.396243223
v      4.016469594     0.2178143985    -0.5168330375
v      4.016469594 -4.440892099e-18    -0.5611304059
v      4.016469594    -0.2178143985    -0.5168330375
v      4.016469594     -0.396243223     -0.396243223
v      4.016469594    -0.5168330375    -0.2178143985
v      4.016469594    -0.5611304059 -3.814016204e-18
v      4.016469594    -0.5168330375     0.2178143985
v      4.016469594     -0.396243223      0.396243223
v      4.016469594    -0.2178143985     0.5168330375
v      4.016469594 -7.717136176e-18     0.5611304059
v      4.016469594     0.2178143985     0.5168330375
v      4.016469594      0.396243223      0.396243223
v      4.016469594     0.5168330375     0.2178143985
v      4.299408782     0.4593912176                0
v      4.299408782     0.4227507388    -0.1771980746
v      4.299408782     0.3234006727    -0.3234006727
v      4.299408782     0.1771980746    -0.4227507388
v      4.299408782  -1.33226763e-17    -0.4593912176
v      4.299408782    -0.1771980746    -0.4227507388
v      4.299408782    -0.3234006727    -0.3234006727
v      4.299408782    -0.4227507388    -0.1771980746
v      4.299408782    -0.4593912176 -1.144204861e-17
v      4.299408782    -0.4227507388     0.1771980746
v      4.299408782    -0.3234006727     0.3234006727
v      4.299408782    -0.1771980746     0.4227507388
v      4.299408782 -2.315140853e-17     0.4593912176
v      4.299408782     0.1771980746     0.4227507388
v      4.299408782     0.3234006727     0.3234006727
v      4.299408782     0.4227507388     0.1771980746
v      4.574113174     0.3170868264                0
v      4.574113174     0.2913790535    -0.1210559477
v      4.574113174     0.2221088631    -0.2221088631
v      4.574113174     0.1210559477    -0.2913790535
v      4.574113174 -1.998401444e-17    -0.3170868264
v      4.574113174    -0.1210559477    -0.2913790535
v      4.574113174    -0.2221088631    -0.2221088631
v      4.574113174    -0.2913790535    -0.1210559477
v      4.574113174    -0.3170868264 -1.716307292e-17
v      4.574113174    -0.2913790535     0.1210559477
v      4.574113174    -0.2221088631     0.2221088631
v      4.574113174    -0.1210559477     0.2913790535
v      4.574113174 -3.472711279e-17     0.3170868264
v      4.574113174     0.1210559477     0.2913790535
v      4.574113174     0.2221088631     0.2221088631
v      4.574113174     0.2913790535     0.1210559477
v      4.815878377     0.1565216234                0
v      4.815878377     0.1435261008   -0.05883944663
v      4.815878377     0.1088234277    -0.1088234277
v      4.815878377    0.05883944663    -0.1435261008
v      4.815878377 -1.776356839e-17    -0.1565216234
v      4.815878377   -0.05883944663    -0.1435261008
v      4.815878377    -0.1088234277    -0.1088234277
v      4.815878377    -0.1435261008   -0.05883944663
v      4.815878377    -0.1565216234 -1.525606481e-17
v      4.815878377    -0.1435261008    0.05883944663
v      4.815878377    -0.1088234277     0.1088234277
v      4.815878377   -0.05883944663     0.1435261008
v      4.815878377  -3.08685447e-17     0.1565216234
v      4.815878377    0.05883944663     0.1435261008
v      4.815878377     0.1088234277     0.1088234277
v      4.815878377     0.1435261008    0.05883944663
v                5                0                0
v     0.1945585004     0.1981585004                0
v     0.1945585004     0.1818125858   -0.07481131888
v     0.1945585004     0.1380561864    -0.1380561864
v     0.1945585004    0.07481131888    -0.1818125858
v     0.1945585004 -1.421085472e-17    -0.1981585004
v     0.1945585004   -0.07481131888    -0.1818125858
v     0.1945585004    -0.1380561864    -0.1380561864
v     0.1945585004    -0.1818125858   -0.07481131888
v     0.1945585004    -0.1981585004 -4.186169957e-18
v     0.1945585004    -0.1818125858    0.07481131888
v     0.1945585004    -0.1380561864     0.1380561864
v     0.1945585004   -0.07481131888     0.1818125858
v     0.1945585004 -1.456113355e-17     0.1981585004
v     0.1945585004    0.07481131888     0.1818125858
v     0.1945585004     0.1380561864     0.1380561864
v     0.1945585004     0.1818125858    0.07481131888
v     0.4376283129     0.4344283129                0
v     0.4376283129     0.3994074441    -0.1664550892
v     0.4376283129       0.30483697      -0.30483697
v     0.4376283129     0.1664550892    -0.3994074441
v     0.4376283129 -1.598721155e-17    -0.4344283129
v     0.4376283129    -0.1664550892    -0.3994074441
v     0.4376283129      -0.30483697      -0.30483697
v     0.4376283129    -0.3994074441    -0.1664550892
v     0.4376283129    -0.4344283129 -4.709441201e-18
v     0.4376283129    -0.3994074441     0.1664550892
v     0.4376283129      -0.30483697       0.30483697
v     0.4376283129    -0.1664550892     0.3994074441
v     0.4376283129 -1.638127524e-17     0.4344283129
v     0.4376283129     0.1664550892     0.3994074441
v     0.4376283129       0.30483697       0.30483697
v     0.4376283129     0.3994074441     0.1664550892
v     0.7084188753     0.6616188753                0
v     0.7084188753     0.6090186841    -0.2557112236
v     0.7084188753     0.4662167926    -0.4662167926
v     0.7084188753     0.2557112236    -0.6090186841
v     0.7084188753 -1.065814104e-17    -0.6616188753
v     0.7084188753    -0.2557112236    -0.6090186841
v     0.7084188753    -0.4662167926    -0.4662167926
v     0.7084188753    -0.6090186841    -0.2557112236
v     0.7084188753    -0.6616188753 -3.139627468e-18
v     0.7084188753    -0.6090186841     0.2557112236
v     0.7084188753    -0.4662167926     0.4662167926
v     0.7084188753    -0.2557112236     0.6090186841
v     0.7084188753 -1.092085016e-17     0.6616188753
v     0.7084188753     0.2557112236     0.6090186841
v     0.7084188753     0.4662167926     0.4662167926
v     0.7084188753     0.6090186841     0.2557112236
v     0.9861396251     0.8325396251                0
v     0.9861396251     0.7668804148    -0.3233596349
v     0.9861396251     0.5880700957    -0.5880700957
v     0.9861396251     0.3233596349    -0.7668804148
v     0.9861396251 -3.552713679e-18    -0.8325396251
v     0.9861396251    -0.3233596349    -0.7668804148
v     0.9861396251    -0.5880700957    -0.5880700957
v     0.9861396251    -0.7668804148    -0.3233596349
v     0.9861396251    -0.8325396251 -1.046542489e-18
v     0.9861396251    -0.7668804148     0.3233596349
v     0.9861396251    -0.5880700957     0.5880700957
v     0.9861396251    -0.3233596349     0.7668804148
v     0.9861396251 -3.640283387e-18     0.8325396251
v     0.9861396251     0.3233596349     0.7668804148
v     0.9861396251     0.5880700957     0.5880700957
v     0.9861396251     0.7668804148     0.3233596349
v             1.25              0.9                0
v             1.25     0.8292267453    -0.3501802359
v             1.25     0.6362713208    -0.6362713208
v             1.25     0.3501802359    -0.8292267453
v             1.25                0             -0.9
v             1.25    -0.3501802359    -0.8292267453
v             1.25    -0.6362713208    -0.6362713208
v             1.25    -0.8292267453    -0.3501802359
v             1.25             -0.9                0
v             1.25    -0.8292267453     0.3501802359
v             1.25    -0.6362713208     0.6362713208
v             1.25    -0.3501802359     0.8292267453
v             1.25                0              0.9
v             1.25     0.3501802359     0.8292267453
v             1.25     0.6362713208     0.6362713208
v             1.25     0.8292267453     0.3501802359
v              1.5              0.9                0
v              1.5     0.8292267453    -0.3501802359
v              1.5     0.6362713208    -0.6362713208
v              1.5     0.3501802359    -0.8292267453
v              1.5                0             -0.9
v              1.5    -0.3501802359    -0.8292267453
v              1.5    -0.6362713208    -0.6362713208
v              1.5    -0.8292267453    -0.3501802359
v              1.5             -0.9                0
v              1.5    -0.8292267453     0.3501802359
v              1.5    -0.6362713208     0.6362713208
v              1.5    -0.3501802359     0.8292267453
v              1.5                0              0.9
v              1.5     0.3501802359     0.8292267453
v              1.5     0.6362713208     0.6362713208
v              1.5     0.8292267453     0.3501802359
v             1.75              0.9                0
v             1.75     0.8292267453    -0.3501802359
v             1.75     0.6362713208    -0.6362713208
v             1.75     0.3501802359    -0.8292267453
v             1.75                0             -0.9
v             1.75    -0.3501802359    -0.8292267453
v             1.75    -0.6362713208    -0.6362713208
v             1.75    -0.8292267453    -0.3501802359
v             1.75             -0.9                0
v             1.75    -0.8292267453     0.3501802359
v             1.75    -0.6362713208     0.6362713208
v             1.75    -0.3501802359     0.8292267453
v             1.75                0              0.9
v             1.75     0.3501802359     0.8292267453
v             1.75     0.6362713208     0.6362713208
v             1.75     0.8292267453     0.3501802359
v                2              0.9                0
v                2     0.8292267453    -0.3501802359
v                2     0.6362713208    -0.6362713208
v                2     0.3501802359    -0.8292267453
v                2                0             -0.9
v                2    -0.3501802359    -0.8292267453
v                2    -0.6362713208    -0.6362713208
v                2    -0.8292267453    -0.3501802359
v                2             -0.9                0
v                2    -0.8292267453     0.3501802359
v                2    -0.6362713208     0.6362713208
v                2    -0.3501802359     0.8292267453
v                2                0              0.9
v                2     0.3501802359     0.8292267453
v                2     0.6362713208     0.6362713208
v                2     0.8292267453     0.3501802359
v             2.25              0.9                0
v             2.25     0.8292267453    -0.3501802359
v             2.25     0.6362713208    -0.6362713208
v             2.25     0.3501802359    -0.8292267453
v             2.25                0             -0.9
v             2.25    -0.3501802359    -0.8292267453
v             2.25    -0.6362713208    -0.6362713208
v             2.25    -0.8292267453    -0.3501802359
v             2.25             -0.9                0
v             2.25    -0.8292267453     0.3501802359
v             2.25    -0.6362713208     0.6362713208
v             2.25    -0.3501802359     0.8292267453
v             2.25                0              0.9
v             2.25     0.3501802359     0.8292267453
v             2.25     0.6362713208     0.6362713208
v             2.25     0.8292267453     0.3501802359
v              2.5              0.9                0
v              2.5     0.8292267453    -0.3501802359
v              2.5     0.6362713208    -0.6362713208
v              2.5     0.3501802359    -0.8292267453
v              2.5                0             -0.9
v              2.5    -0.3501802359    -0.8292267453
v              2.5    -0.6362713208    -0.6362713208
v              2.5    -0.8292267453    -0.3501802359
v              2.5             -0.9                0
v              2.5    -0.8292267453     0.3501802359
v              2.5    -0.6362713208     0.6362713208
v              2.5    -0.3501802359     0.8292267453
v              2.5                0              0.9
v              2.5     0.3501802359     0.8292267453
v              2.5     0.6362713208     0.6362713208
v              2.5     0.8292267453     0.3501802359
v             2.75              0.9                0
v             2.75     0.8292267453    -0.3501802359
v             2.75     0.6362713208    -0.6362713208
v             2.75     0.3501802359    -0.8292267453
v             2.75                0             -0.9
v             2.75    -0.3501802359    -0.8292267453
v             2.75    -0.6362713208    -0.6362713208
v             2.75    -0.8292267453    -0.3501802359
v             2.75             -0.9                0
v             2.75    -0.8292267453     0.3501802359
v             2.75    -0.6362713208     0.6362713208
v             2.75    -0.3501802359     0.8292267453
v             2.75                0              0.9
v             2.75     0.3501802359     0.8292267453
v             2.75     0.6362713208     0.6362713208
v             2.75     0.8292267453     0.3501802359
v                3              0.9                0
v                3     0.8292267453    -0.3501802359
v                3     0.6362713208    -0.6362713208
v                3     0.3501802359    -0.8292267453
v                3                0             -0.9
v                3    -0.3501802359    -0.8292267453
v                3    -0.6362713208    -0.6362713208
v                3    -0.8292267453    -0.3501802359
v                3             -0.9                0
v                3    -0.8292267453     0.3501802359
v                3    -0.6362713208     0.6362713208
v                3    -0.3501802359     0.8292267453
v                3                0              0.9
v                3     0.3501802359     0.8292267453
v                3     0.6362713208     0.6362713208
v                3     0.8292267453     0.3501802359
v             3.25              0.9                0
v             3.25     0.8292267453    -0.3501802359
v             3.25     0.6362713208    -0.6362713208
v             3.25     0.3501802359    -0.8292267453
v             3.25                0             -0.9
v             3.25    -0.3501802359    -0.8292267453
v             3.25    -0.6362713208    -0.6362713208
v             3.25    -0.8292267453    -0.3501802359
v             3.25             -0.9                0
v             3.25    -0.8292267453     0.3501802359
v             3.25    -0.6362713208     0.6362713208
v             3.25    -0.3501802359     0.8292267453
v             3.25                0              0.9
v             3.25     0.3501802359     0.8292267453
v             3.25     0.6362713208     0.6362713208
v             3.25     0.8292267453     0.3501802359
v              3.5              0.9                0
v              3.5     0.8292267453    -0.3501802359
v              3.5     0.6362713208    -0.6362713208
v              3.5     0.3501802359    -0.8292267453
v              3.5                0             -0.9
v              3.5    -0.3501802359    -0.8292267453
v              3.5    -0.6362713208    -0.6362713208
v              3.5    -0.8292267453    -0.3501802359
v              3.5             -0.9                0
v              3.5    -0.8292267453     0.3501802359
v              3.5    -0.6362713208     0.6362713208
v              3.5    -0.3501802359     0.8292267453
v              3.5                0              0.9
v              3.5     0.3501802359     0.8292267453
v              3.5     0.6362713208     0.6362713208
v              3.5     0.8292267453     0.3501802359
v             3.75              0.9                0
v             3.75     0.8292267453    -0.3501802359
v             3.75     0.6362713208    -0.6362713208
v             3.75     0.3501802359    -0.8292267453
v             3.75                0             -0.9
v             3.75    -0.3501802359    -0.8292267453
v             3.75    -0.6362713208    -0.6362713208
v             3.75    -0.8292267453    -0.3501802359
v             3.75             -0.9                0
v             3.75    -0.8292267453     0.3501802359
v             3.75    -0.6362713208     0.6362713208
v             3.75    -0.3501802359     0.8292267453
v             3.75                0              0.9
v             3.75     0.3501802359     0.8292267453
v             3.75     0.6362713208     0.6362713208
v             3.75     0.8292267453     0.3501802359
v      4.013860375     0.8325396251                0
v      4.013860375     0.7668804148    -0.3233596349
v      4.013860375     0.5880700957    -0.5880700957
v      4.013860375     0.3233596349    -0.7668804148
v      4.013860375 -3.552713679e-18    -0.8325396251
v      4.013860375    -0.3233596349    -0.7668804148
v      4.013860375    -0.5880700957    -0.5880700957
v      4.013860375    -0.7668804148    -0.3233596349
v      4.013860375    -0.8325396251 -1.046542489e-18
v      4.013860375    -0.7668804148     0.3233596349
v      4.013860375    -0.5880700957     0.5880700957
v      4.013860375    -0.3233596349     0.7668804148
v      4.013860375 -3.640283387e-18     0.8325396251
v      4.013860375     0.3233596349     0.7668804148
v      4.013860375     0.5880700957     0.5880700957
v      4.013860375     0.7668804148     0.3233596349
v      4.291581125     0.6616188753                0
v      4.291581125     0.6090186841    -0.2557112236
v      4.291581125     0.4662167926    -0.4662167926
v      4.291581125     0.2557112236    -0.6090186841
v      4.291581125 -1.065814104e-17    -0.6616188753
v      4.291581125    -0.2557112236    -0.6090186841
v      4.291581125    -0.4662167926    -0.4662167926
v      4.291581125    -0.6090186841    -0.2557112236
v      4.291581125    -0.6616188753 -3.139627468e-18
v      4.291581125    -0.6090186841     0.2557112236
v      4.291581125    -0.4662167926     0.4662167926
v      4.291581125    -0.2557112236     0.6090186841
v      4.291581125 -1.092085016e-17     0.6616188753
v      4.291581125     0.2557112236     0.6090186841
v      4.291581125     0.4662167926     0.4662167926
v      4.291581125     0.6090186841     0.2557112236
v      4.562371687     0.4344283129                0
v      4.562371687     0.3994074441    -0.1664550892
v      4.562371687       0.30483697      -0.30483697
v      4.562371687     0.1664550892    -0.3994074441
v      4.562371687 -1.598721155e-17    -0.4344283129
v      4.562371687    -0.1664550892    -0.3994074441
v      4.562371687      -0.30483697      -0.30483697
v      4.562371687    -0.3994074441    -0.1664550892
v      4.562371687    -0.4344283129 -4.709441201e-18
v      4.562371687    -0.3994074441     0.1664550892
v      4.562371687      -0.30483697       0.30483697
v      4.562371687    -0.1664550892     0.3994074441
v      4.562371687 -1.638127524e-17     0.4344283129
v      4.562371687     0.1664550892     0.3994074441
v      4.562371687       0.30483697       0.30483697
v      4.562371687     0.3994074441     0.1664550892
v        4.8054415     0.1981585004                0
v        4.8054415     0.1818125858   -0.07481131888
v        4.8054415     0.1380561864    -0.1380561864
v        4.8054415    0.07481131888    -0.1818125858
v        4.8054415 -1.421085472e-17    -0.1981585004
v        4.8054415   -0.07481131888    -0.1818125858
v        4.8054415    -0.1380561864    -0.1380561864
v        4.8054415    -0.1818125858   -0.07481131888
v        4.8054415    -0.1981585004 -4.186169957e-18
v        4.8054415    -0.1818125858    0.07481131888
v        4.8054415    -0.1380561864     0.1380561864
v        4.8054415   -0.07481131888     0.1818125858
v        4.8054415 -1.456113355e-17     0.1981585004
v        4.8054415    0.07481131888     0.1818125858
v        4.8054415     0.1380561864     0.1380561864
v        4.8054415     0.1818125858    0.07481131888
v               38                0                0
v      37.26728116                0    -0.1654220942
v        36.850057      1.599756312     0.0279238503
v      36.16361514      1.600348804    -0.1270401907
v      36.21314442                0    -0.3976811744
v      35.17605546      1.601180687    -0.3446157558
v      34.72743372                0    -0.7139699959
v      33.78417912      1.602313538    -0.6409086672
v      32.69308707                0     -1.126848104
v      31.87831752      1.603792344      -1.02768445
v      30.01511371                0     -1.635627238
v      29.36947932      1.605614638     -1.504298357
v      26.66690414                0      -2.21520878
v      26.23273562      1.607690524     -2.047238515
v      22.73974501                0     -2.806426047
v      22.55360759      1.609808087     -2.601078782
v      18.46362457                0     -3.316298653
v      18.54755791      1.611634298     -3.078717031
v      14.52464551      1.612787594     -3.380357141
v      14.16950458                0      -3.63829554
v       10.8050746      1.612980176     -3.430726399
v      10.19917608                0     -3.692064066
v      7.630317437      1.612142927     -3.211747158
v      6.810390352                0     -3.458306581
v      5.118121389      1.610423171     -2.761951587
v      4.128832772                0     -2.978155671
v      3.276127968      1.608066462     -2.145563429
v      2.162660019                0     -2.320169344
v      2.056279583      1.605294895     -1.420670973
v     0.8605746642                0     -1.546356095
v       1.41249707      1.602349812    -0.6503959823
v     0.1733910838                0    -0.7240975812
v      1.250057002      1.599756312     0.0279238503
v                0                0                0
v     0.1733910838                0     0.7240975812
v       1.41249707      1.597162812     0.7062436829
v     0.8605746642                0      1.546356095
v      2.056279583      1.594217729      1.476518673
v      2.162660019                0      2.320169344
v      3.276127968      1.591446163      2.201411129
v      4.128832772                0      2.978155671
v      5.118121389      1.589089454      2.817799288
v      6.810390352                0      3.458306581
v      7.630317437      1.587369697      3.267594859
v      10.19917608                0      3.692064066
v       10.8050746      1.586532448        3.4865741
v      14.16950458                0       3.63829554
v      14.52464551      1.586725031      3.436204841
v      18.46362457                0      3.316298653
v      18.54755791      1.587878327      3.134564731
v      22.55360759      1.589704537      2.656926482
v      22.73974501                0      2.806426047
v      26.23273562        1.5918221      2.103086215
v      26.66690414                0       2.21520878
v      29.36947932      1.593897987      1.560146058
v      30.01511371                0      1.635627238
v      31.87831752      1.595720281      1.083532151
v      32.69308707                0      1.126848104
v      33.78417912      1.597199086     0.6967563678
v      34.72743372                0     0.7139699959
v      35.17605546      1.598331938     0.4004634564
v      36.21314442                0     0.3976811744
v      36.16361514       1.59916382     0.1828878913
v      37.26728116                0     0.1654220942
v        35.700114      3.199512625     0.0558477006
v      35.05994912      3.200697609   -0.08865828722
v       34.1389665      3.202361373    -0.2915503372
v      32.84092452      3.204627076    -0.5678473385
v      31.06354797      3.207584687    -0.9285207969
v      28.72384493      3.211229275     -1.372969477
v      25.79856709      3.215381049     -1.879268249
v      22.36747017      3.219616174     -2.395731516
v      18.63149126      3.223268595     -2.841135408
v      14.87978643      3.225575187     -3.122418742
v      11.41097311      3.225960353     -3.169388732
v      8.450244523      3.224285855     -2.965187736
v      6.107410006      3.220846342     -2.545747504
v      4.389595916      3.216132923     -1.970957513
v      3.251984501       3.21058979     -1.294985851
v      2.651603057      3.204699624    -0.5766943835
v      2.500114005      3.199512625     0.0558477006
v      2.651603057      3.194325625     0.6883897847
v      3.251984501      3.188435459      1.406681252
v      4.389595916      3.182892326      2.082652914
v      6.107410006      3.178178907      2.657442905
v      8.450244523      3.174739394      3.076883137
v      11.41097311      3.173064896      3.281084133
v      14.87978643      3.173450062      3.234114143
v      18.63149126      3.175756654      2.952830809
v      22.36747017      3.179409075      2.507426917
v      25.79856709        3.1836442       1.99096365
v      28.72384493      3.187795974      1.484664878
v      31.06354797      3.191440562      1.040216198
v      32.84092452      3.194398173     0.6795427397
v       34.1389665      3.196663876     0.4032457384
v      35.05994912       3.19832764     0.2003536884
v      34.55017101      4.799268937     0.0837715509
v       33.9562831      4.801046413   -0.05027638372
v      33.10187754       4.80354206    -0.2384849186
v      31.89766992      4.806940615    -0.4947860098
v      30.24877842      4.811377031    -0.8293571435
v      28.07821054      4.816843913     -1.241640596
v      25.36439857      4.823071573     -1.711297984
v      22.18133275      4.829424261     -2.190384251
v       18.7154246      4.834902893     -2.603553785
v      15.23492735      4.838362781     -2.864480343
v      12.01687162      4.838940529     -2.908051064
v      9.270171608      4.836428782     -2.718628313
v      7.096698622      4.831269513     -2.329543421
v      5.503063865      4.824199385     -1.796351597
v      4.447689419      4.815884685     -1.169300729
v      3.890709044      4.807049437    -0.5029927847
v      3.750171007      4.799268937     0.0837715509
v      3.890709044      4.791488437     0.6705358865
v      4.447689419      4.782653188       1.33684383
v      5.503063865      4.774338488      1.963894699
v      7.096698622      4.767268361      2.497086522
v      9.270171608      4.762109092      2.886171415
v      12.01687162      4.759597344      3.075594166
v      15.23492735      4.760175093      3.032023445
v       18.7154246      4.763634981      2.771096887
v      22.18133275      4.769113612      2.357927352
v      25.36439857        4.7754663      1.878841086
v      28.07821054      4.781693961      1.409183698
v      30.24877842      4.787160843     0.9969002453
v      31.89766992      4.791597259     0.6623291116
v      33.10187754      4.794995813     0.4060280204
v       33.9562831       4.79749146     0.2178194855
v      33.40022801      6.399025249     0.1116954012
v      32.85261708      6.401395218   -0.01189448021
v      32.06478858      6.404722747       -0.1854195
v      30.95441532      6.409254153    -0.4217246811
v      29.43400887      6.415169374    -0.7301934901
v      27.43257615       6.42245855     -1.110311715
v      24.93023005      6.430762098     -1.543327718
v      21.99519533      6.439232348     -1.985036985
v      18.79935795       6.44653719     -2.365972163
v      15.59006828      6.451150375     -2.606541944
v      12.62277014      6.451920705     -2.646713397
v      10.09009869      6.448571709     -2.472068891
v      8.085987239      6.441692684     -2.113339337
v      6.616531814      6.432265847     -1.621745682
v      5.643394338      6.421179581     -1.043615607
v       5.12981503      6.409399249    -0.4292911859
v       5.00022801      6.399025249     0.1116954012
v       5.12981503      6.388651249     0.6526819883
v      5.643394338      6.376870917      1.267006409
v      6.616531814      6.365784651      1.845136484
v      8.085987239      6.356357814       2.33673014
v      10.09009869      6.349478789      2.695459693
v      12.62277014      6.346129793      2.870104199
v      15.59006828      6.346900123      2.829932747
v      18.79935795      6.351513308      2.589362965
v      21.99519533       6.35881815      2.208427787
v      24.93023005        6.3672884      1.766718521
v      27.43257615      6.375591948      1.333702518
v      29.43400887      6.382881124     0.9535842925
v      30.95441532      6.388796345     0.6451154835
v      32.06478858      6.393327751     0.4088103024
v      32.85261708       6.39665528     0.2352852826
v      32.25028501      7.998781561     0.1396192515
v      31.74895107      8.001744022    0.02648742329
v      31.02769962      8.005903434    -0.1323540814
v      30.01116072      8.011567691    -0.3486633524
v      28.61923932      8.018961718    -0.6310298367
v      26.78694176      8.028073188    -0.9789828345
v      24.49606153      8.038452622     -1.375357453
v      21.80905791      8.049040435     -1.779689719
v      18.88329129      8.058171488      -2.12839054
v       15.9452092      8.063937968     -2.348603545
v      13.22866865      8.064900882      -2.38537573
v      10.91002578      8.060714636     -2.225509468
v      9.075275856      8.052115855     -1.897135254
v      7.729999762      8.040332308     -1.447139766
v      6.839099256      8.026474476    -0.9179304844
v      6.368921017      8.011749061    -0.3555895871
v      6.250285012      7.998781561     0.1396192515
v      6.368921017      7.985814061     0.6348280901
v      6.839099256      7.971088647      1.197168987
v      7.729999762      7.957230814      1.726378269
v      9.075275856      7.945447268      2.176373757
v      10.91002578      7.936848486      2.504747971
v      13.22866865      7.932662241      2.664614233
v       15.9452092      7.933625154      2.627842048
v      18.88329129      7.939391635      2.407629043
v      21.80905791      7.948522687      2.058928222
v      24.49606153        7.9591105      1.654595956
v      26.78694176      7.969489935      1.258221338
v      28.61923932      7.978601405     0.9102683397
v      30.01116072      7.985995431     0.6279018554
v      31.02769962      7.991659689     0.4115925844
v      31.74895107        7.9958191     0.2527510797
v      31.21125472      10.39731955     0.2233780436
v      30.77181804      10.39997046     0.1264377842
v      30.13964389      10.40369231   -0.00966672424
v       29.2487039      10.40876044    -0.1950071003
v      28.02885447      10.41537591    -0.4369386268
v      26.42322022      10.42352754    -0.7350544447
v      24.41596147      10.43281336     -1.074651865
v      22.06194496      10.44228644     -1.421086328
v      19.49916611      10.45046033     -1.719951427
v      16.92602017      10.45563415     -1.908962545
v      14.54712296      10.45652843     -1.941219251
v      12.51640993      10.45283913     -1.805531994
v      10.90847476      10.44522443      -1.52598291
v      9.727393346      10.43477346     -1.142529975
v      8.941391577      10.42245196    -0.6908711051
v      8.520534215      10.40923181    -0.2080211079
v      8.411254718      10.39731955     0.2233780436
v      8.520534215      10.38540728     0.6547771951
v      8.941391577      10.37218713      1.137627192
v      9.727393346      10.35986563      1.589286062
v      10.90847476      10.34941466      1.972738998
v      12.51640993      10.34179996      2.252288081
v      14.54712296      10.33811066      2.387975338
v      16.92602017      10.33900494      2.355718632
v      19.49916611      10.34417876      2.166707514
v      22.06194496      10.35235265      1.867842415
v      24.41596147      10.36182574      1.521407952
v      26.42322022      10.37111156      1.181810532
v      28.02885447      10.37926319      0.883694714
v       29.2487039      10.38587866     0.6417631874
v      30.13964389      10.39094678     0.4564228114
v      30.77181804      10.39466863      0.320318303
v      30.17222442      12.79585753     0.3071368357
v      29.79468502      12.79819691     0.2263881451
v      29.25158817      12.80148118     0.1130206329
v      28.48624708      12.80595318   -0.04135084812
v      27.43846962       12.8117901     -0.242847417
v      26.05949868      12.81898188     -0.491126055
v      24.33586141      12.82717409    -0.7739462772
v      22.31483202      12.83553244     -1.062482937
v      20.11504093      12.84274917     -1.311512313
v      17.90683114      12.84733033     -1.469321545
v      15.86557728      12.84815598     -1.497062772
v      14.12279409      12.84496363     -1.385554519
v      12.74167366      12.83833301     -1.154830567
v      11.72478693      12.82921461    -0.8379201837
v       11.0436839      12.81842945    -0.4638117258
v      10.67214741      12.80671456   -0.06045262875
v      10.57222442      12.79585753     0.3071368357
v      10.67214741       12.7850005     0.6747263001
v       11.0436839      12.77328561      1.078085397
v      11.72478693      12.76250045      1.452193855
v      12.74167366      12.75338205      1.769104238
v      14.12279409      12.74675144       1.99982819
v      15.86557728      12.74355908      2.111336443
v      17.90683114      12.74438473      2.083595216
v      20.11504093      12.74896589      1.925785984
v      22.31483202      12.75618262      1.676756608
v      24.33586141      12.76454097      1.388219949
v      26.05949868      12.77273318      1.105399726
v      27.43846962      12.77992497     0.8571210883
v      28.48624708      12.78576188     0.6556245195
v      29.25158817      12.79023388     0.5012530384
v      29.79468502      12.79351816     0.3878855263
v      29.13319413      15.19439552     0.3908956278
v      28.81755199      15.19642335     0.3263385059
v      28.36353244      15.19927006     0.2357079901
v      27.72379026      15.20314593      0.112305404
v      26.84808476      15.20820429   -0.04875620713
v      25.69577714      15.21443623    -0.2471976652
v      24.25576135      15.22153482    -0.4732406894
v      22.56771907      15.22877845    -0.7038795451
v      20.73091575      15.23503801     -0.903073199
v      18.88764211      15.23902651     -1.029680544
v      17.18403159      15.23978353     -1.052906293
v      15.72917824      15.23708812    -0.9655770437
v      14.57487256      15.23144159    -0.7836782236
v      13.72218051      15.22365576    -0.5333103927
v      13.14597622      15.21440694    -0.2367523465
v      12.82376061      15.20419731    0.08711585041
v      12.73319413      15.19439552     0.3908956278
v      12.82376061      15.18459372     0.6946754051
v      13.14597622       15.1743841      1.018543602
v      13.72218051      15.16513527      1.315101648
v      14.57487256      15.15734945      1.565469479
v      15.72917824      15.15170291      1.747368299
v      17.18403159       15.1490075      1.834697549
v      18.88764211      15.14976452        1.8114718
v      20.73091575      15.15375302      1.684864454
v      22.56771907      15.16001259      1.485670801
v      24.25576135      15.16725621      1.255031945
v      25.69577714       15.1743548      1.028988921
v      26.84808476      15.18058675     0.8305474626
v      27.72379026       15.1856451     0.6694858515
v      28.36353244      15.18952097     0.5460832654
v      28.81755199      15.19236768     0.4554527496
v      28.09416384       17.5929335     0.4746544198
v      27.84041896      17.59464979     0.4262888668
v      27.47547672      17.59705893     0.3583953473
v      26.96133344      17.60033867     0.2659616562
v      26.25769991      17.60461848     0.1453350027
v       25.3320556      17.60989058  -0.003269275442
v      24.17566129      17.61589556    -0.1725351015
v      22.82060612      17.62202445    -0.3452761537
v      21.34679057      17.62732685    -0.4946340852
v      19.86845308      17.63072269    -0.5900395442
v       18.5024859      17.63141108    -0.6087498145
v      17.33556239      17.62921262    -0.5455995688
v      16.40807146      17.62455016    -0.4125258802
v       15.7195741      17.61809691    -0.2287006017
v      15.24826854      17.61038442  -0.009692967196
v      14.97537381      17.60168006     0.2346843296
v      14.89416384       17.5929335     0.4746544198
v      14.97537381      17.58418694     0.7146245101
v      15.24826854      17.57548258     0.9590018069
v       15.7195741      17.56777009      1.178009441
v      16.40807146      17.56131684       1.36183472
v      17.33556239      17.55665438      1.494908408
v       18.5024859      17.55445592      1.558058654
v      19.86845308      17.55514431      1.539348384
v      21.34679057      17.55854015      1.443942925
v      22.82060612      17.56384255      1.294584993
v      24.17566129      17.56997145      1.121843941
v       25.3320556      17.57597642     0.9525781151
v      26.25769991      17.58124853      0.803973837
v      26.96133344      17.58552833     0.6833471835
v      27.47547672      17.58880807     0.5909134924
v      27.84041896      17.59121721     0.5230199729
v      27.05513354      19.99147149     0.5584132119
v      26.86328594      19.99287623     0.5262392277
v      26.58742099      19.99484781     0.4810827045
v      26.19887662      19.99753142     0.4196179083
v      25.66731506      20.00103266     0.3394262126
v      24.96833405      20.00534493     0.2406591143
v      24.09556123      20.01025629     0.1281704863
v      23.07349317      20.01527045    0.01332723774
v      21.96266539      20.01961569   -0.08619497136
v      20.84926405      20.02241888    -0.1503985439
v      19.82094022      20.02303863    -0.1645933357
v      18.94194654      20.02133711    -0.1256220939
v      18.24127035      20.01765874   -0.04137353676
v      17.71696768      20.01253807    0.07590918939
v      17.35056086      20.00636191     0.2173664121
v      17.12698701      19.99916281     0.3822528087
v      17.05513354      19.99147149     0.5584132119
v      17.12698701      19.98378016     0.7345736151
v      17.35056086      19.97658106     0.8994600117
v      17.71696768       19.9704049      1.040917234
v      18.24127035      19.96528423      1.158199961
v      18.94194654      19.96160586      1.242448518
v      19.82094022      19.95990434       1.28141976
v      20.84926405       19.9605241      1.267224968
v      21.96266539      19.96332728      1.203021395
v      23.07349317      19.96767252      1.103499186
v      24.09556123      19.97268668     0.9886559375
v      24.96833405      19.97759804     0.8761673095
v      25.66731506      19.98191031     0.7774002113
v      26.19887662      19.98541155     0.6972085155
v      26.58742099      19.98809516     0.6357437193
v      26.86328594      19.99006674     0.5905871962
v      27.69690609      23.74631854     0.7551964074
v      27.53960344      23.74780557     0.7289663394
v      27.31341331      23.74989258     0.6921522232
v      26.99483628      23.75273308      0.642043025
v      26.55900026      23.75643876     0.5766670573
v      25.98590136       23.7610028     0.4961475951
v         25.27032      23.76620071     0.4044419702
v      24.43234716      23.77150835     0.3108155158
v       23.5216207      23.77611095     0.2296754855
v       22.6088033      23.77908841     0.1773194604
v      21.76574739      23.77976637     0.1657174568
v      21.04510932       23.7780025     0.1974386051
v       20.4706259      23.77416193     0.2660508607
v       20.0406715      23.76880788     0.3615764682
v      19.74004824      23.76234365     0.4768008752
v      19.55629675      23.75475578     0.6111811956
v      19.49690609      23.74631854     0.7551964074
v      19.55629675      23.73788129     0.8992116192
v      19.74004824      23.73029342       1.03359194
v       20.0406715      23.72382919      1.148816347
v       20.4706259      23.71847515      1.244341954
v      21.04510932      23.71463457       1.31295421
v      21.76574739       23.7128707      1.344675358
v       22.6088033      23.71354866      1.333073354
v       23.5216207      23.71652612      1.280717329
v      24.43234716      23.72112872      1.199577299
v         25.27032      23.72643636      1.105950845
v      25.98590136      23.73163427       1.01424522
v      26.55900026      23.73619831     0.9337257575
v      26.99483628      23.73990399     0.8683497898
v      27.31341331      23.74274449     0.8182405916
v      27.53960344      23.74483151     0.7814264754
v      28.33867864      27.50116559     0.9519796029
v      28.21592094       27.5027349     0.9316934511
v      28.03940562      27.50493736     0.9032217419
v      27.79079594      27.50793475     0.8644681417
v      27.45068547      27.51184487      0.813907902
v      27.00346867      27.51666067     0.7516360758
v      26.44507878      27.52214514      0.680713454
v      25.79120116      27.52774625     0.6083037938
v        25.080576      27.53260622     0.5455459424
v      24.36834255      27.53575794     0.5050374647
v      23.71055457      27.53649411     0.4960282492
v      23.14827209      27.53466789      0.520499304
v      22.69998144      27.53066511     0.5734752582
v      22.36437531      27.52507769      0.647243747
v      22.12953562      27.51832539     0.7362353383
v       21.9856065      27.51034874     0.8401095824
v      21.93867864      27.50116559     0.9519796029
v       21.9856065      27.49198243      1.063849623
v      22.12953562      27.48400579      1.167723867
v      22.36437531      27.47725348      1.256715459
v      22.69998144      27.47166606      1.330483948
v      23.14827209      27.46766329      1.383459902
v      23.71055457      27.46583707      1.407930957
v      24.36834255      27.46657323      1.398921741
v        25.080576      27.46972496      1.358413263
v      25.79120116      27.47458493      1.295655412
v      26.44507878      27.48018604      1.223245752
v      27.00346867      27.48567051       1.15232313
v      27.45068547      27.49048631      1.090051304
v      27.79079594      27.49439642      1.039491064
v      28.03940562      27.49739381      1.000737464
v      28.21592094      27.49959627     0.9722657546
v      28.98045119      31.25601264      1.148762798
v      28.89223845      31.25766423      1.134420563
v      28.76539794      31.25998214      1.114291261
v      28.58675561      31.26313641      1.086893258
v      28.34237068      31.26725097      1.051148747
v      28.02103598      31.27231854      1.007124557
v      27.61983755      31.27808956     0.9569849379
v      27.15005515      31.28398414     0.9057920718
v      26.63953131      31.28910148     0.8614163993
v       26.1278818      31.29242747      0.832755469
v      25.65536174      31.29322185     0.8263390417
v      25.25143487      31.29133328      0.843560003
v      24.92933698       31.2871683     0.8808996557
v      24.68807912       31.2813475     0.9329110258
v        24.519023      31.27430712     0.9956698014
v      24.41491624       31.2659417      1.069037969
v      24.38045119      31.25601264      1.148762798
v      24.41491624      31.24608357      1.228487627
v        24.519023      31.23771815      1.301855795
v      24.68807912      31.23067777      1.364614571
v      24.92933698      31.22485698      1.416625941
v      25.25143487        31.220692      1.453965594
v      25.65536174      31.21880343      1.471186555
v       26.1278818       31.2195978      1.464770128
v      26.63953131      31.22292379      1.436109197
v      27.15005515      31.22804113      1.391733525
v      27.61983755      31.23393571      1.340540659
v      28.02103598      31.23970674       1.29040104
v      28.34237068      31.24477431       1.24637685
v      28.58675561      31.24888886      1.210632338
v      28.76539794      31.25204314      1.183234336
v      28.89223845      31.25436104      1.163105034
v      29.56855595      35.01259357      1.337147675
v      29.62222375      35.01085969      1.345545994
v      29.49139025      35.01502691      1.325360779
v      29.38271527      35.01833808      1.309318375
v      29.23405589      35.02265707      1.288389592
v      29.03860329       35.0279764      1.262613037
v      28.79459632      35.03403399      1.233256422
v      28.50890915      35.04022204       1.20328035
v      28.19848661      35.04559675      1.177286856
v      27.88742105      35.04909701      1.160473473
v      27.60016892      35.04994958      1.156649834
v      27.35459764      35.04799866      1.166620702
v      27.15869252      35.04367149      1.188324053
v      27.01178294      35.03761731      1.218578305
v      26.90851038      35.03028886      1.255104264
v      26.84422599      35.02153467      1.297966356
v      26.82222375      35.01085969      1.345545994
v      26.84422599      35.00018471      1.393125631
v      26.90851038      34.99143052      1.435987723
v      27.01178294      34.98410206      1.472513683
v      27.15869252      34.97804789      1.502767934
v      27.35459764      34.97372071      1.524471286
v      27.60016892      34.97176979      1.534442153
v      27.88742105      34.97262237      1.530618514
v      28.19848661      34.97612263      1.513805131
v      28.50890915      34.98149734      1.487811638
v      28.79459632      34.98768539      1.457835566
v      29.03860329      34.99374297       1.42847895
v      29.23405589      34.99906231      1.402702396
v      29.38271527       35.0033813      1.381773612
v      29.49139025      35.00669246      1.365731208
v      29.56855595      35.00912581      1.353944313
v      30.24487345       38.7675229      1.539874786
v       30.2639963      38.76570674      1.542329189
v      30.21738257      38.77007169      1.536430298
v      30.17867493      38.77353974      1.531743492
v      30.12574109      38.77806317      1.525630436
v       30.0561706      38.78363427      1.518101518
v       29.9693551      38.78997841      1.509527906
v      29.86776314      38.79645994      1.500768628
v      29.75744192      38.80209201      1.493157313
v       29.6469603      38.80576654      1.488191478
v      29.54497609      38.80667732      1.486960627
v      29.45776041      38.80466405      1.489681401
v      29.38804806      38.80017467      1.495748451
v      29.33548675      38.79388712      1.504245583
v      29.29799776       38.7862706      1.514538728
v      29.27353573      38.77712763      1.526894743
v       29.2639963      38.76570674      1.542329189
v      29.27353573      38.75428585      1.557763636
v      29.29799776      38.74514288      1.570119651
v      29.33548675      38.73752635      1.580412795
v      29.38804806      38.73123881      1.588909928
v      29.45776041      38.72674942      1.594976978
v      29.54497609      38.72473616      1.597697752
v       29.6469603      38.72564694      1.596466901
v      29.75744192      38.72932146      1.591501065
v      29.86776314      38.73495354      1.583889751
v       29.9693551      38.74143507      1.575130473
v       30.0561706      38.74777921      1.566556861
v      30.12574109      38.75335031      1.559027942
v      30.17867493      38.75787373      1.552914887
v      30.21738257      38.76134179      1.548228081
v      30.24487345      38.76389058      1.544783592
v      31.06259511      39.00717135      2.197932998
v       31.0839963      39.00512084      2.200114024
v      31.03183029      39.01004895      2.194872193
v       30.9885155      39.01396429      2.190707499
v      30.92928581      39.01907093      2.185275502
v       30.8514481      39.02536019      2.178585437
v      30.75432729      39.03252243      2.170966966
v      30.64069146       39.0398407      2.163183179
v      30.51731093      39.04620375      2.156418092
v      30.39377087      39.05036524        2.1520007
v      30.27974459      39.05141993      2.150897339
v      30.18222398       39.0491917      2.153298755
v       30.1042404      39.04418539      2.158667341
v      30.04537007      39.03716812       2.16618834
v      30.00324344      39.02866838      2.175298756
v      29.97543838      39.01844318      2.186243022
v       29.9639963      39.00512084      2.200114024
v      29.97543838       38.9917985      2.213985025
v      30.00324344       38.9815733      2.224929292
v      30.04537007      38.97307356      2.234039708
v       30.1042404      38.96605629      2.241560707
v      30.18222398      38.96104998      2.246929293
v      30.27974459      38.95882174      2.249330709
v      30.39377087      38.95987644      2.248227348
v      30.51731093      38.96403793      2.243809956
v      30.64069146      38.97040098      2.237044868
v      30.75432729      38.97771925      2.229261082
v       30.8514481      38.98488149      2.221642611
v      30.92928581      38.99117075      2.214952545
v       30.9885155      38.99627739      2.209520549
v      31.03183029      39.00019272      2.205355855
v      31.06259511      39.00307032       2.20229505
v      31.88031677      39.24681981       2.85599121
v       31.9039963      39.24453494      2.857898858
v        31.846278      39.25002622      2.853314088
v      31.79835606      39.25438883      2.849671505
v      31.73283052      39.26007869      2.844920568
v      31.64672561      39.26708611      2.839069356
v      31.53929948      39.27506645      2.832406026
v      31.41361977      39.28322145      2.825597731
v      31.27717995      39.29031549       2.81967887
v      31.14058144      39.29496394      2.815809922
v      31.01451309      39.29616255      2.814834052
v      30.90668755      39.29371934      2.816916108
v      30.82043274      39.28819611      2.821586231
v      30.75525339      39.28044912      2.828131096
v      30.70848913      39.27106617      2.836058785
v      30.67734102      39.25975873      2.845591302
v       30.6639963      39.24453494      2.857898858
v      30.67734102      39.22931115      2.870206415
v      30.70848913      39.21800371      2.879738932
v      30.75525339      39.20862076      2.887666621
v      30.82043274      39.20087377      2.894211486
v      30.90668755      39.19535054      2.898881608
v      31.01451309      39.19290733      2.900963665
v      31.14058144      39.19410594      2.899987794
v      31.27717995      39.19875439      2.896118846
v      31.41361977      39.20584842      2.890199986
v      31.53929948      39.21400343       2.88339169
v      31.64672561      39.22198377      2.876728361
v      31.73283052      39.22899119      2.870877149
v      31.79835606      39.23468105      2.866126211
v        31.846278      39.23904366      2.862483629
v      31.88031677      39.24225007      2.859806507
v      32.69803843      39.48646826      3.514049422
v       32.7239963      39.48394904      3.515683693
v      32.66072572      39.49000349      3.511755983
v      32.60819662      39.49481337      3.508635512
v      32.53637524      39.50108645      3.504565634
v      32.44200312      39.50881202      3.499553275
v      32.32427167      39.51761047      3.493845087
v      32.18654809      39.52660221      3.488012282
v      32.03704896      39.53442722      3.482939649
v      31.88739201      39.53956264      3.479619145
v      31.74928159      39.54090516      3.478770764
v      31.63115112      39.53824699      3.480533462
v      31.53662508      39.53220682      3.484505121
v       31.4651367      39.52373012      3.490073852
v      31.41373481      39.51346395      3.496818813
v      31.37924367      39.50107428      3.504939581
v       31.3639963      39.48394904      3.515683693
v      31.37924367       39.4668238      3.526427804
v      31.41373481      39.45443413      3.534548573
v       31.4651367      39.44416796      3.541293534
v      31.53662508      39.43569126      3.546862265
v      31.63115112      39.42965109      3.550833924
v      31.74928159      39.42699292      3.552596622
v      31.88739201      39.42833544      3.551748241
v      32.03704896      39.43347086      3.548427737
v      32.18654809      39.44129587      3.543355104
v      32.32427167      39.45028761      3.537522299
v      32.44200312      39.45908606      3.531814111
v      32.53637524      39.46681163      3.526801752
v      32.60819662      39.47308471      3.522731874
v      32.66072572      39.47789459      3.519611403
v      32.69803843      39.48142982      3.517317964
v      33.51576009      39.72611672      4.172107633
v       33.5439963      39.72336314      4.173468527
v      33.47517343      39.72998075      4.170197878
v      33.41803718      39.73523792      4.167599519
v      33.33991995      39.74209421        4.1642107
v      33.23728063      39.75053794      4.160037193
v      33.10924386      39.76015449      4.155284147
v       32.9594764      39.76998297      4.150426834
v      32.79691797      39.77853896      4.146200428
v      32.63420258      39.78416133      4.143428367
v      32.48405009      39.78564777      4.142707477
v      32.35561469      39.78277463      4.144150816
v      32.25281742      39.77621754      4.147424012
v      32.17502002      39.76701111      4.152016608
v      32.11898049      39.75586173      4.157578842
v      32.08114631      39.74238983      4.164287861
v       32.0639963      39.72336314      4.173468527
v      32.08114631      39.70433645      4.182649194
v      32.11898049      39.69086455      4.189358213
v      32.17502002      39.67971517      4.194920447
v      32.25281742      39.67050874      4.199513043
v      32.35561469      39.66395165      4.202786239
v      32.48405009      39.66107851      4.204229578
v      32.63420258      39.66256495      4.203508688
v      32.79691797      39.66818732      4.200736627
v       32.9594764      39.67674331      4.196510221
v      33.10924386      39.68657179      4.191652908
v      33.23728063      39.69618834      4.186899862
v      33.33991995      39.70463207      4.182726355
v      33.41803718      39.71148836      4.179337536
v      33.47517343      39.71674553      4.176739177
v      33.51576009      39.72060957      4.174829422
v      34.33348175      39.96576517      4.830165845
v       34.3639963      39.96277724      4.831253362
v      34.28962115      39.96995802      4.828639773
v      34.22787775      39.97566246      4.826563526
v      34.14346466      39.98310197      4.823855766
v      34.03255814      39.99226385      4.820521112
v      33.89421605      40.00269851      4.816723208
v      33.73240471      40.01336373      4.812841385
v      33.55678699       40.0226507      4.809461206
v      33.38101315      40.02876003      4.807237589
v      33.21881859      40.03039039      4.806644189
v      33.08007826      40.02730228       4.80776817
v      32.96900976      40.02022826      4.810342902
v      32.88490334      40.01029211      4.813959364
v      32.82422618      39.99825951       4.81833887
v      32.78304896      39.98370539       4.82363614
v       32.7639963      39.96277724      4.831253362
v      32.78304896       39.9418491      4.838870584
v      32.82422618      39.92729497      4.844167854
v      32.88490334      39.91526237       4.84854736
v      32.96900976      39.90532622      4.852163822
v      33.08007826      39.89825221      4.854738554
v      33.21881859      39.89516409      4.855862535
v      33.38101315      39.89679445      4.855269135
v      33.55678699      39.90290378      4.853045518
v      33.73240471      39.91219075      4.849665339
v      33.89421605      39.92285597      4.845783516
v      34.03255814      39.93329063      4.841985612
v      34.14346466      39.94245251      4.838650958
v      34.22787775      39.94989202      4.835943198
v      34.28962115      39.95559646      4.833866951
v      34.33348175      39.95978931      4.832340879
v      34.33348175       39.9642712      4.830709604
v      34.28962115      39.96636763      4.829946567
v      34.22787775      39.96921985      4.828908444
v      34.14346466       39.9729396      4.827554564
v      34.03255814      39.97752055      4.825887237
v      33.89421605      39.98273788      4.823988285
v      33.73240471      39.98807049      4.822047374
v      33.55678699      39.99271397      4.820357284
v      33.38101315      39.99576864      4.819245476
v      33.21881859      39.99658381      4.818948776
v      33.08007826      39.99503976      4.819510766
v      32.96900976      39.99150275      4.820798132
v      32.88490334      39.98653468      4.822606363
v      32.82422618      39.98051838      4.824796116
v      32.78304896      39.97324131      4.827444751
v      32.78304896      39.95231317      4.835061973
v      32.82422618       39.9450361      4.837710608
v      32.88490334      39.93901981      4.839900361
v      32.96900976      39.93405173      4.841708592
v      33.08007826      39.93051472      4.842995958
v      33.21881859      39.92897067      4.843557949
v      33.38101315      39.92978584      4.843261248
v      33.55678699      39.93284051       4.84214944
v      33.73240471      39.93748399      4.840459351
v      33.89421605      39.94281661      4.838518439
v      34.03255814      39.94803393      4.836619487
v      34.14346466      39.95261488       4.83495216
v      34.22787775      39.95633463       4.83359828
v      34.28962115      39.95918685      4.832560157
v      34.33348175      39.96128328       4.83179712
v      34.33348175      39.96277724      4.831253362
v      34.28962115      39.96277724      4.831253362
v      34.22787775      39.96277724      4.831253362
v      34.14346466      39.96277724      4.831253362
v      34.03255814      39.96277724      4.831253362
v      33.89421605      39.96277724      4.831253362
v      33.73240471      39.96277724      4.831253362
v      33.55678699      39.96277724      4.831253362
v      33.38101315      39.96277724      4.831253362
v      33.21881859      39.96277724      4.831253362
v      33.08007826      39.96277724      4.831253362
v      32.96900976      39.96277724      4.831253362
v      32.88490334      39.96277724      4.831253362
v      32.82422618      39.96277724      4.831253362
v      32.78304896      39.96277724      4.831253362
v        36.850057     -1.599756312     0.0279238503
v      36.16361514     -1.600348804    -0.1270401907
v      35.17605546     -1.601180687    -0.3446157558
v      33.78417912     -1.602313538    -0.6409086672
v      31.87831752     -1.603792344      -1.02768445
v      29.36947932     -1.605614638     -1.504298357
v      26.23273562     -1.607690524     -2.047238515
v      22.55360759     -1.609808087     -2.601078782
v      18.54755791     -1.611634298     -3.078717031
v      14.52464551     -1.612787594     -3.380357141
v       10.8050746     -1.612980176     -3.430726399
v      7.630317437     -1.612142927     -3.211747158
v      5.118121389     -1.610423171     -2.761951587
v      3.276127968     -1.608066462     -2.145563429
v      2.056279583     -1.605294895     -1.420670973
v       1.41249707     -1.602349812    -0.6503959823
v      1.250057002     -1.599756312     0.0279238503
v       1.41249707     -1.597162812     0.7062436829
v      2.056279583     -1.594217729      1.476518673
v      3.276127968     -1.591446163      2.201411129
v      5.118121389     -1.589089454      2.817799288
v      7.630317437     -1.587369697      3.267594859
v       10.8050746     -1.586532448        3.4865741
v      14.52464551     -1.586725031      3.436204841
v      18.54755791     -1.587878327      3.134564731
v      22.55360759     -1.589704537      2.656926482
v      26.23273562       -1.5918221      2.103086215
v      29.36947932     -1.593897987      1.560146058
v      31.87831752     -1.595720281      1.083532151
v      33.78417912     -1.597199086     0.6967563678
v      35.17605546     -1.598331938     0.4004634564
v      36.16361514      -1.59916382     0.1828878913
v        35.700114     -3.199512625     0.0558477006
v      35.05994912     -3.200697609   -0.08865828722
v       34.1389665     -3.202361373    -0.2915503372
v      32.84092452     -3.204627076    -0.5678473385
v      31.06354797     -3.207584687    -0.9285207969
v      28.72384493     -3.211229275     -1.372969477
v      25.79856709     -3.215381049     -1.879268249
v      22.36747017     -3.219616174     -2.395731516
v      18.63149126     -3.223268595     -2.841135408
v      14.87978643     -3.225575187     -3.122418742
v      11.41097311     -3.225960353     -3.169388732
v      8.450244523     -3.224285855     -2.965187736
v      6.107410006     -3.220846342     -2.545747504
v      4.389595916     -3.216132923     -1.970957513
v      3.251984501      -3.21058979     -1.294985851
v      2.651603057     -3.204699624    -0.5766943835
v      2.500114005     -3.199512625     0.0558477006
v      2.651603057     -3.194325625     0.6883897847
v      3.251984501     -3.188435459      1.406681252
v      4.389595916     -3.182892326      2.082652914
v      6.107410006     -3.178178907      2.657442905
v      8.450244523     -3.174739394      3.076883137
v      11.41097311     -3.173064896      3.281084133
v      14.87978643     -3.173450062      3.234114143
v      18.63149126     -3.175756654      2.952830809
v      22.36747017     -3.179409075      2.507426917
v      25.79856709       -3.1836442       1.99096365
v      28.72384493     -3.187795974      1.484664878
v      31.06354797     -3.191440562      1.040216198
v      32.84092452     -3.194398173     0.6795427397
v       34.1389665     -3.196663876     0.4032457384
v      35.05994912      -3.19832764     0.2003536884
v      34.55017101     -4.799268937     0.0837715509
v       33.9562831     -4.801046413   -0.05027638372
v      33.10187754      -4.80354206    -0.2384849186
v      31.89766992     -4.806940615    -0.4947860098
v      30.24877842     -4.811377031    -0.8293571435
v      28.07821054     -4.816843913     -1.241640596
v      25.36439857     -4.823071573     -1.711297984
v      22.18133275     -4.829424261     -2.190384251
v       18.7154246     -4.834902893     -2.603553785
v      15.23492735     -4.838362781     -2.864480343
v      12.01687162     -4.838940529     -2.908051064
v      9.270171608     -4.836428782     -2.718628313
v      7.096698622     -4.831269513     -2.329543421
v      5.503063865     -4.824199385     -1.796351597
v      4.447689419     -4.815884685     -1.169300729
v      3.890709044     -4.807049437    -0.5029927847
v      3.750171007     -4.799268937     0.0837715509
v      3.890709044     -4.791488437     0.6705358865
v      4.447689419     -4.782653188       1.33684383
v      5.503063865     -4.774338488      1.963894699
v      7.096698622     -4.767268361      2.497086522
v      9.270171608     -4.762109092      2.886171415
v      12.01687162     -4.759597344      3.075594166
v      15.23492735     -4.760175093      3.032023445
v       18.7154246     -4.763634981      2.771096887
v      22.18133275     -4.769113612      2.357927352
v      25.36439857       -4.7754663      1.878841086
v      28.07821054     -4.781693961      1.409183698
v      30.24877842     -4.787160843     0.9969002453
v      31.89766992     -4.791597259     0.6623291116
v      33.10187754     -4.794995813     0.4060280204
v       33.9562831      -4.79749146     0.2178194855
v      33.40022801     -6.399025249     0.1116954012
v      32.85261708     -6.401395218   -0.01189448021
v      32.06478858     -6.404722747       -0.1854195
v      30.95441532     -6.409254153    -0.4217246811
v      29.43400887     -6.415169374    -0.7301934901
v      27.43257615      -6.42245855     -1.110311715
v      24.93023005     -6.430762098     -1.543327718
v      21.99519533     -6.439232348     -1.985036985
v      18.79935795      -6.44653719     -2.365972163
v      15.59006828     -6.451150375     -2.606541944
v      12.62277014     -6.451920705     -2.646713397
v      10.09009869     -6.448571709     -2.472068891
v      8.085987239     -6.441692684     -2.113339337
v      6.616531814     -6.432265847     -1.621745682
v      5.643394338     -6.421179581     -1.043615607
v       5.12981503     -6.409399249    -0.4292911859
v       5.00022801     -6.399025249     0.1116954012
v       5.12981503     -6.388651249     0.6526819883
v      5.643394338     -6.376870917      1.267006409
v      6.616531814     -6.365784651      1.845136484
v      8.085987239     -6.356357814       2.33673014
v      10.09009869     -6.349478789      2.695459693
v      12.62277014     -6.346129793      2.870104199
v      15.59006828     -6.346900123      2.829932747
v      18.79935795     -6.351513308      2.589362965
v      21.99519533      -6.35881815      2.208427787
v      24.93023005       -6.3672884      1.766718521
v      27.43257615     -6.375591948      1.333702518
v      29.43400887     -6.382881124     0.9535842925
v      30.95441532     -6.388796345     0.6451154835
v      32.06478858     -6.393327751     0.4088103024
v      32.85261708      -6.39665528     0.2352852826
v      32.25028501     -7.998781561     0.1396192515
v      31.74895107     -8.001744022    0.02648742329
v      31.02769962     -8.005903434    -0.1323540814
v      30.01116072     -8.011567691    -0.3486633524
v      28.61923932     -8.018961718    -0.6310298367
v      26.78694176     -8.028073188    -0.9789828345
v      24.49606153     -8.038452622     -1.375357453
v      21.80905791     -8.049040435     -1.779689719
v      18.88329129     -8.058171488      -2.12839054
v       15.9452092     -8.063937968     -2.348603545
v      13.22866865     -8.064900882      -2.38537573
v      10.91002578     -8.060714636     -2.225509468
v      9.075275856     -8.052115855     -1.897135254
v      7.729999762     -8.040332308     -1.447139766
v      6.839099256     -8.026474476    -0.9179304844
v      6.368921017     -8.011749061    -0.3555895871
v      6.250285012     -7.998781561     0.1396192515
v      6.368921017     -7.985814061     0.6348280901
v      6.839099256     -7.971088647      1.197168987
v      7.729999762     -7.957230814      1.726378269
v      9.075275856     -7.945447268      2.176373757
v      10.91002578     -7.936848486      2.504747971
v      13.22866865     -7.932662241      2.664614233
v       15.9452092     -7.933625154      2.627842048
v      18.88329129     -7.939391635      2.407629043
v      21.80905791     -7.948522687      2.058928222
v      24.49606153       -7.9591105      1.654595956
v      26.78694176     -7.969489935      1.258221338
v      28.61923932     -7.978601405     0.9102683397
v      30.01116072     -7.985995431     0.6279018554
v      31.02769962     -7.991659689     0.4115925844
v      31.74895107       -7.9958191     0.2527510797
v      31.21125472     -10.39731955     0.2233780436
v      30.77181804     -10.39997046     0.1264377842
v      30.13964389     -10.40369231   -0.00966672424
v       29.2487039     -10.40876044    -0.1950071003
v      28.02885447     -10.41537591    -0.4369386268
v      26.42322022     -10.42352754    -0.7350544447
v      24.41596147     -10.43281336     -1.074651865
v      22.06194496     -10.44228644     -1.421086328
v      19.49916611     -10.45046033     -1.719951427
v      16.92602017     -10.45563415     -1.908962545
v      14.54712296     -10.45652843     -1.941219251
v      12.51640993     -10.45283913     -1.805531994
v      10.90847476     -10.44522443      -1.52598291
v      9.727393346     -10.43477346     -1.142529975
v      8.941391577     -10.42245196    -0.6908711051
v      8.520534215     -10.40923181    -0.2080211079
v      8.411254718     -10.39731955     0.2233780436
v      8.520534215     -10.38540728     0.6547771951
v      8.941391577     -10.37218713      1.137627192
v      9.727393346     -10.35986563      1.589286062
v      10.90847476     -10.34941466      1.972738998
v      12.51640993     -10.34179996      2.252288081
v      14.54712296     -10.33811066      2.387975338
v      16.92602017     -10.33900494      2.355718632
v      19.49916611     -10.34417876      2.166707514
v      22.06194496     -10.35235265      1.867842415
v      24.41596147     -10.36182574      1.521407952
v      26.42322022     -10.37111156      1.181810532
v      28.02885447     -10.37926319      0.883694714
v       29.2487039     -10.38587866     0.6417631874
v      30.13964389     -10.39094678     0.4564228114
v      30.77181804     -10.39466863      0.320318303
v      30.17222442     -12.79585753     0.3071368357
v      29.79468502     -12.79819691     0.2263881451
v      29.25158817     -12.80148118     0.1130206329
v      28.48624708     -12.80595318   -0.04135084812
v      27.43846962      -12.8117901     -0.242847417
v      26.05949868     -12.81898188     -0.491126055
v      24.33586141     -12.82717409    -0.7739462772
v      22.31483202     -12.83553244     -1.062482937
v      20.11504093     -12.84274917     -1.311512313
v      17.90683114     -12.84733033     -1.469321545
v      15.86557728     -12.84815598     -1.497062772
v      14.12279409     -12.84496363     -1.385554519
v      12.74167366     -12.83833301     -1.154830567
v      11.72478693     -12.82921461    -0.8379201837
v       11.0436839     -12.81842945    -0.4638117258
v      10.67214741     -12.80671456   -0.06045262875
v      10.57222442     -12.79585753     0.3071368357
v      10.67214741      -12.7850005     0.6747263001
v       11.0436839     -12.77328561      1.078085397
v      11.72478693     -12.76250045      1.452193855
v      12.74167366     -12.75338205      1.769104238
v      14.12279409     -12.74675144       1.99982819
v      15.86557728     -12.74355908      2.111336443
v      17.90683114     -12.74438473      2.083595216
v      20.11504093     -12.74896589      1.925785984
v      22.31483202     -12.75618262      1.676756608
v      24.33586141     -12.76454097      1.388219949
v      26.05949868     -12.77273318      1.105399726
v      27.43846962     -12.77992497     0.8571210883
v      28.48624708     -12.78576188     0.6556245195
v      29.25158817     -12.79023388     0.5012530384
v      29.79468502     -12.79351816     0.3878855263
v      29.13319413     -15.19439552     0.3908956278
v      28.81755199     -15.19642335     0.3263385059
v      28.36353244     -15.19927006     0.2357079901
v      27.72379026     -15.20314593      0.112305404
v      26.84808476     -15.20820429   -0.04875620713
v      25.69577714     -15.21443623    -0.2471976652
v      24.25576135     -15.22153482    -0.4732406894
v      22.56771907     -15.22877845    -0.7038795451
v      20.73091575     -15.23503801     -0.903073199
v      18.88764211     -15.23902651     -1.029680544
v      17.18403159     -15.23978353     -1.052906293
v      15.72917824     -15.23708812    -0.9655770437
v      14.57487256     -15.23144159    -0.7836782236
v      13.72218051     -15.22365576    -0.5333103927
v      13.14597622     -15.21440694    -0.2367523465
v      12.82376061     -15.20419731    0.08711585041
v      12.73319413     -15.19439552     0.3908956278
v      12.82376061     -15.18459372     0.6946754051
v      13.14597622      -15.1743841      1.018543602
v      13.72218051     -15.16513527      1.315101648
v      14.57487256     -15.15734945      1.565469479
v      15.72917824     -15.15170291      1.747368299
v      17.18403159      -15.1490075      1.834697549
v      18.88764211     -15.14976452        1.8114718
v      20.73091575     -15.15375302      1.684864454
v      22.56771907     -15.16001259      1.485670801
v      24.25576135     -15.16725621      1.255031945
v      25.69577714      -15.1743548      1.028988921
v      26.84808476     -15.18058675     0.8305474626
v      27.72379026      -15.1856451     0.6694858515
v      28.36353244     -15.18952097     0.5460832654
v      28.81755199     -15.19236768     0.4554527496
v      28.09416384      -17.5929335     0.4746544198
v      27.84041896     -17.59464979     0.4262888668
v      27.47547672     -17.59705893     0.3583953473
v      26.96133344     -17.60033867     0.2659616562
v      26.25769991     -17.60461848     0.1453350027
v       25.3320556     -17.60989058  -0.003269275442
v      24.17566129     -17.61589556    -0.1725351015
v      22.82060612     -17.62202445    -0.3452761537
v      21.34679057     -17.62732685    -0.4946340852
v      19.86845308     -17.63072269    -0.5900395442
v       18.5024859     -17.63141108    -0.6087498145
v      17.33556239     -17.62921262    -0.5455995688
v      16.40807146     -17.62455016    -0.4125258802
v       15.7195741     -17.61809691    -0.2287006017
v      15.24826854     -17.61038442  -0.009692967196
v      14.97537381     -17.60168006     0.2346843296
v      14.89416384      -17.5929335     0.4746544198
v      14.97537381     -17.58418694     0.7146245101
v      15.24826854     -17.57548258     0.9590018069
v       15.7195741     -17.56777009      1.178009441
v      16.40807146     -17.56131684       1.36183472
v      17.33556239     -17.55665438      1.494908408
v       18.5024859     -17.55445592      1.558058654
v      19.86845308     -17.55514431      1.539348384
v      21.34679057     -17.55854015      1.443942925
v      22.82060612     -17.56384255      1.294584993
v      24.17566129     -17.56997145      1.121843941
v       25.3320556     -17.57597642     0.9525781151
v      26.25769991     -17.58124853      0.803973837
v      26.96133344     -17.58552833     0.6833471835
v      27.47547672     -17.58880807     0.5909134924
v      27.84041896     -17.59121721     0.5230199729
v      27.05513354     -19.99147149     0.5584132119
v      26.86328594     -19.99287623     0.5262392277
v      26.58742099     -19.99484781     0.4810827045
v      26.19887662     -19.99753142     0.4196179083
v      25.66731506     -20.00103266     0.3394262126
v      24.96833405     -20.00534493     0.2406591143
v      24.09556123     -20.01025629     0.1281704863
v      23.07349317     -20.01527045    0.01332723774
v      21.96266539     -20.01961569   -0.08619497136
v      20.84926405     -20.02241888    -0.1503985439
v      19.82094022     -20.02303863    -0.1645933357
v      18.94194654     -20.02133711    -0.1256220939
v      18.24127035     -20.01765874   -0.04137353676
v      17.71696768     -20.01253807    0.07590918939
v      17.35056086     -20.00636191     0.2173664121
v      17.12698701     -19.99916281     0.3822528087
v      17.05513354     -19.99147149     0.5584132119
v      17.12698701     -19.98378016     0.7345736151
v      17.35056086     -19.97658106     0.8994600117
v      17.71696768      -19.9704049      1.040917234
v      18.24127035     -19.96528423      1.158199961
v      18.94194654     -19.96160586      1.242448518
v      19.82094022     -19.95990434       1.28141976
v      20.84926405      -19.9605241      1.267224968
v      21.96266539     -19.96332728      1.203021395
v      23.07349317     -19.96767252      1.103499186
v      24.09556123     -19.97268668     0.9886559375
v      24.96833405     -19.97759804     0.8761673095
v      25.66731506     -19.98191031     0.7774002113
v      26.19887662     -19.98541155     0.6972085155
v      26.58742099     -19.98809516     0.6357437193
v      26.86328594     -19.99006674     0.5905871962
v      27.69690609     -23.74631854     0.7551964074
v      27.53960344     -23.74780557     0.7289663394
v      27.31341331     -23.74989258     0.6921522232
v      26.99483628     -23.75273308      0.642043025
v      26.55900026     -23.75643876     0.5766670573
v      25.98590136      -23.7610028     0.4961475951
v         25.27032     -23.76620071     0.4044419702
v      24.43234716     -23.77150835     0.3108155158
v       23.5216207     -23.77611095     0.2296754855
v       22.6088033     -23.77908841     0.1773194604
v      21.76574739     -23.77976637     0.1657174568
v      21.04510932      -23.7780025     0.1974386051
v       20.4706259     -23.77416193     0.2660508607
v       20.0406715     -23.76880788     0.3615764682
v      19.74004824     -23.76234365     0.4768008752
v      19.55629675     -23.75475578     0.6111811956
v      19.49690609     -23.74631854     0.7551964074
v      19.55629675     -23.73788129     0.8992116192
v      19.74004824     -23.73029342       1.03359194
v       20.0406715     -23.72382919      1.148816347
v       20.4706259     -23.71847515      1.244341954
v      21.04510932     -23.71463457       1.31295421
v      21.76574739      -23.7128707      1.344675358
v       22.6088033     -23.71354866      1.333073354
v       23.5216207     -23.71652612      1.280717329
v      24.43234716     -23.72112872      1.199577299
v         25.27032     -23.72643636      1.105950845
v      25.98590136     -23.73163427       1.01424522
v      26.55900026     -23.73619831     0.9337257575
v      26.99483628     -23.73990399     0.8683497898
v      27.31341331     -23.74274449     0.8182405916
v      27.53960344     -23.74483151     0.7814264754
v      28.33867864     -27.50116559     0.9519796029
v      28.21592094      -27.5027349     0.9316934511
v      28.03940562     -27.50493736     0.9032217419
v      27.79079594     -27.50793475     0.8644681417
v      27.45068547     -27.51184487      0.813907902
v      27.00346867     -27.51666067     0.7516360758
v      26.44507878     -27.52214514      0.680713454
v      25.79120116     -27.52774625     0.6083037938
v        25.080576     -27.53260622     0.5455459424
v      24.36834255     -27.53575794     0.5050374647
v      23.71055457     -27.53649411     0.4960282492
v      23.14827209     -27.53466789      0.520499304
v      22.69998144     -27.53066511     0.5734752582
v      22.36437531     -27.52507769      0.647243747
v      22.12953562     -27.51832539     0.7362353383
v       21.9856065     -27.51034874     0.8401095824
v      21.93867864     -27.50116559     0.9519796029
v       21.9856065     -27.49198243      1.063849623
v      22.12953562     -27.48400579      1.167723867
v      22.36437531     -27.47725348      1.256715459
v      22.69998144     -27.47166606      1.330483948
v      23.14827209     -27.46766329      1.383459902
v      23.71055457     -27.46583707      1.407930957
v      24.36834255     -27.46657323      1.398921741
v        25.080576     -27.46972496      1.358413263
v      25.79120116     -27.47458493      1.295655412
v      26.44507878     -27.48018604      1.223245752
v      27.00346867     -27.48567051       1.15232313
v      27.45068547     -27.49048631      1.090051304
v      27.79079594     -27.49439642      1.039491064
v      28.03940562     -27.49739381      1.000737464
v      28.21592094     -27.49959627     0.9722657546
v      28.98045119     -31.25601264      1.148762798
v      28.89223845     -31.25766423      1.134420563
v      28.76539794     -31.25998214      1.114291261
v      28.58675561     -31.26313641      1.086893258
v      28.34237068     -31.26725097      1.051148747
v      28.02103598     -31.27231854      1.007124557
v      27.61983755     -31.27808956     0.9569849379
v      27.15005515     -31.28398414     0.9057920718
v      26.63953131     -31.28910148     0.8614163993
v       26.1278818     -31.29242747      0.832755469
v      25.65536174     -31.29322185     0.8263390417
v      25.25143487     -31.29133328      0.843560003
v      24.92933698      -31.2871683     0.8808996557
v      24.68807912      -31.2813475     0.9329110258
v        24.519023     -31.27430712     0.9956698014
v      24.41491624      -31.2659417      1.069037969
v      24.38045119     -31.25601264      1.148762798
v      24.41491624     -31.24608357      1.228487627
v        24.519023     -31.23771815      1.301855795
v      24.68807912     -31.23067777      1.364614571
v      24.92933698     -31.22485698      1.416625941
v      25.25143487       -31.220692      1.453965594
v      25.65536174     -31.21880343      1.471186555
v       26.1278818      -31.2195978      1.464770128
v      26.63953131     -31.22292379      1.436109197
v      27.15005515     -31.22804113      1.391733525
v      27.61983755     -31.23393571      1.340540659
v      28.02103598     -31.23970674       1.29040104
v      28.34237068     -31.24477431       1.24637685
v      28.58675561     -31.24888886      1.210632338
v      28.76539794     -31.25204314      1.183234336
v      28.89223845     -31.25436104      1.163105034
v      29.62222375     -35.01085969      1.345545994
v      29.56855595     -35.01259357      1.337147675
v      29.49139025     -35.01502691      1.325360779
v      29.38271527     -35.01833808      1.309318375
v      29.23405589     -35.02265707      1.288389592
v      29.03860329      -35.0279764      1.262613037
v      28.79459632     -35.03403399      1.233256422
v      28.50890915     -35.04022204       1.20328035
v      28.19848661     -35.04559675      1.177286856
v      27.88742105     -35.04909701      1.160473473
v      27.60016892     -35.04994958      1.156649834
v      27.35459764     -35.04799866      1.166620702
v      27.15869252     -35.04367149      1.188324053
v      27.01178294     -35.03761731      1.218578305
v      26.90851038     -35.03028886      1.255104264
v      26.84422599     -35.02153467      1.297966356
v      26.82222375     -35.01085969      1.345545994
v      26.84422599     -35.00018471      1.393125631
v      26.90851038     -34.99143052      1.435987723
v      27.01178294     -34.98410206      1.472513683
v      27.15869252     -34.97804789      1.502767934
v      27.35459764     -34.97372071      1.524471286
v      27.60016892     -34.97176979      1.534442153
v      27.88742105     -34.97262237      1.530618514
v      28.19848661     -34.97612263      1.513805131
v      28.50890915     -34.98149734      1.487811638
v      28.79459632     -34.98768539      1.457835566
v      29.03860329     -34.99374297       1.42847895
v      29.23405589     -34.99906231      1.402702396
v      29.38271527      -35.0033813      1.381773612
v      29.49139025     -35.00669246      1.365731208
v      29.56855595     -35.00912581      1.353944313
v       30.2639963     -38.76570674      1.542329189
v      30.24487345      -38.7675229      1.539874786
v      30.21738257     -38.77007169      1.536430298
v      30.17867493     -38.77353974      1.531743492
v      30.12574109     -38.77806317      1.525630436
v       30.0561706     -38.78363427      1.518101518
v       29.9693551     -38.78997841      1.509527906
v      29.86776314     -38.79645994      1.500768628
v      29.75744192     -38.80209201      1.493157313
v       29.6469603     -38.80576654      1.488191478
v      29.54497609     -38.80667732      1.486960627
v      29.45776041     -38.80466405      1.489681401
v      29.38804806     -38.80017467      1.495748451
v      29.33548675     -38.79388712      1.504245583
v      29.29799776      -38.7862706      1.514538728
v      29.27353573     -38.77712763      1.526894743
v       29.2639963     -38.76570674      1.542329189
v      29.27353573     -38.75428585      1.557763636
v      29.29799776     -38.74514288      1.570119651
v      29.33548675     -38.73752635      1.580412795
v      29.38804806     -38.73123881      1.588909928
v      29.45776041     -38.72674942      1.594976978
v      29.54497609     -38.72473616      1.597697752
v       29.6469603     -38.72564694      1.596466901
v      29.75744192     -38.72932146      1.591501065
v      29.86776314     -38.73495354      1.583889751
v       29.9693551     -38.74143507      1.575130473
v       30.0561706     -38.74777921      1.566556861
v      30.12574109     -38.75335031      1.559027942
v      30.17867493     -38.75787373      1.552914887
v      30.21738257     -38.76134179      1.548228081
v      30.24487345     -38.76389058      1.544783592
v       31.0839963     -39.00512084      2.200114024
v      31.06259511     -39.00717135      2.197932998
v      31.03183029     -39.01004895      2.194872193
v       30.9885155     -39.01396429      2.190707499
v      30.92928581     -39.01907093      2.185275502
v       30.8514481     -39.02536019      2.178585437
v      30.75432729     -39.03252243      2.170966966
v      30.64069146      -39.0398407      2.163183179
v      30.51731093     -39.04620375      2.156418092
v      30.39377087     -39.05036524        2.1520007
v      30.27974459     -39.05141993      2.150897339
v      30.18222398      -39.0491917      2.153298755
v       30.1042404     -39.04418539      2.158667341
v      30.04537007     -39.03716812       2.16618834
v      30.00324344     -39.02866838      2.175298756
v      29.97543838     -39.01844318      2.186243022
v       29.9639963     -39.00512084      2.200114024
v      29.97543838      -38.9917985      2.213985025
v      30.00324344      -38.9815733      2.224929292
v      30.04537007     -38.97307356      2.234039708
v       30.1042404     -38.96605629      2.241560707
v      30.18222398     -38.96104998      2.246929293
v      30.27974459     -38.95882174      2.249330709
v      30.39377087     -38.95987644      2.248227348
v      30.51731093     -38.96403793      2.243809956
v      30.64069146     -38.97040098      2.237044868
v      30.75432729     -38.97771925      2.229261082
v       30.8514481     -38.98488149      2.221642611
v      30.92928581     -38.99117075      2.214952545
v       30.9885155     -38.99627739      2.209520549
v      31.03183029     -39.00019272      2.205355855
v      31.06259511     -39.00307032       2.20229505
v       31.9039963     -39.24453494      2.857898858
v      31.88031677     -39.24681981       2.85599121
v        31.846278     -39.25002622      2.853314088
v      31.79835606     -39.25438883      2.849671505
v      31.73283052     -39.26007869      2.844920568
v      31.64672561     -39.26708611      2.839069356
v      31.53929948     -39.27506645      2.832406026
v      31.41361977     -39.28322145      2.825597731
v      31.27717995     -39.29031549       2.81967887
v      31.14058144     -39.29496394      2.815809922
v      31.01451309     -39.29616255      2.814834052
v      30.90668755     -39.29371934      2.816916108
v      30.82043274     -39.28819611      2.821586231
v      30.75525339     -39.28044912      2.828131096
v      30.70848913     -39.27106617      2.836058785
v      30.67734102     -39.25975873      2.845591302
v       30.6639963     -39.24453494      2.857898858
v      30.67734102     -39.22931115      2.870206415
v      30.70848913     -39.21800371      2.879738932
v      30.75525339     -39.20862076      2.887666621
v      30.82043274     -39.20087377      2.894211486
v      30.90668755     -39.19535054      2.898881608
v      31.01451309     -39.19290733      2.900963665
v      31.14058144     -39.19410594      2.899987794
v      31.27717995     -39.19875439      2.896118846
v      31.41361977     -39.20584842      2.890199986
v      31.53929948     -39.21400343       2.88339169
v      31.64672561     -39.22198377      2.876728361
v      31.73283052     -39.22899119      2.870877149
v      31.79835606     -39.23468105      2.866126211
v        31.846278     -39.23904366      2.862483629
v      31.88031677     -39.24225007      2.859806507
v       32.7239963     -39.48394904      3.515683693
v      32.69803843     -39.48646826      3.514049422
v      32.66072572     -39.49000349      3.511755983
v      32.60819662     -39.49481337      3.508635512
v      32.53637524     -39.50108645      3.504565634
v      32.44200312     -39.50881202      3.499553275
v      32.32427167     -39.51761047      3.493845087
v      32.18654809     -39.52660221      3.488012282
v      32.03704896     -39.53442722      3.482939649
v      31.88739201     -39.53956264      3.479619145
v      31.74928159     -39.54090516      3.478770764
v      31.63115112     -39.53824699      3.480533462
v      31.53662508     -39.53220682      3.484505121
v       31.4651367     -39.52373012      3.490073852
v      31.41373481     -39.51346395      3.496818813
v      31.37924367     -39.50107428      3.504939581
v       31.3639963     -39.48394904      3.515683693
v      31.37924367      -39.4668238      3.526427804
v      31.41373481     -39.45443413      3.534548573
v       31.4651367     -39.44416796      3.541293534
v      31.53662508     -39.43569126      3.546862265
v      31.63115112     -39.42965109      3.550833924
v      31.74928159     -39.42699292      3.552596622
v      31.88739201     -39.42833544      3.551748241
v      32.03704896     -39.43347086      3.548427737
v      32.18654809     -39.44129587      3.543355104
v      32.32427167     -39.45028761      3.537522299
v      32.44200312     -39.45908606      3.531814111
v      32.53637524     -39.46681163      3.526801752
v      32.60819662     -39.47308471      3.522731874
v      32.66072572     -39.47789459      3.519611403
v      32.69803843     -39.48142982      3.517317964
v       33.5439963     -39.72336314      4.173468527
v      33.51576009     -39.72611672      4.172107633
v      33.47517343     -39.72998075      4.170197878
v      33.41803718     -39.73523792      4.167599519
v      33.33991995     -39.74209421        4.1642107
v      33.23728063     -39.75053794      4.160037193
v      33.10924386     -39.76015449      4.155284147
v       32.9594764     -39.76998297      4.150426834
v      32.79691797     -39.77853896      4.146200428
v      32.63420258     -39.78416133      4.143428367
v      32.48405009     -39.78564777      4.142707477
v      32.35561469     -39.78277463      4.144150816
v      32.25281742     -39.77621754      4.147424012
v      32.17502002     -39.76701111      4.152016608
v      32.11898049     -39.75586173      4.157578842
v      32.08114631     -39.74238983      4.164287861
v       32.0639963     -39.72336314      4.173468527
v      32.08114631     -39.70433645      4.182649194
v      32.11898049     -39.69086455      4.189358213
v      32.17502002     -39.67971517      4.194920447
v      32.25281742     -39.67050874      4.199513043
v      32.35561469     -39.66395165      4.202786239
v      32.48405009     -39.66107851      4.204229578
v      32.63420258     -39.66256495      4.203508688
v      32.79691797     -39.66818732      4.200736627
v       32.9594764     -39.67674331      4.196510221
v      33.10924386     -39.68657179      4.191652908
v      33.23728063     -39.69618834      4.186899862
v      33.33991995     -39.70463207      4.182726355
v      33.41803718     -39.71148836      4.179337536
v      33.47517343     -39.71674553      4.176739177
v      33.51576009     -39.72060957      4.174829422
v       34.3639963     -39.96277724      4.831253362
v      34.33348175     -39.96576517      4.830165845
v      34.28962115     -39.96995802      4.828639773
v      34.22787775     -39.97566246      4.826563526
v      34.14346466     -39.98310197      4.823855766
v      34.03255814     -39.99226385      4.820521112
v      33.89421605     -40.00269851      4.816723208
v      33.73240471     -40.01336373      4.812841385
v      33.55678699      -40.0226507      4.809461206
v      33.38101315     -40.02876003      4.807237589
v      33.21881859     -40.03039039      4.806644189
v      33.08007826     -40.02730228       4.80776817
v      32.96900976     -40.02022826      4.810342902
v      32.88490334     -40.01029211      4.813959364
v      32.82422618     -39.99825951       4.81833887
v      32.78304896     -39.98370539       4.82363614
v       32.7639963     -39.96277724      4.831253362
v      32.78304896      -39.9418491      4.838870584
v      32.82422618     -39.92729497      4.844167854
v      32.88490334     -39.91526237       4.84854736
v      32.96900976     -39.90532622      4.852163822
v      33.08007826     -39.89825221      4.854738554
v      33.21881859     -39.89516409      4.855862535
v      33.38101315     -39.89679445      4.855269135
v      33.55678699     -39.90290378      4.853045518
v      33.73240471     -39.91219075      4.849665339
v      33.89421605     -39.92285597      4.845783516
v      34.03255814     -39.93329063      4.841985612
v      34.14346466     -39.94245251      4.838650958
v      34.22787775     -39.94989202      4.835943198
v      34.28962115     -39.95559646      4.833866951
v      34.33348175     -39.95978931      4.832340879
v      34.33348175      -39.9642712      4.830709604
v      34.28962115     -39.96636763      4.829946567
v      34.22787775     -39.96921985      4.828908444
v      34.14346466      -39.9729396      4.827554564
v      34.03255814     -39.97752055      4.825887237
v      33.89421605     -39.98273788      4.823988285
v      33.73240471     -39.98807049      4.822047374
v      33.55678699     -39.99271397      4.820357284
v      33.38101315     -39.99576864      4.819245476
v      33.21881859     -39.99658381      4.818948776
v      33.08007826     -39.99503976      4.819510766
v      32.96900976     -39.99150275      4.820798132
v      32.88490334     -39.98653468      4.822606363
v      32.82422618     -39.98051838      4.824796116
v      32.78304896     -39.97324131      4.827444751
v      32.78304896     -39.95231317      4.835061973
v      32.82422618      -39.9450361      4.837710608
v      32.88490334     -39.93901981      4.839900361
v      32.96900976     -39.93405173      4.841708592
v      33.08007826     -39.93051472      4.842995958
v      33.21881859     -39.92897067      4.843557949
v      33.38101315     -39.92978584      4.843261248
v      33.55678699     -39.93284051       4.84214944
v      33.73240471     -39.93748399      4.840459351
v      33.89421605     -39.94281661      4.838518439
v      34.03255814     -39.94803393      4.836619487
v      34.14346466     -39.95261488       4.83495216
v      34.22787775     -39.95633463       4.83359828
v      34.28962115     -39.95918685      4.832560157
v      34.33348175     -39.96128328       4.83179712
v      34.33348175     -39.96277724      4.831253362
v      34.28962115     -39.96277724      4.831253362
v      34.22787775     -39.96277724      4.831253362
v      34.14346466     -39.96277724      4.831253362
v      34.03255814     -39.96277724      4.831253362
v      33.89421605     -39.96277724      4.831253362
v      33.73240471     -39.96277724      4.831253362
v      33.55678699     -39.96277724      4.831253362
v      33.38101315     -39.96277724      4.831253362
v      33.21881859     -39.96277724      4.831253362
v      33.08007826     -39.96277724      4.831253362
v      32.96900976     -39.96277724      4.831253362
v      32.88490334     -39.96277724      4.831253362
v      32.82422618     -39.96277724      4.831253362
v      32.78304896     -39.96277724      4.831253362
v     0.2916173904     0.3424173904                0
v     0.2916173904     0.3142816332    -0.1296035974
v     0.2916173904      0.238853922     -0.238853922
v     0.2916173904     0.1296035974    -0.3142816332
v     0.2916173904 -3.552713679e-17    -0.3424173904
v     0.2916173904    -0.1296035974    -0.3142816332
v     0.2916173904     -0.238853922     -0.238853922
v     0.2916173904    -0.3142816332    -0.1296035974
v     0.2916173904    -0.3424173904 -1.462662513e-17
v     0.2916173904    -0.3142816332     0.1296035974
v     0.2916173904     -0.238853922      0.238853922
v     0.2916173904    -0.1296035974     0.3142816332
v     0.2916173904   -3.0999237e-17     0.3424173904
v     0.2916173904     0.1296035974     0.3142816332
v     0.2916173904      0.238853922      0.238853922
v     0.2916173904     0.3142816332     0.1296035974
v     0.6343195642     0.7847195642                0
v     0.6343195642      0.721651376    -0.3012451629
v     0.6343195642     0.5511444319    -0.5511444319
v     0.6343195642     0.3012451629     -0.721651376
v     0.6343195642 -3.996802889e-17    -0.7847195642
v     0.6343195642    -0.3012451629     -0.721651376
v     0.6343195642    -0.5511444319    -0.5511444319
v     0.6343195642     -0.721651376    -0.3012451629
v     0.6343195642    -0.7847195642 -1.645495327e-17
v     0.6343195642     -0.721651376     0.3012451629
v     0.6343195642    -0.5511444319     0.5511444319
v     0.6343195642    -0.3012451629      0.721651376
v     0.6343195642 -3.487414162e-17     0.7847195642
v     0.6343195642     0.3012451629      0.721651376
v     0.6343195642     0.5511444319     0.5511444319
v     0.6343195642      0.721651376     0.3012451629
v      1.006213043      1.225813043                0
v      1.006213043      1.128512021    -0.4742300853
v      1.006213043     0.8641925635    -0.8641925635
v      1.006213043     0.4742300853     -1.128512021
v      1.006213043 -2.664535259e-17     -1.225813043
v      1.006213043    -0.4742300853     -1.128512021
v      1.006213043    -0.8641925635    -0.8641925635
v      1.006213043     -1.128512021    -0.4742300853
v      1.006213043     -1.225813043 -1.096996884e-17
v      1.006213043     -1.128512021     0.4742300853
v      1.006213043    -0.8641925635     0.8641925635
v      1.006213043    -0.4742300853      1.128512021
v      1.006213043 -2.324942775e-17      1.225813043
v      1.006213043     0.4742300853      1.128512021
v      1.006213043     0.8641925635     0.8641925635
v      1.006213043      1.128512021     0.4742300853
v      1.385404348      1.564604348                0
v      1.385404348       1.44126636    -0.6078637536
v      1.385404348      1.105319351     -1.105319351
v      1.385404348     0.6078637536      -1.44126636
v      1.385404348 -8.881784197e-18     -1.564604348
v      1.385404348    -0.6078637536      -1.44126636
v      1.385404348     -1.105319351     -1.105319351
v      1.385404348      -1.44126636    -0.6078637536
v      1.385404348     -1.564604348 -3.656656281e-18
v      1.385404348      -1.44126636     0.6078637536
v      1.385404348     -1.105319351      1.105319351
v      1.385404348    -0.6078637536       1.44126636
v      1.385404348 -7.749809249e-18      1.564604348
v      1.385404348     0.6078637536       1.44126636
v      1.385404348      1.105319351      1.105319351
v      1.385404348       1.44126636     0.6078637536
v             1.75              1.7                0
v             1.75      1.566317186    -0.6614515566
v             1.75      1.201845828     -1.201845828
v             1.75     0.6614515566     -1.566317186
v             1.75                0             -1.7
v             1.75    -0.6614515566     -1.566317186
v             1.75     -1.201845828     -1.201845828
v             1.75     -1.566317186    -0.6614515566
v             1.75             -1.7                0
v             1.75     -1.566317186     0.6614515566
v             1.75     -1.201845828      1.201845828
v             1.75    -0.6614515566      1.566317186
v             1.75                0              1.7
v             1.75     0.6614515566      1.566317186
v             1.75      1.201845828      1.201845828
v             1.75      1.566317186     0.6614515566
v              2.1              1.7                0
v              2.1      1.566317186    -0.6614515566
v              2.1      1.201845828     -1.201845828
v              2.1     0.6614515566     -1.566317186
v              2.1                0             -1.7
v              2.1    -0.6614515566     -1.566317186
v              2.1     -1.201845828     -1.201845828
v              2.1     -1.566317186    -0.6614515566
v              2.1             -1.7                0
v              2.1     -1.566317186     0.6614515566
v              2.1     -1.201845828      1.201845828
v              2.1    -0.6614515566      1.566317186
v              2.1                0              1.7
v              2.1     0.6614515566      1.566317186
v              2.1      1.201845828      1.201845828
v              2.1      1.566317186     0.6614515566
v             2.45              1.7                0
v             2.45      1.566317186    -0.6614515566
v             2.45      1.201845828     -1.201845828
v             2.45     0.6614515566     -1.566317186
v             2.45                0             -1.7
v             2.45    -0.6614515566     -1.566317186
v             2.45     -1.201845828     -1.201845828
v             2.45     -1.566317186    -0.6614515566
v             2.45             -1.7                0
v             2.45     -1.566317186     0.6614515566
v             2.45     -1.201845828      1.201845828
v             2.45    -0.6614515566      1.566317186
v             2.45                0              1.7
v             2.45     0.6614515566      1.566317186
v             2.45      1.201845828      1.201845828
v             2.45      1.566317186     0.6614515566
v              2.8              1.7                0
v              2.8      1.566317186    -0.6614515566
v              2.8      1.201845828     -1.201845828
v              2.8     0.6614515566     -1.566317186
v              2.8                0             -1.7
v              2.8    -0.6614515566     -1.566317186
v              2.8     -1.201845828     -1.201845828
v              2.8     -1.566317186    -0.6614515566
v              2.8             -1.7                0
v              2.8     -1.566317186     0.6614515566
v              2.8     -1.201845828      1.201845828
v              2.8    -0.6614515566      1.566317186
v              2.8                0              1.7
v              2.8     0.6614515566      1.566317186
v              2.8      1.201845828      1.201845828
v              2.8      1.566317186     0.6614515566
v             3.15              1.7                0
v             3.15      1.566317186    -0.6614515566
v             3.15      1.201845828     -1.201845828
v             3.15     0.6614515566     -1.566317186
v             3.15                0             -1.7
v             3.15    -0.6614515566     -1.566317186
v             3.15     -1.201845828     -1.201845828
v             3.15     -1.566317186    -0.6614515566
v             3.15             -1.7                0
v             3.15     -1.566317186     0.6614515566
v             3.15     -1.201845828      1.201845828
v             3.15    -0.6614515566      1.566317186
v             3.15                0              1.7
v             3.15     0.6614515566      1.566317186
v             3.15      1.201845828      1.201845828
v             3.15      1.566317186     0.6614515566
v              3.5              1.7                0
v              3.5      1.566317186    -0.6614515566
v              3.5      1.201845828     -1.201845828
v              3.5     0.6614515566     -1.566317186
v              3.5                0             -1.7
v              3.5    -0.6614515566     -1.566317186
v              3.5     -1.201845828     -1.201845828
v              3.5     -1.566317186    -0.6614515566
v              3.5             -1.7                0
v              3.5     -1.566317186     0.6614515566
v              3.5     -1.201845828      1.201845828
v              3.5    -0.6614515566      1.566317186
v              3.5                0              1.7
v              3.5     0.6614515566      1.566317186
v              3.5      1.201845828      1.201845828
v              3.5      1.566317186     0.6614515566
v             3.85              1.7                0
v             3.85      1.566317186    -0.6614515566
v             3.85      1.201845828     -1.201845828
v             3.85     0.6614515566     -1.566317186
v             3.85                0             -1.7
v             3.85    -0.6614515566     -1.566317186
v             3.85     -1.201845828     -1.201845828
v             3.85     -1.566317186    -0.6614515566
v             3.85             -1.7                0
v             3.85     -1.566317186     0.6614515566
v             3.85     -1.201845828      1.201845828
v             3.85    -0.6614515566      1.566317186
v             3.85                0              1.7
v             3.85     0.6614515566      1.566317186
v             3.85      1.201845828      1.201845828
v             3.85      1.566317186     0.6614515566
v              4.2              1.7                0
v              4.2      1.566317186    -0.6614515566
v              4.2      1.201845828     -1.201845828
v              4.2     0.6614515566     -1.566317186
v              4.2                0             -1.7
v              4.2    -0.6614515566     -1.566317186
v              4.2     -1.201845828     -1.201845828
v              4.2     -1.566317186    -0.6614515566
v              4.2             -1.7                0
v              4.2     -1.566317186     0.6614515566
v              4.2     -1.201845828      1.201845828
v              4.2    -0.6614515566      1.566317186
v              4.2                0              1.7
v              4.2     0.6614515566      1.566317186
v              4.2      1.201845828      1.201845828
v              4.2      1.566317186     0.6614515566
v             4.55              1.7                0
v             4.55      1.566317186    -0.6614515566
v             4.55      1.201845828     -1.201845828
v             4.55     0.6614515566     -1.566317186
v             4.55                0             -1.7
v             4.55    -0.6614515566     -1.566317186
v             4.55     -1.201845828     -1.201845828
v             4.55     -1.566317186    -0.6614515566
v             4.55             -1.7                0
v             4.55     -1.566317186     0.6614515566
v             4.55     -1.201845828      1.201845828
v             4.55    -0.6614515566      1.566317186
v             4.55                0              1.7
v             4.55     0.6614515566      1.566317186
v             4.55      1.201845828      1.201845828
v             4.55      1.566317186     0.6614515566
v              4.9              1.7                0
v              4.9      1.566317186    -0.6614515566
v              4.9      1.201845828     -1.201845828
v              4.9     0.6614515566     -1.566317186
v              4.9                0             -1.7
v              4.9    -0.6614515566     -1.566317186
v              4.9     -1.201845828     -1.201845828
v              4.9     -1.566317186    -0.6614515566
v              4.9             -1.7                0
v              4.9     -1.566317186     0.6614515566
v              4.9     -1.201845828      1.201845828
v              4.9    -0.6614515566      1.566317186
v              4.9                0              1.7
v              4.9     0.6614515566      1.566317186
v              4.9      1.201845828      1.201845828
v              4.9      1.566317186     0.6614515566
v             5.25              1.7                0
v             5.25      1.566317186    -0.6614515566
v             5.25      1.201845828     -1.201845828
v             5.25     0.6614515566     -1.566317186
v             5.25                0             -1.7
v             5.25    -0.6614515566     -1.566317186
v             5.25     -1.201845828     -1.201845828
v             5.25     -1.566317186    -0.6614515566
v             5.25             -1.7                0
v             5.25     -1.566317186     0.6614515566
v             5.25     -1.201845828      1.201845828
v             5.25    -0.6614515566      1.566317186
v             5.25                0              1.7
v             5.25     0.6614515566      1.566317186
v             5.25      1.201845828      1.201845828
v             5.25      1.566317186     0.6614515566
v      5.614595652      1.564604348                0
v      5.614595652       1.44126636    -0.6078637536
v      5.614595652      1.105319351     -1.105319351
v      5.614595652     0.6078637536      -1.44126636
v      5.614595652 -8.881784197e-18     -1.564604348
v      5.614595652    -0.6078637536      -1.44126636
v      5.614595652     -1.105319351     -1.105319351
v      5.614595652      -1.44126636    -0.6078637536
v      5.614595652     -1.564604348 -3.656656281e-18
v      5.614595652      -1.44126636     0.6078637536
v      5.614595652     -1.105319351      1.105319351
v      5.614595652    -0.6078637536       1.44126636
v      5.614595652 -7.749809249e-18      1.564604348
v      5.614595652     0.6078637536       1.44126636
v      5.614595652      1.105319351      1.105319351
v      5.614595652       1.44126636     0.6078637536
v      5.993786957      1.225813043                0
v      5.993786957      1.128512021    -0.4742300853
v      5.993786957     0.8641925635    -0.8641925635
v      5.993786957     0.4742300853     -1.128512021
v      5.993786957 -2.664535259e-17     -1.225813043
v      5.993786957    -0.4742300853     -1.128512021
v      5.993786957    -0.8641925635    -0.8641925635
v      5.993786957     -1.128512021    -0.4742300853
v      5.993786957     -1.225813043 -1.096996884e-17
v      5.993786957     -1.128512021     0.4742300853
v      5.993786957    -0.8641925635     0.8641925635
v      5.993786957    -0.4742300853      1.128512021
v      5.993786957 -2.324942775e-17      1.225813043
v      5.993786957     0.4742300853      1.128512021
v      5.993786957     0.8641925635     0.8641925635
v      5.993786957      1.128512021     0.4742300853
v      6.365680436     0.7847195642                0
v      6.365680436      0.721651376    -0.3012451629
v      6.365680436     0.5511444319    -0.5511444319
v      6.365680436     0.3012451629     -0.721651376
v      6.365680436 -3.996802889e-17    -0.7847195642
v      6.365680436    -0.3012451629     -0.721651376
v      6.365680436    -0.5511444319    -0.5511444319
v      6.365680436     -0.721651376    -0.3012451629
v      6.365680436    -0.7847195642 -1.645495327e-17
v      6.365680436     -0.721651376     0.3012451629
v      6.365680436    -0.5511444319     0.5511444319
v      6.365680436    -0.3012451629      0.721651376
v      6.365680436 -3.487414162e-17     0.7847195642
v      6.365680436     0.3012451629      0.721651376
v      6.365680436     0.5511444319     0.5511444319
v      6.365680436      0.721651376     0.3012451629
v       6.70838261     0.3424173904                0
v       6.70838261     0.3142816332    -0.1296035974
v       6.70838261      0.238853922     -0.238853922
v       6.70838261     0.1296035974    -0.3142816332
v       6.70838261 -3.552713679e-17    -0.3424173904
v       6.70838261    -0.1296035974    -0.3142816332
v       6.70838261     -0.238853922     -0.238853922
v       6.70838261    -0.3142816332    -0.1296035974
v       6.70838261    -0.3424173904 -1.462662513e-17
v       6.70838261    -0.3142816332     0.1296035974
v       6.70838261     -0.238853922      0.238853922
v       6.70838261    -0.1296035974     0.3142816332
v       6.70838261   -3.0999237e-17     0.3424173904
v       6.70838261     0.1296035974     0.3142816332
v       6.70838261      0.238853922      0.238853922
v       6.70838261     0.3142816332     0.1296035974
v                7                0                0
v              4.5                0                0
v       4.41426743  -7.06140661e-16 -4.323864501e-32
v       4.41426743  -0.003970500284 -2.431230232e-19
v      4.291044714 -9.635475285e-16 -5.900026983e-32
v      4.291044714  -0.009542007666 -5.842794573e-19
v      4.117594024 -5.033494704e-16 -3.082126589e-32
v      4.117594024   -0.01712189141 -1.048413476e-18
v      3.880480636 -8.333982537e-17 -5.103092519e-33
v      3.880480636   -0.02700696919 -1.653699919e-18
v      3.568982589 -1.141738948e-16 -6.991134742e-33
v      3.568982589   -0.03918043529 -2.399109734e-18
v      3.180479469 -4.592600118e-17 -2.812156517e-33
v      3.180479469   -0.05304563955 -3.248108634e-18
v      2.726140198 -1.989840966e-17 -1.218426185e-33
v      2.726140198   -0.06722021838 -4.116051264e-18
v      2.233125067 -2.775557562e-17 -1.699538842e-33
v      2.233125067   -0.07957276794 -4.872426778e-18
v      1.739763949   -0.08772246698  -5.37145192e-18
v      1.739763949 -2.417674002e-17 -1.480398364e-33
v      1.284573605   -0.08995449036 -5.508123934e-18
v      1.284573605  3.177435431e-18  1.945618065e-34
v     0.8951819251   -0.08595316951 -5.263113696e-18
v     0.8951819251 -3.051564117e-17 -1.868544114e-33
v     0.5833051624   -0.07670473703 -4.696810534e-18
v     0.5833051624 -1.701480174e-17 -1.041856124e-33
v      0.346828155   -0.06369570224 -3.900236893e-18
v      0.346828155  4.233691105e-17   2.59238813e-33
v     0.1756453332   -0.04795538993 -2.936420739e-18
v     0.1756453332   3.50841545e-17  2.148284875e-33
v    0.05812057527   -0.02892779272 -1.771316438e-18
v    0.05812057527 -4.391138121e-16 -2.688796622e-32
v    0.05812057527    0.02892779272  1.771316438e-18
v     0.1756453332    0.04795538993  2.936420739e-18
v      0.346828155    0.06369570224  3.900236893e-18
v     0.5833051624    0.07670473703  4.696810534e-18
v     0.8951819251    0.08595316951  5.263113696e-18
v      1.284573605    0.08995449036  5.508123934e-18
v      1.739763949    0.08772246698   5.37145192e-18
v      2.233125067    0.07957276794  4.872426778e-18
v      2.726140198    0.06722021838  4.116051264e-18
v      3.180479469    0.05304563955  3.248108634e-18
v      3.568982589    0.03918043529  2.399109734e-18
v      3.880480636    0.02700696919  1.653699919e-18
v      4.117594024    0.01712189141  1.048413476e-18
v      4.291044714   0.009542007666  5.842794573e-19
v       4.41426743   0.003970500284  2.431230232e-19
v       4.41426743  -0.007941000569 -4.862460464e-19
v      4.291044714   -0.01908401533 -1.168558915e-18
v      4.117594024   -0.03424378283 -2.096826951e-18
v      3.880480636   -0.05401393839 -3.307399838e-18
v      3.568982589   -0.07836087059 -4.798219467e-18
v      3.180479469    -0.1060912791 -6.496217269e-18
v      2.726140198    -0.1344404368 -8.232102528e-18
v      2.233125067    -0.1591455359 -9.744853556e-18
v      1.739763949     -0.175444934 -1.074290384e-17
v      1.284573605    -0.1799089807 -1.101624787e-17
v     0.8951819251     -0.171906339 -1.052622739e-17
v     0.5833051624    -0.1534094741 -9.393621068e-18
v      0.346828155    -0.1273914045 -7.800473786e-18
v     0.1756453332   -0.09591077985 -5.872841477e-18
v    0.05812057527   -0.05785558544 -3.542632876e-18
v    0.05812057527    0.05785558544  3.542632876e-18
v     0.1756453332    0.09591077985  5.872841477e-18
v      0.346828155     0.1273914045  7.800473786e-18
v     0.5833051624     0.1534094741  9.393621068e-18
v     0.8951819251      0.171906339  1.052622739e-17
v      1.284573605     0.1799089807  1.101624787e-17
v      1.739763949      0.175444934  1.074290384e-17
v      2.233125067     0.1591455359  9.744853556e-18
v      2.726140198     0.1344404368  8.232102528e-18
v      3.180479469     0.1060912791  6.496217269e-18
v      3.568982589    0.07836087059  4.798219467e-18
v      3.880480636    0.05401393839  3.307399838e-18
v      4.117594024    0.03424378283  2.096826951e-18
v      4.291044714    0.01908401533  1.168558915e-18
v       4.41426743   0.007941000569  4.862460464e-19
v      4.630940108  2.449293598e-17             -0.4
v      4.547112706   -0.00776453389             -0.4
v      4.426628272    -0.0186599261             -0.4
v      4.257032042   -0.03348280987             -0.4
v      4.025187841   -0.05281362865             -0.4
v      3.720611972   -0.07661951791             -0.4
v      3.340742255    -0.1037336951             -0.4
v      2.896499412    -0.1314528715             -0.4
v      2.414440173    -0.1556089684             -0.4
v      1.932042636    -0.1715461576             -0.4
v      1.486967633    -0.1759110034             -0.4
v      1.106229101    -0.1680861982             -0.4
v     0.8012829331    -0.1500003746             -0.4
v     0.5700609704    -0.1245604844             -0.4
v     0.4026822113   -0.09377942919             -0.4
v     0.2877691146   -0.05656990576             -0.4
v     0.2309401077  2.449293598e-17             -0.4
v     0.2877691146    0.05656990576             -0.4
v     0.4026822113    0.09377942919             -0.4
v     0.5700609704     0.1245604844             -0.4
v     0.8012829331     0.1500003746             -0.4
v      1.106229101     0.1680861982             -0.4
v      1.486967633     0.1759110034             -0.4
v      1.932042636     0.1715461576             -0.4
v      2.414440173     0.1556089684             -0.4
v      2.896499412     0.1314528715             -0.4
v      3.340742255     0.1037336951             -0.4
v      3.720611972    0.07661951791             -0.4
v      4.025187841    0.05281362865             -0.4
v      4.257032042    0.03348280987             -0.4
v      4.426628272     0.0186599261             -0.4
v      4.547112706    0.00776453389             -0.4
v      4.761880215  4.898587197e-17             -0.8
v      4.679957982   -0.00758806721             -0.8
v      4.562211831   -0.01823583687             -0.8
v       4.39647006   -0.03272183692             -0.8
v      4.169895045   -0.05161331891             -0.8
v      3.872241356   -0.07487816523             -0.8
v      3.501005041    -0.1013761111             -0.8
v      3.066858626    -0.1284653062             -0.8
v       2.59575528     -0.152072401             -0.8
v      2.124321322    -0.1676473813             -0.8
v       1.68936166     -0.171913026             -0.8
v      1.317276277    -0.1642660573             -0.8
v      1.019260704    -0.1465912752             -0.8
v     0.7932937857    -0.1217295643             -0.8
v     0.6297190893   -0.09164807852             -0.8
v     0.5174176539   -0.05528422608             -0.8
v     0.4618802154  4.898587197e-17             -0.8
v     0.5174176539    0.05528422608             -0.8
v     0.6297190893    0.09164807852             -0.8
v     0.7932937857     0.1217295643             -0.8
v      1.019260704     0.1465912752             -0.8
v      1.317276277     0.1642660573             -0.8
v       1.68936166      0.171913026             -0.8
v      2.124321322     0.1676473813             -0.8
v       2.59575528      0.152072401             -0.8
v      3.066858626     0.1284653062             -0.8
v      3.501005041     0.1013761111             -0.8
v      3.872241356    0.07487816523             -0.8
v      4.169895045    0.05161331891             -0.8
v       4.39647006    0.03272183692             -0.8
v      4.562211831    0.01823583687             -0.8
v      4.679957982    0.00758806721             -0.8
v      4.892820323  7.347880795e-17             -1.2
v      4.812803258  -0.007411600531             -1.2
v      4.697795389   -0.01781174764             -1.2
v      4.535908078   -0.03196086397             -1.2
v       4.31460225   -0.05041300916             -1.2
v      4.023870739   -0.07313681255             -1.2
v      3.661267827   -0.09901852716             -1.2
v      3.237217841     -0.125477741             -1.2
v      2.777070386    -0.1485358335             -1.2
v      2.316600009     -0.163748605             -1.2
v      1.891755688    -0.1679150487             -1.2
v      1.528323453    -0.1604459164             -1.2
v      1.237238475    -0.1431821758             -1.2
v      1.016526601    -0.1188986442             -1.2
v     0.8567559674   -0.08951672786             -1.2
v     0.7470661933   -0.05399854641             -1.2
v      0.692820323  7.347880795e-17             -1.2
v     0.7470661933    0.05399854641             -1.2
v     0.8567559674    0.08951672786             -1.2
v      1.016526601     0.1188986442             -1.2
v      1.237238475     0.1431821758             -1.2
v      1.528323453     0.1604459164             -1.2
v      1.891755688     0.1679150487             -1.2
v      2.316600009      0.163748605             -1.2
v      2.777070386     0.1485358335             -1.2
v      3.237217841      0.125477741             -1.2
v      3.661267827    0.09901852716             -1.2
v      4.023870739    0.07313681255             -1.2
v       4.31460225    0.05041300916             -1.2
v      4.535908078    0.03196086397             -1.2
v      4.697795389    0.01781174764             -1.2
v      4.812803258   0.007411600531             -1.2
v      4.945648534  -0.007235133852             -1.6
v      5.023760431  9.797174393e-17             -1.6
v      4.833378948   -0.01738765841             -1.6
v      4.675346097   -0.03119989102             -1.6
v      4.459309455   -0.04921269942             -1.6
v      4.175500123   -0.07139545987             -1.6
v      3.821530613   -0.09666094318             -1.6
v      3.407577055    -0.1224901757             -1.6
v      2.958385492     -0.144999266             -1.6
v      2.508878696    -0.1598498287             -1.6
v      2.094149715    -0.1639170713             -1.6
v      1.739370629    -0.1566257756             -1.6
v      1.455216245    -0.1397730764             -1.6
v      1.239759416    -0.1160677241             -1.6
v      1.083792845    -0.0873853772             -1.6
v     0.9767147326   -0.05271286673             -1.6
v     0.9237604307  9.797174393e-17             -1.6
v     0.9767147326    0.05271286673             -1.6
v      1.083792845     0.0873853772             -1.6
v      1.239759416     0.1160677241             -1.6
v      1.455216245     0.1397730764             -1.6
v      1.739370629     0.1566257756             -1.6
v      2.094149715     0.1639170713             -1.6
v      2.508878696     0.1598498287             -1.6
v      2.958385492      0.144999266             -1.6
v      3.407577055     0.1224901757             -1.6
v      3.821530613    0.09666094318             -1.6
v      4.175500123    0.07139545987             -1.6
v      4.459309455    0.04921269942             -1.6
v      4.675346097    0.03119989102             -1.6
v      4.833378948    0.01738765841             -1.6
v      4.945648534   0.007235133852             -1.6
v       5.07849381  -0.007058667172               -2
v      5.154700538  1.224646799e-16               -2
v      4.968962506   -0.01696356918               -2
v      4.814784115   -0.03043891807               -2
v      4.604016659   -0.04801238968               -2
v      4.327129506   -0.06965410719               -2
v      3.981793399    -0.0943033592               -2
v       3.57793627    -0.1195026105               -2
v      3.139700598    -0.1414626986               -2
v      2.701157382    -0.1559510524               -2
v      2.296543743     -0.159919094               -2
v      1.950417805    -0.1528056347               -2
v      1.673194016    -0.1363639769               -2
v      1.462992232     -0.113236804               -2
v      1.310829723   -0.08525402653               -2
v      1.206363272   -0.05142718705               -2
v      1.154700538  1.224646799e-16               -2
v      1.206363272    0.05142718705               -2
v      1.310829723    0.08525402653               -2
v      1.462992232      0.113236804               -2
v      1.673194016     0.1363639769               -2
v      1.950417805     0.1528056347               -2
v      2.296543743      0.159919094               -2
v      2.701157382     0.1559510524               -2
v      3.139700598     0.1414626986               -2
v       3.57793627     0.1195026105               -2
v      3.981793399     0.0943033592               -2
v      4.327129506    0.06965410719               -2
v      4.604016659    0.04801238968               -2
v      4.814784115    0.03043891807               -2
v      4.968962506    0.01696356918               -2
v       5.07849381   0.007058667172               -2
v       5.07849381  -0.003529333586               -2
v      4.968962506  -0.008481784592               -2
v      4.814784115   -0.01521945903               -2
v      4.604016659   -0.02400619484               -2
v      4.327129506    -0.0348270536               -2
v      3.981793399    -0.0471516796               -2
v       3.57793627   -0.05975130523               -2
v      3.139700598   -0.07073134928               -2
v      2.701157382    -0.0779755262               -2
v      2.296543743   -0.07995954699               -2
v      1.950417805   -0.07640281734               -2
v      1.673194016   -0.06818198847               -2
v      1.462992232   -0.05661840199               -2
v      1.310829723   -0.04262701327               -2
v      1.206363272   -0.02571359353               -2
v      1.206363272    0.02571359353               -2
v      1.310829723    0.04262701327               -2
v      1.462992232    0.05661840199               -2
v      1.673194016    0.06818198847               -2
v      1.950417805    0.07640281734               -2
v      2.296543743    0.07995954699               -2
v      2.701157382     0.0779755262               -2
v      3.139700598    0.07073134928               -2
v       3.57793627    0.05975130523               -2
v      3.981793399     0.0471516796               -2
v      4.327129506     0.0348270536               -2
v      4.604016659    0.02400619484               -2
v      4.814784115    0.01521945903               -2
v      4.968962506   0.008481784592               -2
v       5.07849381   0.003529333586               -2
v       5.07849381 -5.055325467e-16               -2
v      4.968962506 -7.364774095e-16               -2
v      4.814784115 -3.314003213e-16               -2
v      4.604016659  4.206164376e-17               -2
v      4.327129506  2.377069323e-17               -2
v      3.981793399  9.188856087e-17               -2
v       3.57793627  1.116990814e-16               -2
v      3.139700598  1.085868921e-16               -2
v      2.701157382  1.098012806e-16               -2
v      2.296543743  1.219188885e-16               -2
v      1.950417805  1.048717602e-16               -2
v      1.673194016   1.19327666e-16               -2
v      1.462992232  1.802373031e-16               -2
v      1.310829723  1.620898708e-16               -2
v      1.206363272 -2.670359019e-16               -2
v      4.630940108  2.449293598e-17              0.4
v      4.547112706    0.00776453389              0.4
v      4.426628272     0.0186599261              0.4
v      4.257032042    0.03348280987              0.4
v      4.025187841    0.05281362865              0.4
v      3.720611972    0.07661951791              0.4
v      3.340742255     0.1037336951              0.4
v      2.896499412     0.1314528715              0.4
v      2.414440173     0.1556089684              0.4
v      1.932042636     0.1715461576              0.4
v      1.486967633     0.1759110034              0.4
v      1.106229101     0.1680861982              0.4
v     0.8012829331     0.1500003746              0.4
v     0.5700609704     0.1245604844              0.4
v     0.4026822113    0.09377942919              0.4
v     0.2877691146    0.05656990576              0.4
v     0.2309401077  2.449293598e-17              0.4
v     0.2877691146   -0.05656990576              0.4
v     0.4026822113   -0.09377942919              0.4
v     0.5700609704    -0.1245604844              0.4
v     0.8012829331    -0.1500003746              0.4
v      1.106229101    -0.1680861982              0.4
v      1.486967633    -0.1759110034              0.4
v      1.932042636    -0.1715461576              0.4
v      2.414440173    -0.1556089684              0.4
v      2.896499412    -0.1314528715              0.4
v      3.340742255    -0.1037336951              0.4
v      3.720611972   -0.07661951791              0.4
v      4.025187841   -0.05281362865              0.4
v      4.257032042   -0.03348280987              0.4
v      4.426628272    -0.0186599261              0.4
v      4.547112706   -0.00776453389              0.4
v      4.761880215  4.898587197e-17              0.8
v      4.679957982    0.00758806721              0.8
v      4.562211831    0.01823583687              0.8
v       4.39647006    0.03272183692              0.8
v      4.169895045    0.05161331891              0.8
v      3.872241356    0.07487816523              0.8
v      3.501005041     0.1013761111              0.8
v      3.066858626     0.1284653062              0.8
v       2.59575528      0.152072401              0.8
v      2.124321322     0.1676473813              0.8
v       1.68936166      0.171913026              0.8
v      1.317276277     0.1642660573              0.8
v      1.019260704     0.1465912752              0.8
v     0.7932937857     0.1217295643              0.8
v     0.6297190893    0.09164807852              0.8
v     0.5174176539    0.05528422608              0.8
v     0.4618802154  4.898587197e-17              0.8
v     0.5174176539   -0.05528422608              0.8
v     0.6297190893   -0.09164807852              0.8
v     0.7932937857    -0.1217295643              0.8
v      1.019260704    -0.1465912752              0.8
v      1.317276277    -0.1642660573              0.8
v       1.68936166     -0.171913026              0.8
v      2.124321322    -0.1676473813              0.8
v       2.59575528     -0.152072401              0.8
v      3.066858626    -0.1284653062              0.8
v      3.501005041    -0.1013761111              0.8
v      3.872241356   -0.07487816523              0.8
v      4.169895045   -0.05161331891              0.8
v       4.39647006   -0.03272183692              0.8
v      4.562211831   -0.01823583687              0.8
v      4.679957982   -0.00758806721              0.8
v      4.892820323  7.347880795e-17              1.2
v      4.812803258   0.007411600531              1.2
v      4.697795389    0.01781174764              1.2
v      4.535908078    0.03196086397              1.2
v       4.31460225    0.05041300916              1.2
v      4.023870739    0.07313681255              1.2
v      3.661267827    0.09901852716              1.2
v      3.237217841      0.125477741              1.2
v      2.777070386     0.1485358335              1.2
v      2.316600009      0.163748605              1.2
v      1.891755688     0.1679150487              1.2
v      1.528323453     0.1604459164              1.2
v      1.237238475     0.1431821758              1.2
v      1.016526601     0.1188986442              1.2
v     0.8567559674    0.08951672786              1.2
v     0.7470661933    0.05399854641              1.2
v      0.692820323  7.347880795e-17              1.2
v     0.7470661933   -0.05399854641              1.2
v     0.8567559674   -0.08951672786              1.2
v      1.016526601    -0.1188986442              1.2
v      1.237238475    -0.1431821758              1.2
v      1.528323453    -0.1604459164              1.2
v      1.891755688    -0.1679150487              1.2
v      2.316600009     -0.163748605              1.2
v      2.777070386    -0.1485358335              1.2
v      3.237217841     -0.125477741              1.2
v      3.661267827   -0.09901852716              1.2
v      4.023870739   -0.07313681255              1.2
v       4.31460225   -0.05041300916              1.2
v      4.535908078   -0.03196086397              1.2
v      4.697795389   -0.01781174764              1.2
v      4.812803258  -0.007411600531              1.2
v      4.945648534   0.007235133852              1.6
v      5.023760431  9.797174393e-17              1.6
v      4.833378948    0.01738765841              1.6
v      4.675346097    0.03119989102              1.6
v      4.459309455    0.04921269942              1.6
v      4.175500123    0.07139545987              1.6
v      3.821530613    0.09666094318              1.6
v      3.407577055     0.1224901757              1.6
v      2.958385492      0.144999266              1.6
v      2.508878696     0.1598498287              1.6
v      2.094149715     0.1639170713              1.6
v      1.739370629     0.1566257756              1.6
v      1.455216245     0.1397730764              1.6
v      1.239759416     0.1160677241              1.6
v      1.083792845     0.0873853772              1.6
v     0.9767147326    0.05271286673              1.6
v     0.9237604307  9.797174393e-17              1.6
v     0.9767147326   -0.05271286673              1.6
v      1.083792845    -0.0873853772              1.6
v      1.239759416    -0.1160677241              1.6
v      1.455216245    -0.1397730764              1.6
v      1.739370629    -0.1566257756              1.6
v      2.094149715    -0.1639170713              1.6
v      2.508878696    -0.1598498287              1.6
v      2.958385492     -0.144999266              1.6
v      3.407577055    -0.1224901757              1.6
v      3.821530613   -0.09666094318              1.6
v      4.175500123   -0.07139545987              1.6
v      4.459309455   -0.04921269942              1.6
v      4.675346097   -0.03119989102              1.6
v      4.833378948   -0.01738765841              1.6
v      4.945648534  -0.007235133852              1.6
v       5.07849381   0.007058667172                2
v      5.154700538  1.224646799e-16                2
v      4.968962506    0.01696356918                2
v      4.814784115    0.03043891807                2
v      4.604016659    0.04801238968                2
v      4.327129506    0.06965410719                2
v      3.981793399     0.0943033592                2
v       3.57793627     0.1195026105                2
v      3.139700598     0.1414626986                2
v      2.701157382     0.1559510524                2
v      2.296543743      0.159919094                2
v      1.950417805     0.1528056347                2
v      1.673194016     0.1363639769                2
v      1.462992232      0.113236804                2
v      1.310829723    0.08525402653                2
v      1.206363272    0.05142718705                2
v      1.154700538  1.224646799e-16                2
v      1.206363272   -0.05142718705                2
v      1.310829723   -0.08525402653                2
v      1.462992232     -0.113236804                2
v      1.673194016    -0.1363639769                2
v      1.950417805    -0.1528056347                2
v      2.296543743     -0.159919094                2
v      2.701157382    -0.1559510524                2
v      3.139700598    -0.1414626986                2
v       3.57793627    -0.1195026105                2
v      3.981793399    -0.0943033592                2
v      4.327129506   -0.06965410719                2
v      4.604016659   -0.04801238968                2
v      4.814784115   -0.03043891807                2
v      4.968962506   -0.01696356918                2
v       5.07849381  -0.007058667172                2
v       5.07849381   0.003529333586                2
v      4.968962506   0.008481784592                2
v      4.814784115    0.01521945903                2
v      4.604016659    0.02400619484                2
v      4.327129506     0.0348270536                2
v      3.981793399     0.0471516796                2
v       3.57793627    0.05975130523                2
v      3.139700598    0.07073134928                2
v      2.701157382     0.0779755262                2
v      2.296543743    0.07995954699                2
v      1.950417805    0.07640281734                2
v      1.673194016    0.06818198847                2
v      1.462992232    0.05661840199                2
v      1.310829723    0.04262701327                2
v      1.206363272    0.02571359353                2
v      1.206363272   -0.02571359353                2
v      1.310829723   -0.04262701327                2
v      1.462992232   -0.05661840199                2
v      1.673194016   -0.06818198847                2
v      1.950417805   -0.07640281734                2
v      2.296543743   -0.07995954699                2
v      2.701157382    -0.0779755262                2
v      3.139700598   -0.07073134928                2
v       3.57793627   -0.05975130523                2
v      3.981793399    -0.0471516796                2
v      4.327129506    -0.0348270536                2
v      4.604016659   -0.02400619484                2
v      4.814784115   -0.01521945903                2
v      4.968962506  -0.008481784592                2
v       5.07849381  -0.003529333586                2
v       5.07849381  7.504619065e-16                2
v      4.968962506  9.814067694e-16                2
v      4.814784115  5.763296811e-16                2
v      4.604016659  2.028677161e-16                2
v      4.327129506  2.211586666e-16                2
v      3.981793399   1.53040799e-16                2
v       3.57793627  1.332302785e-16                2
v      3.139700598  1.363424677e-16                2
v      2.701157382  1.351280792e-16                2
v      2.296543743  1.230104713e-16                2
v      1.950417805  1.400575997e-16                2
v      1.673194016  1.256016938e-16                2
v      1.462992232  6.469205668e-17                2
v      1.310829723  8.283948902e-17                2
v      1.206363272  5.119652617e-16                2
v     0.9439452029      1.311945203                0
v     0.9439452029      1.204514713    -0.2629757052
v -3.700743415e-17 -5.551115123e-17  1.619075244e-17
v     0.9439452029     0.9161351287    -0.4896919501
v     0.9439452029     0.4976742811    -0.6487485207
v     0.9439452029 -8.526512829e-17    -0.7087452029
v     0.9439452029    -0.4976742811    -0.6487485207
v     0.9439452029    -0.9161351287    -0.4896919501
v     0.9439452029     -1.204514713    -0.2629757052
v     0.9439452029     -1.311945203 -7.164233672e-17
v     0.9439452029     -1.204514713     0.2629757052
v     0.9439452029    -0.9161351287     0.4896919501
v     0.9439452029    -0.4976742811     0.6487485207
v     0.9439452029 -1.372051889e-16     0.7087452029
v     0.9439452029     0.4976742811     0.6487485207
v     0.9439452029     0.9161351287     0.4896919501
v     0.9439452029      1.204514713     0.2629757052
v      1.936938353      3.120938353                0
v      1.936938353       2.87072127     -0.405570809
v      1.936938353      2.193614601    -0.7502684578
v      1.936938353       1.19993522     -0.989666466
v      1.936938353 -9.592326933e-17     -1.079338353
v      1.936938353      -1.19993522     -0.989666466
v      1.936938353     -2.193614601    -0.7502684578
v      1.936938353      -2.87072127     -0.405570809
v      1.936938353     -3.120938353 -8.059762881e-17
v      1.936938353      -2.87072127      0.405570809
v      1.936938353     -2.193614601     0.7502684578
v      1.936938353      -1.19993522      0.989666466
v      1.936938353 -1.543558375e-16      1.079338353
v      1.936938353       1.19993522      0.989666466
v      1.936938353      2.193614601     0.7502684578
v      1.936938353       2.87072127      0.405570809
v      2.957958902      4.973958902                0
v      2.957958902      4.579624605    -0.4633687582
v      2.957958902      3.507904202    -0.8508351664
v      2.957958902      1.925721423     -1.116773717
v      2.957958902 -6.394884622e-17     -1.215558902
v      2.957958902     -1.925721423     -1.116773717
v      2.957958902     -3.507904202    -0.8508351664
v      2.957958902     -4.579624605    -0.4633687582
v      2.957958902     -4.973958902 -5.373175254e-17
v      2.957958902     -4.579624605     0.4633687582
v      2.957958902     -3.507904202     0.8508351664
v      2.957958902     -1.925721423      1.116773717
v      2.957958902 -1.029038917e-16      1.215558902
v      2.957958902      1.925721423      1.116773717
v      2.957958902      3.507904202     0.8508351664
v      2.957958902      4.579624605     0.4633687582
v      3.985986301      6.417986301                0
v      3.985986301      5.912229655    -0.4719529999
v      3.985986301      4.534469719    -0.8604977196
v      3.985986301        2.4939715     -1.124090155
v      3.985986301 -2.131628207e-17     -1.221186301
v      3.985986301       -2.4939715     -1.124090155
v      3.985986301     -4.534469719    -0.8604977196
v      3.985986301     -5.912229655    -0.4719529999
v      3.985986301     -6.417986301 -1.791058418e-17
v      3.985986301     -5.912229655     0.4719529999
v      3.985986301     -4.534469719     0.8604977196
v      3.985986301       -2.4939715      1.124090155
v      3.985986301 -3.430129722e-17      1.221186301
v      3.985986301        2.4939715      1.124090155
v      3.985986301      4.534469719     0.8604977196
v      3.985986301      5.912229655     0.4719529999
v                5                7                0
v                5      6.449541352    -0.4669069811
v                5      4.948776939     -0.848361761
v                5      2.723624057      -1.10563566
v                5                0             -1.2
v                5     -2.723624057      -1.10563566
v                5     -4.948776939     -0.848361761
v                5     -6.449541352    -0.4669069811
v                5               -7                0
v                5     -6.449541352     0.4669069811
v                5     -4.948776939      0.848361761
v                5     -2.723624057       1.10563566
v                5                0              1.2
v                5      2.723624057       1.10563566
v                5      4.948776939      0.848361761
v                5      6.449541352     0.4669069811
v                6                7                0
v                6      6.449541352    -0.4669069811
v                6      4.948776939     -0.848361761
v                6      2.723624057      -1.10563566
v                6                0             -1.2
v                6     -2.723624057      -1.10563566
v                6     -4.948776939     -0.848361761
v                6     -6.449541352    -0.4669069811
v                6               -7                0
v                6     -6.449541352     0.4669069811
v                6     -4.948776939      0.848361761
v                6     -2.723624057       1.10563566
v                6                0              1.2
v                6      2.723624057       1.10563566
v                6      4.948776939      0.848361761
v                6      6.449541352     0.4669069811
v                7                7                0
v                7      6.449541352    -0.4669069811
v                7      4.948776939     -0.848361761
v                7      2.723624057      -1.10563566
v                7                0             -1.2
v                7     -2.723624057      -1.10563566
v                7     -4.948776939     -0.848361761
v                7     -6.449541352    -0.4669069811
v                7               -7                0
v                7     -6.449541352     0.4669069811
v                7     -4.948776939      0.848361761
v                7     -2.723624057       1.10563566
v                7                0              1.2
v                7      2.723624057       1.10563566
v                7      4.948776939      0.848361761
v                7      6.449541352     0.4669069811
v                8                7                0
v                8      6.449541352    -0.4669069811
v                8      4.948776939     -0.848361761
v                8      2.723624057      -1.10563566
v                8                0             -1.2
v                8     -2.723624057      -1.10563566
v                8     -4.948776939     -0.848361761
v                8     -6.449541352    -0.4669069811
v                8               -7                0
v                8     -6.449541352     0.4669069811
v                8     -4.948776939      0.848361761
v                8     -2.723624057       1.10563566
v                8                0              1.2
v                8      2.723624057       1.10563566
v                8      4.948776939      0.848361761
v                8      6.449541352     0.4669069811
v                9                7                0
v                9      6.449541352    -0.4669069811
v                9      4.948776939     -0.848361761
v                9      2.723624057      -1.10563566
v                9                0             -1.2
v                9     -2.723624057      -1.10563566
v                9     -4.948776939     -0.848361761
v                9     -6.449541352    -0.4669069811
v                9               -7                0
v                9     -6.449541352     0.4669069811
v                9     -4.948776939      0.848361761
v                9     -2.723624057       1.10563566
v                9                0              1.2
v                9      2.723624057       1.10563566
v                9      4.948776939      0.848361761
v                9      6.449541352     0.4669069811
v               10                7                0
v               10      6.449541352    -0.4669069811
v               10      4.948776939     -0.848361761
v               10      2.723624057      -1.10563566
v               10                0             -1.2
v               10     -2.723624057      -1.10563566
v               10     -4.948776939     -0.848361761
v               10     -6.449541352    -0.4669069811
v               10               -7                0
v               10     -6.449541352     0.4669069811
v               10     -4.948776939      0.848361761
v               10     -2.723624057       1.10563566
v               10                0              1.2
v               10      2.723624057       1.10563566
v               10      4.948776939      0.848361761
v               10      6.449541352     0.4669069811
v               11                7                0
v               11      6.449541352    -0.4669069811
v               11      4.948776939     -0.848361761
v               11      2.723624057      -1.10563566
v               11                0             -1.2
v               11     -2.723624057      -1.10563566
v               11     -4.948776939     -0.848361761
v               11     -6.449541352    -0.4669069811
v               11               -7                0
v               11     -6.449541352     0.4669069811
v               11     -4.948776939      0.848361761
v               11     -2.723624057       1.10563566
v               11                0              1.2
v               11      2.723624057       1.10563566
v               11      4.948776939      0.848361761
v               11      6.449541352     0.4669069811
v               12                7                0
v               12      6.449541352    -0.4669069811
v               12      4.948776939     -0.848361761
v               12      2.723624057      -1.10563566
v               12                0             -1.2
v               12     -2.723624057      -1.10563566
v               12     -4.948776939     -0.848361761
v               12     -6.449541352    -0.4669069811
v               12               -7                0
v               12     -6.449541352     0.4669069811
v               12     -4.948776939      0.848361761
v               12     -2.723624057       1.10563566
v               12                0              1.2
v               12      2.723624057       1.10563566
v               12      4.948776939      0.848361761
v               12      6.449541352     0.4669069811
v               13                7                0
v               13      6.449541352    -0.4669069811
v               13      4.948776939     -0.848361761
v               13      2.723624057      -1.10563566
v               13                0             -1.2
v               13     -2.723624057      -1.10563566
v               13     -4.948776939     -0.848361761
v               13     -6.449541352    -0.4669069811
v               13               -7                0
v               13     -6.449541352     0.4669069811
v               13     -4.948776939      0.848361761
v               13     -2.723624057       1.10563566
v               13                0              1.2
v               13      2.723624057       1.10563566
v               13      4.948776939      0.848361761
v               13      6.449541352     0.4669069811
v               14                7                0
v               14      6.449541352    -0.4669069811
v               14      4.948776939     -0.848361761
v               14      2.723624057      -1.10563566
v               14                0             -1.2
v               14     -2.723624057      -1.10563566
v               14     -4.948776939     -0.848361761
v               14     -6.449541352    -0.4669069811
v               14               -7                0
v               14     -6.449541352     0.4669069811
v               14     -4.948776939      0.848361761
v               14     -2.723624057       1.10563566
v               14                0              1.2
v               14      2.723624057       1.10563566
v               14      4.948776939      0.848361761
v               14      6.449541352     0.4669069811
v               15                7                0
v               15      6.449541352    -0.4669069811
v               15      4.948776939     -0.848361761
v               15      2.723624057      -1.10563566
v               15                0             -1.2
v               15     -2.723624057      -1.10563566
v               15     -4.948776939     -0.848361761
v               15     -6.449541352    -0.4669069811
v               15               -7                0
v               15     -6.449541352     0.4669069811
v               15     -4.948776939      0.848361761
v               15     -2.723624057       1.10563566
v               15                0              1.2
v               15      2.723624057       1.10563566
v               15      4.948776939      0.848361761
v               15      6.449541352     0.4669069811
v       16.0140137      6.417986301                0
v       16.0140137      5.912229655    -0.4719529999
v       16.0140137      4.534469719    -0.8604977196
v       16.0140137        2.4939715     -1.124090155
v       16.0140137 -2.131628207e-17     -1.221186301
v       16.0140137       -2.4939715     -1.124090155
v       16.0140137     -4.534469719    -0.8604977196
v       16.0140137     -5.912229655    -0.4719529999
v       16.0140137     -6.417986301 -1.791058418e-17
v       16.0140137     -5.912229655     0.4719529999
v       16.0140137     -4.534469719     0.8604977196
v       16.0140137       -2.4939715      1.124090155
v       16.0140137 -3.430129722e-17      1.221186301
v       16.0140137        2.4939715      1.124090155
v       16.0140137      4.534469719     0.8604977196
v       16.0140137      5.912229655     0.4719529999
v       17.0420411      4.973958902                0
v       17.0420411      4.579624605    -0.4633687582
v       17.0420411      3.507904202    -0.8508351664
v       17.0420411      1.925721423     -1.116773717
v       17.0420411 -6.394884622e-17     -1.215558902
v       17.0420411     -1.925721423     -1.116773717
v       17.0420411     -3.507904202    -0.8508351664
v       17.0420411     -4.579624605    -0.4633687582
v       17.0420411     -4.973958902 -5.373175254e-17
v       17.0420411     -4.579624605     0.4633687582
v       17.0420411     -3.507904202     0.8508351664
v       17.0420411     -1.925721423      1.116773717
v       17.0420411 -1.029038917e-16      1.215558902
v       17.0420411      1.925721423      1.116773717
v       17.0420411      3.507904202     0.8508351664
v       17.0420411      4.579624605     0.4633687582
v      18.06306165      3.120938353                0
v      18.06306165       2.87072127     -0.405570809
v      18.06306165      2.193614601    -0.7502684578
v      18.06306165       1.19993522     -0.989666466
v      18.06306165 -9.592326933e-17     -1.079338353
v      18.06306165      -1.19993522     -0.989666466
v      18.06306165     -2.193614601    -0.7502684578
v      18.06306165      -2.87072127     -0.405570809
v      18.06306165     -3.120938353 -8.059762881e-17
v      18.06306165      -2.87072127      0.405570809
v      18.06306165     -2.193614601     0.7502684578
v      18.06306165      -1.19993522      0.989666466
v      18.06306165 -1.543558375e-16      1.079338353
v      18.06306165       1.19993522      0.989666466
v      18.06306165      2.193614601     0.7502684578
v      18.06306165       2.87072127      0.405570809
v       19.0560548      1.311945203                0
v       19.0560548      1.204514713    -0.2629757052
v       19.0560548     0.9161351287    -0.4896919501
v       19.0560548     0.4976742811    -0.6487485207
v       19.0560548 -8.526512829e-17    -0.7087452029
v       19.0560548    -0.4976742811    -0.6487485207
v       19.0560548    -0.9161351287    -0.4896919501
v       19.0560548     -1.204514713    -0.2629757052
v       19.0560548     -1.311945203 -7.164233672e-17
v       19.0560548     -1.204514713     0.2629757052
v       19.0560548    -0.9161351287     0.4896919501
v       19.0560548    -0.4976742811     0.6487485207
v       19.0560548 -1.372051889e-16     0.7087452029
v       19.0560548     0.4976742811     0.6487485207
v       19.0560548     0.9161351287     0.4896919501
v       19.0560548      1.204514713     0.2629757052
v               20                0                0
v     0.4452219885     0.3904219885                0
v     0.4452219885     0.3580469476      -0.14688862
v     0.4452219885     0.2715533803    -0.2715533803
v     0.4452219885       0.14688862    -0.3580469476
v     0.4452219885 -3.552713679e-17    -0.3904219885
v     0.4452219885      -0.14688862    -0.3580469476
v     0.4452219885    -0.2715533803    -0.2715533803
v     0.4452219885    -0.3580469476      -0.14688862
v     0.4452219885    -0.3904219885 -3.354516579e-17
v     0.4452219885    -0.3580469476       0.14688862
v     0.4452219885    -0.2715533803     0.2715533803
v     0.4452219885      -0.14688862     0.3580469476
v     0.4452219885 -4.210238179e-17     0.3904219885
v     0.4452219885       0.14688862     0.3580469476
v     0.4452219885     0.2715533803     0.2715533803
v     0.4452219885     0.3580469476       0.14688862
v      1.025874737      0.803474737                0
v      1.025874737     0.7384093071    -0.3069754208
v      1.025874737     0.5630106957    -0.5630106957
v      1.025874737     0.3069754208    -0.7384093071
v      1.025874737 -3.996802889e-17     -0.803474737
v      1.025874737    -0.3069754208    -0.7384093071
v      1.025874737    -0.5630106957    -0.5630106957
v      1.025874737    -0.7384093071    -0.3069754208
v      1.025874737     -0.803474737 -3.773831152e-17
v      1.025874737    -0.7384093071     0.3069754208
v      1.025874737    -0.5630106957     0.5630106957
v      1.025874737    -0.3069754208     0.7384093071
v      1.025874737 -4.736517952e-17      0.803474737
v      1.025874737     0.3069754208     0.7384093071
v      1.025874737     0.5630106957     0.5630106957
v      1.025874737     0.7384093071     0.3069754208
v      1.683916491      1.176316491                0
v      1.683916491      1.082559466    -0.4539267299
v      1.683916491     0.8282713818    -0.8282713818
v      1.683916491     0.4539267299     -1.082559466
v      1.683916491 -2.664535259e-17     -1.176316491
v      1.683916491    -0.4539267299     -1.082559466
v      1.683916491    -0.8282713818    -0.8282713818
v      1.683916491     -1.082559466    -0.4539267299
v      1.683916491     -1.176316491 -2.515887434e-17
v      1.683916491     -1.082559466     0.4539267299
v      1.683916491    -0.8282713818     0.8282713818
v      1.683916491    -0.4539267299      1.082559466
v      1.683916491 -3.157678634e-17      1.176316491
v      1.683916491     0.4539267299      1.082559466
v      1.683916491     0.8282713818     0.8282713818
v      1.683916491      1.082559466     0.4539267299
v      2.361305497      1.446105497                0
v      2.361305497       1.33196981    -0.5614088751
v      2.361305497      1.021234874     -1.021234874
v      2.361305497     0.5614088751      -1.33196981
v      2.361305497 -8.881784197e-18     -1.446105497
v      2.361305497    -0.5614088751      -1.33196981
v      2.361305497     -1.021234874     -1.021234874
v      2.361305497      -1.33196981    -0.5614088751
v      2.361305497     -1.446105497 -8.386291448e-18
v      2.361305497      -1.33196981     0.5614088751
v      2.361305497     -1.021234874      1.021234874
v      2.361305497    -0.5614088751       1.33196981
v      2.361305497 -1.052559545e-17      1.446105497
v      2.361305497     0.5614088751       1.33196981
v      2.361305497      1.021234874      1.021234874
v      2.361305497       1.33196981     0.5614088751
v                3             1.55                0
v                3      1.428112728     -0.603088184
v                3      1.095800608     -1.095800608
v                3      0.603088184     -1.428112728
v                3                0            -1.55
v                3     -0.603088184     -1.428112728
v                3     -1.095800608     -1.095800608
v                3     -1.428112728     -0.603088184
v                3            -1.55                0
v                3     -1.428112728      0.603088184
v                3     -1.095800608      1.095800608
v                3     -0.603088184      1.428112728
v                3                0             1.55
v                3      0.603088184      1.428112728
v                3      1.095800608      1.095800608
v                3      1.428112728      0.603088184
v              3.6             1.55                0
v              3.6      1.428112728     -0.603088184
v              3.6      1.095800608     -1.095800608
v              3.6      0.603088184     -1.428112728
v              3.6                0            -1.55
v              3.6     -0.603088184     -1.428112728
v              3.6     -1.095800608     -1.095800608
v              3.6     -1.428112728     -0.603088184
v              3.6            -1.55                0
v              3.6     -1.428112728      0.603088184
v              3.6     -1.095800608      1.095800608
v              3.6     -0.603088184      1.428112728
v              3.6                0             1.55
v              3.6      0.603088184      1.428112728
v              3.6      1.095800608      1.095800608
v              3.6      1.428112728      0.603088184
v              4.2             1.55                0
v              4.2      1.428112728     -0.603088184
v              4.2      1.095800608     -1.095800608
v              4.2      0.603088184     -1.428112728
v              4.2                0            -1.55
v              4.2     -0.603088184     -1.428112728
v              4.2     -1.095800608     -1.095800608
v              4.2     -1.428112728     -0.603088184
v              4.2            -1.55                0
v              4.2     -1.428112728      0.603088184
v              4.2     -1.095800608      1.095800608
v              4.2     -0.603088184      1.428112728
v              4.2                0             1.55
v              4.2      0.603088184      1.428112728
v              4.2      1.095800608      1.095800608
v              4.2      1.428112728      0.603088184
v              4.8             1.55                0
v              4.8      1.428112728     -0.603088184
v              4.8      1.095800608     -1.095800608
v              4.8      0.603088184     -1.428112728
v              4.8                0            -1.55
v              4.8     -0.603088184     -1.428112728
v              4.8     -1.095800608     -1.095800608
v              4.8     -1.428112728     -0.603088184
v              4.8            -1.55                0
v              4.8     -1.428112728      0.603088184
v              4.8     -1.095800608      1.095800608
v              4.8     -0.603088184      1.428112728
v              4.8                0             1.55
v              4.8      0.603088184      1.428112728
v              4.8      1.095800608      1.095800608
v              4.8      1.428112728      0.603088184
v              5.4             1.55                0
v              5.4      1.428112728     -0.603088184
v              5.4      1.095800608     -1.095800608
v              5.4      0.603088184     -1.428112728
v              5.4                0            -1.55
v              5.4     -0.603088184     -1.428112728
v              5.4     -1.095800608     -1.095800608
v              5.4     -1.428112728     -0.603088184
v              5.4            -1.55                0
v              5.4     -1.428112728      0.603088184
v              5.4     -1.095800608      1.095800608
v              5.4     -0.603088184      1.428112728
v              5.4                0             1.55
v              5.4      0.603088184      1.428112728
v              5.4      1.095800608      1.095800608
v              5.4      1.428112728      0.603088184
v                6             1.55                0
v                6      1.428112728     -0.603088184
v                6      1.095800608     -1.095800608
v                6      0.603088184     -1.428112728
v                6                0            -1.55
v                6     -0.603088184     -1.428112728
v                6     -1.095800608     -1.095800608
v                6     -1.428112728     -0.603088184
v                6            -1.55                0
v                6     -1.428112728      0.603088184
v                6     -1.095800608      1.095800608
v                6     -0.603088184      1.428112728
v                6                0             1.55
v                6      0.603088184      1.428112728
v                6      1.095800608      1.095800608
v                6      1.428112728      0.603088184
v              6.6             1.55                0
v              6.6      1.428112728     -0.603088184
v              6.6      1.095800608     -1.095800608
v              6.6      0.603088184     -1.428112728
v              6.6                0            -1.55
v              6.6     -0.603088184     -1.428112728
v              6.6     -1.095800608     -1.095800608
v              6.6     -1.428112728     -0.603088184
v              6.6            -1.55                0
v              6.6     -1.428112728      0.603088184
v              6.6     -1.095800608      1.095800608
v              6.6     -0.603088184      1.428112728
v              6.6                0             1.55
v              6.6      0.603088184      1.428112728
v              6.6      1.095800608      1.095800608
v              6.6      1.428112728      0.603088184
v              7.2             1.55                0
v              7.2      1.428112728     -0.603088184
v              7.2      1.095800608     -1.095800608
v              7.2      0.603088184     -1.428112728
v              7.2                0            -1.55
v              7.2     -0.603088184     -1.428112728
v              7.2     -1.095800608     -1.095800608
v              7.2     -1.428112728     -0.603088184
v              7.2            -1.55                0
v              7.2     -1.428112728      0.603088184
v              7.2     -1.095800608      1.095800608
v              7.2     -0.603088184      1.428112728
v              7.2                0             1.55
v              7.2      0.603088184      1.428112728
v              7.2      1.095800608      1.095800608
v              7.2      1.428112728      0.603088184
v              7.8             1.55                0
v              7.8      1.428112728     -0.603088184
v              7.8      1.095800608     -1.095800608
v              7.8      0.603088184     -1.428112728
v              7.8                0            -1.55
v              7.8     -0.603088184     -1.428112728
v              7.8     -1.095800608     -1.095800608
v              7.8     -1.428112728     -0.603088184
v              7.8            -1.55                0
v              7.8     -1.428112728      0.603088184
v              7.8     -1.095800608      1.095800608
v              7.8     -0.603088184      1.428112728
v              7.8                0             1.55
v              7.8      0.603088184      1.428112728
v              7.8      1.095800608      1.095800608
v              7.8      1.428112728      0.603088184
v              8.4             1.55                0
v              8.4      1.428112728     -0.603088184
v              8.4      1.095800608     -1.095800608
v              8.4      0.603088184     -1.428112728
v              8.4                0            -1.55
v              8.4     -0.603088184     -1.428112728
v              8.4     -1.095800608     -1.095800608
v              8.4     -1.428112728     -0.603088184
v              8.4            -1.55                0
v              8.4     -1.428112728      0.603088184
v              8.4     -1.095800608      1.095800608
v              8.4     -0.603088184      1.428112728
v              8.4                0             1.55
v              8.4      0.603088184      1.428112728
v              8.4      1.095800608      1.095800608
v              8.4      1.428112728      0.603088184
v                9             1.55                0
v                9      1.428112728     -0.603088184
v                9      1.095800608     -1.095800608
v                9      0.603088184     -1.428112728
v                9                0            -1.55
v                9     -0.603088184     -1.428112728
v                9     -1.095800608     -1.095800608
v                9     -1.428112728     -0.603088184
v                9            -1.55                0
v                9     -1.428112728      0.603088184
v                9     -1.095800608      1.095800608
v                9     -0.603088184      1.428112728
v                9                0             1.55
v                9      0.603088184      1.428112728
v                9      1.095800608      1.095800608
v                9      1.428112728      0.603088184
v      9.638694503      1.446105497                0
v      9.638694503       1.33196981    -0.5614088751
v      9.638694503      1.021234874     -1.021234874
v      9.638694503     0.5614088751      -1.33196981
v      9.638694503 -8.881784197e-18     -1.446105497
v      9.638694503    -0.5614088751      -1.33196981
v      9.638694503     -1.021234874     -1.021234874
v      9.638694503      -1.33196981    -0.5614088751
v      9.638694503     -1.446105497 -8.386291448e-18
v      9.638694503      -1.33196981     0.5614088751
v      9.638694503     -1.021234874      1.021234874
v      9.638694503    -0.5614088751       1.33196981
v      9.638694503 -1.052559545e-17      1.446105497
v      9.638694503     0.5614088751       1.33196981
v      9.638694503      1.021234874      1.021234874
v      9.638694503       1.33196981     0.5614088751
v      10.31608351      1.176316491                0
v      10.31608351      1.082559466    -0.4539267299
v      10.31608351     0.8282713818    -0.8282713818
v      10.31608351     0.4539267299     -1.082559466
v      10.31608351 -2.664535259e-17     -1.176316491
v      10.31608351    -0.4539267299     -1.082559466
v      10.31608351    -0.8282713818    -0.8282713818
v      10.31608351     -1.082559466    -0.4539267299
v      10.31608351     -1.176316491 -2.515887434e-17
v      10.31608351     -1.082559466     0.4539267299
v      10.31608351    -0.8282713818     0.8282713818
v      10.31608351    -0.4539267299      1.082559466
v      10.31608351 -3.157678634e-17      1.176316491
v      10.31608351     0.4539267299      1.082559466
v      10.31608351     0.8282713818     0.8282713818
v      10.31608351      1.082559466     0.4539267299
v      10.97412526      0.803474737                0
v      10.97412526     0.7384093071    -0.3069754208
v      10.97412526     0.5630106957    -0.5630106957
v      10.97412526     0.3069754208    -0.7384093071
v      10.97412526 -3.996802889e-17     -0.803474737
v      10.97412526    -0.3069754208    -0.7384093071
v      10.97412526    -0.5630106957    -0.5630106957
v      10.97412526    -0.7384093071    -0.3069754208
v      10.97412526     -0.803474737 -3.773831152e-17
v      10.97412526    -0.7384093071     0.3069754208
v      10.97412526    -0.5630106957     0.5630106957
v      10.97412526    -0.3069754208     0.7384093071
v      10.97412526 -4.736517952e-17      0.803474737
v      10.97412526     0.3069754208     0.7384093071
v      10.97412526     0.5630106957     0.5630106957
v      10.97412526     0.7384093071     0.3069754208
v      11.55477801     0.3904219885                0
v      11.55477801     0.3580469476      -0.14688862
v      11.55477801     0.2715533803    -0.2715533803
v      11.55477801       0.14688862    -0.3580469476
v      11.55477801 -3.552713679e-17    -0.3904219885
v      11.55477801      -0.14688862    -0.3580469476
v      11.55477801    -0.2715533803    -0.2715533803
v      11.55477801    -0.3580469476      -0.14688862
v      11.55477801    -0.3904219885 -3.354516579e-17
v      11.55477801    -0.3580469476       0.14688862
v      11.55477801    -0.2715533803     0.2715533803
v      11.55477801      -0.14688862     0.3580469476
v      11.55477801 -4.210238179e-17     0.3904219885
v      11.55477801       0.14688862     0.3580469476
v      11.55477801     0.2715533803     0.2715533803
v      11.55477801     0.3580469476       0.14688862
v               12                0                0
v     0.4074747718     0.3550747718                0
v     0.4074747718     0.3256234937    -0.1335678981
v     0.4074747718     0.2469484659    -0.2469484659
v     0.4074747718     0.1335678981    -0.3256234937
v     0.4074747718 -1.421085472e-17    -0.3550747718
v     0.4074747718    -0.1335678981    -0.3256234937
v     0.4074747718    -0.2469484659    -0.2469484659
v     0.4074747718    -0.3256234937    -0.1335678981
v     0.4074747718    -0.3550747718 -2.734662657e-17
v     0.4074747718    -0.3256234937     0.1335678981
v     0.4074747718    -0.2469484659     0.2469484659
v     0.4074747718    -0.1335678981     0.3256234937
v     0.4074747718  -4.33322943e-17     0.3550747718
v     0.4074747718     0.1335678981     0.3256234937
v     0.4074747718     0.2469484659     0.2469484659
v     0.4074747718     0.3256234937     0.1335678981
v     0.9396591182     0.7284591182                0
v     0.9396591182     0.6694548739    -0.2782742161
v     0.9396591182     0.5104095403    -0.5104095403
v     0.9396591182     0.2782742161    -0.6694548739
v     0.9396591182 -1.598721155e-17    -0.7284591182
v     0.9396591182    -0.2782742161    -0.6694548739
v     0.9396591182    -0.5104095403    -0.5104095403
v     0.9396591182    -0.6694548739    -0.2782742161
v     0.9396591182    -0.7284591182  -3.07649549e-17
v     0.9396591182    -0.6694548739     0.2782742161
v     0.9396591182    -0.5104095403     0.5104095403
v     0.9396591182    -0.2782742161     0.6694548739
v     0.9396591182 -4.874883109e-17     0.7284591182
v     0.9396591182     0.2782742161     0.6694548739
v     0.9396591182     0.5104095403     0.5104095403
v     0.9396591182     0.6694548739     0.2782742161
v      1.543106079      1.064306079                0
v      1.543106079     0.9794653344    -0.4106690661
v      1.543106079     0.7493719205    -0.7493719205
v      1.543106079     0.4106690661    -0.9794653344
v      1.543106079 -1.065814104e-17     -1.064306079
v      1.543106079    -0.4106690661    -0.9794653344
v      1.543106079    -0.7493719205    -0.7493719205
v      1.543106079    -0.9794653344    -0.4106690661
v      1.543106079     -1.064306079 -2.050996993e-17
v      1.543106079    -0.9794653344     0.4106690661
v      1.543106079    -0.7493719205     0.7493719205
v      1.543106079    -0.4106690661     0.9794653344
v      1.543106079 -3.249922072e-17      1.064306079
v      1.543106079     0.4106690661     0.9794653344
v      1.543106079     0.7493719205     0.7493719205
v      1.543106079     0.9794653344     0.4106690661
v      2.164368693      1.306768693                0
v      2.164368693      1.203626069    -0.5073025604
v      2.164368693     0.9228243039    -0.9228243039
v      2.164368693     0.5073025604     -1.203626069
v      2.164368693 -3.552713679e-18     -1.306768693
v      2.164368693    -0.5073025604     -1.203626069
v      2.164368693    -0.9228243039    -0.9228243039
v      2.164368693     -1.203626069    -0.5073025604
v      2.164368693     -1.306768693 -6.836656644e-18
v      2.164368693     -1.203626069     0.5073025604
v      2.164368693    -0.9228243039     0.9228243039
v      2.164368693    -0.5073025604      1.203626069
v      2.164368693 -1.083307357e-17      1.306768693
v      2.164368693     0.5073025604      1.203626069
v      2.164368693     0.9228243039     0.9228243039
v      2.164368693      1.203626069     0.5073025604
v             2.75              1.4                0
v             2.75       1.28990827    -0.5447248113
v             2.75     0.9897553879    -0.9897553879
v             2.75     0.5447248113      -1.28990827
v             2.75                0             -1.4
v             2.75    -0.5447248113      -1.28990827
v             2.75    -0.9897553879    -0.9897553879
v             2.75      -1.28990827    -0.5447248113
v             2.75             -1.4                0
v             2.75      -1.28990827     0.5447248113
v             2.75    -0.9897553879     0.9897553879
v             2.75    -0.5447248113       1.28990827
v             2.75                0              1.4
v             2.75     0.5447248113       1.28990827
v             2.75     0.9897553879     0.9897553879
v             2.75       1.28990827     0.5447248113
v              3.3              1.4                0
v              3.3       1.28990827    -0.5447248113
v              3.3     0.9897553879    -0.9897553879
v              3.3     0.5447248113      -1.28990827
v              3.3                0             -1.4
v              3.3    -0.5447248113      -1.28990827
v              3.3    -0.9897553879    -0.9897553879
v              3.3      -1.28990827    -0.5447248113
v              3.3             -1.4                0
v              3.3      -1.28990827     0.5447248113
v              3.3    -0.9897553879     0.9897553879
v              3.3    -0.5447248113       1.28990827
v              3.3                0              1.4
v              3.3     0.5447248113       1.28990827
v              3.3     0.9897553879     0.9897553879
v              3.3       1.28990827     0.5447248113
v             3.85              1.4                0
v             3.85       1.28990827    -0.5447248113
v             3.85     0.9897553879    -0.9897553879
v             3.85     0.5447248113      -1.28990827
v             3.85                0             -1.4
v             3.85    -0.5447248113      -1.28990827
v             3.85    -0.9897553879    -0.9897553879
v             3.85      -1.28990827    -0.5447248113
v             3.85             -1.4                0
v             3.85      -1.28990827     0.5447248113
v             3.85    -0.9897553879     0.9897553879
v             3.85    -0.5447248113       1.28990827
v             3.85                0              1.4
v             3.85     0.5447248113       1.28990827
v             3.85     0.9897553879     0.9897553879
v             3.85       1.28990827     0.5447248113
v              4.4              1.4                0
v              4.4       1.28990827    -0.5447248113
v              4.4     0.9897553879    -0.9897553879
v              4.4     0.5447248113      -1.28990827
v              4.4                0             -1.4
v              4.4    -0.5447248113      -1.28990827
v              4.4    -0.9897553879    -0.9897553879
v              4.4      -1.28990827    -0.5447248113
v              4.4             -1.4                0
v              4.4      -1.28990827     0.5447248113
v              4.4    -0.9897553879     0.9897553879
v              4.4    -0.5447248113       1.28990827
v              4.4                0              1.4
v              4.4     0.5447248113       1.28990827
v              4.4     0.9897553879     0.9897553879
v              4.4       1.28990827     0.5447248113
v             4.95              1.4                0
v             4.95       1.28990827    -0.5447248113
v             4.95     0.9897553879    -0.9897553879
v             4.95     0.5447248113      -1.28990827
v             4.95                0             -1.4
v             4.95    -0.5447248113      -1.28990827
v             4.95    -0.9897553879    -0.9897553879
v             4.95      -1.28990827    -0.5447248113
v             4.95             -1.4                0
v             4.95      -1.28990827     0.5447248113
v             4.95    -0.9897553879     0.9897553879
v             4.95    -0.5447248113       1.28990827
v             4.95                0              1.4
v             4.95     0.5447248113       1.28990827
v             4.95     0.9897553879     0.9897553879
v             4.95       1.28990827     0.5447248113
v              5.5              1.4                0
v              5.5       1.28990827    -0.5447248113
v              5.5     0.9897553879    -0.9897553879
v              5.5     0.5447248113      -1.28990827
v              5.5                0             -1.4
v              5.5    -0.5447248113      -1.28990827
v              5.5    -0.9897553879    -0.9897553879
v              5.5      -1.28990827    -0.5447248113
v              5.5             -1.4                0
v              5.5      -1.28990827     0.5447248113
v              5.5    -0.9897553879     0.9897553879
v              5.5    -0.5447248113       1.28990827
v              5.5                0              1.4
v              5.5     0.5447248113       1.28990827
v              5.5     0.9897553879     0.9897553879
v              5.5       1.28990827     0.5447248113
v             6.05              1.4                0
v             6.05       1.28990827    -0.5447248113
v             6.05     0.9897553879    -0.9897553879
v             6.05     0.5447248113      -1.28990827
v             6.05                0             -1.4
v             6.05    -0.5447248113      -1.28990827
v             6.05    -0.9897553879    -0.9897553879
v             6.05      -1.28990827    -0.5447248113
v             6.05             -1.4                0
v             6.05      -1.28990827     0.5447248113
v             6.05    -0.9897553879     0.9897553879
v             6.05    -0.5447248113       1.28990827
v             6.05                0              1.4
v             6.05     0.5447248113       1.28990827
v             6.05     0.9897553879     0.9897553879
v             6.05       1.28990827     0.5447248113
v              6.6              1.4                0
v              6.6       1.28990827    -0.5447248113
v              6.6     0.9897553879    -0.9897553879
v              6.6     0.5447248113      -1.28990827
v              6.6                0             -1.4
v              6.6    -0.5447248113      -1.28990827
v              6.6    -0.9897553879    -0.9897553879
v              6.6      -1.28990827    -0.5447248113
v              6.6             -1.4                0
v              6.6      -1.28990827     0.5447248113
v              6.6    -0.9897553879     0.9897553879
v              6.6    -0.5447248113       1.28990827
v              6.6                0              1.4
v              6.6     0.5447248113       1.28990827
v              6.6     0.9897553879     0.9897553879
v              6.6       1.28990827     0.5447248113
v             7.15              1.4                0
v             7.15       1.28990827    -0.5447248113
v             7.15     0.9897553879    -0.9897553879
v             7.15     0.5447248113      -1.28990827
v             7.15                0             -1.4
v             7.15    -0.5447248113      -1.28990827
v             7.15    -0.9897553879    -0.9897553879
v             7.15      -1.28990827    -0.5447248113
v             7.15             -1.4                0
v             7.15      -1.28990827     0.5447248113
v             7.15    -0.9897553879     0.9897553879
v             7.15    -0.5447248113       1.28990827
v             7.15                0              1.4
v             7.15     0.5447248113       1.28990827
v             7.15     0.9897553879     0.9897553879
v             7.15       1.28990827     0.5447248113
v              7.7              1.4                0
v              7.7       1.28990827    -0.5447248113
v              7.7     0.9897553879    -0.9897553879
v              7.7     0.5447248113      -1.28990827
v              7.7                0             -1.4
v              7.7    -0.5447248113      -1.28990827
v              7.7    -0.9897553879    -0.9897553879
v              7.7      -1.28990827    -0.5447248113
v              7.7             -1.4                0
v              7.7      -1.28990827     0.5447248113
v              7.7    -0.9897553879     0.9897553879
v              7.7    -0.5447248113       1.28990827
v              7.7                0              1.4
v              7.7     0.5447248113       1.28990827
v              7.7     0.9897553879     0.9897553879
v              7.7       1.28990827     0.5447248113
v             8.25              1.4                0
v             8.25       1.28990827    -0.5447248113
v             8.25     0.9897553879    -0.9897553879
v             8.25     0.5447248113      -1.28990827
v             8.25                0             -1.4
v             8.25    -0.5447248113      -1.28990827
v             8.25    -0.9897553879    -0.9897553879
v             8.25      -1.28990827    -0.5447248113
v             8.25             -1.4                0
v             8.25      -1.28990827     0.5447248113
v             8.25    -0.9897553879     0.9897553879
v             8.25    -0.5447248113       1.28990827
v             8.25                0              1.4
v             8.25     0.5447248113       1.28990827
v             8.25     0.9897553879     0.9897553879
v             8.25       1.28990827     0.5447248113
v      8.835631307      1.306768693                0
v      8.835631307      1.203626069    -0.5073025604
v      8.835631307     0.9228243039    -0.9228243039
v      8.835631307     0.5073025604     -1.203626069
v      8.835631307 -3.552713679e-18     -1.306768693
v      8.835631307    -0.5073025604     -1.203626069
v      8.835631307    -0.9228243039    -0.9228243039
v      8.835631307     -1.203626069    -0.5073025604
v      8.835631307     -1.306768693 -6.836656644e-18
v      8.835631307     -1.203626069     0.5073025604
v      8.835631307    -0.9228243039     0.9228243039
v      8.835631307    -0.5073025604      1.203626069
v      8.835631307 -1.083307357e-17      1.306768693
v      8.835631307     0.5073025604      1.203626069
v      8.835631307     0.9228243039     0.9228243039
v      8.835631307      1.203626069     0.5073025604
v      9.456893921      1.064306079                0
v      9.456893921     0.9794653344    -0.4106690661
v      9.456893921     0.7493719205    -0.7493719205
v      9.456893921     0.4106690661    -0.9794653344
v      9.456893921 -1.065814104e-17     -1.064306079
v      9.456893921    -0.4106690661    -0.9794653344
v      9.456893921    -0.7493719205    -0.7493719205
v      9.456893921    -0.9794653344    -0.4106690661
v      9.456893921     -1.064306079 -2.050996993e-17
v      9.456893921    -0.9794653344     0.4106690661
v      9.456893921    -0.7493719205     0.7493719205
v      9.456893921    -0.4106690661     0.9794653344
v      9.456893921 -3.249922072e-17      1.064306079
v      9.456893921     0.4106690661     0.9794653344
v      9.456893921     0.7493719205     0.7493719205
v      9.456893921     0.9794653344     0.4106690661
v      10.06034088     0.7284591182                0
v      10.06034088     0.6694548739    -0.2782742161
v      10.06034088     0.5104095403    -0.5104095403
v      10.06034088     0.2782742161    -0.6694548739
v      10.06034088 -1.598721155e-17    -0.7284591182
v      10.06034088    -0.2782742161    -0.6694548739
v      10.06034088    -0.5104095403    -0.5104095403
v      10.06034088    -0.6694548739    -0.2782742161
v      10.06034088    -0.7284591182  -3.07649549e-17
v      10.06034088    -0.6694548739     0.2782742161
v      10.06034088    -0.5104095403     0.5104095403
v      10.06034088    -0.2782742161     0.6694548739
v      10.06034088 -4.874883109e-17     0.7284591182
v      10.06034088     0.2782742161     0.6694548739
v      10.06034088     0.5104095403     0.5104095403
v      10.06034088     0.6694548739     0.2782742161
v      10.59252523     0.3550747718                0
v      10.59252523     0.3256234937    -0.1335678981
v      10.59252523     0.2469484659    -0.2469484659
v      10.59252523     0.1335678981    -0.3256234937
v      10.59252523 -1.421085472e-17    -0.3550747718
v      10.59252523    -0.1335678981    -0.3256234937
v      10.59252523    -0.2469484659    -0.2469484659
v      10.59252523    -0.3256234937    -0.1335678981
v      10.59252523    -0.3550747718 -2.734662657e-17
v      10.59252523    -0.3256234937     0.1335678981
v      10.59252523    -0.2469484659     0.2469484659
v      10.59252523    -0.1335678981     0.3256234937
v      10.59252523  -4.33322943e-17     0.3550747718
v      10.59252523     0.1335678981     0.3256234937
v      10.59252523     0.2469484659     0.2469484659
v      10.59252523     0.3256234937     0.1335678981
v               11                0                0
v     0.4303483378     0.3897483378                0
v     0.4303483378     0.3574691516    -0.1467551525
v     0.4303483378     0.2711914798    -0.2711914798
v     0.4303483378     0.1467551525    -0.3574691516
v     0.4303483378 -3.552713679e-17    -0.3897483378
v     0.4303483378    -0.1467551525    -0.3574691516
v     0.4303483378    -0.2711914798    -0.2711914798
v     0.4303483378    -0.3574691516    -0.1467551525
v     0.4303483378    -0.3897483378 -3.311042831e-17
v     0.4303483378    -0.3574691516     0.1467551525
v     0.4303483378    -0.2711914798     0.2711914798
v     0.4303483378    -0.1467551525     0.3574691516
v     0.4303483378 -4.152384839e-17     0.3897483378
v     0.4303483378     0.1467551525     0.3574691516
v     0.4303483378     0.2711914798     0.2711914798
v     0.4303483378     0.3574691516     0.1467551525
v       0.98726688       0.81446688                0
v       0.98726688     0.7485853025    -0.3113970673
v       0.98726688     0.5709104332    -0.5709104332
v       0.98726688     0.3113970673    -0.7485853025
v       0.98726688 -3.996802889e-17      -0.81446688
v       0.98726688    -0.3113970673    -0.7485853025
v       0.98726688    -0.5709104332    -0.5709104332
v       0.98726688    -0.7485853025    -0.3113970673
v       0.98726688      -0.81446688 -3.724923185e-17
v       0.98726688    -0.7485853025     0.3113970673
v       0.98726688    -0.5709104332     0.5709104332
v       0.98726688    -0.3113970673     0.7485853025
v       0.98726688 -4.671432944e-17       0.81446688
v       0.98726688     0.3113970673     0.7485853025
v       0.98726688     0.5709104332     0.5709104332
v       0.98726688     0.7485853025     0.3113970673
v      1.616511253      1.204311253                0
v      1.616511253      1.108384966    -0.4649156701
v      1.616511253     0.8481485482    -0.8481485482
v      1.616511253     0.4649156701     -1.108384966
v      1.616511253 -2.664535259e-17     -1.204311253
v      1.616511253    -0.4649156701     -1.108384966
v      1.616511253    -0.8481485482    -0.8481485482
v      1.616511253     -1.108384966    -0.4649156701
v      1.616511253     -1.204311253 -2.483282123e-17
v      1.616511253     -1.108384966     0.4649156701
v      1.616511253    -0.8481485482     0.8481485482
v      1.616511253    -0.4649156701      1.108384966
v      1.616511253 -3.114288629e-17      1.204311253
v      1.616511253     0.4649156701      1.108384966
v      1.616511253     0.8481485482     0.8481485482
v      1.616511253      1.108384966     0.4649156701
v      2.263837084      1.489437084                0
v      2.263837084      1.371904654    -0.5783008863
v      2.263837084      1.051897513     -1.051897513
v      2.263837084     0.5783008863     -1.371904654
v      2.263837084 -8.881784197e-18     -1.489437084
v      2.263837084    -0.5783008863     -1.371904654
v      2.263837084     -1.051897513     -1.051897513
v      2.263837084     -1.371904654    -0.5783008863
v      2.263837084     -1.489437084 -8.277607078e-18
v      2.263837084     -1.371904654     0.5783008863
v      2.263837084     -1.051897513      1.051897513
v      2.263837084    -0.5783008863      1.371904654
v      2.263837084  -1.03809621e-17      1.489437084
v      2.263837084     0.5783008863      1.371904654
v      2.263837084      1.051897513      1.051897513
v      2.263837084      1.371904654     0.5783008863
v            2.875              1.6                0
v            2.875      1.474180881    -0.6225426415
v            2.875      1.131149015     -1.131149015
v            2.875     0.6225426415     -1.474180881
v            2.875                0             -1.6
v            2.875    -0.6225426415     -1.474180881
v            2.875     -1.131149015     -1.131149015
v            2.875     -1.474180881    -0.6225426415
v            2.875             -1.6                0
v            2.875     -1.474180881     0.6225426415
v            2.875     -1.131149015      1.131149015
v            2.875    -0.6225426415      1.474180881
v            2.875                0              1.6
v            2.875     0.6225426415      1.474180881
v            2.875      1.131149015      1.131149015
v            2.875      1.474180881     0.6225426415
v             3.45              1.6                0
v             3.45      1.474180881    -0.6225426415
v             3.45      1.131149015     -1.131149015
v             3.45     0.6225426415     -1.474180881
v             3.45                0             -1.6
v             3.45    -0.6225426415     -1.474180881
v             3.45     -1.131149015     -1.131149015
v             3.45     -1.474180881    -0.6225426415
v             3.45             -1.6                0
v             3.45     -1.474180881     0.6225426415
v             3.45     -1.131149015      1.131149015
v             3.45    -0.6225426415      1.474180881
v             3.45                0              1.6
v             3.45     0.6225426415      1.474180881
v             3.45      1.131149015      1.131149015
v             3.45      1.474180881     0.6225426415
v            4.025              1.6                0
v            4.025      1.474180881    -0.6225426415
v            4.025      1.131149015     -1.131149015
v            4.025     0.6225426415     -1.474180881
v            4.025                0             -1.6
v            4.025    -0.6225426415     -1.474180881
v            4.025     -1.131149015     -1.131149015
v            4.025     -1.474180881    -0.6225426415
v            4.025             -1.6                0
v            4.025     -1.474180881     0.6225426415
v            4.025     -1.131149015      1.131149015
v            4.025    -0.6225426415      1.474180881
v            4.025                0              1.6
v            4.025     0.6225426415      1.474180881
v            4.025      1.131149015      1.131149015
v            4.025      1.474180881     0.6225426415
v              4.6              1.6                0
v              4.6      1.474180881    -0.6225426415
v              4.6      1.131149015     -1.131149015
v              4.6     0.6225426415     -1.474180881
v              4.6                0             -1.6
v              4.6    -0.6225426415     -1.474180881
v              4.6     -1.131149015     -1.131149015
v              4.6     -1.474180881    -0.6225426415
v              4.6             -1.6                0
v              4.6     -1.474180881     0.6225426415
v              4.6     -1.131149015      1.131149015
v              4.6    -0.6225426415      1.474180881
v              4.6                0              1.6
v              4.6     0.6225426415      1.474180881
v              4.6      1.131149015      1.131149015
v              4.6      1.474180881     0.6225426415
v            5.175              1.6                0
v            5.175      1.474180881    -0.6225426415
v            5.175      1.131149015     -1.131149015
v            5.175     0.6225426415     -1.474180881
v            5.175                0             -1.6
v            5.175    -0.6225426415     -1.474180881
v            5.175     -1.131149015     -1.131149015
v            5.175     -1.474180881    -0.6225426415
v            5.175             -1.6                0
v            5.175     -1.474180881     0.6225426415
v            5.175     -1.131149015      1.131149015
v            5.175    -0.6225426415      1.474180881
v            5.175                0              1.6
v            5.175     0.6225426415      1.474180881
v            5.175      1.131149015      1.131149015
v            5.175      1.474180881     0.6225426415
v             5.75              1.6                0
v             5.75      1.474180881    -0.6225426415
v             5.75      1.131149015     -1.131149015
v             5.75     0.6225426415     -1.474180881
v             5.75                0             -1.6
v             5.75    -0.6225426415     -1.474180881
v             5.75     -1.131149015     -1.131149015
v             5.75     -1.474180881    -0.6225426415
v             5.75             -1.6                0
v             5.75     -1.474180881     0.6225426415
v             5.75     -1.131149015      1.131149015
v             5.75    -0.6225426415      1.474180881
v             5.75                0              1.6
v             5.75     0.6225426415      1.474180881
v             5.75      1.131149015      1.131149015
v             5.75      1.474180881     0.6225426415
v            6.325              1.6                0
v            6.325      1.474180881    -0.6225426415
v            6.325      1.131149015     -1.131149015
v            6.325     0.6225426415     -1.474180881
v            6.325                0             -1.6
v            6.325    -0.6225426415     -1.474180881
v            6.325     -1.131149015     -1.131149015
v            6.325     -1.474180881    -0.6225426415
v            6.325             -1.6                0
v            6.325     -1.474180881     0.6225426415
v            6.325     -1.131149015      1.131149015
v            6.325    -0.6225426415      1.474180881
v            6.325                0              1.6
v            6.325     0.6225426415      1.474180881
v            6.325      1.131149015      1.131149015
v            6.325      1.474180881     0.6225426415
v              6.9              1.6                0
v              6.9      1.474180881    -0.6225426415
v              6.9      1.131149015     -1.131149015
v              6.9     0.6225426415     -1.474180881
v              6.9                0             -1.6
v              6.9    -0.6225426415     -1.474180881
v              6.9     -1.131149015     -1.131149015
v              6.9     -1.474180881    -0.6225426415
v              6.9             -1.6                0
v              6.9     -1.474180881     0.6225426415
v              6.9     -1.131149015      1.131149015
v              6.9    -0.6225426415      1.474180881
v              6.9                0              1.6
v              6.9     0.6225426415      1.474180881
v              6.9      1.131149015      1.131149015
v              6.9      1.474180881     0.6225426415
v            7.475              1.6                0
v            7.475      1.474180881    -0.6225426415
v            7.475      1.131149015     -1.131149015
v            7.475     0.6225426415     -1.474180881
v            7.475                0             -1.6
v            7.475    -0.6225426415     -1.474180881
v            7.475     -1.131149015     -1.131149015
v            7.475     -1.474180881    -0.6225426415
v            7.475             -1.6                0
v            7.475     -1.474180881     0.6225426415
v            7.475     -1.131149015      1.131149015
v            7.475    -0.6225426415      1.474180881
v            7.475                0              1.6
v            7.475     0.6225426415      1.474180881
v            7.475      1.131149015      1.131149015
v            7.475      1.474180881     0.6225426415
v             8.05              1.6                0
v             8.05      1.474180881    -0.6225426415
v             8.05      1.131149015     -1.131149015
v             8.05     0.6225426415     -1.474180881
v             8.05                0             -1.6
v             8.05    -0.6225426415     -1.474180881
v             8.05     -1.131149015     -1.131149015
v             8.05     -1.474180881    -0.6225426415
v             8.05             -1.6                0
v             8.05     -1.474180881     0.6225426415
v             8.05     -1.131149015      1.131149015
v             8.05    -0.6225426415      1.474180881
v             8.05                0              1.6
v             8.05     0.6225426415      1.474180881
v             8.05      1.131149015      1.131149015
v             8.05      1.474180881     0.6225426415
v            8.625              1.6                0
v            8.625      1.474180881    -0.6225426415
v            8.625      1.131149015     -1.131149015
v            8.625     0.6225426415     -1.474180881
v            8.625                0             -1.6
v            8.625    -0.6225426415     -1.474180881
v            8.625     -1.131149015     -1.131149015
v            8.625     -1.474180881    -0.6225426415
v            8.625             -1.6                0
v            8.625     -1.474180881     0.6225426415
v            8.625     -1.131149015      1.131149015
v            8.625    -0.6225426415      1.474180881
v            8.625                0              1.6
v            8.625     0.6225426415      1.474180881
v            8.625      1.131149015      1.131149015
v            8.625      1.474180881     0.6225426415
v      9.236162916      1.489437084                0
v      9.236162916      1.371904654    -0.5783008863
v      9.236162916      1.051897513     -1.051897513
v      9.236162916     0.5783008863     -1.371904654
v      9.236162916 -8.881784197e-18     -1.489437084
v      9.236162916    -0.5783008863     -1.371904654
v      9.236162916     -1.051897513     -1.051897513
v      9.236162916     -1.371904654    -0.5783008863
v      9.236162916     -1.489437084 -8.277607078e-18
v      9.236162916     -1.371904654     0.5783008863
v      9.236162916     -1.051897513      1.051897513
v      9.236162916    -0.5783008863      1.371904654
v      9.236162916  -1.03809621e-17      1.489437084
v      9.236162916     0.5783008863      1.371904654
v      9.236162916      1.051897513      1.051897513
v      9.236162916      1.371904654     0.5783008863
v      9.883488747      1.204311253                0
v      9.883488747      1.108384966    -0.4649156701
v      9.883488747     0.8481485482    -0.8481485482
v      9.883488747     0.4649156701     -1.108384966
v      9.883488747 -2.664535259e-17     -1.204311253
v      9.883488747    -0.4649156701     -1.108384966
v      9.883488747    -0.8481485482    -0.8481485482
v      9.883488747     -1.108384966    -0.4649156701
v      9.883488747     -1.204311253 -2.483282123e-17
v      9.883488747     -1.108384966     0.4649156701
v      9.883488747    -0.8481485482     0.8481485482
v      9.883488747    -0.4649156701      1.108384966
v      9.883488747 -3.114288629e-17      1.204311253
v      9.883488747     0.4649156701      1.108384966
v      9.883488747     0.8481485482     0.8481485482
v      9.883488747      1.108384966     0.4649156701
v      10.51273312       0.81446688                0
v      10.51273312     0.7485853025    -0.3113970673
v      10.51273312     0.5709104332    -0.5709104332
v      10.51273312     0.3113970673    -0.7485853025
v      10.51273312 -3.996802889e-17      -0.81446688
v      10.51273312    -0.3113970673    -0.7485853025
v      10.51273312    -0.5709104332    -0.5709104332
v      10.51273312    -0.7485853025    -0.3113970673
v      10.51273312      -0.81446688 -3.724923185e-17
v      10.51273312    -0.7485853025     0.3113970673
v      10.51273312    -0.5709104332     0.5709104332
v      10.51273312    -0.3113970673     0.7485853025
v      10.51273312 -4.671432944e-17       0.81446688
v      10.51273312     0.3113970673     0.7485853025
v      10.51273312     0.5709104332     0.5709104332
v      10.51273312     0.7485853025     0.3113970673
v      11.06965166     0.3897483378                0
v      11.06965166     0.3574691516    -0.1467551525
v      11.06965166     0.2711914798    -0.2711914798
v      11.06965166     0.1467551525    -0.3574691516
v      11.06965166 -3.552713679e-17    -0.3897483378
v      11.06965166    -0.1467551525    -0.3574691516
v      11.06965166    -0.2711914798    -0.2711914798
v      11.06965166    -0.3574691516    -0.1467551525
v      11.06965166    -0.3897483378 -3.311042831e-17
v      11.06965166    -0.3574691516     0.1467551525
v      11.06965166    -0.2711914798     0.2711914798
v      11.06965166    -0.1467551525     0.3574691516
v      11.06965166 -4.152384839e-17     0.3897483378
v      11.06965166     0.1467551525     0.3574691516
v      11.06965166     0.2711914798     0.2711914798
v      11.06965166     0.3574691516     0.1467551525
v             11.5                0                0
g MeshGeom
f 1 2 3
f 3 2 4
f 2 5 4
f 4 5 6
f 5 7 6
f 6 7 8
f 7 9 8
f 8 9 10
f 9 11 10
f 10 11 12
f 11 13 12
f 12 13 14
f 13 15 14
f 14 15 16
f 15 17 16
f 16 17 18
f 17 19 18
f 17 20 19
f 20 21 19
f 20 22 21
f 22 23 21
f 22 24 23
f 24 25 23
f 24 26 25
f 26 27 25
f 26 28 27
f 28 29 27
f 28 30 29
f 30 31 29
f 30 32 31
f 32 33 31
f 32 34 33
f 34 35 33
f 33 35 36
f 35 37 36
f 36 37 38
f 37 39 38
f 38 39 40
f 39 41 40
f 40 41 42
f 41 43 42
f 42 43 44
f 43 45 44
f 44 45 46
f 45 47 46
f 46 47 48
f 47 49 48
f 48 49 50
f 49 51 50
f 49 52 51
f 52 53 51
f 52 54 53
f 54 55 53
f 54 56 55
f 56 57 55
f 56 58 57
f 58 59 57
f 58 60 59
f 60 61 59
f 60 62 61
f 62 63 61
f 62 64 63
f 64 3 63
f 64 1 3
f 3 4 65
f 65 4 66
f 4 6 66
f 66 6 67
f 6 8 67
f 67 8 68
f 8 10 68
f 68 10 69
f 10 12 69
f 69 12 70
f 12 14 70
f 70 14 71
f 14 16 71
f 71 16 72
f 16 18 72
f 72 18 73
f 18 74 73
f 18 19 74
f 19 75 74
f 19 21 75
f 21 76 75
f 21 23 76
f 23 77 76
f 23 25 77
f 25 78 77
f 25 27 78
f 27 79 78
f 27 29 79
f 29 80 79
f 29 31 80
f 31 81 80
f 31 33 81
f 33 36 81
f 81 36 82
f 36 38 82
f 82 38 83
f 38 40 83
f 83 40 84
f 40 42 84
f 84 42 85
f 42 44 85
f 85 44 86
f 44 46 86
f 86 46 87
f 46 48 87
f 87 48 88
f 48 50 88
f 88 50 89
f 50 90 89
f 50 51 90
f 51 91 90
f 51 53 91
f 53 92 91
f 53 55 92
f 55 93 92
f 55 57 93
f 57 94 93
f 57 59 94
f 59 95 94
f 59 61 95
f 61 96 95
f 61 63 96
f 63 65 96
f 63 3 65
f 65 66 97
f 97 66 98
f 66 67 98
f 98 67 99
f 67 68 99
f 99 68 100
f 68 69 100
f 100 69 101
f 69 70 101
f 101 70 102
f 70 71 102
f 102 71 103
f 71 72 103
f 103 72 104
f 72 73 104
f 104 73 105
f 73 106 105
f 73 74 106
f 74 107 106
f 74 75 107
f 75 108 107
f 75 76 108
f 76 109 108
f 76 77 109
f 77 110 109
f 77 78 110
f 78 111 110
f 78 79 111
f 79 112 111
f 79 80 112
f 80 113 112
f 80 81 113
f 81 82 113
f 113 82 114
f 82 83 114
f 114 83 115
f 83 84 115
f 115 84 116
f 84 85 116
f 116 85 117
f 85 86 117
f 117 86 118
f 86 87 118
f 118 87 119
f 87 88 119
f 119 88 120
f 88 89 120
f 120 89 121
f 89 122 121
f 89 90 122
f 90 123 122
f 90 91 123
f 91 124 123
f 91 92 124
f 92 125 124
f 92 93 125
f 93 126 125
f 93 94 126
f 94 127 126
f 94 95 127
f 95 128 127
f 95 96 128
f 96 97 128
f 96 65 97
f 97 98 129
f 129 98 130
f 98 99 130
f 130 99 131
f 99 100 131
f 131 100 132
f 100 101 132
f 132 101 133
f 101 102 133
f 133 102 134
f 102 103 134
f 134 103 135
f 103 104 135
f 135 104 136
f 104 105 136
f 136 105 137
f 105 138 137
f 105 106 138
f 106 139 138
f 106 107 139
f 107 140 139
f 107 108 140
f 108 141 140
f 108 109 141
f 109 142 141
f 109 110 142
f 110 143 142
f 110 111 143
f 111 144 143
f 111 112 144
f 112 145 144
f 112 113 145
f 113 114 145
f 145 114 146
f 114 115 146
f 146 115 147
f 115 116 147
f 147 116 148
f 116 117 148
f 148 117 149
f 117 118 149
f 149 118 150
f 118 119 150
f 150 119 151
f 119 120 151
f 151 120 152
f 120 121 152
f 152 121 153
f 121 154 153
f 121 122 154
f 122 155 154
f 122 123 155
f 123 156 155
f 123 124 156
f 124 157 156
f 124 125 157
f 125 158 157
f 125 126 158
f 126 159 158
f 126 127 159
f 127 160 159
f 127 128 160
f 128 129 160
f 128 97 129
f 129 130 161
f 161 130 162
f 130 131 162
f 162 131 163
f 131 132 163
f 163 132 164
f 132 133 164
f 164 133 165
f 133 134 165
f 165 134 166
f 134 135 166
f 166 135 167
f 135 136 167
f 167 136 168
f 136 137 168
f 168 137 169
f 137 170 169
f 137 138 170
f 138 171 170
f 138 139 171
f 139 172 171
f 139 140 172
f 140 173 172
f 140 141 173
f 141 174 173
f 141 142 174
f 142 175 174
f 142 143 175
f 143 176 175
f 143 144 176
f 144 177 176
f 144 145 177
f 145 146 177
f 177 146 178
f 146 147 178
f 178 147 179
f 147 148 179
f 179 148 180
f 148 149 180
f 180 149 181
f 149 150 181
f 181 150 182
f 150 151 182
f 182 151 183
f 151 152 183
f 183 152 184
f 152 153 184
f 184 153 185
f 153 186 185
f 153 154 186
f 154 187 186
f 154 155 187
f 155 188 187
f 155 156 188
f 156 189 188
f 156 157 189
f 157 190 189
f 157 158 190
f 158 191 190
f 158 159 191
f 159 192 191
f 159 160 192
f 160 161 192
f 160 129 161
f 161 162 193
f 193 162 194
f 162 163 194
f 194 163 195
f 163 164 195
f 195 164 196
f 164 165 196
f 196 165 197
f 165 166 197
f 197 166 198
f 166 167 198
f 198 167 199
f 167 168 199
f 199 168 200
f 168 169 200
f 200 169 201
f 169 202 201
f 169 170 202
f 170 203 202
f 170 171 203
f 171 204 203
f 171 172 204
f 172 205 204
f 172 173 205
f 173 206 205
f 173 174 206
f 174 207 206
f 174 175 207
f 175 208 207
f 175 176 208
f 176 209 208
f 176 177 209
f 177 178 209
f 209 178 210
f 178 179 210
f 210 179 211
f 179 180 211
f 211 180 212
f 180 181 212
f 212 181 213
f 181 182 213
f 213 182 214
f 182 183 214
f 214 183 215
f 183 184 215
f 215 184 216
f 184 185 216
f 216 185 217
f 185 218 217
f 185 186 218
f 186 219 218
f 186 187 219
f 187 220 219
f 187 188 220
f 188 221 220
f 188 189 221
f 189 222 221
f 189 190 222
f 190 223 222
f 190 191 223
f 191 224 223
f 191 192 224
f 192 193 224
f 192 161 193
f 193 194 225
f 225 194 226
f 194 195 226
f 226 195 227
f 195 196 227
f 227 196 228
f 196 197 228
f 228 197 229
f 197 198 229
f 229 198 230
f 198 199 230
f 230 199 231
f 199 200 231
f 231 200 232
f 200 201 232
f 232 201 233
f 201 234 233
f 201 202 234
f 202 235 234
f 202 203 235
f 203 236 235
f 203 204 236
f 204 237 236
f 204 205 237
f 205 238 237
f 205 206 238
f 206 239 238
f 206 207 239
f 207 240 239
f 207 208 240
f 208 241 240
f 208 209 241
f 209 210 241
f 241 210 242
f 210 211 242
f 242 211 243
f 211 212 243
f 243 212 244
f 212 213 244
f 244 213 245
f 213 214 245
f 245 214 246
f 214 215 246
f 246 215 247
f 215 216 247
f 247 216 248
f 216 217 248
f 248 217 249
f 217 250 249
f 217 218 250
f 218 251 250
f 218 219 251
f 219 252 251
f 219 220 252
f 220 253 252
f 220 221 253
f 221 254 253
f 221 222 254
f 222 255 254
f 222 223 255
f 223 256 255
f 223 224 256
f 224 225 256
f 224 193 225
f 225 226 257
f 257 226 258
f 226 227 258
f 258 227 259
f 227 228 259
f 259 228 260
f 228 229 260
f 260 229 261
f 229 230 261
f 261 230 262
f 230 231 262
f 262 231 263
f 231 232 263
f 263 232 264
f 232 233 264
f 264 233 265
f 233 266 265
f 233 234 266
f 234 267 266
f 234 235 267
f 235 268 267
f 235 236 268
f 236 269 268
f 236 237 269
f 237 270 269
f 237 238 270
f 238 271 270
f 238 239 271
f 239 272 271
f 239 240 272
f 240 273 272
f 240 241 273
f 241 242 273
f 273 242 274
f 242 243 274
f 274 243 275
f 243 244 275
f 275 244 276
f 244 245 276
f 276 245 277
f 245 246 277
f 277 246 278
f 246 247 278
f 278 247 279
f 247 248 279
f 279 248 280
f 248 249 280
f 280 249 281
f 249 282 281
f 249 250 282
f 250 283 282
f 250 251 283
f 251 284 283
f 251 252 284
f 252 285 284
f 252 253 285
f 253 286 285
f 253 254 286
f 254 287 286
f 254 255 287
f 255 288 287
f 255 256 288
f 256 257 288
f 256 225 257
f 257 258 289
f 289 258 290
f 258 259 290
f 290 259 291
f 259 260 291
f 291 260 292
f 260 261 292
f 292 261 293
f 261 262 293
f 293 262 294
f 262 263 294
f 294 263 295
f 263 264 295
f 295 264 296
f 264 265 296
f 296 265 297
f 265 298 297
f 265 266 298
f 266 299 298
f 266 267 299
f 267 300 299
f 267 268 300
f 268 301 300
f 268 269 301
f 269 302 301
f 269 270 302
f 270 303 302
f 270 271 303
f 271 304 303
f 271 272 304
f 272 305 304
f 272 273 305
f 273 274 305
f 305 274 306
f 274 275 306
f 306 275 307
f 275 276 307
f 307 276 308
f 276 277 308
f 308 277 309
f 277 278 309
f 309 278 310
f 278 279 310
f 310 279 311
f 279 280 311
f 311 280 312
f 280 281 312
f 312 281 313
f 281 314 313
f 281 282 314
f 282 315 314
f 282 283 315
f 283 316 315
f 283 284 316
f 284 317 316
f 284 285 317
f 285 318 317
f 285 286 318
f 286 319 318
f 286 287 319
f 287 320 319
f 287 288 320
f 288 289 320
f 288 257 289
f 289 290 321
f 321 290 322
f 290 291 322
f 322 291 323
f 291 292 323
f 323 292 324
f 292 293 324
f 324 293 325
f 293 294 325
f 325 294 326
f 294 295 326
f 326 295 327
f 295 296 327
f 327 296 328
f 296 297 328
f 328 297 329
f 297 330 329
f 297 298 330
f 298 331 330
f 298 299 331
f 299 332 331
f 299 300 332
f 300 333 332
f 300 301 333
f 301 334 333
f 301 302 334
f 302 335 334
f 302 303 335
f 303 336 335
f 303 304 336
f 304 337 336
f 304 305 337
f 305 306 337
f 337 306 338
f 306 307 338
f 338 307 339
f 307 308 339
f 339 308 340
f 308 309 340
f 340 309 341
f 309 310 341
f 341 310 342
f 310 311 342
f 342 311 343
f 311 312 343
f 343 312 344
f 312 313 344
f 344 313 345
f 313 346 345
f 313 314 346
f 314 347 346
f 314 315 347
f 315 348 347
f 315 316 348
f 316 349 348
f 316 317 349
f 317 350 349
f 317 318 350
f 318 351 350
f 318 319 351
f 319 352 351
f 319 320 352
f 320 321 352
f 320 289 321
f 321 322 353
f 353 322 354
f 322 323 354
f 354 323 355
f 323 324 355
f 355 324 356
f 324 325 356
f 356 325 357
f 325 326 357
f 357 326 358
f 326 327 358
f 358 327 359
f 327 328 359
f 359 328 360
f 328 329 360
f 360 329 361
f 329 362 361
f 329 330 362
f 330 363 362
f 330 331 363
f 331 364 363
f 331 332 364
f 332 365 364
f 332 333 365
f 333 366 365
f 333 334 366
f 334 367 366
f 334 335 367
f 335 368 367
f 335 336 368
f 336 369 368
f 336 337 369
f 337 338 369
f 369 338 370
f 338 339 370
f 370 339 371
f 339 340 371
f 371 340 372
f 340 341 372
f 372 341 373
f 341 342 373
f 373 342 374
f 342 343 374
f 374 343 375
f 343 344 375
f 375 344 376
f 344 345 376
f 376 345 377
f 345 378 377
f 345 346 378
f 346 379 378
f 346 347 379
f 347 380 379
f 347 348 380
f 348 381 380
f 348 349 381
f 349 382 381
f 349 350 382
f 350 383 382
f 350 351 383
f 351 384 383
f 351 352 384
f 352 353 384
f 352 321 353
f 353 354 385
f 385 354 386
f 354 355 386
f 386 355 387
f 355 356 387
f 387 356 388
f 356 357 388
f 388 357 389
f 357 358 389
f 389 358 390
f 358 359 390
f 390 359 391
f 359 360 391
f 391 360 392
f 360 361 392
f 392 361 393
f 361 394 393
f 361 362 394
f 362 395 394
f 362 363 395
f 363 396 395
f 363 364 396
f 364 397 396
f 364 365 397
f 365 398 397
f 365 366 398
f 366 399 398
f 366 367 399
f 367 400 399
f 367 368 400
f 368 401 400
f 368 369 401
f 369 370 401
f 401 370 402
f 370 371 402
f 402 371 403
f 371 372 403
f 403 372 404
f 372 373 404
f 404 373 405
f 373 374 405
f 405 374 406
f 374 375 406
f 406 375 407
f 375 376 407
f 407 376 408
f 376 377 408
f 408 377 409
f 377 410 409
f 377 378 410
f 378 411 410
f 378 379 411
f 379 412 411
f 379 380 412
f 380 413 412
f 380 381 413
f 381 414 413
f 381 382 414
f 382 415 414
f 382 383 415
f 383 416 415
f 383 384 416
f 384 385 416
f 384 353 385
f 385 386 417
f 417 386 418
f 386 387 418
f 418 387 419
f 387 388 419
f 419 388 420
f 388 389 420
f 420 389 421
f 389 390 421
f 421 390 422
f 390 391 422
f 422 391 423
f 391 392 423
f 423 392 424
f 392 393 424
f 424 393 425
f 393 426 425
f 393 394 426
f 394 427 426
f 394 395 427
f 395 428 427
f 395 396 428
f 396 429 428
f 396 397 429
f 397 430 429
f 397 398 430
f 398 431 430
f 398 399 431
f 399 432 431
f 399 400 432
f 400 433 432
f 400 401 433
f 401 402 433
f 433 402 434
f 402 403 434
f 434 403 435
f 403 404 435
f 435 404 436
f 404 405 436
f 436 405 437
f 405 406 437
f 437 406 438
f 406 407 438
f 438 407 439
f 407 408 439
f 439 408 440
f 408 409 440
f 440 409 441
f 409 442 441
f 409 410 442
f 410 443 442
f 410 411 443
f 411 444 443
f 411 412 444
f 412 445 444
f 412 413 445
f 413 446 445
f 413 414 446
f 414 447 446
f 414 415 447
f 415 448 447
f 415 416 448
f 416 417 448
f 416 385 417
f 417 449 450
f 417 418 449
f 418 451 449
f 418 419 451
f 419 452 451
f 419 420 452
f 420 453 452
f 420 421 453
f 421 454 453
f 421 422 454
f 422 455 454
f 422 423 455
f 423 456 455
f 423 424 456
f 424 457 456
f 424 425 457
f 425 426 457
f 457 426 458
f 426 427 458
f 458 427 459
f 427 428 459
f 459 428 460
f 428 429 460
f 460 429 461
f 429 430 461
f 461 430 462
f 430 431 462
f 462 431 463
f 431 432 463
f 463 432 464
f 432 433 464
f 464 433 465
f 433 466 465
f 433 434 466
f 434 467 466
f 434 435 467
f 435 468 467
f 435 436 468
f 436 469 468
f 436 437 469
f 437 470 469
f 437 438 470
f 438 471 470
f 438 439 471
f 439 472 471
f 439 440 472
f 440 473 472
f 440 441 473
f 441 442 473
f 473 442 474
f 442 443 474
f 474 443 475
f 443 444 475
f 475 444 476
f 444 445 476
f 476 445 477
f 445 446 477
f 477 446 478
f 446 447 478
f 478 447 479
f 447 448 479
f 479 448 480
f 448 417 480
f 480 417 450
f 450 481 482
f 450 449 481
f 449 483 481
f 449 451 483
f 451 484 483
f 451 452 484
f 452 485 484
f 452 453 485
f 453 486 485
f 453 454 486
f 454 487 486
f 454 455 487
f 455 488 487
f 455 456 488
f 456 489 488
f 456 457 489
f 457 458 489
f 489 458 490
f 458 459 490
f 490 459 491
f 459 460 491
f 491 460 492
f 460 461 492
f 492 461 493
f 461 462 493
f 493 462 494
f 462 463 494
f 494 463 495
f 463 464 495
f 495 464 496
f 464 465 496
f 496 465 497
f 465 498 497
f 465 466 498
f 466 499 498
f 466 467 499
f 467 500 499
f 467 468 500
f 468 501 500
f 468 469 501
f 469 502 501
f 469 470 502
f 470 503 502
f 470 471 503
f 471 504 503
f 471 472 504
f 472 505 504
f 472 473 505
f 473 474 505
f 505 474 506
f 474 475 506
f 506 475 507
f 475 476 507
f 507 476 508
f 476 477 508
f 508 477 509
f 477 478 509
f 509 478 510
f 478 479 510
f 510 479 511
f 479 480 511
f 511 480 512
f 480 450 512
f 512 450 482
f 482 513 514
f 482 481 513
f 481 515 513
f 481 483 515
f 483 516 515
f 483 484 516
f 484 517 516
f 484 485 517
f 485 518 517
f 485 486 518
f 486 519 518
f 486 487 519
f 487 520 519
f 487 488 520
f 488 521 520
f 488 489 521
f 489 490 521
f 521 490 522
f 490 491 522
f 522 491 523
f 491 492 523
f 523 492 524
f 492 493 524
f 524 493 525
f 493 494 525
f 525 494 526
f 494 495 526
f 526 495 527
f 495 496 527
f 527 496 528
f 496 497 528
f 528 497 529
f 497 530 529
f 497 498 530
f 498 531 530
f 498 499 531
f 499 532 531
f 499 500 532
f 500 533 532
f 500 501 533
f 501 534 533
f 501 502 534
f 502 535 534
f 502 503 535
f 503 536 535
f 503 504 536
f 504 537 536
f 504 505 537
f 505 506 537
f 537 506 538
f 506 507 538
f 538 507 539
f 507 508 539
f 539 508 540
f 508 509 540
f 540 509 541
f 509 510 541
f 541 510 542
f 510 511 542
f 542 511 543
f 511 512 543
f 543 512 544
f 512 482 544
f 544 482 514
f 514 545 546
f 514 513 545
f 513 547 545
f 513 515 547
f 515 548 547
f 515 516 548
f 516 549 548
f 516 517 549
f 517 550 549
f 517 518 550
f 518 551 550
f 518 519 551
f 519 552 551
f 519 520 552
f 520 553 552
f 520 521 553
f 521 522 553
f 553 522 554
f 522 523 554
f 554 523 555
f 523 524 555
f 555 524 556
f 524 525 556
f 556 525 557
f 525 526 557
f 557 526 558
f 526 527 558
f 558 527 559
f 527 528 559
f 559 528 560
f 528 529 560
f 560 529 561
f 529 562 561
f 529 530 562
f 530 563 562
f 530 531 563
f 531 564 563
f 531 532 564
f 532 565 564
f 532 533 565
f 533 566 565
f 533 534 566
f 534 567 566
f 534 535 567
f 535 568 567
f 535 536 568
f 536 569 568
f 536 537 569
f 537 538 569
f 569 538 570
f 538 539 570
f 570 539 571
f 539 540 571
f 571 540 572
f 540 541 572
f 572 541 573
f 541 542 573
f 573 542 574
f 542 543 574
f 574 543 575
f 543 544 575
f 575 544 576
f 544 514 576
f 576 514 546
f 546 577 578
f 546 545 577
f 545 579 577
f 545 547 579
f 547 580 579
f 547 548 580
f 548 581 580
f 548 549 581
f 549 582 581
f 549 550 582
f 550 583 582
f 550 551 583
f 551 584 583
f 551 552 584
f 552 585 584
f 552 553 585
f 553 554 585
f 585 554 586
f 554 555 586
f 586 555 587
f 555 556 587
f 587 556 588
f 556 557 588
f 588 557 589
f 557 558 589
f 589 558 590
f 558 559 590
f 590 559 591
f 559 560 591
f 591 560 592
f 560 561 592
f 592 561 593
f 561 594 593
f 561 562 594
f 562 595 594
f 562 563 595
f 563 596 595
f 563 564 596
f 564 597 596
f 564 565 597
f 565 598 597
f 565 566 598
f 566 599 598
f 566 567 599
f 567 600 599
f 567 568 600
f 568 601 600
f 568 569 601
f 569 570 601
f 601 570 602
f 570 571 602
f 602 571 603
f 571 572 603
f 603 572 604
f 572 573 604
f 604 573 605
f 573 574 605
f 605 574 606
f 574 575 606
f 606 575 607
f 575 576 607
f 607 576 608
f 576 546 608
f 608 546 578
f 578 609 610
f 578 577 609
f 577 611 609
f 577 579 611
f 579 612 611
f 579 580 612
f 580 613 612
f 580 581 613
f 581 614 613
f 581 582 614
f 582 615 614
f 582 583 615
f 583 616 615
f 583 584 616
f 584 617 616
f 584 585 617
f 585 586 617
f 617 586 618
f 586 587 618
f 618 587 619
f 587 588 619
f 619 588 620
f 588 589 620
f 620 589 621
f 589 590 621
f 621 590 622
f 590 591 622
f 622 591 623
f 591 592 623
f 623 592 624
f 592 593 624
f 624 593 625
f 593 626 625
f 593 594 626
f 594 627 626
f 594 595 627
f 595 628 627
f 595 596 628
f 596 629 628
f 596 597 629
f 597 630 629
f 597 598 630
f 598 631 630
f 598 599 631
f 599 632 631
f 599 600 632
f 600 633 632
f 600 601 633
f 601 602 633
f 633 602 634
f 602 603 634
f 634 603 635
f 603 604 635
f 635 604 636
f 604 605 636
f 636 605 637
f 605 606 637
f 637 606 638
f 606 607 638
f 638 607 639
f 607 608 639
f 639 608 640
f 608 578 640
f 640 578 610
f 610 641 642
f 610 609 641
f 609 643 641
f 609 611 643
f 611 644 643
f 611 612 644
f 612 645 644
f 612 613 645
f 613 646 645
f 613 614 646
f 614 647 646
f 614 615 647
f 615 648 647
f 615 616 648
f 616 649 648
f 616 617 649
f 617 618 649
f 649 618 650
f 618 619 650
f 650 619 651
f 619 620 651
f 651 620 652
f 620 621 652
f 652 621 653
f 621 622 653
f 653 622 654
f 622 623 654
f 654 623 655
f 623 624 655
f 655 624 656
f 624 625 656
f 656 625 657
f 625 658 657
f 625 626 658
f 626 659 658
f 626 627 659
f 627 660 659
f 627 628 660
f 628 661 660
f 628 629 661
f 629 662 661
f 629 630 662
f 630 663 662
f 630 631 663
f 631 664 663
f 631 632 664
f 632 665 664
f 632 633 665
f 633 634 665
f 665 634 666
f 634 635 666
f 666 635 667
f 635 636 667
f 667 636 668
f 636 637 668
f 668 637 669
f 637 638 669
f 669 638 670
f 638 639 670
f 670 639 671
f 639 640 671
f 671 640 672
f 640 610 672
f 672 610 642
f 642 641 673
f 641 674 673
f 641 643 674
f 643 675 674
f 643 644 675
f 644 676 675
f 644 645 676
f 645 677 676
f 645 646 677
f 646 678 677
f 646 647 678
f 647 679 678
f 647 648 679
f 648 680 679
f 648 649 680
f 649 650 680
f 680 650 681
f 650 651 681
f 681 651 682
f 651 652 682
f 682 652 683
f 652 653 683
f 683 653 684
f 653 654 684
f 684 654 685
f 654 655 685
f 685 655 686
f 655 656 686
f 686 656 687
f 656 657 687
f 657 658 688
f 658 689 688
f 658 659 689
f 659 690 689
f 659 660 690
f 660 691 690
f 660 661 691
f 661 692 691
f 661 662 692
f 662 693 692
f 662 663 693
f 663 694 693
f 663 664 694
f 664 695 694
f 664 665 695
f 665 666 695
f 695 666 696
f 666 667 696
f 696 667 697
f 667 668 697
f 697 668 698
f 668 669 698
f 698 669 699
f 669 670 699
f 699 670 700
f 670 671 700
f 700 671 701
f 671 672 701
f 701 672 702
f 672 642 702
f 642 673 703
f 673 704 703
f 673 674 704
f 674 705 704
f 674 675 705
f 675 706 705
f 675 676 706
f 676 707 706
f 676 677 707
f 677 708 707
f 677 678 708
f 678 709 708
f 678 679 709
f 679 710 709
f 679 680 710
f 680 681 710
f 710 681 711
f 681 682 711
f 711 682 712
f 682 683 712
f 712 683 713
f 683 684 713
f 713 684 714
f 684 685 714
f 714 685 715
f 685 686 715
f 715 686 716
f 686 687 716
f 716 687 717
f 687 657 717
f 657 688 717
f 688 716 717
f 688 689 716
f 689 715 716
f 689 690 715
f 690 714 715
f 690 691 714
f 691 713 714
f 691 692 713
f 692 712 713
f 692 693 712
f 693 711 712
f 693 694 711
f 694 710 711
f 694 695 710
f 695 696 710
f 710 696 709
f 696 697 709
f 709 697 708
f 697 698 708
f 708 698 707
f 698 699 707
f 707 699 706
f 699 700 706
f 706 700 705
f 700 701 705
f 705 701 704
f 701 702 704
f 704 702 703
f 702 642 703
f 1 718 2
f 718 719 2
f 2 719 5
f 719 720 5
f 5 720 7
f 720 721 7
f 7 721 9
f 721 722 9
f 9 722 11
f 722 723 11
f 11 723 13
f 723 724 13
f 13 724 15
f 724 725 15
f 15 725 17
f 725 726 17
f 17 726 727
f 17 727 20
f 20 727 728
f 20 728 22
f 22 728 729
f 22 729 24
f 24 729 730
f 24 730 26
f 26 730 731
f 26 731 28
f 28 731 732
f 28 732 30
f 30 732 733
f 30 733 32
f 32 733 734
f 32 734 34
f 34 734 35
f 734 735 35
f 35 735 37
f 735 736 37
f 37 736 39
f 736 737 39
f 39 737 41
f 737 738 41
f 41 738 43
f 738 739 43
f 43 739 45
f 739 740 45
f 45 740 47
f 740 741 47
f 47 741 49
f 741 742 49
f 49 742 743
f 49 743 52
f 52 743 744
f 52 744 54
f 54 744 745
f 54 745 56
f 56 745 746
f 56 746 58
f 58 746 747
f 58 747 60
f 60 747 748
f 60 748 62
f 62 748 749
f 62 749 64
f 64 749 718
f 64 718 1
f 718 750 719
f 750 751 719
f 719 751 720
f 751 752 720
f 720 752 721
f 752 753 721
f 721 753 722
f 753 754 722
f 722 754 723
f 754 755 723
f 723 755 724
f 755 756 724
f 724 756 725
f 756 757 725
f 725 757 726
f 757 758 726
f 726 758 759
f 726 759 727
f 727 759 760
f 727 760 728
f 728 760 761
f 728 761 729
f 729 761 762
f 729 762 730
f 730 762 763
f 730 763 731
f 731 763 764
f 731 764 732
f 732 764 765
f 732 765 733
f 733 765 766
f 733 766 734
f 734 766 735
f 766 767 735
f 735 767 736
f 767 768 736
f 736 768 737
f 768 769 737
f 737 769 738
f 769 770 738
f 738 770 739
f 770 771 739
f 739 771 740
f 771 772 740
f 740 772 741
f 772 773 741
f 741 773 742
f 773 774 742
f 742 774 775
f 742 775 743
f 743 775 776
f 743 776 744
f 744 776 777
f 744 777 745
f 745 777 778
f 745 778 746
f 746 778 779
f 746 779 747
f 747 779 780
f 747 780 748
f 748 780 781
f 748 781 749
f 749 781 750
f 749 750 718
f 750 782 751
f 782 783 751
f 751 783 752
f 783 784 752
f 752 784 753
f 784 785 753
f 753 785 754
f 785 786 754
f 754 786 755
f 786 787 755
f 755 787 756
f 787 788 756
f 756 788 757
f 788 789 757
f 757 789 758
f 789 790 758
f 758 790 791
f 758 791 759
f 759 791 792
f 759 792 760
f 760 792 793
f 760 793 761
f 761 793 794
f 761 794 762
f 762 794 795
f 762 795 763
f 763 795 796
f 763 796 764
f 764 796 797
f 764 797 765
f 765 797 798
f 765 798 766
f 766 798 767
f 798 799 767
f 767 799 768
f 799 800 768
f 768 800 769
f 800 801 769
f 769 801 770
f 801 802 770
f 770 802 771
f 802 803 771
f 771 803 772
f 803 804 772
f 772 804 773
f 804 805 773
f 773 805 774
f 805 806 774
f 774 806 807
f 774 807 775
f 775 807 808
f 775 808 776
f 776 808 809
f 776 809 777
f 777 809 810
f 777 810 778
f 778 810 811
f 778 811 779
f 779 811 812
f 779 812 780
f 780 812 813
f 780 813 781
f 781 813 782
f 781 782 750
f 782 814 783
f 814 815 783
f 783 815 784
f 815 816 784
f 784 816 785
f 816 817 785
f 785 817 786
f 817 818 786
f 786 818 787
f 818 819 787
f 787 819 788
f 819 820 788
f 788 820 789
f 820 821 789
f 789 821 790
f 821 822 790
f 790 822 823
f 790 823 791
f 791 823 824
f 791 824 792
f 792 824 825
f 792 825 793
f 793 825 826
f 793 826 794
f 794 826 827
f 794 827 795
f 795 827 828
f 795 828 796
f 796 828 829
f 796 829 797
f 797 829 830
f 797 830 798
f 798 830 799
f 830 831 799
f 799 831 800
f 831 832 800
f 800 832 801
f 832 833 801
f 801 833 802
f 833 834 802
f 802 834 803
f 834 835 803
f 803 835 804
f 835 836 804
f 804 836 805
f 836 837 805
f 805 837 806
f 837 838 806
f 806 838 839
f 806 839 807
f 807 839 840
f 807 840 808
f 808 840 841
f 808 841 809
f 809 841 842
f 809 842 810
f 810 842 843
f 810 843 811
f 811 843 844
f 811 844 812
f 812 844 845
f 812 845 813
f 813 845 814
f 813 814 782
f 814 846 815
f 846 847 815
f 815 847 816
f 847 848 816
f 816 848 817
f 848 849 817
f 817 849 818
f 849 850 818
f 818 850 819
f 850 851 819
f 819 851 820
f 851 852 820
f 820 852 821
f 852 853 821
f 821 853 822
f 853 854 822
f 822 854 855
f 822 855 823
f 823 855 856
f 823 856 824
f 824 856 857
f 824 857 825
f 825 857 858
f 825 858 826
f 826 858 859
f 826 859 827
f 827 859 860
f 827 860 828
f 828 860 861
f 828 861 829
f 829 861 862
f 829 862 830
f 830 862 831
f 862 863 831
f 831 863 832
f 863 864 832
f 832 864 833
f 864 865 833
f 833 865 834
f 865 866 834
f 834 866 835
f 866 867 835
f 835 867 836
f 867 868 836
f 836 868 837
f 868 869 837
f 837 869 838
f 869 870 838
f 838 870 871
f 838 871 839
f 839 871 872
f 839 872 840
f 840 872 873
f 840 873 841
f 841 873 874
f 841 874 842
f 842 874 875
f 842 875 843
f 843 875 876
f 843 876 844
f 844 876 877
f 844 877 845
f 845 877 846
f 845 846 814
f 846 878 847
f 878 879 847
f 847 879 848
f 879 880 848
f 848 880 849
f 880 881 849
f 849 881 850
f 881 882 850
f 850 882 851
f 882 883 851
f 851 883 852
f 883 884 852
f 852 884 853
f 884 885 853
f 853 885 854
f 885 886 854
f 854 886 887
f 854 887 855
f 855 887 888
f 855 888 856
f 856 888 889
f 856 889 857
f 857 889 890
f 857 890 858
f 858 890 891
f 858 891 859
f 859 891 892
f 859 892 860
f 860 892 893
f 860 893 861
f 861 893 894
f 861 894 862
f 862 894 863
f 894 895 863
f 863 895 864
f 895 896 864
f 864 896 865
f 896 897 865
f 865 897 866
f 897 898 866
f 866 898 867
f 898 899 867
f 867 899 868
f 899 900 868
f 868 900 869
f 900 901 869
f 869 901 870
f 901 902 870
f 870 902 903
f 870 903 871
f 871 903 904
f 871 904 872
f 872 904 905
f 872 905 873
f 873 905 906
f 873 906 874
f 874 906 907
f 874 907 875
f 875 907 908
f 875 908 876
f 876 908 909
f 876 909 877
f 877 909 878
f 877 878 846
f 878 910 879
f 910 911 879
f 879 911 880
f 911 912 880
f 880 912 881
f 912 913 881
f 881 913 882
f 913 914 882
f 882 914 883
f 914 915 883
f 883 915 884
f 915 916 884
f 884 916 885
f 916 917 885
f 885 917 886
f 917 918 886
f 886 918 919
f 886 919 887
f 887 919 920
f 887 920 888
f 888 920 921
f 888 921 889
f 889 921 922
f 889 922 890
f 890 922 923
f 890 923 891
f 891 923 924
f 891 924 892
f 892 924 925
f 892 925 893
f 893 925 926
f 893 926 894
f 894 926 895
f 926 927 895
f 895 927 896
f 927 928 896
f 896 928 897
f 928 929 897
f 897 929 898
f 929 930 898
f 898 930 899
f 930 931 899
f 899 931 900
f 931 932 900
f 900 932 901
f 932 933 901
f 901 933 902
f 933 934 902
f 902 934 935
f 902 935 903
f 903 935 936
f 903 936 904
f 904 936 937
f 904 937 905
f 905 937 938
f 905 938 906
f 906 938 939
f 906 939 907
f 907 939 940
f 907 940 908
f 908 940 941
f 908 941 909
f 909 941 910
f 909 910 878
f 910 942 911
f 942 943 911
f 911 943 912
f 943 944 912
f 912 944 913
f 944 945 913
f 913 945 914
f 945 946 914
f 914 946 915
f 946 947 915
f 915 947 916
f 947 948 916
f 916 948 917
f 948 949 917
f 917 949 918
f 949 950 918
f 918 950 951
f 918 951 919
f 919 951 952
f 919 952 920
f 920 952 953
f 920 953 921
f 921 953 954
f 921 954 922
f 922 954 955
f 922 955 923
f 923 955 956
f 923 956 924
f 924 956 957
f 924 957 925
f 925 957 958
f 925 958 926
f 926 958 927
f 958 959 927
f 927 959 928
f 959 960 928
f 928 960 929
f 960 961 929
f 929 961 930
f 961 962 930
f 930 962 931
f 962 963 931
f 931 963 932
f 963 964 932
f 932 964 933
f 964 965 933
f 933 965 934
f 965 966 934
f 934 966 967
f 934 967 935
f 935 967 968
f 935 968 936
f 936 968 969
f 936 969 937
f 937 969 970
f 937 970 938
f 938 970 971
f 938 971 939
f 939 971 972
f 939 972 940
f 940 972 973
f 940 973 941
f 941 973 942
f 941 942 910
f 942 974 943
f 974 975 943
f 943 975 944
f 975 976 944
f 944 976 945
f 976 977 945
f 945 977 946
f 977 978 946
f 946 978 947
f 978 979 947
f 947 979 948
f 979 980 948
f 948 980 949
f 980 981 949
f 949 981 950
f 981 982 950
f 950 982 983
f 950 983 951
f 951 983 984
f 951 984 952
f 952 984 985
f 952 985 953
f 953 985 986
f 953 986 954
f 954 986 987
f 954 987 955
f 955 987 988
f 955 988 956
f 956 988 989
f 956 989 957
f 957 989 990
f 957 990 958
f 958 990 959
f 990 991 959
f 959 991 960
f 991 992 960
f 960 992 961
f 992 993 961
f 961 993 962
f 993 994 962
f 962 994 963
f 994 995 963
f 963 995 964
f 995 996 964
f 964 996 965
f 996 997 965
f 965 997 966
f 997 998 966
f 966 998 999
f 966 999 967
f 967 999 1000
f 967 1000 968
f 968 1000 1001
f 968 1001 969
f 969 1001 1002
f 969 1002 970
f 970 1002 1003
f 970 1003 971
f 971 1003 1004
f 971 1004 972
f 972 1004 1005
f 972 1005 973
f 973 1005 974
f 973 974 942
f 974 1006 975
f 1006 1007 975
f 975 1007 976
f 1007 1008 976
f 976 1008 977
f 1008 1009 977
f 977 1009 978
f 1009 1010 978
f 978 1010 979
f 1010 1011 979
f 979 1011 980
f 1011 1012 980
f 980 1012 981
f 1012 1013 981
f 981 1013 982
f 1013 1014 982
f 982 1014 1015
f 982 1015 983
f 983 1015 1016
f 983 1016 984
f 984 1016 1017
f 984 1017 985
f 985 1017 1018
f 985 1018 986
f 986 1018 1019
f 986 1019 987
f 987 1019 1020
f 987 1020 988
f 988 1020 1021
f 988 1021 989
f 989 1021 1022
f 989 1022 990
f 990 1022 991
f 1022 1023 991
f 991 1023 992
f 1023 1024 992
f 992 1024 993
f 1024 1025 993
f 993 1025 994
f 1025 1026 994
f 994 1026 995
f 1026 1027 995
f 995 1027 996
f 1027 1028 996
f 996 1028 997
f 1028 1029 997
f 997 1029 998
f 1029 1030 998
f 998 1030 1031
f 998 1031 999
f 999 1031 1032
f 999 1032 1000
f 1000 1032 1033
f 1000 1033 1001
f 1001 1033 1034
f 1001 1034 1002
f 1002 1034 1035
f 1002 1035 1003
f 1003 1035 1036
f 1003 1036 1004
f 1004 1036 1037
f 1004 1037 1005
f 1005 1037 1006
f 1005 1006 974
f 1006 1038 1007
f 1038 1039 1007
f 1007 1039 1008
f 1039 1040 1008
f 1008 1040 1009
f 1040 1041 1009
f 1009 1041 1010
f 1041 1042 1010
f 1010 1042 1011
f 1042 1043 1011
f 1011 1043 1012
f 1043 1044 1012
f 1012 1044 1013
f 1044 1045 1013
f 1013 1045 1014
f 1045 1046 1014
f 1014 1046 1047
f 1014 1047 1015
f 1015 1047 1048
f 1015 1048 1016
f 1016 1048 1049
f 1016 1049 1017
f 1017 1049 1050
f 1017 1050 1018
f 1018 1050 1051
f 1018 1051 1019
f 1019 1051 1052
f 1019 1052 1020
f 1020 1052 1053
f 1020 1053 1021
f 1021 1053 1054
f 1021 1054 1022
f 1022 1054 1023
f 1054 1055 1023
f 1023 1055 1024
f 1055 1056 1024
f 1024 1056 1025
f 1056 1057 1025
f 1025 1057 1026
f 1057 1058 1026
f 1026 1058 1027
f 1058 1059 1027
f 1027 1059 1028
f 1059 1060 1028
f 1028 1060 1029
f 1060 1061 1029
f 1029 1061 1030
f 1061 1062 1030
f 1030 1062 1063
f 1030 1063 1031
f 1031 1063 1064
f 1031 1064 1032
f 1032 1064 1065
f 1032 1065 1033
f 1033 1065 1066
f 1033 1066 1034
f 1034 1066 1067
f 1034 1067 1035
f 1035 1067 1068
f 1035 1068 1036
f 1036 1068 1069
f 1036 1069 1037
f 1037 1069 1038
f 1037 1038 1006
f 1038 1070 1039
f 1070 1071 1039
f 1039 1071 1040
f 1071 1072 1040
f 1040 1072 1041
f 1072 1073 1041
f 1041 1073 1042
f 1073 1074 1042
f 1042 1074 1043
f 1074 1075 1043
f 1043 1075 1044
f 1075 1076 1044
f 1044 1076 1045
f 1076 1077 1045
f 1045 1077 1046
f 1077 1078 1046
f 1046 1078 1079
f 1046 1079 1047
f 1047 1079 1080
f 1047 1080 1048
f 1048 1080 1081
f 1048 1081 1049
f 1049 1081 1082
f 1049 1082 1050
f 1050 1082 1083
f 1050 1083 1051
f 1051 1083 1084
f 1051 1084 1052
f 1052 1084 1085
f 1052 1085 1053
f 1053 1085 1086
f 1053 1086 1054
f 1054 1086 1055
f 1086 1087 1055
f 1055 1087 1056
f 1087 1088 1056
f 1056 1088 1057
f 1088 1089 1057
f 1057 1089 1058
f 1089 1090 1058
f 1058 1090 1059
f 1090 1091 1059
f 1059 1091 1060
f 1091 1092 1060
f 1060 1092 1061
f 1092 1093 1061
f 1061 1093 1062
f 1093 1094 1062
f 1062 1094 1095
f 1062 1095 1063
f 1063 1095 1096
f 1063 1096 1064
f 1064 1096 1097
f 1064 1097 1065
f 1065 1097 1098
f 1065 1098 1066
f 1066 1098 1099
f 1066 1099 1067
f 1067 1099 1100
f 1067 1100 1068
f 1068 1100 1101
f 1068 1101 1069
f 1069 1101 1070
f 1069 1070 1038
f 1070 1102 1071
f 1102 1103 1071
f 1071 1103 1072
f 1103 1104 1072
f 1072 1104 1073
f 1104 1105 1073
f 1073 1105 1074
f 1105 1106 1074
f 1074 1106 1075
f 1106 1107 1075
f 1075 1107 1076
f 1107 1108 1076
f 1076 1108 1077
f 1108 1109 1077
f 1077 1109 1078
f 1109 1110 1078
f 1078 1110 1111
f 1078 1111 1079
f 1079 1111 1112
f 1079 1112 1080
f 1080 1112 1113
f 1080 1113 1081
f 1081 1113 1114
f 1081 1114 1082
f 1082 1114 1115
f 1082 1115 1083
f 1083 1115 1116
f 1083 1116 1084
f 1084 1116 1117
f 1084 1117 1085
f 1085 1117 1118
f 1085 1118 1086
f 1086 1118 1087
f 1118 1119 1087
f 1087 1119 1088
f 1119 1120 1088
f 1088 1120 1089
f 1120 1121 1089
f 1089 1121 1090
f 1121 1122 1090
f 1090 1122 1091
f 1122 1123 1091
f 1091 1123 1092
f 1123 1124 1092
f 1092 1124 1093
f 1124 1125 1093
f 1093 1125 1094
f 1125 1126 1094
f 1094 1126 1127
f 1094 1127 1095
f 1095 1127 1128
f 1095 1128 1096
f 1096 1128 1129
f 1096 1129 1097
f 1097 1129 1130
f 1097 1130 1098
f 1098 1130 1131
f 1098 1131 1099
f 1099 1131 1132
f 1099 1132 1100
f 1100 1132 1133
f 1100 1133 1101
f 1101 1133 1102
f 1101 1102 1070
f 1102 1134 1135
f 1102 1135 1103
f 1103 1135 1136
f 1103 1136 1104
f 1104 1136 1137
f 1104 1137 1105
f 1105 1137 1138
f 1105 1138 1106
f 1106 1138 1139
f 1106 1139 1107
f 1107 1139 1140
f 1107 1140 1108
f 1108 1140 1141
f 1108 1141 1109
f 1109 1141 1142
f 1109 1142 1110
f 1110 1142 1111
f 1142 1143 1111
f 1111 1143 1112
f 1143 1144 1112
f 1112 1144 1113
f 1144 1145 1113
f 1113 1145 1114
f 1145 1146 1114
f 1114 1146 1115
f 1146 1147 1115
f 1115 1147 1116
f 1147 1148 1116
f 1116 1148 1117
f 1148 1149 1117
f 1117 1149 1118
f 1149 1150 1118
f 1118 1150 1151
f 1118 1151 1119
f 1119 1151 1152
f 1119 1152 1120
f 1120 1152 1153
f 1120 1153 1121
f 1121 1153 1154
f 1121 1154 1122
f 1122 1154 1155
f 1122 1155 1123
f 1123 1155 1156
f 1123 1156 1124
f 1124 1156 1157
f 1124 1157 1125
f 1125 1157 1158
f 1125 1158 1126
f 1126 1158 1127
f 1158 1159 1127
f 1127 1159 1128
f 1159 1160 1128
f 1128 1160 1129
f 1160 1161 1129
f 1129 1161 1130
f 1161 1162 1130
f 1130 1162 1131
f 1162 1163 1131
f 1131 1163 1132
f 1163 1164 1132
f 1132 1164 1133
f 1164 1165 1133
f 1133 1165 1102
f 1165 1134 1102
f 1134 1166 1167
f 1134 1167 1135
f 1135 1167 1168
f 1135 1168 1136
f 1136 1168 1169
f 1136 1169 1137
f 1137 1169 1170
f 1137 1170 1138
f 1138 1170 1171
f 1138 1171 1139
f 1139 1171 1172
f 1139 1172 1140
f 1140 1172 1173
f 1140 1173 1141
f 1141 1173 1174
f 1141 1174 1142
f 1142 1174 1143
f 1174 1175 1143
f 1143 1175 1144
f 1175 1176 1144
f 1144 1176 1145
f 1176 1177 1145
f 1145 1177 1146
f 1177 1178 1146
f 1146 1178 1147
f 1178 1179 1147
f 1147 1179 1148
f 1179 1180 1148
f 1148 1180 1149
f 1180 1181 1149
f 1149 1181 1150
f 1181 1182 1150
f 1150 1182 1183
f 1150 1183 1151
f 1151 1183 1184
f 1151 1184 1152
f 1152 1184 1185
f 1152 1185 1153
f 1153 1185 1186
f 1153 1186 1154
f 1154 1186 1187
f 1154 1187 1155
f 1155 1187 1188
f 1155 1188 1156
f 1156 1188 1189
f 1156 1189 1157
f 1157 1189 1190
f 1157 1190 1158
f 1158 1190 1159
f 1190 1191 1159
f 1159 1191 1160
f 1191 1192 1160
f 1160 1192 1161
f 1192 1193 1161
f 1161 1193 1162
f 1193 1194 1162
f 1162 1194 1163
f 1194 1195 1163
f 1163 1195 1164
f 1195 1196 1164
f 1164 1196 1165
f 1196 1197 1165
f 1165 1197 1134
f 1197 1166 1134
f 1166 1198 1199
f 1166 1199 1167
f 1167 1199 1200
f 1167 1200 1168
f 1168 1200 1201
f 1168 1201 1169
f 1169 1201 1202
f 1169 1202 1170
f 1170 1202 1203
f 1170 1203 1171
f 1171 1203 1204
f 1171 1204 1172
f 1172 1204 1205
f 1172 1205 1173
f 1173 1205 1206
f 1173 1206 1174
f 1174 1206 1175
f 1206 1207 1175
f 1175 1207 1176
f 1207 1208 1176
f 1176 1208 1177
f 1208 1209 1177
f 1177 1209 1178
f 1209 1210 1178
f 1178 1210 1179
f 1210 1211 1179
f 1179 1211 1180
f 1211 1212 1180
f 1180 1212 1181
f 1212 1213 1181
f 1181 1213 1182
f 1213 1214 1182
f 1182 1214 1215
f 1182 1215 1183
f 1183 1215 1216
f 1183 1216 1184
f 1184 1216 1217
f 1184 1217 1185
f 1185 1217 1218
f 1185 1218 1186
f 1186 1218 1219
f 1186 1219 1187
f 1187 1219 1220
f 1187 1220 1188
f 1188 1220 1221
f 1188 1221 1189
f 1189 1221 1222
f 1189 1222 1190
f 1190 1222 1191
f 1222 1223 1191
f 1191 1223 1192
f 1223 1224 1192
f 1192 1224 1193
f 1224 1225 1193
f 1193 1225 1194
f 1225 1226 1194
f 1194 1226 1195
f 1226 1227 1195
f 1195 1227 1196
f 1227 1228 1196
f 1196 1228 1197
f 1228 1229 1197
f 1197 1229 1166
f 1229 1198 1166
f 1198 1230 1231
f 1198 1231 1199
f 1199 1231 1232
f 1199 1232 1200
f 1200 1232 1233
f 1200 1233 1201
f 1201 1233 1234
f 1201 1234 1202
f 1202 1234 1235
f 1202 1235 1203
f 1203 1235 1236
f 1203 1236 1204
f 1204 1236 1237
f 1204 1237 1205
f 1205 1237 1238
f 1205 1238 1206
f 1206 1238 1207
f 1238 1239 1207
f 1207 1239 1208
f 1239 1240 1208
f 1208 1240 1209
f 1240 1241 1209
f 1209 1241 1210
f 1241 1242 1210
f 1210 1242 1211
f 1242 1243 1211
f 1211 1243 1212
f 1243 1244 1212
f 1212 1244 1213
f 1244 1245 1213
f 1213 1245 1214
f 1245 1246 1214
f 1214 1246 1247
f 1214 1247 1215
f 1215 1247 1248
f 1215 1248 1216
f 1216 1248 1249
f 1216 1249 1217
f 1217 1249 1250
f 1217 1250 1218
f 1218 1250 1251
f 1218 1251 1219
f 1219 1251 1252
f 1219 1252 1220
f 1220 1252 1253
f 1220 1253 1221
f 1221 1253 1254
f 1221 1254 1222
f 1222 1254 1223
f 1254 1255 1223
f 1223 1255 1224
f 1255 1256 1224
f 1224 1256 1225
f 1256 1257 1225
f 1225 1257 1226
f 1257 1258 1226
f 1226 1258 1227
f 1258 1259 1227
f 1227 1259 1228
f 1259 1260 1228
f 1228 1260 1229
f 1260 1261 1229
f 1229 1261 1198
f 1261 1230 1198
f 1230 1262 1263
f 1230 1263 1231
f 1231 1263 1264
f 1231 1264 1232
f 1232 1264 1265
f 1232 1265 1233
f 1233 1265 1266
f 1233 1266 1234
f 1234 1266 1267
f 1234 1267 1235
f 1235 1267 1268
f 1235 1268 1236
f 1236 1268 1269
f 1236 1269 1237
f 1237 1269 1270
f 1237 1270 1238
f 1238 1270 1239
f 1270 1271 1239
f 1239 1271 1240
f 1271 1272 1240
f 1240 1272 1241
f 1272 1273 1241
f 1241 1273 1242
f 1273 1274 1242
f 1242 1274 1243
f 1274 1275 1243
f 1243 1275 1244
f 1275 1276 1244
f 1244 1276 1245
f 1276 1277 1245
f 1245 1277 1246
f 1277 1278 1246
f 1246 1278 1279
f 1246 1279 1247
f 1247 1279 1280
f 1247 1280 1248
f 1248 1280 1281
f 1248 1281 1249
f 1249 1281 1282
f 1249 1282 1250
f 1250 1282 1283
f 1250 1283 1251
f 1251 1283 1284
f 1251 1284 1252
f 1252 1284 1285
f 1252 1285 1253
f 1253 1285 1286
f 1253 1286 1254
f 1254 1286 1255
f 1286 1287 1255
f 1255 1287 1256
f 1287 1288 1256
f 1256 1288 1257
f 1288 1289 1257
f 1257 1289 1258
f 1289 1290 1258
f 1258 1290 1259
f 1290 1291 1259
f 1259 1291 1260
f 1291 1292 1260
f 1260 1292 1261
f 1292 1293 1261
f 1261 1293 1230
f 1293 1262 1230
f 1262 1294 1295
f 1262 1295 1263
f 1263 1295 1296
f 1263 1296 1264
f 1264 1296 1297
f 1264 1297 1265
f 1265 1297 1298
f 1265 1298 1266
f 1266 1298 1299
f 1266 1299 1267
f 1267 1299 1300
f 1267 1300 1268
f 1268 1300 1301
f 1268 1301 1269
f 1269 1301 1302
f 1269 1302 1270
f 1270 1302 1271
f 1302 1303 1271
f 1271 1303 1272
f 1303 1304 1272
f 1272 1304 1273
f 1304 1305 1273
f 1273 1305 1274
f 1305 1306 1274
f 1274 1306 1275
f 1306 1307 1275
f 1275 1307 1276
f 1307 1308 1276
f 1276 1308 1277
f 1308 1309 1277
f 1277 1309 1278
f 1309 1310 1278
f 1278 1310 1311
f 1278 1311 1279
f 1279 1311 1312
f 1279 1312 1280
f 1280 1312 1313
f 1280 1313 1281
f 1281 1313 1314
f 1281 1314 1282
f 1282 1314 1315
f 1282 1315 1283
f 1283 1315 1316
f 1283 1316 1284
f 1284 1316 1317
f 1284 1317 1285
f 1285 1317 1318
f 1285 1318 1286
f 1286 1318 1287
f 1318 1319 1287
f 1287 1319 1288
f 1319 1320 1288
f 1288 1320 1289
f 1320 1321 1289
f 1289 1321 1290
f 1321 1322 1290
f 1290 1322 1291
f 1322 1323 1291
f 1291 1323 1292
f 1323 1324 1292
f 1292 1324 1293
f 1324 1325 1293
f 1293 1325 1262
f 1325 1294 1262
f 1294 1326 1327
f 1294 1327 1295
f 1295 1327 1328
f 1295 1328 1296
f 1296 1328 1329
f 1296 1329 1297
f 1297 1329 1330
f 1297 1330 1298
f 1298 1330 1331
f 1298 1331 1299
f 1299 1331 1332
f 1299 1332 1300
f 1300 1332 1333
f 1300 1333 1301
f 1301 1333 1334
f 1301 1334 1302
f 1302 1334 1303
f 1334 1335 1303
f 1303 1335 1304
f 1335 1336 1304
f 1304 1336 1305
f 1336 1337 1305
f 1305 1337 1306
f 1337 1338 1306
f 1306 1338 1307
f 1338 1339 1307
f 1307 1339 1308
f 1339 1340 1308
f 1308 1340 1309
f 1340 1341 1309
f 1309 1341 1310
f 1341 1342 1310
f 1310 1342 1343
f 1310 1343 1311
f 1311 1343 1344
f 1311 1344 1312
f 1312 1344 1345
f 1312 1345 1313
f 1313 1345 1346
f 1313 1346 1314
f 1314 1346 1347
f 1314 1347 1315
f 1315 1347 1348
f 1315 1348 1316
f 1316 1348 1349
f 1316 1349 1317
f 1317 1349 1350
f 1317 1350 1318
f 1318 1350 1319
f 1350 1351 1319
f 1319 1351 1320
f 1351 1352 1320
f 1320 1352 1321
f 1352 1353 1321
f 1321 1353 1322
f 1353 1354 1322
f 1322 1354 1323
f 1354 1355 1323
f 1323 1355 1324
f 1355 1356 1324
f 1324 1356 1325
f 1356 1357 1325
f 1325 1357 1294
f 1357 1326 1294
f 1326 1358 1327
f 1327 1358 1359
f 1327 1359 1328
f 1328 1359 1360
f 1328 1360 1329
f 1329 1360 1361
f 1329 1361 1330
f 1330 1361 1362
f 1330 1362 1331
f 1331 1362 1363
f 1331 1363 1332
f 1332 1363 1364
f 1332 1364 1333
f 1333 1364 1365
f 1333 1365 1334
f 1334 1365 1335
f 1365 1366 1335
f 1335 1366 1336
f 1366 1367 1336
f 1336 1367 1337
f 1367 1368 1337
f 1337 1368 1338
f 1368 1369 1338
f 1338 1369 1339
f 1369 1370 1339
f 1339 1370 1340
f 1370 1371 1340
f 1340 1371 1341
f 1371 1372 1341
f 1341 1372 1342
f 1342 1373 1343
f 1343 1373 1374
f 1343 1374 1344
f 1344 1374 1375
f 1344 1375 1345
f 1345 1375 1376
f 1345 1376 1346
f 1346 1376 1377
f 1346 1377 1347
f 1347 1377 1378
f 1347 1378 1348
f 1348 1378 1379
f 1348 1379 1349
f 1349 1379 1380
f 1349 1380 1350
f 1350 1380 1351
f 1380 1381 1351
f 1351 1381 1352
f 1381 1382 1352
f 1352 1382 1353
f 1382 1383 1353
f 1353 1383 1354
f 1383 1384 1354
f 1354 1384 1355
f 1384 1385 1355
f 1355 1385 1356
f 1385 1386 1356
f 1356 1386 1357
f 1386 1387 1357
f 1357 1387 1326
f 1326 1388 1358
f 1358 1388 1389
f 1358 1389 1359
f 1359 1389 1390
f 1359 1390 1360
f 1360 1390 1391
f 1360 1391 1361
f 1361 1391 1392
f 1361 1392 1362
f 1362 1392 1393
f 1362 1393 1363
f 1363 1393 1394
f 1363 1394 1364
f 1364 1394 1395
f 1364 1395 1365
f 1365 1395 1366
f 1395 1396 1366
f 1366 1396 1367
f 1396 1397 1367
f 1367 1397 1368
f 1397 1398 1368
f 1368 1398 1369
f 1398 1399 1369
f 1369 1399 1370
f 1399 1400 1370
f 1370 1400 1371
f 1400 1401 1371
f 1371 1401 1372
f 1401 1402 1372
f 1372 1402 1342
f 1342 1402 1373
f 1373 1402 1401
f 1373 1401 1374
f 1374 1401 1400
f 1374 1400 1375
f 1375 1400 1399
f 1375 1399 1376
f 1376 1399 1398
f 1376 1398 1377
f 1377 1398 1397
f 1377 1397 1378
f 1378 1397 1396
f 1378 1396 1379
f 1379 1396 1395
f 1379 1395 1380
f 1380 1395 1381
f 1395 1394 1381
f 1381 1394 1382
f 1394 1393 1382
f 1382 1393 1383
f 1393 1392 1383
f 1383 1392 1384
f 1392 1391 1384
f 1384 1391 1385
f 1391 1390 1385
f 1385 1390 1386
f 1390 1389 1386
f 1386 1389 1387
f 1389 1388 1387
f 1387 1388 1326
f 1403 1404 34
f 1404 1405 34
f 1405 1406 34
f 1406 1407 34
f 34 1407 1408
f 34 1408 1409
f 34 1409 1410
f 34 1410 1411
f 1411 1412 34
f 1412 1413 34
f 1413 1414 34
f 1414 1415 34
f 34 1415 1416
f 34 1416 1417
f 34 1417 1418
f 34 1418 1403
f 1403 1419 1404
f 1419 1420 1404
f 1404 1420 1405
f 1420 1421 1405
f 1405 1421 1406
f 1421 1422 1406
f 1406 1422 1407
f 1422 1423 1407
f 1407 1423 1424
f 1407 1424 1408
f 1408 1424 1425
f 1408 1425 1409
f 1409 1425 1426
f 1409 1426 1410
f 1410 1426 1427
f 1410 1427 1411
f 1411 1427 1412
f 1427 1428 1412
f 1412 1428 1413
f 1428 1429 1413
f 1413 1429 1414
f 1429 1430 1414
f 1414 1430 1415
f 1430 1431 1415
f 1415 1431 1432
f 1415 1432 1416
f 1416 1432 1433
f 1416 1433 1417
f 1417 1433 1434
f 1417 1434 1418
f 1418 1434 1419
f 1418 1419 1403
f 1419 1435 1420
f 1435 1436 1420
f 1420 1436 1421
f 1436 1437 1421
f 1421 1437 1422
f 1437 1438 1422
f 1422 1438 1423
f 1438 1439 1423
f 1423 1439 1440
f 1423 1440 1424
f 1424 1440 1441
f 1424 1441 1425
f 1425 1441 1442
f 1425 1442 1426
f 1426 1442 1443
f 1426 1443 1427
f 1427 1443 1428
f 1443 1444 1428
f 1428 1444 1429
f 1444 1445 1429
f 1429 1445 1430
f 1445 1446 1430
f 1430 1446 1431
f 1446 1447 1431
f 1431 1447 1448
f 1431 1448 1432
f 1432 1448 1449
f 1432 1449 1433
f 1433 1449 1450
f 1433 1450 1434
f 1434 1450 1435
f 1434 1435 1419
f 1435 1451 1436
f 1451 1452 1436
f 1436 1452 1437
f 1452 1453 1437
f 1437 1453 1438
f 1453 1454 1438
f 1438 1454 1439
f 1454 1455 1439
f 1439 1455 1456
f 1439 1456 1440
f 1440 1456 1457
f 1440 1457 1441
f 1441 1457 1458
f 1441 1458 1442
f 1442 1458 1459
f 1442 1459 1443
f 1443 1459 1444
f 1459 1460 1444
f 1444 1460 1445
f 1460 1461 1445
f 1445 1461 1446
f 1461 1462 1446
f 1446 1462 1447
f 1462 1463 1447
f 1447 1463 1464
f 1447 1464 1448
f 1448 1464 1465
f 1448 1465 1449
f 1449 1465 1466
f 1449 1466 1450
f 1450 1466 1451
f 1450 1451 1435
f 1451 1467 1452
f 1467 1468 1452
f 1452 1468 1453
f 1468 1469 1453
f 1453 1469 1454
f 1469 1470 1454
f 1454 1470 1455
f 1470 1471 1455
f 1455 1471 1472
f 1455 1472 1456
f 1456 1472 1473
f 1456 1473 1457
f 1457 1473 1474
f 1457 1474 1458
f 1458 1474 1475
f 1458 1475 1459
f 1459 1475 1460
f 1475 1476 1460
f 1460 1476 1461
f 1476 1477 1461
f 1461 1477 1462
f 1477 1478 1462
f 1462 1478 1463
f 1478 1479 1463
f 1463 1479 1480
f 1463 1480 1464
f 1464 1480 1481
f 1464 1481 1465
f 1465 1481 1482
f 1465 1482 1466
f 1466 1482 1467
f 1466 1467 1451
f 1467 1483 1468
f 1483 1484 1468
f 1468 1484 1469
f 1484 1485 1469
f 1469 1485 1470
f 1485 1486 1470
f 1470 1486 1471
f 1486 1487 1471
f 1471 1487 1488
f 1471 1488 1472
f 1472 1488 1489
f 1472 1489 1473
f 1473 1489 1490
f 1473 1490 1474
f 1474 1490 1491
f 1474 1491 1475
f 1475 1491 1476
f 1491 1492 1476
f 1476 1492 1477
f 1492 1493 1477
f 1477 1493 1478
f 1493 1494 1478
f 1478 1494 1479
f 1494 1495 1479
f 1479 1495 1496
f 1479 1496 1480
f 1480 1496 1497
f 1480 1497 1481
f 1481 1497 1498
f 1481 1498 1482
f 1482 1498 1483
f 1482 1483 1467
f 1483 1499 1484
f 1499 1500 1484
f 1484 1500 1485
f 1500 1501 1485
f 1485 1501 1486
f 1501 1502 1486
f 1486 1502 1487
f 1502 1503 1487
f 1487 1503 1504
f 1487 1504 1488
f 1488 1504 1505
f 1488 1505 1489
f 1489 1505 1506
f 1489 1506 1490
f 1490 1506 1507
f 1490 1507 1491
f 1491 1507 1492
f 1507 1508 1492
f 1492 1508 1493
f 1508 1509 1493
f 1493 1509 1494
f 1509 1510 1494
f 1494 1510 1495
f 1510 1511 1495
f 1495 1511 1512
f 1495 1512 1496
f 1496 1512 1513
f 1496 1513 1497
f 1497 1513 1514
f 1497 1514 1498
f 1498 1514 1499
f 1498 1499 1483
f 1499 1515 1500
f 1515 1516 1500
f 1500 1516 1501
f 1516 1517 1501
f 1501 1517 1502
f 1517 1518 1502
f 1502 1518 1503
f 1518 1519 1503
f 1503 1519 1520
f 1503 1520 1504
f 1504 1520 1521
f 1504 1521 1505
f 1505 1521 1522
f 1505 1522 1506
f 1506 1522 1523
f 1506 1523 1507
f 1507 1523 1508
f 1523 1524 1508
f 1508 1524 1509
f 1524 1525 1509
f 1509 1525 1510
f 1525 1526 1510
f 1510 1526 1511
f 1526 1527 1511
f 1511 1527 1528
f 1511 1528 1512
f 1512 1528 1529
f 1512 1529 1513
f 1513 1529 1530
f 1513 1530 1514
f 1514 1530 1515
f 1514 1515 1499
f 1515 1531 1516
f 1531 1532 1516
f 1516 1532 1517
f 1532 1533 1517
f 1517 1533 1518
f 1533 1534 1518
f 1518 1534 1519
f 1534 1535 1519
f 1519 1535 1536
f 1519 1536 1520
f 1520 1536 1537
f 1520 1537 1521
f 1521 1537 1538
f 1521 1538 1522
f 1522 1538 1539
f 1522 1539 1523
f 1523 1539 1524
f 1539 1540 1524
f 1524 1540 1525
f 1540 1541 1525
f 1525 1541 1526
f 1541 1542 1526
f 1526 1542 1527
f 1542 1543 1527
f 1527 1543 1544
f 1527 1544 1528
f 1528 1544 1545
f 1528 1545 1529
f 1529 1545 1546
f 1529 1546 1530
f 1530 1546 1531
f 1530 1531 1515
f 1531 1547 1532
f 1547 1548 1532
f 1532 1548 1533
f 1548 1549 1533
f 1533 1549 1534
f 1549 1550 1534
f 1534 1550 1535
f 1550 1551 1535
f 1535 1551 1552
f 1535 1552 1536
f 1536 1552 1553
f 1536 1553 1537
f 1537 1553 1554
f 1537 1554 1538
f 1538 1554 1555
f 1538 1555 1539
f 1539 1555 1540
f 1555 1556 1540
f 1540 1556 1541
f 1556 1557 1541
f 1541 1557 1542
f 1557 1558 1542
f 1542 1558 1543
f 1558 1559 1543
f 1543 1559 1560
f 1543 1560 1544
f 1544 1560 1561
f 1544 1561 1545
f 1545 1561 1562
f 1545 1562 1546
f 1546 1562 1547
f 1546 1547 1531
f 1547 1563 1564
f 1547 1564 1548
f 1548 1564 1565
f 1548 1565 1549
f 1549 1565 1566
f 1549 1566 1550
f 1550 1566 1567
f 1550 1567 1551
f 1551 1567 1552
f 1567 1568 1552
f 1552 1568 1553
f 1568 1569 1553
f 1553 1569 1554
f 1569 1570 1554
f 1554 1570 1555
f 1570 1571 1555
f 1555 1571 1572
f 1555 1572 1556
f 1556 1572 1573
f 1556 1573 1557
f 1557 1573 1574
f 1557 1574 1558
f 1558 1574 1575
f 1558 1575 1559
f 1559 1575 1560
f 1575 1576 1560
f 1560 1576 1561
f 1576 1577 1561
f 1561 1577 1562
f 1577 1578 1562
f 1562 1578 1547
f 1578 1563 1547
f 1563 1579 1580
f 1563 1580 1564
f 1564 1580 1581
f 1564 1581 1565
f 1565 1581 1582
f 1565 1582 1566
f 1566 1582 1583
f 1566 1583 1567
f 1567 1583 1568
f 1583 1584 1568
f 1568 1584 1569
f 1584 1585 1569
f 1569 1585 1570
f 1585 1586 1570
f 1570 1586 1571
f 1586 1587 1571
f 1571 1587 1588
f 1571 1588 1572
f 1572 1588 1589
f 1572 1589 1573
f 1573 1589 1590
f 1573 1590 1574
f 1574 1590 1591
f 1574 1591 1575
f 1575 1591 1576
f 1591 1592 1576
f 1576 1592 1577
f 1592 1593 1577
f 1577 1593 1578
f 1593 1594 1578
f 1578 1594 1563
f 1594 1579 1563
f 1579 1595 1596
f 1579 1596 1580
f 1580 1596 1597
f 1580 1597 1581
f 1581 1597 1598
f 1581 1598 1582
f 1582 1598 1599
f 1582 1599 1583
f 1583 1599 1584
f 1599 1600 1584
f 1584 1600 1585
f 1600 1601 1585
f 1585 1601 1586
f 1601 1602 1586
f 1586 1602 1587
f 1602 1603 1587
f 1587 1603 1604
f 1587 1604 1588
f 1588 1604 1605
f 1588 1605 1589
f 1589 1605 1606
f 1589 1606 1590
f 1590 1606 1607
f 1590 1607 1591
f 1591 1607 1592
f 1607 1608 1592
f 1592 1608 1593
f 1608 1609 1593
f 1593 1609 1594
f 1609 1610 1594
f 1594 1610 1579
f 1610 1595 1579
f 1595 1611 1612
f 1595 1612 1596
f 1596 1612 1613
f 1596 1613 1597
f 1597 1613 1614
f 1597 1614 1598
f 1598 1614 1615
f 1598 1615 1599
f 1599 1615 1600
f 1615 1616 1600
f 1600 1616 1601
f 1616 1617 1601
f 1601 1617 1602
f 1617 1618 1602
f 1602 1618 1603
f 1618 1619 1603
f 1603 1619 1620
f 1603 1620 1604
f 1604 1620 1621
f 1604 1621 1605
f 1605 1621 1622
f 1605 1622 1606
f 1606 1622 1623
f 1606 1623 1607
f 1607 1623 1608
f 1623 1624 1608
f 1608 1624 1609
f 1624 1625 1609
f 1609 1625 1610
f 1625 1626 1610
f 1610 1626 1595
f 1626 1611 1595
f 1611 1627 1628
f 1611 1628 1612
f 1612 1628 1629
f 1612 1629 1613
f 1613 1629 1630
f 1613 1630 1614
f 1614 1630 1631
f 1614 1631 1615
f 1615 1631 1616
f 1631 1632 1616
f 1616 1632 1617
f 1632 1633 1617
f 1617 1633 1618
f 1633 1634 1618
f 1618 1634 1619
f 1634 1635 1619
f 1619 1635 1636
f 1619 1636 1620
f 1620 1636 1637
f 1620 1637 1621
f 1621 1637 1638
f 1621 1638 1622
f 1622 1638 1639
f 1622 1639 1623
f 1623 1639 1624
f 1639 1640 1624
f 1624 1640 1625
f 1640 1641 1625
f 1625 1641 1626
f 1641 1642 1626
f 1626 1642 1611
f 1642 1627 1611
f 1627 1643 1644
f 1627 1644 1628
f 1628 1644 1645
f 1628 1645 1629
f 1629 1645 1646
f 1629 1646 1630
f 1630 1646 1647
f 1630 1647 1631
f 1631 1647 1632
f 1647 1648 1632
f 1632 1648 1633
f 1648 1649 1633
f 1633 1649 1634
f 1649 1650 1634
f 1634 1650 1635
f 1650 1651 1635
f 1635 1651 1652
f 1635 1652 1636
f 1636 1652 1653
f 1636 1653 1637
f 1637 1653 1654
f 1637 1654 1638
f 1638 1654 1655
f 1638 1655 1639
f 1639 1655 1640
f 1655 1656 1640
f 1640 1656 1641
f 1656 1657 1641
f 1641 1657 1642
f 1657 1658 1642
f 1642 1658 1627
f 1658 1643 1627
f 1643 1659 1660
f 1643 1660 1644
f 1644 1660 1661
f 1644 1661 1645
f 1645 1661 1662
f 1645 1662 1646
f 1646 1662 1663
f 1646 1663 1647
f 1647 1663 1648
f 1663 1664 1648
f 1648 1664 1649
f 1664 1665 1649
f 1649 1665 1650
f 1665 1666 1650
f 1650 1666 1651
f 1666 1667 1651
f 1651 1667 1668
f 1651 1668 1652
f 1652 1668 1669
f 1652 1669 1653
f 1653 1669 1670
f 1653 1670 1654
f 1654 1670 1671
f 1654 1671 1655
f 1655 1671 1656
f 1671 1672 1656
f 1656 1672 1657
f 1672 1673 1657
f 1657 1673 1658
f 1673 1674 1658
f 1658 1674 1643
f 1674 1659 1643
f 1659 1675 1676
f 1659 1676 1660
f 1660 1676 1677
f 1660 1677 1661
f 1661 1677 1678
f 1661 1678 1662
f 1662 1678 1679
f 1662 1679 1663
f 1663 1679 1664
f 1679 1680 1664
f 1664 1680 1665
f 1680 1681 1665
f 1665 1681 1666
f 1681 1682 1666
f 1666 1682 1667
f 1682 1683 1667
f 1667 1683 1684
f 1667 1684 1668
f 1668 1684 1685
f 1668 1685 1669
f 1669 1685 1686
f 1669 1686 1670
f 1670 1686 1687
f 1670 1687 1671
f 1671 1687 1672
f 1687 1688 1672
f 1672 1688 1673
f 1688 1689 1673
f 1673 1689 1674
f 1689 1690 1674
f 1674 1690 1659
f 1690 1675 1659
f 1675 1691 1692
f 1675 1692 1676
f 1676 1692 1693
f 1676 1693 1677
f 1677 1693 1694
f 1677 1694 1678
f 1678 1694 1695
f 1678 1695 1679
f 1679 1695 1680
f 1695 1696 1680
f 1680 1696 1681
f 1696 1697 1681
f 1681 1697 1682
f 1697 1698 1682
f 1682 1698 1683
f 1698 1699 1683
f 1683 1699 1700
f 1683 1700 1684
f 1684 1700 1701
f 1684 1701 1685
f 1685 1701 1702
f 1685 1702 1686
f 1686 1702 1703
f 1686 1703 1687
f 1687 1703 1688
f 1703 1704 1688
f 1688 1704 1689
f 1704 1705 1689
f 1689 1705 1690
f 1705 1706 1690
f 1690 1706 1675
f 1706 1691 1675
f 1691 1707 1692
f 1692 1707 1693
f 1693 1707 1694
f 1694 1707 1695
f 1695 1707 1696
f 1696 1707 1697
f 1697 1707 1698
f 1698 1707 1699
f 1699 1707 1700
f 1700 1707 1701
f 1701 1707 1702
f 1702 1707 1703
f 1703 1707 1704
f 1704 1707 1705
f 1705 1707 1706
f 1706 1707 1691
f 1708 1709 1710
f 1709 1711 1710
f 1710 1711 1712
f 1711 1713 1712
f 1712 1713 1714
f 1713 1715 1714
f 1714 1715 1716
f 1715 1717 1716
f 1716 1717 1718
f 1717 1719 1718
f 1718 1719 1720
f 1719 1721 1720
f 1720 1721 1722
f 1721 1723 1722
f 1722 1723 1724
f 1723 1725 1724
f 1723 1726 1725
f 1726 1727 1725
f 1726 1728 1727
f 1728 1729 1727
f 1728 1730 1729
f 1730 1731 1729
f 1730 1732 1731
f 1732 1733 1731
f 1732 1734 1733
f 1734 1735 1733
f 1734 1736 1735
f 1736 1737 1735
f 1736 1738 1737
f 1738 34 1737
f 34 1738 1739
f 1738 1736 1739
f 1739 1736 1740
f 1736 1734 1740
f 1740 1734 1741
f 1734 1732 1741
f 1741 1732 1742
f 1732 1730 1742
f 1742 1730 1743
f 1730 1728 1743
f 1743 1728 1744
f 1728 1726 1744
f 1744 1726 1745
f 1726 1723 1745
f 1745 1723 1746
f 1723 1747 1746
f 1723 1721 1747
f 1721 1748 1747
f 1721 1719 1748
f 1719 1749 1748
f 1719 1717 1749
f 1717 1750 1749
f 1717 1715 1750
f 1715 1751 1750
f 1715 1713 1751
f 1713 1752 1751
f 1713 1711 1752
f 1711 1753 1752
f 1711 1709 1753
f 1709 1708 1753
f 1708 1710 1754
f 1710 1712 1754
f 1754 1712 1755
f 1712 1714 1755
f 1755 1714 1756
f 1714 1716 1756
f 1756 1716 1757
f 1716 1718 1757
f 1757 1718 1758
f 1718 1720 1758
f 1758 1720 1759
f 1720 1722 1759
f 1759 1722 1760
f 1722 1724 1760
f 1760 1724 1761
f 1724 1762 1761
f 1724 1725 1762
f 1725 1763 1762
f 1725 1727 1763
f 1727 1764 1763
f 1727 1729 1764
f 1729 1765 1764
f 1729 1731 1765
f 1731 1766 1765
f 1731 1733 1766
f 1733 1767 1766
f 1733 1735 1767
f 1735 1768 1767
f 1735 1737 1768
f 1737 34 1768
f 34 1739 1769
f 1739 1740 1769
f 1769 1740 1770
f 1740 1741 1770
f 1770 1741 1771
f 1741 1742 1771
f 1771 1742 1772
f 1742 1743 1772
f 1772 1743 1773
f 1743 1744 1773
f 1773 1744 1774
f 1744 1745 1774
f 1774 1745 1775
f 1745 1746 1775
f 1775 1746 1776
f 1746 1777 1776
f 1746 1747 1777
f 1747 1778 1777
f 1747 1748 1778
f 1748 1779 1778
f 1748 1749 1779
f 1749 1780 1779
f 1749 1750 1780
f 1750 1781 1780
f 1750 1751 1781
f 1751 1782 1781
f 1751 1752 1782
f 1752 1783 1782
f 1752 1753 1783
f 1753 1708 1783
f 1708 1754 1784
f 1784 1754 1785
f 1754 1755 1785
f 1785 1755 1786
f 1755 1756 1786
f 1786 1756 1787
f 1756 1757 1787
f 1787 1757 1788
f 1757 1758 1788
f 1788 1758 1789
f 1758 1759 1789
f 1789 1759 1790
f 1759 1760 1790
f 1790 1760 1791
f 1760 1761 1791
f 1791 1761 1792
f 1761 1793 1792
f 1761 1762 1793
f 1762 1794 1793
f 1762 1763 1794
f 1763 1795 1794
f 1763 1764 1795
f 1764 1796 1795
f 1764 1765 1796
f 1765 1797 1796
f 1765 1766 1797
f 1766 1798 1797
f 1766 1767 1798
f 1767 1799 1798
f 1767 1768 1799
f 1768 1800 1799
f 1768 34 1800
f 34 1769 1800
f 1800 1769 1801
f 1769 1770 1801
f 1801 1770 1802
f 1770 1771 1802
f 1802 1771 1803
f 1771 1772 1803
f 1803 1772 1804
f 1772 1773 1804
f 1804 1773 1805
f 1773 1774 1805
f 1805 1774 1806
f 1774 1775 1806
f 1806 1775 1807
f 1775 1776 1807
f 1807 1776 1808
f 1776 1809 1808
f 1776 1777 1809
f 1777 1810 1809
f 1777 1778 1810
f 1778 1811 1810
f 1778 1779 1811
f 1779 1812 1811
f 1779 1780 1812
f 1780 1813 1812
f 1780 1781 1813
f 1781 1814 1813
f 1781 1782 1814
f 1782 1815 1814
f 1782 1783 1815
f 1783 1784 1815
f 1783 1708 1784
f 1784 1785 1816
f 1816 1785 1817
f 1785 1786 1817
f 1817 1786 1818
f 1786 1787 1818
f 1818 1787 1819
f 1787 1788 1819
f 1819 1788 1820
f 1788 1789 1820
f 1820 1789 1821
f 1789 1790 1821
f 1821 1790 1822
f 1790 1791 1822
f 1822 1791 1823
f 1791 1792 1823
f 1823 1792 1824
f 1792 1825 1824
f 1792 1793 1825
f 1793 1826 1825
f 1793 1794 1826
f 1794 1827 1826
f 1794 1795 1827
f 1795 1828 1827
f 1795 1796 1828
f 1796 1829 1828
f 1796 1797 1829
f 1797 1830 1829
f 1797 1798 1830
f 1798 1831 1830
f 1798 1799 1831
f 1799 1832 1831
f 1799 1800 1832
f 1800 1801 1832
f 1832 1801 1833
f 1801 1802 1833
f 1833 1802 1834
f 1802 1803 1834
f 1834 1803 1835
f 1803 1804 1835
f 1835 1804 1836
f 1804 1805 1836
f 1836 1805 1837
f 1805 1806 1837
f 1837 1806 1838
f 1806 1807 1838
f 1838 1807 1839
f 1807 1808 1839
f 1839 1808 1840
f 1808 1841 1840
f 1808 1809 1841
f 1809 1842 1841
f 1809 1810 1842
f 1810 1843 1842
f 1810 1811 1843
f 1811 1844 1843
f 1811 1812 1844
f 1812 1845 1844
f 1812 1813 1845
f 1813 1846 1845
f 1813 1814 1846
f 1814 1847 1846
f 1814 1815 1847
f 1815 1816 1847
f 1815 1784 1816
f 1816 1817 1848
f 1848 1817 1849
f 1817 1818 1849
f 1849 1818 1850
f 1818 1819 1850
f 1850 1819 1851
f 1819 1820 1851
f 1851 1820 1852
f 1820 1821 1852
f 1852 1821 1853
f 1821 1822 1853
f 1853 1822 1854
f 1822 1823 1854
f 1854 1823 1855
f 1823 1824 1855
f 1855 1824 1856
f 1824 1857 1856
f 1824 1825 1857
f 1825 1858 1857
f 1825 1826 1858
f 1826 1859 1858
f 1826 1827 1859
f 1827 1860 1859
f 1827 1828 1860
f 1828 1861 1860
f 1828 1829 1861
f 1829 1862 1861
f 1829 1830 1862
f 1830 1863 1862
f 1830 1831 1863
f 1831 1864 1863
f 1831 1832 1864
f 1832 1833 1864
f 1864 1833 1865
f 1833 1834 1865
f 1865 1834 1866
f 1834 1835 1866
f 1866 1835 1867
f 1835 1836 1867
f 1867 1836 1868
f 1836 1837 1868
f 1868 1837 1869
f 1837 1838 1869
f 1869 1838 1870
f 1838 1839 1870
f 1870 1839 1871
f 1839 1840 1871
f 1871 1840 1872
f 1840 1873 1872
f 1840 1841 1873
f 1841 1874 1873
f 1841 1842 1874
f 1842 1875 1874
f 1842 1843 1875
f 1843 1876 1875
f 1843 1844 1876
f 1844 1877 1876
f 1844 1845 1877
f 1845 1878 1877
f 1845 1846 1878
f 1846 1879 1878
f 1846 1847 1879
f 1847 1848 1879
f 1847 1816 1848
f 1848 1880 1881
f 1848 1849 1880
f 1849 1882 1880
f 1849 1850 1882
f 1850 1883 1882
f 1850 1851 1883
f 1851 1884 1883
f 1851 1852 1884
f 1852 1885 1884
f 1852 1853 1885
f 1853 1886 1885
f 1853 1854 1886
f 1854 1887 1886
f 1854 1855 1887
f 1855 1888 1887
f 1855 1856 1888
f 1856 1857 1888
f 1888 1857 1889
f 1857 1858 1889
f 1889 1858 1890
f 1858 1859 1890
f 1890 1859 1891
f 1859 1860 1891
f 1891 1860 1892
f 1860 1861 1892
f 1892 1861 1893
f 1861 1862 1893
f 1893 1862 1894
f 1862 1863 1894
f 1894 1863 1895
f 1863 1864 1895
f 1895 1864 1896
f 1864 1897 1896
f 1864 1865 1897
f 1865 1898 1897
f 1865 1866 1898
f 1866 1899 1898
f 1866 1867 1899
f 1867 1900 1899
f 1867 1868 1900
f 1868 1901 1900
f 1868 1869 1901
f 1869 1902 1901
f 1869 1870 1902
f 1870 1903 1902
f 1870 1871 1903
f 1871 1904 1903
f 1871 1872 1904
f 1872 1873 1904
f 1904 1873 1905
f 1873 1874 1905
f 1905 1874 1906
f 1874 1875 1906
f 1906 1875 1907
f 1875 1876 1907
f 1907 1876 1908
f 1876 1877 1908
f 1908 1877 1909
f 1877 1878 1909
f 1909 1878 1910
f 1878 1879 1910
f 1910 1879 1911
f 1879 1848 1911
f 1911 1848 1881
f 1881 1912 1913
f 1881 1880 1912
f 1880 1914 1912
f 1880 1882 1914
f 1882 1915 1914
f 1882 1883 1915
f 1883 1916 1915
f 1883 1884 1916
f 1884 1917 1916
f 1884 1885 1917
f 1885 1918 1917
f 1885 1886 1918
f 1886 1919 1918
f 1886 1887 1919
f 1887 1920 1919
f 1887 1888 1920
f 1888 1889 1920
f 1920 1889 1921
f 1889 1890 1921
f 1921 1890 1922
f 1890 1891 1922
f 1922 1891 1923
f 1891 1892 1923
f 1923 1892 1924
f 1892 1893 1924
f 1924 1893 1925
f 1893 1894 1925
f 1925 1894 1926
f 1894 1895 1926
f 1926 1895 1927
f 1895 1896 1927
f 1927 1896 1928
f 1896 1929 1928
f 1896 1897 1929
f 1897 1930 1929
f 1897 1898 1930
f 1898 1931 1930
f 1898 1899 1931
f 1899 1932 1931
f 1899 1900 1932
f 1900 1933 1932
f 1900 1901 1933
f 1901 1934 1933
f 1901 1902 1934
f 1902 1935 1934
f 1902 1903 1935
f 1903 1936 1935
f 1903 1904 1936
f 1904 1905 1936
f 1936 1905 1937
f 1905 1906 1937
f 1937 1906 1938
f 1906 1907 1938
f 1938 1907 1939
f 1907 1908 1939
f 1939 1908 1940
f 1908 1909 1940
f 1940 1909 1941
f 1909 1910 1941
f 1941 1910 1942
f 1910 1911 1942
f 1942 1911 1943
f 1911 1881 1943
f 1943 1881 1913
f 1913 1912 1944
f 1912 1945 1944
f 1912 1914 1945
f 1914 1946 1945
f 1914 1915 1946
f 1915 1947 1946
f 1915 1916 1947
f 1916 1948 1947
f 1916 1917 1948
f 1917 1949 1948
f 1917 1918 1949
f 1918 1950 1949
f 1918 1919 1950
f 1919 1951 1950
f 1919 1920 1951
f 1920 1921 1951
f 1951 1921 1952
f 1921 1922 1952
f 1952 1922 1953
f 1922 1923 1953
f 1953 1923 1954
f 1923 1924 1954
f 1954 1924 1955
f 1924 1925 1955
f 1955 1925 1956
f 1925 1926 1956
f 1956 1926 1957
f 1926 1927 1957
f 1957 1927 1958
f 1927 1928 1958
f 1928 1929 1959
f 1929 1960 1959
f 1929 1930 1960
f 1930 1961 1960
f 1930 1931 1961
f 1931 1962 1961
f 1931 1932 1962
f 1932 1963 1962
f 1932 1933 1963
f 1933 1964 1963
f 1933 1934 1964
f 1934 1965 1964
f 1934 1935 1965
f 1935 1966 1965
f 1935 1936 1966
f 1936 1937 1966
f 1966 1937 1967
f 1937 1938 1967
f 1967 1938 1968
f 1938 1939 1968
f 1968 1939 1969
f 1939 1940 1969
f 1969 1940 1970
f 1940 1941 1970
f 1970 1941 1971
f 1941 1942 1971
f 1971 1942 1972
f 1942 1943 1972
f 1972 1943 1973
f 1943 1913 1973
f 1913 1944 1974
f 1944 1975 1974
f 1944 1945 1975
f 1945 1976 1975
f 1945 1946 1976
f 1946 1977 1976
f 1946 1947 1977
f 1947 1978 1977
f 1947 1948 1978
f 1948 1979 1978
f 1948 1949 1979
f 1949 1980 1979
f 1949 1950 1980
f 1950 1981 1980
f 1950 1951 1981
f 1951 1952 1981
f 1981 1952 1982
f 1952 1953 1982
f 1982 1953 1983
f 1953 1954 1983
f 1983 1954 1984
f 1954 1955 1984
f 1984 1955 1985
f 1955 1956 1985
f 1985 1956 1986
f 1956 1957 1986
f 1986 1957 1987
f 1957 1958 1987
f 1987 1958 1988
f 1958 1928 1988
f 1928 1959 1988
f 1959 1987 1988
f 1959 1960 1987
f 1960 1986 1987
f 1960 1961 1986
f 1961 1985 1986
f 1961 1962 1985
f 1962 1984 1985
f 1962 1963 1984
f 1963 1983 1984
f 1963 1964 1983
f 1964 1982 1983
f 1964 1965 1982
f 1965 1981 1982
f 1965 1966 1981
f 1966 1967 1981
f 1981 1967 1980
f 1967 1968 1980
f 1980 1968 1979
f 1968 1969 1979
f 1979 1969 1978
f 1969 1970 1978
f 1978 1970 1977
f 1970 1971 1977
f 1977 1971 1976
f 1971 1972 1976
f 1976 1972 1975
f 1972 1973 1975
f 1975 1973 1974
f 1973 1913 1974
f 1708 1753 1709
f 1709 1753 1711
f 1753 1752 1711
f 1711 1752 1713
f 1752 1751 1713
f 1713 1751 1715
f 1751 1750 1715
f 1715 1750 1717
f 1750 1749 1717
f 1717 1749 1719
f 1749 1748 1719
f 1719 1748 1721
f 1748 1747 1721
f 1721 1747 1723
f 1747 1746 1723
f 1723 1746 1745
f 1723 1745 1726
f 1726 1745 1744
f 1726 1744 1728
f 1728 1744 1743
f 1728 1743 1730
f 1730 1743 1742
f 1730 1742 1732
f 1732 1742 1741
f 1732 1741 1734
f 1734 1741 1740
f 1734 1740 1736
f 1736 1740 1739
f 1736 1739 1738
f 1738 1739 34
f 34 1737 1738
f 1738 1737 1736
f 1737 1735 1736
f 1736 1735 1734
f 1735 1733 1734
f 1734 1733 1732
f 1733 1731 1732
f 1732 1731 1730
f 1731 1729 1730
f 1730 1729 1728
f 1729 1727 1728
f 1728 1727 1726
f 1727 1725 1726
f 1726 1725 1723
f 1725 1724 1723
f 1723 1724 1722
f 1723 1722 1721
f 1721 1722 1720
f 1721 1720 1719
f 1719 1720 1718
f 1719 1718 1717
f 1717 1718 1716
f 1717 1716 1715
f 1715 1716 1714
f 1715 1714 1713
f 1713 1714 1712
f 1713 1712 1711
f 1711 1712 1710
f 1711 1710 1709
f 1709 1710 1708
f 1708 1783 1753
f 1753 1783 1752
f 1783 1782 1752
f 1752 1782 1751
f 1782 1781 1751
f 1751 1781 1750
f 1781 1780 1750
f 1750 1780 1749
f 1780 1779 1749
f 1749 1779 1748
f 1779 1778 1748
f 1748 1778 1747
f 1778 1777 1747
f 1747 1777 1746
f 1777 1776 1746
f 1746 1776 1775
f 1746 1775 1745
f 1745 1775 1774
f 1745 1774 1744
f 1744 1774 1773
f 1744 1773 1743
f 1743 1773 1772
f 1743 1772 1742
f 1742 1772 1771
f 1742 1771 1741
f 1741 1771 1770
f 1741 1770 1740
f 1740 1770 1769
f 1740 1769 1739
f 1739 1769 34
f 34 1768 1737
f 1737 1768 1735
f 1768 1767 1735
f 1735 1767 1733
f 1767 1766 1733
f 1733 1766 1731
f 1766 1765 1731
f 1731 1765 1729
f 1765 1764 1729
f 1729 1764 1727
f 1764 1763 1727
f 1727 1763 1725
f 1763 1762 1725
f 1725 1762 1724
f 1762 1761 1724
f 1724 1761 1760
f 1724 1760 1722
f 1722 1760 1759
f 1722 1759 1720
f 1720 1759 1758
f 1720 1758 1718
f 1718 1758 1757
f 1718 1757 1716
f 1716 1757 1756
f 1716 1756 1714
f 1714 1756 1755
f 1714 1755 1712
f 1712 1755 1754
f 1712 1754 1710
f 1710 1754 1708
f 1708 1784 1783
f 1784 1815 1783
f 1783 1815 1782
f 1815 1814 1782
f 1782 1814 1781
f 1814 1813 1781
f 1781 1813 1780
f 1813 1812 1780
f 1780 1812 1779
f 1812 1811 1779
f 1779 1811 1778
f 1811 1810 1778
f 1778 1810 1777
f 1810 1809 1777
f 1777 1809 1776
f 1809 1808 1776
f 1776 1808 1807
f 1776 1807 1775
f 1775 1807 1806
f 1775 1806 1774
f 1774 1806 1805
f 1774 1805 1773
f 1773 1805 1804
f 1773 1804 1772
f 1772 1804 1803
f 1772 1803 1771
f 1771 1803 1802
f 1771 1802 1770
f 1770 1802 1801
f 1770 1801 1769
f 1769 1801 1800
f 1769 1800 34
f 34 1800 1768
f 1800 1799 1768
f 1768 1799 1767
f 1799 1798 1767
f 1767 1798 1766
f 1798 1797 1766
f 1766 1797 1765
f 1797 1796 1765
f 1765 1796 1764
f 1796 1795 1764
f 1764 1795 1763
f 1795 1794 1763
f 1763 1794 1762
f 1794 1793 1762
f 1762 1793 1761
f 1793 1792 1761
f 1761 1792 1791
f 1761 1791 1760
f 1760 1791 1790
f 1760 1790 1759
f 1759 1790 1789
f 1759 1789 1758
f 1758 1789 1788
f 1758 1788 1757
f 1757 1788 1787
f 1757 1787 1756
f 1756 1787 1786
f 1756 1786 1755
f 1755 1786 1785
f 1755 1785 1754
f 1754 1785 1784
f 1754 1784 1708
f 1784 1816 1815
f 1816 1847 1815
f 1815 1847 1814
f 1847 1846 1814
f 1814 1846 1813
f 1846 1845 1813
f 1813 1845 1812
f 1845 1844 1812
f 1812 1844 1811
f 1844 1843 1811
f 1811 1843 1810
f 1843 1842 1810
f 1810 1842 1809
f 1842 1841 1809
f 1809 1841 1808
f 1841 1840 1808
f 1808 1840 1839
f 1808 1839 1807
f 1807 1839 1838
f 1807 1838 1806
f 1806 1838 1837
f 1806 1837 1805
f 1805 1837 1836
f 1805 1836 1804
f 1804 1836 1835
f 1804 1835 1803
f 1803 1835 1834
f 1803 1834 1802
f 1802 1834 1833
f 1802 1833 1801
f 1801 1833 1832
f 1801 1832 1800
f 1800 1832 1799
f 1832 1831 1799
f 1799 1831 1798
f 1831 1830 1798
f 1798 1830 1797
f 1830 1829 1797
f 1797 1829 1796
f 1829 1828 1796
f 1796 1828 1795
f 1828 1827 1795
f 1795 1827 1794
f 1827 1826 1794
f 1794 1826 1793
f 1826 1825 1793
f 1793 1825 1792
f 1825 1824 1792
f 1792 1824 1823
f 1792 1823 1791
f 1791 1823 1822
f 1791 1822 1790
f 1790 1822 1821
f 1790 1821 1789
f 1789 1821 1820
f 1789 1820 1788
f 1788 1820 1819
f 1788 1819 1787
f 1787 1819 1818
f 1787 1818 1786
f 1786 1818 1817
f 1786 1817 1785
f 1785 1817 1816
f 1785 1816 1784
f 1816 1848 1847
f 1848 1879 1847
f 1847 1879 1846
f 1879 1878 1846
f 1846 1878 1845
f 1878 1877 1845
f 1845 1877 1844
f 1877 1876 1844
f 1844 1876 1843
f 1876 1875 1843
f 1843 1875 1842
f 1875 1874 1842
f 1842 1874 1841
f 1874 1873 1841
f 1841 1873 1840
f 1873 1872 1840
f 1840 1872 1871
f 1840 1871 1839
f 1839 1871 1870
f 1839 1870 1838
f 1838 1870 1869
f 1838 1869 1837
f 1837 1869 1868
f 1837 1868 1836
f 1836 1868 1867
f 1836 1867 1835
f 1835 1867 1866
f 1835 1866 1834
f 1834 1866 1865
f 1834 1865 1833
f 1833 1865 1864
f 1833 1864 1832
f 1832 1864 1831
f 1864 1863 1831
f 1831 1863 1830
f 1863 1862 1830
f 1830 1862 1829
f 1862 1861 1829
f 1829 1861 1828
f 1861 1860 1828
f 1828 1860 1827
f 1860 1859 1827
f 1827 1859 1826
f 1859 1858 1826
f 1826 1858 1825
f 1858 1857 1825
f 1825 1857 1824
f 1857 1856 1824
f 1824 1856 1855
f 1824 1855 1823
f 1823 1855 1854
f 1823 1854 1822
f 1822 1854 1853
f 1822 1853 1821
f 1821 1853 1852
f 1821 1852 1820
f 1820 1852 1851
f 1820 1851 1819
f 1819 1851 1850
f 1819 1850 1818
f 1818 1850 1849
f 1818 1849 1817
f 1817 1849 1848
f 1817 1848 1816
f 1848 1881 1911
f 1848 1911 1879
f 1879 1911 1910
f 1879 1910 1878
f 1878 1910 1909
f 1878 1909 1877
f 1877 1909 1908
f 1877 1908 1876
f 1876 1908 1907
f 1876 1907 1875
f 1875 1907 1906
f 1875 1906 1874
f 1874 1906 1905
f 1874 1905 1873
f 1873 1905 1904
f 1873 1904 1872
f 1872 1904 1871
f 1904 1903 1871
f 1871 1903 1870
f 1903 1902 1870
f 1870 1902 1869
f 1902 1901 1869
f 1869 1901 1868
f 1901 1900 1868
f 1868 1900 1867
f 1900 1899 1867
f 1867 1899 1866
f 1899 1898 1866
f 1866 1898 1865
f 1898 1897 1865
f 1865 1897 1864
f 1897 1896 1864
f 1864 1896 1895
f 1864 1895 1863
f 1863 1895 1894
f 1863 1894 1862
f 1862 1894 1893
f 1862 1893 1861
f 1861 1893 1892
f 1861 1892 1860
f 1860 1892 1891
f 1860 1891 1859
f 1859 1891 1890
f 1859 1890 1858
f 1858 1890 1889
f 1858 1889 1857
f 1857 1889 1888
f 1857 1888 1856
f 1856 1888 1855
f 1888 1887 1855
f 1855 1887 1854
f 1887 1886 1854
f 1854 1886 1853
f 1886 1885 1853
f 1853 1885 1852
f 1885 1884 1852
f 1852 1884 1851
f 1884 1883 1851
f 1851 1883 1850
f 1883 1882 1850
f 1850 1882 1849
f 1882 1880 1849
f 1849 1880 1848
f 1880 1881 1848
f 1881 1913 1943
f 1881 1943 1911
f 1911 1943 1942
f 1911 1942 1910
f 1910 1942 1941
f 1910 1941 1909
f 1909 1941 1940
f 1909 1940 1908
f 1908 1940 1939
f 1908 1939 1907
f 1907 1939 1938
f 1907 1938 1906
f 1906 1938 1937
f 1906 1937 1905
f 1905 1937 1936
f 1905 1936 1904
f 1904 1936 1903
f 1936 1935 1903
f 1903 1935 1902
f 1935 1934 1902
f 1902 1934 1901
f 1934 1933 1901
f 1901 1933 1900
f 1933 1932 1900
f 1900 1932 1899
f 1932 1931 1899
f 1899 1931 1898
f 1931 1930 1898
f 1898 1930 1897
f 1930 1929 1897
f 1897 1929 1896
f 1929 1928 1896
f 1896 1928 1927
f 1896 1927 1895
f 1895 1927 1926
f 1895 1926 1894
f 1894 1926 1925
f 1894 1925 1893
f 1893 1925 1924
f 1893 1924 1892
f 1892 1924 1923
f 1892 1923 1891
f 1891 1923 1922
f 1891 1922 1890
f 1890 1922 1921
f 1890 1921 1889
f 1889 1921 1920
f 1889 1920 1888
f 1888 1920 1887
f 1920 1919 1887
f 1887 1919 1886
f 1919 1918 1886
f 1886 1918 1885
f 1918 1917 1885
f 1885 1917 1884
f 1917 1916 1884
f 1884 1916 1883
f 1916 1915 1883
f 1883 1915 1882
f 1915 1914 1882
f 1882 1914 1880
f 1914 1912 1880
f 1880 1912 1881
f 1912 1913 1881
f 1913 1973 1943
f 1943 1973 1972
f 1943 1972 1942
f 1942 1972 1971
f 1942 1971 1941
f 1941 1971 1970
f 1941 1970 1940
f 1940 1970 1969
f 1940 1969 1939
f 1939 1969 1968
f 1939 1968 1938
f 1938 1968 1967
f 1938 1967 1937
f 1937 1967 1966
f 1937 1966 1936
f 1936 1966 1935
f 1966 1965 1935
f 1935 1965 1934
f 1965 1964 1934
f 1934 1964 1933
f 1964 1963 1933
f 1933 1963 1932
f 1963 1962 1932
f 1932 1962 1931
f 1962 1961 1931
f 1931 1961 1930
f 1961 1960 1930
f 1930 1960 1929
f 1960 1959 1929
f 1929 1959 1928
f 1928 1958 1927
f 1927 1958 1957
f 1927 1957 1926
f 1926 1957 1956
f 1926 1956 1925
f 1925 1956 1955
f 1925 1955 1924
f 1924 1955 1954
f 1924 1954 1923
f 1923 1954 1953
f 1923 1953 1922
f 1922 1953 1952
f 1922 1952 1921
f 1921 1952 1951
f 1921 1951 1920
f 1920 1951 1919
f 1951 1950 1919
f 1919 1950 1918
f 1950 1949 1918
f 1918 1949 1917
f 1949 1948 1917
f 1917 1948 1916
f 1948 1947 1916
f 1916 1947 1915
f 1947 1946 1915
f 1915 1946 1914
f 1946 1945 1914
f 1914 1945 1912
f 1945 1944 1912
f 1912 1944 1913
f 1913 1974 1973
f 1973 1974 1975
f 1973 1975 1972
f 1972 1975 1976
f 1972 1976 1971
f 1971 1976 1977
f 1971 1977 1970
f 1970 1977 1978
f 1970 1978 1969
f 1969 1978 1979
f 1969 1979 1968
f 1968 1979 1980
f 1968 1980 1967
f 1967 1980 1981
f 1967 1981 1966
f 1966 1981 1965
f 1981 1982 1965
f 1965 1982 1964
f 1982 1983 1964
f 1964 1983 1963
f 1983 1984 1963
f 1963 1984 1962
f 1984 1985 1962
f 1962 1985 1961
f 1985 1986 1961
f 1961 1986 1960
f 1986 1987 1960
f 1960 1987 1959
f 1987 1988 1959
f 1959 1988 1928
f 1928 1988 1958
f 1958 1988 1987
f 1958 1987 1957
f 1957 1987 1986
f 1957 1986 1956
f 1956 1986 1985
f 1956 1985 1955
f 1955 1985 1984
f 1955 1984 1954
f 1954 1984 1983
f 1954 1983 1953
f 1953 1983 1982
f 1953 1982 1952
f 1952 1982 1981
f 1952 1981 1951
f 1951 1981 1950
f 1981 1980 1950
f 1950 1980 1949
f 1980 1979 1949
f 1949 1979 1948
f 1979 1978 1948
f 1948 1978 1947
f 1978 1977 1947
f 1947 1977 1946
f 1977 1976 1946
f 1946 1976 1945
f 1976 1975 1945
f 1945 1975 1944
f 1975 1974 1944
f 1944 1974 1913
f 1403 1404 34
f 1404 1405 34
f 1405 1406 34
f 1406 1407 34
f 34 1407 1408
f 34 1408 1409
f 34 1409 1410
f 34 1410 1411
f 1411 1412 34
f 1412 1413 34
f 1413 1414 34
f 1414 1415 34
f 34 1415 1416
f 34 1416 1417
f 34 1417 1418
f 34 1418 1403
f 1403 1419 1404
f 1419 1420 1404
f 1404 1420 1405
f 1420 1421 1405
f 1405 1421 1406
f 1421 1422 1406
f 1406 1422 1407
f 1422 1423 1407
f 1407 1423 1424
f 1407 1424 1408
f 1408 1424 1425
f 1408 1425 1409
f 1409 1425 1426
f 1409 1426 1410
f 1410 1426 1427
f 1410 1427 1411
f 1411 1427 1412
f 1427 1428 1412
f 1412 1428 1413
f 1428 1429 1413
f 1413 1429 1414
f 1429 1430 1414
f 1414 1430 1415
f 1430 1431 1415
f 1415 1431 1432
f 1415 1432 1416
f 1416 1432 1433
f 1416 1433 1417
f 1417 1433 1434
f 1417 1434 1418
f 1418 1434 1419
f 1418 1419 1403
f 1419 1435 1420
f 1435 1436 1420
f 1420 1436 1421
f 1436 1437 1421
f 1421 1437 1422
f 1437 1438 1422
f 1422 1438 1423
f 1438 1439 1423
f 1423 1439 1440
f 1423 1440 1424
f 1424 1440 1441
f 1424 1441 1425
f 1425 1441 1442
f 1425 1442 1426
f 1426 1442 1443
f 1426 1443 1427
f 1427 1443 1428
f 1443 1444 1428
f 1428 1444 1429
f 1444 1445 1429
f 1429 1445 1430
f 1445 1446 1430
f 1430 1446 1431
f 1446 1447 1431
f 1431 1447 1448
f 1431 1448 1432
f 1432 1448 1449
f 1432 1449 1433
f 1433 1449 1450
f 1433 1450 1434
f 1434 1450 1435
f 1434 1435 1419
f 1435 1451 1436
f 1451 1452 1436
f 1436 1452 1437
f 1452 1453 1437
f 1437 1453 1438
f 1453 1454 1438
f 1438 1454 1439
f 1454 1455 1439
f 1439 1455 1456
f 1439 1456 1440
f 1440 1456 1457
f 1440 1457 1441
f 1441 1457 1458
f 1441 1458 1442
f 1442 1458 1459
f 1442 1459 1443
f 1443 1459 1444
f 1459 1460 1444
f 1444 1460 1445
f 1460 1461 1445
f 1445 1461 1446
f 1461 1462 1446
f 1446 1462 1447
f 1462 1463 1447
f 1447 1463 1464
f 1447 1464 1448
f 1448 1464 1465
f 1448 1465 1449
f 1449 1465 1466
f 1449 1466 1450
f 1450 1466 1451
f 1450 1451 1435
f 1451 1467 1452
f 1467 1468 1452
f 1452 1468 1453
f 1468 1469 1453
f 1453 1469 1454
f 1469 1470 1454
f 1454 1470 1455
f 1470 1471 1455
f 1455 1471 1472
f 1455 1472 1456
f 1456 1472 1473
f 1456 1473 1457
f 1457 1473 1474
f 1457 1474 1458
f 1458 1474 1475
f 1458 1475 1459
f 1459 1475 1460
f 1475 1476 1460
f 1460 1476 1461
f 1476 1477 1461
f 1461 1477 1462
f 1477 1478 1462
f 1462 1478 1463
f 1478 1479 1463
f 1463 1479 1480
f 1463 1480 1464
f 1464 1480 1481
f 1464 1481 1465
f 1465 1481 1482
f 1465 1482 1466
f 1466 1482 1467
f 1466 1467 1451
f 1467 1483 1468
f 1483 1484 1468
f 1468 1484 1469
f 1484 1485 1469
f 1469 1485 1470
f 1485 1486 1470
f 1470 1486 1471
f 1486 1487 1471
f 1471 1487 1488
f 1471 1488 1472
f 1472 1488 1489
f 1472 1489 1473
f 1473 1489 1490
f 1473 1490 1474
f 1474 1490 1491
f 1474 1491 1475
f 1475 1491 1476
f 1491 1492 1476
f 1476 1492 1477
f 1492 1493 1477
f 1477 1493 1478
f 1493 1494 1478
f 1478 1494 1479
f 1494 1495 1479
f 1479 1495 1496
f 1479 1496 1480
f 1480 1496 1497
f 1480 1497 1481
f 1481 1497 1498
f 1481 1498 1482
f 1482 1498 1483
f 1482 1483 1467
f 1483 1499 1484
f 1499 1500 1484
f 1484 1500 1485
f 1500 1501 1485
f 1485 1501 1486
f 1501 1502 1486
f 1486 1502 1487
f 1502 1503 1487
f 1487 1503 1504
f 1487 1504 1488
f 1488 1504 1505
f 1488 1505 1489
f 1489 1505 1506
f 1489 1506 1490
f 1490 1506 1507
f 1490 1507 1491
f 1491 1507 1492
f 1507 1508 1492
f 1492 1508 1493
f 1508 1509 1493
f 1493 1509 1494
f 1509 1510 1494
f 1494 1510 1495
f 1510 1511 1495
f 1495 1511 1512
f 1495 1512 1496
f 1496 1512 1513
f 1496 1513 1497
f 1497 1513 1514
f 1497 1514 1498
f 1498 1514 1499
f 1498 1499 1483
f 1499 1515 1500
f 1515 1516 1500
f 1500 1516 1501
f 1516 1517 1501
f 1501 1517 1502
f 1517 1518 1502
f 1502 1518 1503
f 1518 1519 1503
f 1503 1519 1520
f 1503 1520 1504
f 1504 1520 1521
f 1504 1521 1505
f 1505 1521 1522
f 1505 1522 1506
f 1506 1522 1523
f 1506 1523 1507
f 1507 1523 1508
f 1523 1524 1508
f 1508 1524 1509
f 1524 1525 1509
f 1509 1525 1510
f 1525 1526 1510
f 1510 1526 1511
f 1526 1527 1511
f 1511 1527 1528
f 1511 1528 1512
f 1512 1528 1529
f 1512 1529 1513
f 1513 1529 1530
f 1513 1530 1514
f 1514 1530 1515
f 1514 1515 1499
f 1515 1531 1516
f 1531 1532 1516
f 1516 1532 1517
f 1532 1533 1517
f 1517 1533 1518
f 1533 1534 1518
f 1518 1534 1519
f 1534 1535 1519
f 1519 1535 1536
f 1519 1536 1520
f 1520 1536 1537
f 1520 1537 1521
f 1521 1537 1538
f 1521 1538 1522
f 1522 1538 1539
f 1522 1539 1523
f 1523 1539 1524
f 1539 1540 1524
f 1524 1540 1525
f 1540 1541 1525
f 1525 1541 1526
f 1541 1542 1526
f 1526 1542 1527
f 1542 1543 1527
f 1527 1543 1544
f 1527 1544 1528
f 1528 1544 1545
f 1528 1545 1529
f 1529 1545 1546
f 1529 1546 1530
f 1530 1546 1531
f 1530 1531 1515
f 1531 1547 1532
f 1547 1548 1532
f 1532 1548 1533
f 1548 1549 1533
f 1533 1549 1534
f 1549 1550 1534
f 1534 1550 1535
f 1550 1551 1535
f 1535 1551 1552
f 1535 1552 1536
f 1536 1552 1553
f 1536 1553 1537
f 1537 1553 1554
f 1537 1554 1538
f 1538 1554 1555
f 1538 1555 1539
f 1539 1555 1540
f 1555 1556 1540
f 1540 1556 1541
f 1556 1557 1541
f 1541 1557 1542
f 1557 1558 1542
f 1542 1558 1543
f 1558 1559 1543
f 1543 1559 1560
f 1543 1560 1544
f 1544 1560 1561
f 1544 1561 1545
f 1545 1561 1562
f 1545 1562 1546
f 1546 1562 1547
f 1546 1547 1531
f 1547 1563 1564
f 1547 1564 1548
f 1548 1564 1565
f 1548 1565 1549
f 1549 1565 1566
f 1549 1566 1550
f 1550 1566 1567
f 1550 1567 1551
f 1551 1567 1552
f 1567 1568 1552
f 1552 1568 1553
f 1568 1569 1553
f 1553 1569 1554
f 1569 1570 1554
f 1554 1570 1555
f 1570 1571 1555
f 1555 1571 1572
f 1555 1572 1556
f 1556 1572 1573
f 1556 1573 1557
f 1557 1573 1574
f 1557 1574 1558
f 1558 1574 1575
f 1558 1575 1559
f 1559 1575 1560
f 1575 1576 1560
f 1560 1576 1561
f 1576 1577 1561
f 1561 1577 1562
f 1577 1578 1562
f 1562 1578 1547
f 1578 1563 1547
f 1563 1579 1580
f 1563 1580 1564
f 1564 1580 1581
f 1564 1581 1565
f 1565 1581 1582
f 1565 1582 1566
f 1566 1582 1583
f 1566 1583 1567
f 1567 1583 1568
f 1583 1584 1568
f 1568 1584 1569
f 1584 1585 1569
f 1569 1585 1570
f 1585 1586 1570
f 1570 1586 1571
f 1586 1587 1571
f 1571 1587 1588
f 1571 1588 1572
f 1572 1588 1589
f 1572 1589 1573
f 1573 1589 1590
f 1573 1590 1574
f 1574 1590 1591
f 1574 1591 1575
f 1575 1591 1576
f 1591 1592 1576
f 1576 1592 1577
f 1592 1593 1577
f 1577 1593 1578
f 1593 1594 1578
f 1578 1594 1563
f 1594 1579 1563
f 1579 1595 1596
f 1579 1596 1580
f 1580 1596 1597
f 1580 1597 1581
f 1581 1597 1598
f 1581 1598 1582
f 1582 1598 1599
f 1582 1599 1583
f 1583 1599 1584
f 1599 1600 1584
f 1584 1600 1585
f 1600 1601 1585
f 1585 1601 1586
f 1601 1602 1586
f 1586 1602 1587
f 1602 1603 1587
f 1587 1603 1604
f 1587 1604 1588
f 1588 1604 1605
f 1588 1605 1589
f 1589 1605 1606
f 1589 1606 1590
f 1590 1606 1607
f 1590 1607 1591
f 1591 1607 1592
f 1607 1608 1592
f 1592 1608 1593
f 1608 1609 1593
f 1593 1609 1594
f 1609 1610 1594
f 1594 1610 1579
f 1610 1595 1579
f 1595 1611 1612
f 1595 1612 1596
f 1596 1612 1613
f 1596 1613 1597
f 1597 1613 1614
f 1597 1614 1598
f 1598 1614 1615
f 1598 1615 1599
f 1599 1615 1600
f 1615 1616 1600
f 1600 1616 1601
f 1616 1617 1601
f 1601 1617 1602
f 1617 1618 1602
f 1602 1618 1603
f 1618 1619 1603
f 1603 1619 1620
f 1603 1620 1604
f 1604 1620 1621
f 1604 1621 1605
f 1605 1621 1622
f 1605 1622 1606
f 1606 1622 1623
f 1606 1623 1607
f 1607 1623 1608
f 1623 1624 1608
f 1608 1624 1609
f 1624 1625 1609
f 1609 1625 1610
f 1625 1626 1610
f 1610 1626 1595
f 1626 1611 1595
f 1611 1627 1628
f 1611 1628 1612
f 1612 1628 1629
f 1612 1629 1613
f 1613 1629 1630
f 1613 1630 1614
f 1614 1630 1631
f 1614 1631 1615
f 1615 1631 1616
f 1631 1632 1616
f 1616 1632 1617
f 1632 1633 1617
f 1617 1633 1618
f 1633 1634 1618
f 1618 1634 1619
f 1634 1635 1619
f 1619 1635 1636
f 1619 1636 1620
f 1620 1636 1637
f 1620 1637 1621
f 1621 1637 1638
f 1621 1638 1622
f 1622 1638 1639
f 1622 1639 1623
f 1623 1639 1624
f 1639 1640 1624
f 1624 1640 1625
f 1640 1641 1625
f 1625 1641 1626
f 1641 1642 1626
f 1626 1642 1611
f 1642 1627 1611
f 1627 1643 1644
f 1627 1644 1628
f 1628 1644 1645
f 1628 1645 1629
f 1629 1645 1646
f 1629 1646 1630
f 1630 1646 1647
f 1630 1647 1631
f 1631 1647 1632
f 1647 1648 1632
f 1632 1648 1633
f 1648 1649 1633
f 1633 1649 1634
f 1649 1650 1634
f 1634 1650 1635
f 1650 1651 1635
f 1635 1651 1652
f 1635 1652 1636
f 1636 1652 1653
f 1636 1653 1637
f 1637 1653 1654
f 1637 1654 1638
f 1638 1654 1655
f 1638 1655 1639
f 1639 1655 1640
f 1655 1656 1640
f 1640 1656 1641
f 1656 1657 1641
f 1641 1657 1642
f 1657 1658 1642
f 1642 1658 1627
f 1658 1643 1627
f 1643 1659 1660
f 1643 1660 1644
f 1644 1660 1661
f 1644 1661 1645
f 1645 1661 1662
f 1645 1662 1646
f 1646 1662 1663
f 1646 1663 1647
f 1647 1663 1648
f 1663 1664 1648
f 1648 1664 1649
f 1664 1665 1649
f 1649 1665 1650
f 1665 1666 1650
f 1650 1666 1651
f 1666 1667 1651
f 1651 1667 1668
f 1651 1668 1652
f 1652 1668 1669
f 1652 1669 1653
f 1653 1669 1670
f 1653 1670 1654
f 1654 1670 1671
f 1654 1671 1655
f 1655 1671 1656
f 1671 1672 1656
f 1656 1672 1657
f 1672 1673 1657
f 1657 1673 1658
f 1673 1674 1658
f 1658 1674 1643
f 1674 1659 1643
f 1659 1675 1676
f 1659 1676 1660
f 1660 1676 1677
f 1660 1677 1661
f 1661 1677 1678
f 1661 1678 1662
f 1662 1678 1679
f 1662 1679 1663
f 1663 1679 1664
f 1679 1680 1664
f 1664 1680 1665
f 1680 1681 1665
f 1665 1681 1666
f 1681 1682 1666
f 1666 1682 1667
f 1682 1683 1667
f 1667 1683 1684
f 1667 1684 1668
f 1668 1684 1685
f 1668 1685 1669
f 1669 1685 1686
f 1669 1686 1670
f 1670 1686 1687
f 1670 1687 1671
f 1671 1687 1672
f 1687 1688 1672
f 1672 1688 1673
f 1688 1689 1673
f 1673 1689 1674
f 1689 1690 1674
f 1674 1690 1659
f 1690 1675 1659
f 1675 1691 1692
f 1675 1692 1676
f 1676 1692 1693
f 1676 1693 1677
f 1677 1693 1694
f 1677 1694 1678
f 1678 1694 1695
f 1678 1695 1679
f 1679 1695 1680
f 1695 1696 1680
f 1680 1696 1681
f 1696 1697 1681
f 1681 1697 1682
f 1697 1698 1682
f 1682 1698 1683
f 1698 1699 1683
f 1683 1699 1700
f 1683 1700 1684
f 1684 1700 1701
f 1684 1701 1685
f 1685 1701 1702
f 1685 1702 1686
f 1686 1702 1703
f 1686 1703 1687
f 1687 1703 1688
f 1703 1704 1688
f 1688 1704 1689
f 1704 1705 1689
f 1689 1705 1690
f 1705 1706 1690
f 1690 1706 1675
f 1706 1691 1675
f 1691 1707 1692
f 1692 1707 1693
f 1693 1707 1694
f 1694 1707 1695
f 1695 1707 1696
f 1696 1707 1697
f 1697 1707 1698
f 1698 1707 1699
f 1699 1707 1700
f 1700 1707 1701
f 1701 1707 1702
f 1702 1707 1703
f 1703 1707 1704
f 1704 1707 1705
f 1705 1707 1706
f 1706 1707 1691
f 1708 1709 1753
f 1709 1711 1753
f 1753 1711 1752
f 1711 1713 1752
f 1752 1713 1751
f 1713 1715 1751
f 1751 1715 1750
f 1715 1717 1750
f 1750 1717 1749
f 1717 1719 1749
f 1749 1719 1748
f 1719 1721 1748
f 1748 1721 1747
f 1721 1723 1747
f 1747 1723 1746
f 1723 1745 1746
f 1723 1726 1745
f 1726 1744 1745
f 1726 1728 1744
f 1728 1743 1744
f 1728 1730 1743
f 1730 1742 1743
f 1730 1732 1742
f 1732 1741 1742
f 1732 1734 1741
f 1734 1740 1741
f 1734 1736 1740
f 1736 1739 1740
f 1736 1738 1739
f 1738 34 1739
f 34 1738 1737
f 1738 1736 1737
f 1737 1736 1735
f 1736 1734 1735
f 1735 1734 1733
f 1734 1732 1733
f 1733 1732 1731
f 1732 1730 1731
f 1731 1730 1729
f 1730 1728 1729
f 1729 1728 1727
f 1728 1726 1727
f 1727 1726 1725
f 1726 1723 1725
f 1725 1723 1724
f 1723 1722 1724
f 1723 1721 1722
f 1721 1720 1722
f 1721 1719 1720
f 1719 1718 1720
f 1719 1717 1718
f 1717 1716 1718
f 1717 1715 1716
f 1715 1714 1716
f 1715 1713 1714
f 1713 1712 1714
f 1713 1711 1712
f 1711 1710 1712
f 1711 1709 1710
f 1709 1708 1710
f 1708 1753 1783
f 1753 1752 1783
f 1783 1752 1782
f 1752 1751 1782
f 1782 1751 1781
f 1751 1750 1781
f 1781 1750 1780
f 1750 1749 1780
f 1780 1749 1779
f 1749 1748 1779
f 1779 1748 1778
f 1748 1747 1778
f 1778 1747 1777
f 1747 1746 1777
f 1777 1746 1776
f 1746 1775 1776
f 1746 1745 1775
f 1745 1774 1775
f 1745 1744 1774
f 1744 1773 1774
f 1744 1743 1773
f 1743 1772 1773
f 1743 1742 1772
f 1742 1771 1772
f 1742 1741 1771
f 1741 1770 1771
f 1741 1740 1770
f 1740 1769 1770
f 1740 1739 1769
f 1739 34 1769
f 34 1737 1768
f 1737 1735 1768
f 1768 1735 1767
f 1735 1733 1767
f 1767 1733 1766
f 1733 1731 1766
f 1766 1731 1765
f 1731 1729 1765
f 1765 1729 1764
f 1729 1727 1764
f 1764 1727 1763
f 1727 1725 1763
f 1763 1725 1762
f 1725 1724 1762
f 1762 1724 1761
f 1724 1760 1761
f 1724 1722 1760
f 1722 1759 1760
f 1722 1720 1759
f 1720 1758 1759
f 1720 1718 1758
f 1718 1757 1758
f 1718 1716 1757
f 1716 1756 1757
f 1716 1714 1756
f 1714 1755 1756
f 1714 1712 1755
f 1712 1754 1755
f 1712 1710 1754
f 1710 1708 1754
f 1708 1783 1989
f 1989 1783 1990
f 1783 1782 1990
f 1990 1782 1991
f 1782 1781 1991
f 1991 1781 1992
f 1781 1780 1992
f 1992 1780 1993
f 1780 1779 1993
f 1993 1779 1994
f 1779 1778 1994
f 1994 1778 1995
f 1778 1777 1995
f 1995 1777 1996
f 1777 1776 1996
f 1996 1776 1997
f 1776 1998 1997
f 1776 1775 1998
f 1775 1999 1998
f 1775 1774 1999
f 1774 2000 1999
f 1774 1773 2000
f 1773 2001 2000
f 1773 1772 2001
f 1772 2002 2001
f 1772 1771 2002
f 1771 2003 2002
f 1771 1770 2003
f 1770 2004 2003
f 1770 1769 2004
f 1769 2005 2004
f 1769 34 2005
f 34 1768 2005
f 2005 1768 2006
f 1768 1767 2006
f 2006 1767 2007
f 1767 1766 2007
f 2007 1766 2008
f 1766 1765 2008
f 2008 1765 2009
f 1765 1764 2009
f 2009 1764 2010
f 1764 1763 2010
f 2010 1763 2011
f 1763 1762 2011
f 2011 1762 2012
f 1762 1761 2012
f 2012 1761 2013
f 1761 2014 2013
f 1761 1760 2014
f 1760 2015 2014
f 1760 1759 2015
f 1759 2016 2015
f 1759 1758 2016
f 1758 2017 2016
f 1758 1757 2017
f 1757 2018 2017
f 1757 1756 2018
f 1756 2019 2018
f 1756 1755 2019
f 1755 2020 2019
f 1755 1754 2020
f 1754 1989 2020
f 1754 1708 1989
f 1989 1990 2021
f 2021 1990 2022
f 1990 1991 2022
f 2022 1991 2023
f 1991 1992 2023
f 2023 1992 2024
f 1992 1993 2024
f 2024 1993 2025
f 1993 1994 2025
f 2025 1994 2026
f 1994 1995 2026
f 2026 1995 2027
f 1995 1996 2027
f 2027 1996 2028
f 1996 1997 2028
f 2028 1997 2029
f 1997 2030 2029
f 1997 1998 2030
f 1998 2031 2030
f 1998 1999 2031
f 1999 2032 2031
f 1999 2000 2032
f 2000 2033 2032
f 2000 2001 2033
f 2001 2034 2033
f 2001 2002 2034
f 2002 2035 2034
f 2002 2003 2035
f 2003 2036 2035
f 2003 2004 2036
f 2004 2037 2036
f 2004 2005 2037
f 2005 2006 2037
f 2037 2006 2038
f 2006 2007 2038
f 2038 2007 2039
f 2007 2008 2039
f 2039 2008 2040
f 2008 2009 2040
f 2040 2009 2041
f 2009 2010 2041
f 2041 2010 2042
f 2010 2011 2042
f 2042 2011 2043
f 2011 2012 2043
f 2043 2012 2044
f 2012 2013 2044
f 2044 2013 2045
f 2013 2046 2045
f 2013 2014 2046
f 2014 2047 2046
f 2014 2015 2047
f 2015 2048 2047
f 2015 2016 2048
f 2016 2049 2048
f 2016 2017 2049
f 2017 2050 2049
f 2017 2018 2050
f 2018 2051 2050
f 2018 2019 2051
f 2019 2052 2051
f 2019 2020 2052
f 2020 2021 2052
f 2020 1989 2021
f 2021 2022 2053
f 2053 2022 2054
f 2022 2023 2054
f 2054 2023 2055
f 2023 2024 2055
f 2055 2024 2056
f 2024 2025 2056
f 2056 2025 2057
f 2025 2026 2057
f 2057 2026 2058
f 2026 2027 2058
f 2058 2027 2059
f 2027 2028 2059
f 2059 2028 2060
f 2028 2029 2060
f 2060 2029 2061
f 2029 2062 2061
f 2029 2030 2062
f 2030 2063 2062
f 2030 2031 2063
f 2031 2064 2063
f 2031 2032 2064
f 2032 2065 2064
f 2032 2033 2065
f 2033 2066 2065
f 2033 2034 2066
f 2034 2067 2066
f 2034 2035 2067
f 2035 2068 2067
f 2035 2036 2068
f 2036 2069 2068
f 2036 2037 2069
f 2037 2038 2069
f 2069 2038 2070
f 2038 2039 2070
f 2070 2039 2071
f 2039 2040 2071
f 2071 2040 2072
f 2040 2041 2072
f 2072 2041 2073
f 2041 2042 2073
f 2073 2042 2074
f 2042 2043 2074
f 2074 2043 2075
f 2043 2044 2075
f 2075 2044 2076
f 2044 2045 2076
f 2076 2045 2077
f 2045 2078 2077
f 2045 2046 2078
f 2046 2079 2078
f 2046 2047 2079
f 2047 2080 2079
f 2047 2048 2080
f 2048 2081 2080
f 2048 2049 2081
f 2049 2082 2081
f 2049 2050 2082
f 2050 2083 2082
f 2050 2051 2083
f 2051 2084 2083
f 2051 2052 2084
f 2052 2053 2084
f 2052 2021 2053
f 2053 2085 2086
f 2053 2054 2085
f 2054 2087 2085
f 2054 2055 2087
f 2055 2088 2087
f 2055 2056 2088
f 2056 2089 2088
f 2056 2057 2089
f 2057 2090 2089
f 2057 2058 2090
f 2058 2091 2090
f 2058 2059 2091
f 2059 2092 2091
f 2059 2060 2092
f 2060 2093 2092
f 2060 2061 2093
f 2061 2062 2093
f 2093 2062 2094
f 2062 2063 2094
f 2094 2063 2095
f 2063 2064 2095
f 2095 2064 2096
f 2064 2065 2096
f 2096 2065 2097
f 2065 2066 2097
f 2097 2066 2098
f 2066 2067 2098
f 2098 2067 2099
f 2067 2068 2099
f 2099 2068 2100
f 2068 2069 2100
f 2100 2069 2101
f 2069 2102 2101
f 2069 2070 2102
f 2070 2103 2102
f 2070 2071 2103
f 2071 2104 2103
f 2071 2072 2104
f 2072 2105 2104
f 2072 2073 2105
f 2073 2106 2105
f 2073 2074 2106
f 2074 2107 2106
f 2074 2075 2107
f 2075 2108 2107
f 2075 2076 2108
f 2076 2109 2108
f 2076 2077 2109
f 2077 2078 2109
f 2109 2078 2110
f 2078 2079 2110
f 2110 2079 2111
f 2079 2080 2111
f 2111 2080 2112
f 2080 2081 2112
f 2112 2081 2113
f 2081 2082 2113
f 2113 2082 2114
f 2082 2083 2114
f 2114 2083 2115
f 2083 2084 2115
f 2115 2084 2116
f 2084 2053 2116
f 2116 2053 2086
f 2086 2117 2118
f 2086 2085 2117
f 2085 2119 2117
f 2085 2087 2119
f 2087 2120 2119
f 2087 2088 2120
f 2088 2121 2120
f 2088 2089 2121
f 2089 2122 2121
f 2089 2090 2122
f 2090 2123 2122
f 2090 2091 2123
f 2091 2124 2123
f 2091 2092 2124
f 2092 2125 2124
f 2092 2093 2125
f 2093 2094 2125
f 2125 2094 2126
f 2094 2095 2126
f 2126 2095 2127
f 2095 2096 2127
f 2127 2096 2128
f 2096 2097 2128
f 2128 2097 2129
f 2097 2098 2129
f 2129 2098 2130
f 2098 2099 2130
f 2130 2099 2131
f 2099 2100 2131
f 2131 2100 2132
f 2100 2101 2132
f 2132 2101 2133
f 2101 2134 2133
f 2101 2102 2134
f 2102 2135 2134
f 2102 2103 2135
f 2103 2136 2135
f 2103 2104 2136
f 2104 2137 2136
f 2104 2105 2137
f 2105 2138 2137
f 2105 2106 2138
f 2106 2139 2138
f 2106 2107 2139
f 2107 2140 2139
f 2107 2108 2140
f 2108 2141 2140
f 2108 2109 2141
f 2109 2110 2141
f 2141 2110 2142
f 2110 2111 2142
f 2142 2111 2143
f 2111 2112 2143
f 2143 2112 2144
f 2112 2113 2144
f 2144 2113 2145
f 2113 2114 2145
f 2145 2114 2146
f 2114 2115 2146
f 2146 2115 2147
f 2115 2116 2147
f 2147 2116 2148
f 2116 2086 2148
f 2148 2086 2118
f 2118 2117 2149
f 2117 2150 2149
f 2117 2119 2150
f 2119 2151 2150
f 2119 2120 2151
f 2120 2152 2151
f 2120 2121 2152
f 2121 2153 2152
f 2121 2122 2153
f 2122 2154 2153
f 2122 2123 2154
f 2123 2155 2154
f 2123 2124 2155
f 2124 2156 2155
f 2124 2125 2156
f 2125 2126 2156
f 2156 2126 2157
f 2126 2127 2157
f 2157 2127 2158
f 2127 2128 2158
f 2158 2128 2159
f 2128 2129 2159
f 2159 2129 2160
f 2129 2130 2160
f 2160 2130 2161
f 2130 2131 2161
f 2161 2131 2162
f 2131 2132 2162
f 2162 2132 2163
f 2132 2133 2163
f 2133 2134 2164
f 2134 2165 2164
f 2134 2135 2165
f 2135 2166 2165
f 2135 2136 2166
f 2136 2167 2166
f 2136 2137 2167
f 2137 2168 2167
f 2137 2138 2168
f 2138 2169 2168
f 2138 2139 2169
f 2139 2170 2169
f 2139 2140 2170
f 2140 2171 2170
f 2140 2141 2171
f 2141 2142 2171
f 2171 2142 2172
f 2142 2143 2172
f 2172 2143 2173
f 2143 2144 2173
f 2173 2144 2174
f 2144 2145 2174
f 2174 2145 2175
f 2145 2146 2175
f 2175 2146 2176
f 2146 2147 2176
f 2176 2147 2177
f 2147 2148 2177
f 2177 2148 2178
f 2148 2118 2178
f 2118 2149 2179
f 2149 2180 2179
f 2149 2150 2180
f 2150 2181 2180
f 2150 2151 2181
f 2151 2182 2181
f 2151 2152 2182
f 2152 2183 2182
f 2152 2153 2183
f 2153 2184 2183
f 2153 2154 2184
f 2154 2185 2184
f 2154 2155 2185
f 2155 2186 2185
f 2155 2156 2186
f 2156 2157 2186
f 2186 2157 2187
f 2157 2158 2187
f 2187 2158 2188
f 2158 2159 2188
f 2188 2159 2189
f 2159 2160 2189
f 2189 2160 2190
f 2160 2161 2190
f 2190 2161 2191
f 2161 2162 2191
f 2191 2162 2192
f 2162 2163 2192
f 2192 2163 2193
f 2163 2133 2193
f 2133 2164 2193
f 2164 2192 2193
f 2164 2165 2192
f 2165 2191 2192
f 2165 2166 2191
f 2166 2190 2191
f 2166 2167 2190
f 2167 2189 2190
f 2167 2168 2189
f 2168 2188 2189
f 2168 2169 2188
f 2169 2187 2188
f 2169 2170 2187
f 2170 2186 2187
f 2170 2171 2186
f 2171 2172 2186
f 2186 2172 2185
f 2172 2173 2185
f 2185 2173 2184
f 2173 2174 2184
f 2184 2174 2183
f 2174 2175 2183
f 2183 2175 2182
f 2175 2176 2182
f 2182 2176 2181
f 2176 2177 2181
f 2181 2177 2180
f 2177 2178 2180
f 2180 2178 2179
f 2178 2118 2179
f 1708 1710 1709
f 1709 1710 1711
f 1710 1712 1711
f 1711 1712 1713
f 1712 1714 1713
f 1713 1714 1715
f 1714 1716 1715
f 1715 1716 1717
f 1716 1718 1717
f 1717 1718 1719
f 1718 1720 1719
f 1719 1720 1721
f 1720 1722 1721
f 1721 1722 1723
f 1722 1724 1723
f 1723 1724 1725
f 1723 1725 1726
f 1726 1725 1727
f 1726 1727 1728
f 1728 1727 1729
f 1728 1729 1730
f 1730 1729 1731
f 1730 1731 1732
f 1732 1731 1733
f 1732 1733 1734
f 1734 1733 1735
f 1734 1735 1736
f 1736 1735 1737
f 1736 1737 1738
f 1738 1737 34
f 34 1739 1738
f 1738 1739 1736
f 1739 1740 1736
f 1736 1740 1734
f 1740 1741 1734
f 1734 1741 1732
f 1741 1742 1732
f 1732 1742 1730
f 1742 1743 1730
f 1730 1743 1728
f 1743 1744 1728
f 1728 1744 1726
f 1744 1745 1726
f 1726 1745 1723
f 1745 1746 1723
f 1723 1746 1747
f 1723 1747 1721
f 1721 1747 1748
f 1721 1748 1719
f 1719 1748 1749
f 1719 1749 1717
f 1717 1749 1750
f 1717 1750 1715
f 1715 1750 1751
f 1715 1751 1713
f 1713 1751 1752
f 1713 1752 1711
f 1711 1752 1753
f 1711 1753 1709
f 1709 1753 1708
f 1708 1754 1710
f 1710 1754 1712
f 1754 1755 1712
f 1712 1755 1714
f 1755 1756 1714
f 1714 1756 1716
f 1756 1757 1716
f 1716 1757 1718
f 1757 1758 1718
f 1718 1758 1720
f 1758 1759 1720
f 1720 1759 1722
f 1759 1760 1722
f 1722 1760 1724
f 1760 1761 1724
f 1724 1761 1762
f 1724 1762 1725
f 1725 1762 1763
f 1725 1763 1727
f 1727 1763 1764
f 1727 1764 1729
f 1729 1764 1765
f 1729 1765 1731
f 1731 1765 1766
f 1731 1766 1733
f 1733 1766 1767
f 1733 1767 1735
f 1735 1767 1768
f 1735 1768 1737
f 1737 1768 34
f 34 1769 1739
f 1739 1769 1740
f 1769 1770 1740
f 1740 1770 1741
f 1770 1771 1741
f 1741 1771 1742
f 1771 1772 1742
f 1742 1772 1743
f 1772 1773 1743
f 1743 1773 1744
f 1773 1774 1744
f 1744 1774 1745
f 1774 1775 1745
f 1745 1775 1746
f 1775 1776 1746
f 1746 1776 1777
f 1746 1777 1747
f 1747 1777 1778
f 1747 1778 1748
f 1748 1778 1779
f 1748 1779 1749
f 1749 1779 1780
f 1749 1780 1750
f 1750 1780 1781
f 1750 1781 1751
f 1751 1781 1782
f 1751 1782 1752
f 1752 1782 1783
f 1752 1783 1753
f 1753 1783 1708
f 1708 1989 1754
f 1989 2020 1754
f 1754 2020 1755
f 2020 2019 1755
f 1755 2019 1756
f 2019 2018 1756
f 1756 2018 1757
f 2018 2017 1757
f 1757 2017 1758
f 2017 2016 1758
f 1758 2016 1759
f 2016 2015 1759
f 1759 2015 1760
f 2015 2014 1760
f 1760 2014 1761
f 2014 2013 1761
f 1761 2013 2012
f 1761 2012 1762
f 1762 2012 2011
f 1762 2011 1763
f 1763 2011 2010
f 1763 2010 1764
f 1764 2010 2009
f 1764 2009 1765
f 1765 2009 2008
f 1765 2008 1766
f 1766 2008 2007
f 1766 2007 1767
f 1767 2007 2006
f 1767 2006 1768
f 1768 2006 2005
f 1768 2005 34
f 34 2005 1769
f 2005 2004 1769
f 1769 2004 1770
f 2004 2003 1770
f 1770 2003 1771
f 2003 2002 1771
f 1771 2002 1772
f 2002 2001 1772
f 1772 2001 1773
f 2001 2000 1773
f 1773 2000 1774
f 2000 1999 1774
f 1774 1999 1775
f 1999 1998 1775
f 1775 1998 1776
f 1998 1997 1776
f 1776 1997 1996
f 1776 1996 1777
f 1777 1996 1995
f 1777 1995 1778
f 1778 1995 1994
f 1778 1994 1779
f 1779 1994 1993
f 1779 1993 1780
f 1780 1993 1992
f 1780 1992 1781
f 1781 1992 1991
f 1781 1991 1782
f 1782 1991 1990
f 1782 1990 1783
f 1783 1990 1989
f 1783 1989 1708
f 1989 2021 2020
f 2021 2052 2020
f 2020 2052 2019
f 2052 2051 2019
f 2019 2051 2018
f 2051 2050 2018
f 2018 2050 2017
f 2050 2049 2017
f 2017 2049 2016
f 2049 2048 2016
f 2016 2048 2015
f 2048 2047 2015
f 2015 2047 2014
f 2047 2046 2014
f 2014 2046 2013
f 2046 2045 2013
f 2013 2045 2044
f 2013 2044 2012
f 2012 2044 2043
f 2012 2043 2011
f 2011 2043 2042
f 2011 2042 2010
f 2010 2042 2041
f 2010 2041 2009
f 2009 2041 2040
f 2009 2040 2008
f 2008 2040 2039
f 2008 2039 2007
f 2007 2039 2038
f 2007 2038 2006
f 2006 2038 2037
f 2006 2037 2005
f 2005 2037 2004
f 2037 2036 2004
f 2004 2036 2003
f 2036 2035 2003
f 2003 2035 2002
f 2035 2034 2002
f 2002 2034 2001
f 2034 2033 2001
f 2001 2033 2000
f 2033 2032 2000
f 2000 2032 1999
f 2032 2031 1999
f 1999 2031 1998
f 2031 2030 1998
f 1998 2030 1997
f 2030 2029 1997
f 1997 2029 2028
f 1997 2028 1996
f 1996 2028 2027
f 1996 2027 1995
f 1995 2027 2026
f 1995 2026 1994
f 1994 2026 2025
f 1994 2025 1993
f 1993 2025 2024
f 1993 2024 1992
f 1992 2024 2023
f 1992 2023 1991
f 1991 2023 2022
f 1991 2022 1990
f 1990 2022 2021
f 1990 2021 1989
f 2021 2053 2052
f 2053 2084 2052
f 2052 2084 2051
f 2084 2083 2051
f 2051 2083 2050
f 2083 2082 2050
f 2050 2082 2049
f 2082 2081 2049
f 2049 2081 2048
f 2081 2080 2048
f 2048 2080 2047
f 2080 2079 2047
f 2047 2079 2046
f 2079 2078 2046
f 2046 2078 2045
f 2078 2077 2045
f 2045 2077 2076
f 2045 2076 2044
f 2044 2076 2075
f 2044 2075 2043
f 2043 2075 2074
f 2043 2074 2042
f 2042 2074 2073
f 2042 2073 2041
f 2041 2073 2072
f 2041 2072 2040
f 2040 2072 2071
f 2040 2071 2039
f 2039 2071 2070
f 2039 2070 2038
f 2038 2070 2069
f 2038 2069 2037
f 2037 2069 2036
f 2069 2068 2036
f 2036 2068 2035
f 2068 2067 2035
f 2035 2067 2034
f 2067 2066 2034
f 2034 2066 2033
f 2066 2065 2033
f 2033 2065 2032
f 2065 2064 2032
f 2032 2064 2031
f 2064 2063 2031
f 2031 2063 2030
f 2063 2062 2030
f 2030 2062 2029
f 2062 2061 2029
f 2029 2061 2060
f 2029 2060 2028
f 2028 2060 2059
f 2028 2059 2027
f 2027 2059 2058
f 2027 2058 2026
f 2026 2058 2057
f 2026 2057 2025
f 2025 2057 2056
f 2025 2056 2024
f 2024 2056 2055
f 2024 2055 2023
f 2023 2055 2054
f 2023 2054 2022
f 2022 2054 2053
f 2022 2053 2021
f 2053 2086 2116
f 2053 2116 2084
f 2084 2116 2115
f 2084 2115 2083
f 2083 2115 2114
f 2083 2114 2082
f 2082 2114 2113
f 2082 2113 2081
f 2081 2113 2112
f 2081 2112 2080
f 2080 2112 2111
f 2080 2111 2079
f 2079 2111 2110
f 2079 2110 2078
f 2078 2110 2109
f 2078 2109 2077
f 2077 2109 2076
f 2109 2108 2076
f 2076 2108 2075
f 2108 2107 2075
f 2075 2107 2074
f 2107 2106 2074
f 2074 2106 2073
f 2106 2105 2073
f 2073 2105 2072
f 2105 2104 2072
f 2072 2104 2071
f 2104 2103 2071
f 2071 2103 2070
f 2103 2102 2070
f 2070 2102 2069
f 2102 2101 2069
f 2069 2101 2100
f 2069 2100 2068
f 2068 2100 2099
f 2068 2099 2067
f 2067 2099 2098
f 2067 2098 2066
f 2066 2098 2097
f 2066 2097 2065
f 2065 2097 2096
f 2065 2096 2064
f 2064 2096 2095
f 2064 2095 2063
f 2063 2095 2094
f 2063 2094 2062
f 2062 2094 2093
f 2062 2093 2061
f 2061 2093 2060
f 2093 2092 2060
f 2060 2092 2059
f 2092 2091 2059
f 2059 2091 2058
f 2091 2090 2058
f 2058 2090 2057
f 2090 2089 2057
f 2057 2089 2056
f 2089 2088 2056
f 2056 2088 2055
f 2088 2087 2055
f 2055 2087 2054
f 2087 2085 2054
f 2054 2085 2053
f 2085 2086 2053
f 2086 2118 2148
f 2086 2148 2116
f 2116 2148 2147
f 2116 2147 2115
f 2115 2147 2146
f 2115 2146 2114
f 2114 2146 2145
f 2114 2145 2113
f 2113 2145 2144
f 2113 2144 2112
f 2112 2144 2143
f 2112 2143 2111
f 2111 2143 2142
f 2111 2142 2110
f 2110 2142 2141
f 2110 2141 2109
f 2109 2141 2108
f 2141 2140 2108
f 2108 2140 2107
f 2140 2139 2107
f 2107 2139 2106
f 2139 2138 2106
f 2106 2138 2105
f 2138 2137 2105
f 2105 2137 2104
f 2137 2136 2104
f 2104 2136 2103
f 2136 2135 2103
f 2103 2135 2102
f 2135 2134 2102
f 2102 2134 2101
f 2134 2133 2101
f 2101 2133 2132
f 2101 2132 2100
f 2100 2132 2131
f 2100 2131 2099
f 2099 2131 2130
f 2099 2130 2098
f 2098 2130 2129
f 2098 2129 2097
f 2097 2129 2128
f 2097 2128 2096
f 2096 2128 2127
f 2096 2127 2095
f 2095 2127 2126
f 2095 2126 2094
f 2094 2126 2125
f 2094 2125 2093
f 2093 2125 2092
f 2125 2124 2092
f 2092 2124 2091
f 2124 2123 2091
f 2091 2123 2090
f 2123 2122 2090
f 2090 2122 2089
f 2122 2121 2089
f 2089 2121 2088
f 2121 2120 2088
f 2088 2120 2087
f 2120 2119 2087
f 2087 2119 2085
f 2119 2117 2085
f 2085 2117 2086
f 2117 2118 2086
f 2118 2178 2148
f 2148 2178 2177
f 2148 2177 2147
f 2147 2177 2176
f 2147 2176 2146
f 2146 2176 2175
f 2146 2175 2145
f 2145 2175 2174
f 2145 2174 2144
f 2144 2174 2173
f 2144 2173 2143
f 2143 2173 2172
f 2143 2172 2142
f 2142 2172 2171
f 2142 2171 2141
f 2141 2171 2140
f 2171 2170 2140
f 2140 2170 2139
f 2170 2169 2139
f 2139 2169 2138
f 2169 2168 2138
f 2138 2168 2137
f 2168 2167 2137
f 2137 2167 2136
f 2167 2166 2136
f 2136 2166 2135
f 2166 2165 2135
f 2135 2165 2134
f 2165 2164 2134
f 2134 2164 2133
f 2133 2163 2132
f 2132 2163 2162
f 2132 2162 2131
f 2131 2162 2161
f 2131 2161 2130
f 2130 2161 2160
f 2130 2160 2129
f 2129 2160 2159
f 2129 2159 2128
f 2128 2159 2158
f 2128 2158 2127
f 2127 2158 2157
f 2127 2157 2126
f 2126 2157 2156
f 2126 2156 2125
f 2125 2156 2124
f 2156 2155 2124
f 2124 2155 2123
f 2155 2154 2123
f 2123 2154 2122
f 2154 2153 2122
f 2122 2153 2121
f 2153 2152 2121
f 2121 2152 2120
f 2152 2151 2120
f 2120 2151 2119
f 2151 2150 2119
f 2119 2150 2117
f 2150 2149 2117
f 2117 2149 2118
f 2118 2179 2178
f 2178 2179 2180
f 2178 2180 2177
f 2177 2180 2181
f 2177 2181 2176
f 2176 2181 2182
f 2176 2182 2175
f 2175 2182 2183
f 2175 2183 2174
f 2174 2183 2184
f 2174 2184 2173
f 2173 2184 2185
f 2173 2185 2172
f 2172 2185 2186
f 2172 2186 2171
f 2171 2186 2170
f 2186 2187 2170
f 2170 2187 2169
f 2187 2188 2169
f 2169 2188 2168
f 2188 2189 2168
f 2168 2189 2167
f 2189 2190 2167
f 2167 2190 2166
f 2190 2191 2166
f 2166 2191 2165
f 2191 2192 2165
f 2165 2192 2164
f 2192 2193 2164
f 2164 2193 2133
f 2133 2193 2163
f 2163 2193 2192
f 2163 2192 2162
f 2162 2192 2191
f 2162 2191 2161
f 2161 2191 2190
f 2161 2190 2160
f 2160 2190 2189
f 2160 2189 2159
f 2159 2189 2188
f 2159 2188 2158
f 2158 2188 2187
f 2158 2187 2157
f 2157 2187 2186
f 2157 2186 2156
f 2156 2186 2155
f 2186 2185 2155
f 2155 2185 2154
f 2185 2184 2154
f 2154 2184 2153
f 2184 2183 2153
f 2153 2183 2152
f 2183 2182 2152
f 2152 2182 2151
f 2182 2181 2151
f 2151 2181 2150
f 2181 2180 2150
f 2150 2180 2149
f 2180 2179 2149
f 2149 2179 2118
f 2194 2195 34
f 2195 2196 34
f 2196 2197 34
f 2197 2198 34
f 34 2198 2199
f 34 2199 2200
f 34 2200 2201
f 34 2201 2202
f 2202 2203 34
f 2203 2204 34
f 2204 2205 34
f 2205 2206 34
f 34 2206 2207
f 34 2207 2208
f 34 2208 2209
f 34 2209 2194
f 2194 2210 2195
f 2210 2211 2195
f 2195 2211 2196
f 2211 2212 2196
f 2196 2212 2197
f 2212 2213 2197
f 2197 2213 2198
f 2213 2214 2198
f 2198 2214 2215
f 2198 2215 2199
f 2199 2215 2216
f 2199 2216 2200
f 2200 2216 2217
f 2200 2217 2201
f 2201 2217 2218
f 2201 2218 2202
f 2202 2218 2203
f 2218 2219 2203
f 2203 2219 2204
f 2219 2220 2204
f 2204 2220 2205
f 2220 2221 2205
f 2205 2221 2206
f 2221 2222 2206
f 2206 2222 2223
f 2206 2223 2207
f 2207 2223 2224
f 2207 2224 2208
f 2208 2224 2225
f 2208 2225 2209
f 2209 2225 2210
f 2209 2210 2194
f 2210 2226 2211
f 2226 2227 2211
f 2211 2227 2212
f 2227 2228 2212
f 2212 2228 2213
f 2228 2229 2213
f 2213 2229 2214
f 2229 2230 2214
f 2214 2230 2231
f 2214 2231 2215
f 2215 2231 2232
f 2215 2232 2216
f 2216 2232 2233
f 2216 2233 2217
f 2217 2233 2234
f 2217 2234 2218
f 2218 2234 2219
f 2234 2235 2219
f 2219 2235 2220
f 2235 2236 2220
f 2220 2236 2221
f 2236 2237 2221
f 2221 2237 2222
f 2237 2238 2222
f 2222 2238 2239
f 2222 2239 2223
f 2223 2239 2240
f 2223 2240 2224
f 2224 2240 2241
f 2224 2241 2225
f 2225 2241 2226
f 2225 2226 2210
f 2226 2242 2227
f 2242 2243 2227
f 2227 2243 2228
f 2243 2244 2228
f 2228 2244 2229
f 2244 2245 2229
f 2229 2245 2230
f 2245 2246 2230
f 2230 2246 2247
f 2230 2247 2231
f 2231 2247 2248
f 2231 2248 2232
f 2232 2248 2249
f 2232 2249 2233
f 2233 2249 2250
f 2233 2250 2234
f 2234 2250 2235
f 2250 2251 2235
f 2235 2251 2236
f 2251 2252 2236
f 2236 2252 2237
f 2252 2253 2237
f 2237 2253 2238
f 2253 2254 2238
f 2238 2254 2255
f 2238 2255 2239
f 2239 2255 2256
f 2239 2256 2240
f 2240 2256 2257
f 2240 2257 2241
f 2241 2257 2242
f 2241 2242 2226
f 2242 2258 2243
f 2258 2259 2243
f 2243 2259 2244
f 2259 2260 2244
f 2244 2260 2245
f 2260 2261 2245
f 2245 2261 2246
f 2261 2262 2246
f 2246 2262 2263
f 2246 2263 2247
f 2247 2263 2264
f 2247 2264 2248
f 2248 2264 2265
f 2248 2265 2249
f 2249 2265 2266
f 2249 2266 2250
f 2250 2266 2251
f 2266 2267 2251
f 2251 2267 2252
f 2267 2268 2252
f 2252 2268 2253
f 2268 2269 2253
f 2253 2269 2254
f 2269 2270 2254
f 2254 2270 2271
f 2254 2271 2255
f 2255 2271 2272
f 2255 2272 2256
f 2256 2272 2273
f 2256 2273 2257
f 2257 2273 2258
f 2257 2258 2242
f 2258 2274 2259
f 2274 2275 2259
f 2259 2275 2260
f 2275 2276 2260
f 2260 2276 2261
f 2276 2277 2261
f 2261 2277 2262
f 2277 2278 2262
f 2262 2278 2279
f 2262 2279 2263
f 2263 2279 2280
f 2263 2280 2264
f 2264 2280 2281
f 2264 2281 2265
f 2265 2281 2282
f 2265 2282 2266
f 2266 2282 2267
f 2282 2283 2267
f 2267 2283 2268
f 2283 2284 2268
f 2268 2284 2269
f 2284 2285 2269
f 2269 2285 2270
f 2285 2286 2270
f 2270 2286 2287
f 2270 2287 2271
f 2271 2287 2288
f 2271 2288 2272
f 2272 2288 2289
f 2272 2289 2273
f 2273 2289 2274
f 2273 2274 2258
f 2274 2290 2275
f 2290 2291 2275
f 2275 2291 2276
f 2291 2292 2276
f 2276 2292 2277
f 2292 2293 2277
f 2277 2293 2278
f 2293 2294 2278
f 2278 2294 2295
f 2278 2295 2279
f 2279 2295 2296
f 2279 2296 2280
f 2280 2296 2297
f 2280 2297 2281
f 2281 2297 2298
f 2281 2298 2282
f 2282 2298 2283
f 2298 2299 2283
f 2283 2299 2284
f 2299 2300 2284
f 2284 2300 2285
f 2300 2301 2285
f 2285 2301 2286
f 2301 2302 2286
f 2286 2302 2303
f 2286 2303 2287
f 2287 2303 2304
f 2287 2304 2288
f 2288 2304 2305
f 2288 2305 2289
f 2289 2305 2290
f 2289 2290 2274
f 2290 2306 2291
f 2306 2307 2291
f 2291 2307 2292
f 2307 2308 2292
f 2292 2308 2293
f 2308 2309 2293
f 2293 2309 2294
f 2309 2310 2294
f 2294 2310 2311
f 2294 2311 2295
f 2295 2311 2312
f 2295 2312 2296
f 2296 2312 2313
f 2296 2313 2297
f 2297 2313 2314
f 2297 2314 2298
f 2298 2314 2299
f 2314 2315 2299
f 2299 2315 2300
f 2315 2316 2300
f 2300 2316 2301
f 2316 2317 2301
f 2301 2317 2302
f 2317 2318 2302
f 2302 2318 2319
f 2302 2319 2303
f 2303 2319 2320
f 2303 2320 2304
f 2304 2320 2321
f 2304 2321 2305
f 2305 2321 2306
f 2305 2306 2290
f 2306 2322 2307
f 2322 2323 2307
f 2307 2323 2308
f 2323 2324 2308
f 2308 2324 2309
f 2324 2325 2309
f 2309 2325 2310
f 2325 2326 2310
f 2310 2326 2327
f 2310 2327 2311
f 2311 2327 2328
f 2311 2328 2312
f 2312 2328 2329
f 2312 2329 2313
f 2313 2329 2330
f 2313 2330 2314
f 2314 2330 2315
f 2330 2331 2315
f 2315 2331 2316
f 2331 2332 2316
f 2316 2332 2317
f 2332 2333 2317
f 2317 2333 2318
f 2333 2334 2318
f 2318 2334 2335
f 2318 2335 2319
f 2319 2335 2336
f 2319 2336 2320
f 2320 2336 2337
f 2320 2337 2321
f 2321 2337 2322
f 2321 2322 2306
f 2322 2338 2323
f 2338 2339 2323
f 2323 2339 2324
f 2339 2340 2324
f 2324 2340 2325
f 2340 2341 2325
f 2325 2341 2326
f 2341 2342 2326
f 2326 2342 2343
f 2326 2343 2327
f 2327 2343 2344
f 2327 2344 2328
f 2328 2344 2345
f 2328 2345 2329
f 2329 2345 2346
f 2329 2346 2330
f 2330 2346 2331
f 2346 2347 2331
f 2331 2347 2332
f 2347 2348 2332
f 2332 2348 2333
f 2348 2349 2333
f 2333 2349 2334
f 2349 2350 2334
f 2334 2350 2351
f 2334 2351 2335
f 2335 2351 2352
f 2335 2352 2336
f 2336 2352 2353
f 2336 2353 2337
f 2337 2353 2338
f 2337 2338 2322
f 2338 2354 2355
f 2338 2355 2339
f 2339 2355 2356
f 2339 2356 2340
f 2340 2356 2357
f 2340 2357 2341
f 2341 2357 2358
f 2341 2358 2342
f 2342 2358 2343
f 2358 2359 2343
f 2343 2359 2344
f 2359 2360 2344
f 2344 2360 2345
f 2360 2361 2345
f 2345 2361 2346
f 2361 2362 2346
f 2346 2362 2363
f 2346 2363 2347
f 2347 2363 2364
f 2347 2364 2348
f 2348 2364 2365
f 2348 2365 2349
f 2349 2365 2366
f 2349 2366 2350
f 2350 2366 2351
f 2366 2367 2351
f 2351 2367 2352
f 2367 2368 2352
f 2352 2368 2353
f 2368 2369 2353
f 2353 2369 2338
f 2369 2354 2338
f 2354 2370 2371
f 2354 2371 2355
f 2355 2371 2372
f 2355 2372 2356
f 2356 2372 2373
f 2356 2373 2357
f 2357 2373 2374
f 2357 2374 2358
f 2358 2374 2359
f 2374 2375 2359
f 2359 2375 2360
f 2375 2376 2360
f 2360 2376 2361
f 2376 2377 2361
f 2361 2377 2362
f 2377 2378 2362
f 2362 2378 2379
f 2362 2379 2363
f 2363 2379 2380
f 2363 2380 2364
f 2364 2380 2381
f 2364 2381 2365
f 2365 2381 2382
f 2365 2382 2366
f 2366 2382 2367
f 2382 2383 2367
f 2367 2383 2368
f 2383 2384 2368
f 2368 2384 2369
f 2384 2385 2369
f 2369 2385 2354
f 2385 2370 2354
f 2370 2386 2387
f 2370 2387 2371
f 2371 2387 2388
f 2371 2388 2372
f 2372 2388 2389
f 2372 2389 2373
f 2373 2389 2390
f 2373 2390 2374
f 2374 2390 2375
f 2390 2391 2375
f 2375 2391 2376
f 2391 2392 2376
f 2376 2392 2377
f 2392 2393 2377
f 2377 2393 2378
f 2393 2394 2378
f 2378 2394 2395
f 2378 2395 2379
f 2379 2395 2396
f 2379 2396 2380
f 2380 2396 2397
f 2380 2397 2381
f 2381 2397 2398
f 2381 2398 2382
f 2382 2398 2383
f 2398 2399 2383
f 2383 2399 2384
f 2399 2400 2384
f 2384 2400 2385
f 2400 2401 2385
f 2385 2401 2370
f 2401 2386 2370
f 2386 2402 2403
f 2386 2403 2387
f 2387 2403 2404
f 2387 2404 2388
f 2388 2404 2405
f 2388 2405 2389
f 2389 2405 2406
f 2389 2406 2390
f 2390 2406 2391
f 2406 2407 2391
f 2391 2407 2392
f 2407 2408 2392
f 2392 2408 2393
f 2408 2409 2393
f 2393 2409 2394
f 2409 2410 2394
f 2394 2410 2411
f 2394 2411 2395
f 2395 2411 2412
f 2395 2412 2396
f 2396 2412 2413
f 2396 2413 2397
f 2397 2413 2414
f 2397 2414 2398
f 2398 2414 2399
f 2414 2415 2399
f 2399 2415 2400
f 2415 2416 2400
f 2400 2416 2401
f 2416 2417 2401
f 2401 2417 2386
f 2417 2402 2386
f 2402 2418 2419
f 2402 2419 2403
f 2403 2419 2420
f 2403 2420 2404
f 2404 2420 2421
f 2404 2421 2405
f 2405 2421 2422
f 2405 2422 2406
f 2406 2422 2407
f 2422 2423 2407
f 2407 2423 2408
f 2423 2424 2408
f 2408 2424 2409
f 2424 2425 2409
f 2409 2425 2410
f 2425 2426 2410
f 2410 2426 2427
f 2410 2427 2411
f 2411 2427 2428
f 2411 2428 2412
f 2412 2428 2429
f 2412 2429 2413
f 2413 2429 2430
f 2413 2430 2414
f 2414 2430 2415
f 2430 2431 2415
f 2415 2431 2416
f 2431 2432 2416
f 2416 2432 2417
f 2432 2433 2417
f 2417 2433 2402
f 2433 2418 2402
f 2418 2434 2435
f 2418 2435 2419
f 2419 2435 2436
f 2419 2436 2420
f 2420 2436 2437
f 2420 2437 2421
f 2421 2437 2438
f 2421 2438 2422
f 2422 2438 2423
f 2438 2439 2423
f 2423 2439 2424
f 2439 2440 2424
f 2424 2440 2425
f 2440 2441 2425
f 2425 2441 2426
f 2441 2442 2426
f 2426 2442 2443
f 2426 2443 2427
f 2427 2443 2444
f 2427 2444 2428
f 2428 2444 2445
f 2428 2445 2429
f 2429 2445 2446
f 2429 2446 2430
f 2430 2446 2431
f 2446 2447 2431
f 2431 2447 2432
f 2447 2448 2432
f 2432 2448 2433
f 2448 2449 2433
f 2433 2449 2418
f 2449 2434 2418
f 2434 2450 2451
f 2434 2451 2435
f 2435 2451 2452
f 2435 2452 2436
f 2436 2452 2453
f 2436 2453 2437
f 2437 2453 2454
f 2437 2454 2438
f 2438 2454 2439
f 2454 2455 2439
f 2439 2455 2440
f 2455 2456 2440
f 2440 2456 2441
f 2456 2457 2441
f 2441 2457 2442
f 2457 2458 2442
f 2442 2458 2459
f 2442 2459 2443
f 2443 2459 2460
f 2443 2460 2444
f 2444 2460 2461
f 2444 2461 2445
f 2445 2461 2462
f 2445 2462 2446
f 2446 2462 2447
f 2462 2463 2447
f 2447 2463 2448
f 2463 2464 2448
f 2448 2464 2449
f 2464 2465 2449
f 2449 2465 2434
f 2465 2450 2434
f 2450 2466 2467
f 2450 2467 2451
f 2451 2467 2468
f 2451 2468 2452
f 2452 2468 2469
f 2452 2469 2453
f 2453 2469 2470
f 2453 2470 2454
f 2454 2470 2455
f 2470 2471 2455
f 2455 2471 2456
f 2471 2472 2456
f 2456 2472 2457
f 2472 2473 2457
f 2457 2473 2458
f 2473 2474 2458
f 2458 2474 2475
f 2458 2475 2459
f 2459 2475 2476
f 2459 2476 2460
f 2460 2476 2477
f 2460 2477 2461
f 2461 2477 2478
f 2461 2478 2462
f 2462 2478 2463
f 2478 2479 2463
f 2463 2479 2464
f 2479 2480 2464
f 2464 2480 2465
f 2480 2481 2465
f 2465 2481 2450
f 2481 2466 2450
f 2466 2482 2483
f 2466 2483 2467
f 2467 2483 2484
f 2467 2484 2468
f 2468 2484 2485
f 2468 2485 2469
f 2469 2485 2486
f 2469 2486 2470
f 2470 2486 2471
f 2486 2487 2471
f 2471 2487 2472
f 2487 2488 2472
f 2472 2488 2473
f 2488 2489 2473
f 2473 2489 2474
f 2489 2490 2474
f 2474 2490 2491
f 2474 2491 2475
f 2475 2491 2492
f 2475 2492 2476
f 2476 2492 2493
f 2476 2493 2477
f 2477 2493 2494
f 2477 2494 2478
f 2478 2494 2479
f 2494 2495 2479
f 2479 2495 2480
f 2495 2496 2480
f 2480 2496 2481
f 2496 2497 2481
f 2481 2497 2466
f 2497 2482 2466
f 2482 2498 2483
f 2483 2498 2484
f 2484 2498 2485
f 2485 2498 2486
f 2486 2498 2487
f 2487 2498 2488
f 2488 2498 2489
f 2489 2498 2490
f 2490 2498 2491
f 2491 2498 2492
f 2492 2498 2493
f 2493 2498 2494
f 2494 2498 2495
f 2495 2498 2496
f 2496 2498 2497
f 2497 2498 2482
f 2499 2500 34
f 2500 2501 34
f 2501 2502 34
f 2502 2503 34
f 34 2503 2504
f 34 2504 2505
f 34 2505 2506
f 34 2506 2507
f 2507 2508 34
f 2508 2509 34
f 2509 2510 34
f 2510 2511 34
f 34 2511 2512
f 34 2512 2513
f 34 2513 2514
f 34 2514 2499
f 2499 2515 2500
f 2515 2516 2500
f 2500 2516 2501
f 2516 2517 2501
f 2501 2517 2502
f 2517 2518 2502
f 2502 2518 2503
f 2518 2519 2503
f 2503 2519 2520
f 2503 2520 2504
f 2504 2520 2521
f 2504 2521 2505
f 2505 2521 2522
f 2505 2522 2506
f 2506 2522 2523
f 2506 2523 2507
f 2507 2523 2508
f 2523 2524 2508
f 2508 2524 2509
f 2524 2525 2509
f 2509 2525 2510
f 2525 2526 2510
f 2510 2526 2511
f 2526 2527 2511
f 2511 2527 2528
f 2511 2528 2512
f 2512 2528 2529
f 2512 2529 2513
f 2513 2529 2530
f 2513 2530 2514
f 2514 2530 2515
f 2514 2515 2499
f 2515 2531 2516
f 2531 2532 2516
f 2516 2532 2517
f 2532 2533 2517
f 2517 2533 2518
f 2533 2534 2518
f 2518 2534 2519
f 2534 2535 2519
f 2519 2535 2536
f 2519 2536 2520
f 2520 2536 2537
f 2520 2537 2521
f 2521 2537 2538
f 2521 2538 2522
f 2522 2538 2539
f 2522 2539 2523
f 2523 2539 2524
f 2539 2540 2524
f 2524 2540 2525
f 2540 2541 2525
f 2525 2541 2526
f 2541 2542 2526
f 2526 2542 2527
f 2542 2543 2527
f 2527 2543 2544
f 2527 2544 2528
f 2528 2544 2545
f 2528 2545 2529
f 2529 2545 2546
f 2529 2546 2530
f 2530 2546 2531
f 2530 2531 2515
f 2531 2547 2532
f 2547 2548 2532
f 2532 2548 2533
f 2548 2549 2533
f 2533 2549 2534
f 2549 2550 2534
f 2534 2550 2535
f 2550 2551 2535
f 2535 2551 2552
f 2535 2552 2536
f 2536 2552 2553
f 2536 2553 2537
f 2537 2553 2554
f 2537 2554 2538
f 2538 2554 2555
f 2538 2555 2539
f 2539 2555 2540
f 2555 2556 2540
f 2540 2556 2541
f 2556 2557 2541
f 2541 2557 2542
f 2557 2558 2542
f 2542 2558 2543
f 2558 2559 2543
f 2543 2559 2560
f 2543 2560 2544
f 2544 2560 2561
f 2544 2561 2545
f 2545 2561 2562
f 2545 2562 2546
f 2546 2562 2547
f 2546 2547 2531
f 2547 2563 2548
f 2563 2564 2548
f 2548 2564 2549
f 2564 2565 2549
f 2549 2565 2550
f 2565 2566 2550
f 2550 2566 2551
f 2566 2567 2551
f 2551 2567 2568
f 2551 2568 2552
f 2552 2568 2569
f 2552 2569 2553
f 2553 2569 2570
f 2553 2570 2554
f 2554 2570 2571
f 2554 2571 2555
f 2555 2571 2556
f 2571 2572 2556
f 2556 2572 2557
f 2572 2573 2557
f 2557 2573 2558
f 2573 2574 2558
f 2558 2574 2559
f 2574 2575 2559
f 2559 2575 2576
f 2559 2576 2560
f 2560 2576 2577
f 2560 2577 2561
f 2561 2577 2578
f 2561 2578 2562
f 2562 2578 2563
f 2562 2563 2547
f 2563 2579 2564
f 2579 2580 2564
f 2564 2580 2565
f 2580 2581 2565
f 2565 2581 2566
f 2581 2582 2566
f 2566 2582 2567
f 2582 2583 2567
f 2567 2583 2584
f 2567 2584 2568
f 2568 2584 2585
f 2568 2585 2569
f 2569 2585 2586
f 2569 2586 2570
f 2570 2586 2587
f 2570 2587 2571
f 2571 2587 2572
f 2587 2588 2572
f 2572 2588 2573
f 2588 2589 2573
f 2573 2589 2574
f 2589 2590 2574
f 2574 2590 2575
f 2590 2591 2575
f 2575 2591 2592
f 2575 2592 2576
f 2576 2592 2593
f 2576 2593 2577
f 2577 2593 2594
f 2577 2594 2578
f 2578 2594 2579
f 2578 2579 2563
f 2579 2595 2580
f 2595 2596 2580
f 2580 2596 2581
f 2596 2597 2581
f 2581 2597 2582
f 2597 2598 2582
f 2582 2598 2583
f 2598 2599 2583
f 2583 2599 2600
f 2583 2600 2584
f 2584 2600 2601
f 2584 2601 2585
f 2585 2601 2602
f 2585 2602 2586
f 2586 2602 2603
f 2586 2603 2587
f 2587 2603 2588
f 2603 2604 2588
f 2588 2604 2589
f 2604 2605 2589
f 2589 2605 2590
f 2605 2606 2590
f 2590 2606 2591
f 2606 2607 2591
f 2591 2607 2608
f 2591 2608 2592
f 2592 2608 2609
f 2592 2609 2593
f 2593 2609 2610
f 2593 2610 2594
f 2594 2610 2595
f 2594 2595 2579
f 2595 2611 2596
f 2611 2612 2596
f 2596 2612 2597
f 2612 2613 2597
f 2597 2613 2598
f 2613 2614 2598
f 2598 2614 2599
f 2614 2615 2599
f 2599 2615 2616
f 2599 2616 2600
f 2600 2616 2617
f 2600 2617 2601
f 2601 2617 2618
f 2601 2618 2602
f 2602 2618 2619
f 2602 2619 2603
f 2603 2619 2604
f 2619 2620 2604
f 2604 2620 2605
f 2620 2621 2605
f 2605 2621 2606
f 2621 2622 2606
f 2606 2622 2607
f 2622 2623 2607
f 2607 2623 2624
f 2607 2624 2608
f 2608 2624 2625
f 2608 2625 2609
f 2609 2625 2626
f 2609 2626 2610
f 2610 2626 2611
f 2610 2611 2595
f 2611 2627 2612
f 2627 2628 2612
f 2612 2628 2613
f 2628 2629 2613
f 2613 2629 2614
f 2629 2630 2614
f 2614 2630 2615
f 2630 2631 2615
f 2615 2631 2632
f 2615 2632 2616
f 2616 2632 2633
f 2616 2633 2617
f 2617 2633 2634
f 2617 2634 2618
f 2618 2634 2635
f 2618 2635 2619
f 2619 2635 2620
f 2635 2636 2620
f 2620 2636 2621
f 2636 2637 2621
f 2621 2637 2622
f 2637 2638 2622
f 2622 2638 2623
f 2638 2639 2623
f 2623 2639 2640
f 2623 2640 2624
f 2624 2640 2641
f 2624 2641 2625
f 2625 2641 2642
f 2625 2642 2626
f 2626 2642 2627
f 2626 2627 2611
f 2627 2643 2628
f 2643 2644 2628
f 2628 2644 2629
f 2644 2645 2629
f 2629 2645 2630
f 2645 2646 2630
f 2630 2646 2631
f 2646 2647 2631
f 2631 2647 2648
f 2631 2648 2632
f 2632 2648 2649
f 2632 2649 2633
f 2633 2649 2650
f 2633 2650 2634
f 2634 2650 2651
f 2634 2651 2635
f 2635 2651 2636
f 2651 2652 2636
f 2636 2652 2637
f 2652 2653 2637
f 2637 2653 2638
f 2653 2654 2638
f 2638 2654 2639
f 2654 2655 2639
f 2639 2655 2656
f 2639 2656 2640
f 2640 2656 2657
f 2640 2657 2641
f 2641 2657 2658
f 2641 2658 2642
f 2642 2658 2643
f 2642 2643 2627
f 2643 2659 2660
f 2643 2660 2644
f 2644 2660 2661
f 2644 2661 2645
f 2645 2661 2662
f 2645 2662 2646
f 2646 2662 2663
f 2646 2663 2647
f 2647 2663 2648
f 2663 2664 2648
f 2648 2664 2649
f 2664 2665 2649
f 2649 2665 2650
f 2665 2666 2650
f 2650 2666 2651
f 2666 2667 2651
f 2651 2667 2668
f 2651 2668 2652
f 2652 2668 2669
f 2652 2669 2653
f 2653 2669 2670
f 2653 2670 2654
f 2654 2670 2671
f 2654 2671 2655
f 2655 2671 2656
f 2671 2672 2656
f 2656 2672 2657
f 2672 2673 2657
f 2657 2673 2658
f 2673 2674 2658
f 2658 2674 2643
f 2674 2659 2643
f 2659 2675 2676
f 2659 2676 2660
f 2660 2676 2677
f 2660 2677 2661
f 2661 2677 2678
f 2661 2678 2662
f 2662 2678 2679
f 2662 2679 2663
f 2663 2679 2664
f 2679 2680 2664
f 2664 2680 2665
f 2680 2681 2665
f 2665 2681 2666
f 2681 2682 2666
f 2666 2682 2667
f 2682 2683 2667
f 2667 2683 2684
f 2667 2684 2668
f 2668 2684 2685
f 2668 2685 2669
f 2669 2685 2686
f 2669 2686 2670
f 2670 2686 2687
f 2670 2687 2671
f 2671 2687 2672
f 2687 2688 2672
f 2672 2688 2673
f 2688 2689 2673
f 2673 2689 2674
f 2689 2690 2674
f 2674 2690 2659
f 2690 2675 2659
f 2675 2691 2692
f 2675 2692 2676
f 2676 2692 2693
f 2676 2693 2677
f 2677 2693 2694
f 2677 2694 2678
f 2678 2694 2695
f 2678 2695 2679
f 2679 2695 2680
f 2695 2696 2680
f 2680 2696 2681
f 2696 2697 2681
f 2681 2697 2682
f 2697 2698 2682
f 2682 2698 2683
f 2698 2699 2683
f 2683 2699 2700
f 2683 2700 2684
f 2684 2700 2701
f 2684 2701 2685
f 2685 2701 2702
f 2685 2702 2686
f 2686 2702 2703
f 2686 2703 2687
f 2687 2703 2688
f 2703 2704 2688
f 2688 2704 2689
f 2704 2705 2689
f 2689 2705 2690
f 2705 2706 2690
f 2690 2706 2675
f 2706 2691 2675
f 2691 2707 2708
f 2691 2708 2692
f 2692 2708 2709
f 2692 2709 2693
f 2693 2709 2710
f 2693 2710 2694
f 2694 2710 2711
f 2694 2711 2695
f 2695 2711 2696
f 2711 2712 2696
f 2696 2712 2697
f 2712 2713 2697
f 2697 2713 2698
f 2713 2714 2698
f 2698 2714 2699
f 2714 2715 2699
f 2699 2715 2716
f 2699 2716 2700
f 2700 2716 2717
f 2700 2717 2701
f 2701 2717 2718
f 2701 2718 2702
f 2702 2718 2719
f 2702 2719 2703
f 2703 2719 2704
f 2719 2720 2704
f 2704 2720 2705
f 2720 2721 2705
f 2705 2721 2706
f 2721 2722 2706
f 2706 2722 2691
f 2722 2707 2691
f 2707 2723 2724
f 2707 2724 2708
f 2708 2724 2725
f 2708 2725 2709
f 2709 2725 2726
f 2709 2726 2710
f 2710 2726 2727
f 2710 2727 2711
f 2711 2727 2712
f 2727 2728 2712
f 2712 2728 2713
f 2728 2729 2713
f 2713 2729 2714
f 2729 2730 2714
f 2714 2730 2715
f 2730 2731 2715
f 2715 2731 2732
f 2715 2732 2716
f 2716 2732 2733
f 2716 2733 2717
f 2717 2733 2734
f 2717 2734 2718
f 2718 2734 2735
f 2718 2735 2719
f 2719 2735 2720
f 2735 2736 2720
f 2720 2736 2721
f 2736 2737 2721
f 2721 2737 2722
f 2737 2738 2722
f 2722 2738 2707
f 2738 2723 2707
f 2723 2739 2740
f 2723 2740 2724
f 2724 2740 2741
f 2724 2741 2725
f 2725 2741 2742
f 2725 2742 2726
f 2726 2742 2743
f 2726 2743 2727
f 2727 2743 2728
f 2743 2744 2728
f 2728 2744 2729
f 2744 2745 2729
f 2729 2745 2730
f 2745 2746 2730
f 2730 2746 2731
f 2746 2747 2731
f 2731 2747 2748
f 2731 2748 2732
f 2732 2748 2749
f 2732 2749 2733
f 2733 2749 2750
f 2733 2750 2734
f 2734 2750 2751
f 2734 2751 2735
f 2735 2751 2736
f 2751 2752 2736
f 2736 2752 2737
f 2752 2753 2737
f 2737 2753 2738
f 2753 2754 2738
f 2738 2754 2723
f 2754 2739 2723
f 2739 2755 2756
f 2739 2756 2740
f 2740 2756 2757
f 2740 2757 2741
f 2741 2757 2758
f 2741 2758 2742
f 2742 2758 2759
f 2742 2759 2743
f 2743 2759 2744
f 2759 2760 2744
f 2744 2760 2745
f 2760 2761 2745
f 2745 2761 2746
f 2761 2762 2746
f 2746 2762 2747
f 2762 2763 2747
f 2747 2763 2764
f 2747 2764 2748
f 2748 2764 2765
f 2748 2765 2749
f 2749 2765 2766
f 2749 2766 2750
f 2750 2766 2767
f 2750 2767 2751
f 2751 2767 2752
f 2767 2768 2752
f 2752 2768 2753
f 2768 2769 2753
f 2753 2769 2754
f 2769 2770 2754
f 2754 2770 2739
f 2770 2755 2739
f 2755 2771 2772
f 2755 2772 2756
f 2756 2772 2773
f 2756 2773 2757
f 2757 2773 2774
f 2757 2774 2758
f 2758 2774 2775
f 2758 2775 2759
f 2759 2775 2760
f 2775 2776 2760
f 2760 2776 2761
f 2776 2777 2761
f 2761 2777 2762
f 2777 2778 2762
f 2762 2778 2763
f 2778 2779 2763
f 2763 2779 2780
f 2763 2780 2764
f 2764 2780 2781
f 2764 2781 2765
f 2765 2781 2782
f 2765 2782 2766
f 2766 2782 2783
f 2766 2783 2767
f 2767 2783 2768
f 2783 2784 2768
f 2768 2784 2769
f 2784 2785 2769
f 2769 2785 2770
f 2785 2786 2770
f 2770 2786 2755
f 2786 2771 2755
f 2771 2787 2788
f 2771 2788 2772
f 2772 2788 2789
f 2772 2789 2773
f 2773 2789 2790
f 2773 2790 2774
f 2774 2790 2791
f 2774 2791 2775
f 2775 2791 2776
f 2791 2792 2776
f 2776 2792 2777
f 2792 2793 2777
f 2777 2793 2778
f 2793 2794 2778
f 2778 2794 2779
f 2794 2795 2779
f 2779 2795 2796
f 2779 2796 2780
f 2780 2796 2797
f 2780 2797 2781
f 2781 2797 2798
f 2781 2798 2782
f 2782 2798 2799
f 2782 2799 2783
f 2783 2799 2784
f 2799 2800 2784
f 2784 2800 2785
f 2800 2801 2785
f 2785 2801 2786
f 2801 2802 2786
f 2786 2802 2771
f 2802 2787 2771
f 2787 2803 2788
f 2788 2803 2789
f 2789 2803 2790
f 2790 2803 2791
f 2791 2803 2792
f 2792 2803 2793
f 2793 2803 2794
f 2794 2803 2795
f 2795 2803 2796
f 2796 2803 2797
f 2797 2803 2798
f 2798 2803 2799
f 2799 2803 2800
f 2800 2803 2801
f 2801 2803 2802
f 2802 2803 2787
f 2499 2500 34
f 2500 2501 34
f 2501 2502 34
f 2502 2503 34
f 34 2503 2504
f 34 2504 2505
f 34 2505 2506
f 34 2506 2507
f 2507 2508 34
f 2508 2509 34
f 2509 2510 34
f 2510 2511 34
f 34 2511 2512
f 34 2512 2513
f 34 2513 2514
f 34 2514 2499
f 2499 2515 2500
f 2515 2516 2500
f 2500 2516 2501
f 2516 2517 2501
f 2501 2517 2502
f 2517 2518 2502
f 2502 2518 2503
f 2518 2519 2503
f 2503 2519 2520
f 2503 2520 2504
f 2504 2520 2521
f 2504 2521 2505
f 2505 2521 2522
f 2505 2522 2506
f 2506 2522 2523
f 2506 2523 2507
f 2507 2523 2508
f 2523 2524 2508
f 2508 2524 2509
f 2524 2525 2509
f 2509 2525 2510
f 2525 2526 2510
f 2510 2526 2511
f 2526 2527 2511
f 2511 2527 2528
f 2511 2528 2512
f 2512 2528 2529
f 2512 2529 2513
f 2513 2529 2530
f 2513 2530 2514
f 2514 2530 2515
f 2514 2515 2499
f 2515 2531 2516
f 2531 2532 2516
f 2516 2532 2517
f 2532 2533 2517
f 2517 2533 2518
f 2533 2534 2518
f 2518 2534 2519
f 2534 2535 2519
f 2519 2535 2536
f 2519 2536 2520
f 2520 2536 2537
f 2520 2537 2521
f 2521 2537 2538
f 2521 2538 2522
f 2522 2538 2539
f 2522 2539 2523
f 2523 2539 2524
f 2539 2540 2524
f 2524 2540 2525
f 2540 2541 2525
f 2525 2541 2526
f 2541 2542 2526
f 2526 2542 2527
f 2542 2543 2527
f 2527 2543 2544
f 2527 2544 2528
f 2528 2544 2545
f 2528 2545 2529
f 2529 2545 2546
f 2529 2546 2530
f 2530 2546 2531
f 2530 2531 2515
f 2531 2547 2532
f 2547 2548 2532
f 2532 2548 2533
f 2548 2549 2533
f 2533 2549 2534
f 2549 2550 2534
f 2534 2550 2535
f 2550 2551 2535
f 2535 2551 2552
f 2535 2552 2536
f 2536 2552 2553
f 2536 2553 2537
f 2537 2553 2554
f 2537 2554 2538
f 2538 2554 2555
f 2538 2555 2539
f 2539 2555 2540
f 2555 2556 2540
f 2540 2556 2541
f 2556 2557 2541
f 2541 2557 2542
f 2557 2558 2542
f 2542 2558 2543
f 2558 2559 2543
f 2543 2559 2560
f 2543 2560 2544
f 2544 2560 2561
f 2544 2561 2545
f 2545 2561 2562
f 2545 2562 2546
f 2546 2562 2547
f 2546 2547 2531
f 2547 2563 2548
f 2563 2564 2548
f 2548 2564 2549
f 2564 2565 2549
f 2549 2565 2550
f 2565 2566 2550
f 2550 2566 2551
f 2566 2567 2551
f 2551 2567 2568
f 2551 2568 2552
f 2552 2568 2569
f 2552 2569 2553
f 2553 2569 2570
f 2553 2570 2554
f 2554 2570 2571
f 2554 2571 2555
f 2555 2571 2556
f 2571 2572 2556
f 2556 2572 2557
f 2572 2573 2557
f 2557 2573 2558
f 2573 2574 2558
f 2558 2574 2559
f 2574 2575 2559
f 2559 2575 2576
f 2559 2576 2560
f 2560 2576 2577
f 2560 2577 2561
f 2561 2577 2578
f 2561 2578 2562
f 2562 2578 2563
f 2562 2563 2547
f 2563 2579 2564
f 2579 2580 2564
f 2564 2580 2565
f 2580 2581 2565
f 2565 2581 2566
f 2581 2582 2566
f 2566 2582 2567
f 2582 2583 2567
f 2567 2583 2584
f 2567 2584 2568
f 2568 2584 2585
f 2568 2585 2569
f 2569 2585 2586
f 2569 2586 2570
f 2570 2586 2587
f 2570 2587 2571
f 2571 2587 2572
f 2587 2588 2572
f 2572 2588 2573
f 2588 2589 2573
f 2573 2589 2574
f 2589 2590 2574
f 2574 2590 2575
f 2590 2591 2575
f 2575 2591 2592
f 2575 2592 2576
f 2576 2592 2593
f 2576 2593 2577
f 2577 2593 2594
f 2577 2594 2578
f 2578 2594 2579
f 2578 2579 2563
f 2579 2595 2580
f 2595 2596 2580
f 2580 2596 2581
f 2596 2597 2581
f 2581 2597 2582
f 2597 2598 2582
f 2582 2598 2583
f 2598 2599 2583
f 2583 2599 2600
f 2583 2600 2584
f 2584 2600 2601
f 2584 2601 2585
f 2585 2601 2602
f 2585 2602 2586
f 2586 2602 2603
f 2586 2603 2587
f 2587 2603 2588
f 2603 2604 2588
f 2588 2604 2589
f 2604 2605 2589
f 2589 2605 2590
f 2605 2606 2590
f 2590 2606 2591
f 2606 2607 2591
f 2591 2607 2608
f 2591 2608 2592
f 2592 2608 2609
f 2592 2609 2593
f 2593 2609 2610
f 2593 2610 2594
f 2594 2610 2595
f 2594 2595 2579
f 2595 2611 2596
f 2611 2612 2596
f 2596 2612 2597
f 2612 2613 2597
f 2597 2613 2598
f 2613 2614 2598
f 2598 2614 2599
f 2614 2615 2599
f 2599 2615 2616
f 2599 2616 2600
f 2600 2616 2617
f 2600 2617 2601
f 2601 2617 2618
f 2601 2618 2602
f 2602 2618 2619
f 2602 2619 2603
f 2603 2619 2604
f 2619 2620 2604
f 2604 2620 2605
f 2620 2621 2605
f 2605 2621 2606
f 2621 2622 2606
f 2606 2622 2607
f 2622 2623 2607
f 2607 2623 2624
f 2607 2624 2608
f 2608 2624 2625
f 2608 2625 2609
f 2609 2625 2626
f 2609 2626 2610
f 2610 2626 2611
f 2610 2611 2595
f 2611 2627 2612
f 2627 2628 2612
f 2612 2628 2613
f 2628 2629 2613
f 2613 2629 2614
f 2629 2630 2614
f 2614 2630 2615
f 2630 2631 2615
f 2615 2631 2632
f 2615 2632 2616
f 2616 2632 2633
f 2616 2633 2617
f 2617 2633 2634
f 2617 2634 2618
f 2618 2634 2635
f 2618 2635 2619
f 2619 2635 2620
f 2635 2636 2620
f 2620 2636 2621
f 2636 2637 2621
f 2621 2637 2622
f 2637 2638 2622
f 2622 2638 2623
f 2638 2639 2623
f 2623 2639 2640
f 2623 2640 2624
f 2624 2640 2641
f 2624 2641 2625
f 2625 2641 2642
f 2625 2642 2626
f 2626 2642 2627
f 2626 2627 2611
f 2627 2643 2628
f 2643 2644 2628
f 2628 2644 2629
f 2644 2645 2629
f 2629 2645 2630
f 2645 2646 2630
f 2630 2646 2631
f 2646 2647 2631
f 2631 2647 2648
f 2631 2648 2632
f 2632 2648 2649
f 2632 2649 2633
f 2633 2649 2650
f 2633 2650 2634
f 2634 2650 2651
f 2634 2651 2635
f 2635 2651 2636
f 2651 2652 2636
f 2636 2652 2637
f 2652 2653 2637
f 2637 2653 2638
f 2653 2654 2638
f 2638 2654 2639
f 2654 2655 2639
f 2639 2655 2656
f 2639 2656 2640
f 2640 2656 2657
f 2640 2657 2641
f 2641 2657 2658
f 2641 2658 2642
f 2642 2658 2643
f 2642 2643 2627
f 2643 2659 2660
f 2643 2660 2644
f 2644 2660 2661
f 2644 2661 2645
f 2645 2661 2662
f 2645 2662 2646
f 2646 2662 2663
f 2646 2663 2647
f 2647 2663 2648
f 2663 2664 2648
f 2648 2664 2649
f 2664 2665 2649
f 2649 2665 2650
f 2665 2666 2650
f 2650 2666 2651
f 2666 2667 2651
f 2651 2667 2668
f 2651 2668 2652
f 2652 2668 2669
f 2652 2669 2653
f 2653 2669 2670
f 2653 2670 2654
f 2654 2670 2671
f 2654 2671 2655
f 2655 2671 2656
f 2671 2672 2656
f 2656 2672 2657
f 2672 2673 2657
f 2657 2673 2658
f 2673 2674 2658
f 2658 2674 2643
f 2674 2659 2643
f 2659 2675 2676
f 2659 2676 2660
f 2660 2676 2677
f 2660 2677 2661
f 2661 2677 2678
f 2661 2678 2662
f 2662 2678 2679
f 2662 2679 2663
f 2663 2679 2664
f 2679 2680 2664
f 2664 2680 2665
f 2680 2681 2665
f 2665 2681 2666
f 2681 2682 2666
f 2666 2682 2667
f 2682 2683 2667
f 2667 2683 2684
f 2667 2684 2668
f 2668 2684 2685
f 2668 2685 2669
f 2669 2685 2686
f 2669 2686 2670
f 2670 2686 2687
f 2670 2687 2671
f 2671 2687 2672
f 2687 2688 2672
f 2672 2688 2673
f 2688 2689 2673
f 2673 2689 2674
f 2689 2690 2674
f 2674 2690 2659
f 2690 2675 2659
f 2675 2691 2692
f 2675 2692 2676
f 2676 2692 2693
f 2676 2693 2677
f 2677 2693 2694
f 2677 2694 2678
f 2678 2694 2695
f 2678 2695 2679
f 2679 2695 2680
f 2695 2696 2680
f 2680 2696 2681
f 2696 2697 2681
f 2681 2697 2682
f 2697 2698 2682
f 2682 2698 2683
f 2698 2699 2683
f 2683 2699 2700
f 2683 2700 2684
f 2684 2700 2701
f 2684 2701 2685
f 2685 2701 2702
f 2685 2702 2686
f 2686 2702 2703
f 2686 2703 2687
f 2687 2703 2688
f 2703 2704 2688
f 2688 2704 2689
f 2704 2705 2689
f 2689 2705 2690
f 2705 2706 2690
f 2690 2706 2675
f 2706 2691 2675
f 2691 2707 2708
f 2691 2708 2692
f 2692 2708 2709
f 2692 2709 2693
f 2693 2709 2710
f 2693 2710 2694
f 2694 2710 2711
f 2694 2711 2695
f 2695 2711 2696
f 2711 2712 2696
f 2696 2712 2697
f 2712 2713 2697
f 2697 2713 2698
f 2713 2714 2698
f 2698 2714 2699
f 2714 2715 2699
f 2699 2715 2716
f 2699 2716 2700
f 2700 2716 2717
f 2700 2717 2701
f 2701 2717 2718
f 2701 2718 2702
f 2702 2718 2719
f 2702 2719 2703
f 2703 2719 2704
f 2719 2720 2704
f 2704 2720 2705
f 2720 2721 2705
f 2705 2721 2706
f 2721 2722 2706
f 2706 2722 2691
f 2722 2707 2691
f 2707 2723 2724
f 2707 2724 2708
f 2708 2724 2725
f 2708 2725 2709
f 2709 2725 2726
f 2709 2726 2710
f 2710 2726 2727
f 2710 2727 2711
f 2711 2727 2712
f 2727 2728 2712
f 2712 2728 2713
f 2728 2729 2713
f 2713 2729 2714
f 2729 2730 2714
f 2714 2730 2715
f 2730 2731 2715
f 2715 2731 2732
f 2715 2732 2716
f 2716 2732 2733
f 2716 2733 2717
f 2717 2733 2734
f 2717 2734 2718
f 2718 2734 2735
f 2718 2735 2719
f 2719 2735 2720
f 2735 2736 2720
f 2720 2736 2721
f 2736 2737 2721
f 2721 2737 2722
f 2737 2738 2722
f 2722 2738 2707
f 2738 2723 2707
f 2723 2739 2740
f 2723 2740 2724
f 2724 2740 2741
f 2724 2741 2725
f 2725 2741 2742
f 2725 2742 2726
f 2726 2742 2743
f 2726 2743 2727
f 2727 2743 2728
f 2743 2744 2728
f 2728 2744 2729
f 2744 2745 2729
f 2729 2745 2730
f 2745 2746 2730
f 2730 2746 2731
f 2746 2747 2731
f 2731 2747 2748
f 2731 2748 2732
f 2732 2748 2749
f 2732 2749 2733
f 2733 2749 2750
f 2733 2750 2734
f 2734 2750 2751
f 2734 2751 2735
f 2735 2751 2736
f 2751 2752 2736
f 2736 2752 2737
f 2752 2753 2737
f 2737 2753 2738
f 2753 2754 2738
f 2738 2754 2723
f 2754 2739 2723
f 2739 2755 2756
f 2739 2756 2740
f 2740 2756 2757
f 2740 2757 2741
f 2741 2757 2758
f 2741 2758 2742
f 2742 2758 2759
f 2742 2759 2743
f 2743 2759 2744
f 2759 2760 2744
f 2744 2760 2745
f 2760 2761 2745
f 2745 2761 2746
f 2761 2762 2746
f 2746 2762 2747
f 2762 2763 2747
f 2747 2763 2764
f 2747 2764 2748
f 2748 2764 2765
f 2748 2765 2749
f 2749 2765 2766
f 2749 2766 2750
f 2750 2766 2767
f 2750 2767 2751
f 2751 2767 2752
f 2767 2768 2752
f 2752 2768 2753
f 2768 2769 2753
f 2753 2769 2754
f 2769 2770 2754
f 2754 2770 2739
f 2770 2755 2739
f 2755 2771 2772
f 2755 2772 2756
f 2756 2772 2773
f 2756 2773 2757
f 2757 2773 2774
f 2757 2774 2758
f 2758 2774 2775
f 2758 2775 2759
f 2759 2775 2760
f 2775 2776 2760
f 2760 2776 2761
f 2776 2777 2761
f 2761 2777 2762
f 2777 2778 2762
f 2762 2778 2763
f 2778 2779 2763
f 2763 2779 2780
f 2763 2780 2764
f 2764 2780 2781
f 2764 2781 2765
f 2765 2781 2782
f 2765 2782 2766
f 2766 2782 2783
f 2766 2783 2767
f 2767 2783 2768
f 2783 2784 2768
f 2768 2784 2769
f 2784 2785 2769
f 2769 2785 2770
f 2785 2786 2770
f 2770 2786 2755
f 2786 2771 2755
f 2771 2787 2788
f 2771 2788 2772
f 2772 2788 2789
f 2772 2789 2773
f 2773 2789 2790
f 2773 2790 2774
f 2774 2790 2791
f 2774 2791 2775
f 2775 2791 2776
f 2791 2792 2776
f 2776 2792 2777
f 2792 2793 2777
f 2777 2793 2778
f 2793 2794 2778
f 2778 2794 2779
f 2794 2795 2779
f 2779 2795 2796
f 2779 2796 2780
f 2780 2796 2797
f 2780 2797 2781
f 2781 2797 2798
f 2781 2798 2782
f 2782 2798 2799
f 2782 2799 2783
f 2783 2799 2784
f 2799 2800 2784
f 2784 2800 2785
f 2800 2801 2785
f 2785 2801 2786
f 2801 2802 2786
f 2786 2802 2771
f 2802 2787 2771
f 2787 2803 2788
f 2788 2803 2789
f 2789 2803 2790
f 2790 2803 2791
f 2791 2803 2792
f 2792 2803 2793
f 2793 2803 2794
f 2794 2803 2795
f 2795 2803 2796
f 2796 2803 2797
f 2797 2803 2798
f 2798 2803 2799
f 2799 2803 2800
f 2800 2803 2801
f 2801 2803 2802
f 2802 2803 2787
f 2804 2805 34
f 2805 2806 34
f 2806 2807 34
f 2807 2808 34
f 34 2808 2809
f 34 2809 2810
f 34 2810 2811
f 34 2811 2812
f 2812 2813 34
f 2813 2814 34
f 2814 2815 34
f 2815 2816 34
f 34 2816 2817
f 34 2817 2818
f 34 2818 2819
f 34 2819 2804
f 2804 2820 2805
f 2820 2821 2805
f 2805 2821 2806
f 2821 2822 2806
f 2806 2822 2807
f 2822 2823 2807
f 2807 2823 2808
f 2823 2824 2808
f 2808 2824 2825
f 2808 2825 2809
f 2809 2825 2826
f 2809 2826 2810
f 2810 2826 2827
f 2810 2827 2811
f 2811 2827 2828
f 2811 2828 2812
f 2812 2828 2813
f 2828 2829 2813
f 2813 2829 2814
f 2829 2830 2814
f 2814 2830 2815
f 2830 2831 2815
f 2815 2831 2816
f 2831 2832 2816
f 2816 2832 2833
f 2816 2833 2817
f 2817 2833 2834
f 2817 2834 2818
f 2818 2834 2835
f 2818 2835 2819
f 2819 2835 2820
f 2819 2820 2804
f 2820 2836 2821
f 2836 2837 2821
f 2821 2837 2822
f 2837 2838 2822
f 2822 2838 2823
f 2838 2839 2823
f 2823 2839 2824
f 2839 2840 2824
f 2824 2840 2841
f 2824 2841 2825
f 2825 2841 2842
f 2825 2842 2826
f 2826 2842 2843
f 2826 2843 2827
f 2827 2843 2844
f 2827 2844 2828
f 2828 2844 2829
f 2844 2845 2829
f 2829 2845 2830
f 2845 2846 2830
f 2830 2846 2831
f 2846 2847 2831
f 2831 2847 2832
f 2847 2848 2832
f 2832 2848 2849
f 2832 2849 2833
f 2833 2849 2850
f 2833 2850 2834
f 2834 2850 2851
f 2834 2851 2835
f 2835 2851 2836
f 2835 2836 2820
f 2836 2852 2837
f 2852 2853 2837
f 2837 2853 2838
f 2853 2854 2838
f 2838 2854 2839
f 2854 2855 2839
f 2839 2855 2840
f 2855 2856 2840
f 2840 2856 2857
f 2840 2857 2841
f 2841 2857 2858
f 2841 2858 2842
f 2842 2858 2859
f 2842 2859 2843
f 2843 2859 2860
f 2843 2860 2844
f 2844 2860 2845
f 2860 2861 2845
f 2845 2861 2846
f 2861 2862 2846
f 2846 2862 2847
f 2862 2863 2847
f 2847 2863 2848
f 2863 2864 2848
f 2848 2864 2865
f 2848 2865 2849
f 2849 2865 2866
f 2849 2866 2850
f 2850 2866 2867
f 2850 2867 2851
f 2851 2867 2852
f 2851 2852 2836
f 2852 2868 2853
f 2868 2869 2853
f 2853 2869 2854
f 2869 2870 2854
f 2854 2870 2855
f 2870 2871 2855
f 2855 2871 2856
f 2871 2872 2856
f 2856 2872 2873
f 2856 2873 2857
f 2857 2873 2874
f 2857 2874 2858
f 2858 2874 2875
f 2858 2875 2859
f 2859 2875 2876
f 2859 2876 2860
f 2860 2876 2861
f 2876 2877 2861
f 2861 2877 2862
f 2877 2878 2862
f 2862 2878 2863
f 2878 2879 2863
f 2863 2879 2864
f 2879 2880 2864
f 2864 2880 2881
f 2864 2881 2865
f 2865 2881 2882
f 2865 2882 2866
f 2866 2882 2883
f 2866 2883 2867
f 2867 2883 2868
f 2867 2868 2852
f 2868 2884 2869
f 2884 2885 2869
f 2869 2885 2870
f 2885 2886 2870
f 2870 2886 2871
f 2886 2887 2871
f 2871 2887 2872
f 2887 2888 2872
f 2872 2888 2889
f 2872 2889 2873
f 2873 2889 2890
f 2873 2890 2874
f 2874 2890 2891
f 2874 2891 2875
f 2875 2891 2892
f 2875 2892 2876
f 2876 2892 2877
f 2892 2893 2877
f 2877 2893 2878
f 2893 2894 2878
f 2878 2894 2879
f 2894 2895 2879
f 2879 2895 2880
f 2895 2896 2880
f 2880 2896 2897
f 2880 2897 2881
f 2881 2897 2898
f 2881 2898 2882
f 2882 2898 2899
f 2882 2899 2883
f 2883 2899 2884
f 2883 2884 2868
f 2884 2900 2885
f 2900 2901 2885
f 2885 2901 2886
f 2901 2902 2886
f 2886 2902 2887
f 2902 2903 2887
f 2887 2903 2888
f 2903 2904 2888
f 2888 2904 2905
f 2888 2905 2889
f 2889 2905 2906
f 2889 2906 2890
f 2890 2906 2907
f 2890 2907 2891
f 2891 2907 2908
f 2891 2908 2892
f 2892 2908 2893
f 2908 2909 2893
f 2893 2909 2894
f 2909 2910 2894
f 2894 2910 2895
f 2910 2911 2895
f 2895 2911 2896
f 2911 2912 2896
f 2896 2912 2913
f 2896 2913 2897
f 2897 2913 2914
f 2897 2914 2898
f 2898 2914 2915
f 2898 2915 2899
f 2899 2915 2900
f 2899 2900 2884
f 2900 2916 2901
f 2916 2917 2901
f 2901 2917 2902
f 2917 2918 2902
f 2902 2918 2903
f 2918 2919 2903
f 2903 2919 2904
f 2919 2920 2904
f 2904 2920 2921
f 2904 2921 2905
f 2905 2921 2922
f 2905 2922 2906
f 2906 2922 2923
f 2906 2923 2907
f 2907 2923 2924
f 2907 2924 2908
f 2908 2924 2909
f 2924 2925 2909
f 2909 2925 2910
f 2925 2926 2910
f 2910 2926 2911
f 2926 2927 2911
f 2911 2927 2912
f 2927 2928 2912
f 2912 2928 2929
f 2912 2929 2913
f 2913 2929 2930
f 2913 2930 2914
f 2914 2930 2931
f 2914 2931 2915
f 2915 2931 2916
f 2915 2916 2900
f 2916 2932 2917
f 2932 2933 2917
f 2917 2933 2918
f 2933 2934 2918
f 2918 2934 2919
f 2934 2935 2919
f 2919 2935 2920
f 2935 2936 2920
f 2920 2936 2937
f 2920 2937 2921
f 2921 2937 2938
f 2921 2938 2922
f 2922 2938 2939
f 2922 2939 2923
f 2923 2939 2940
f 2923 2940 2924
f 2924 2940 2925
f 2940 2941 2925
f 2925 2941 2926
f 2941 2942 2926
f 2926 2942 2927
f 2942 2943 2927
f 2927 2943 2928
f 2943 2944 2928
f 2928 2944 2945
f 2928 2945 2929
f 2929 2945 2946
f 2929 2946 2930
f 2930 2946 2947
f 2930 2947 2931
f 2931 2947 2932
f 2931 2932 2916
f 2932 2948 2933
f 2948 2949 2933
f 2933 2949 2934
f 2949 2950 2934
f 2934 2950 2935
f 2950 2951 2935
f 2935 2951 2936
f 2951 2952 2936
f 2936 2952 2953
f 2936 2953 2937
f 2937 2953 2954
f 2937 2954 2938
f 2938 2954 2955
f 2938 2955 2939
f 2939 2955 2956
f 2939 2956 2940
f 2940 2956 2941
f 2956 2957 2941
f 2941 2957 2942
f 2957 2958 2942
f 2942 2958 2943
f 2958 2959 2943
f 2943 2959 2944
f 2959 2960 2944
f 2944 2960 2961
f 2944 2961 2945
f 2945 2961 2962
f 2945 2962 2946
f 2946 2962 2963
f 2946 2963 2947
f 2947 2963 2948
f 2947 2948 2932
f 2948 2964 2965
f 2948 2965 2949
f 2949 2965 2966
f 2949 2966 2950
f 2950 2966 2967
f 2950 2967 2951
f 2951 2967 2968
f 2951 2968 2952
f 2952 2968 2953
f 2968 2969 2953
f 2953 2969 2954
f 2969 2970 2954
f 2954 2970 2955
f 2970 2971 2955
f 2955 2971 2956
f 2971 2972 2956
f 2956 2972 2973
f 2956 2973 2957
f 2957 2973 2974
f 2957 2974 2958
f 2958 2974 2975
f 2958 2975 2959
f 2959 2975 2976
f 2959 2976 2960
f 2960 2976 2961
f 2976 2977 2961
f 2961 2977 2962
f 2977 2978 2962
f 2962 2978 2963
f 2978 2979 2963
f 2963 2979 2948
f 2979 2964 2948
f 2964 2980 2981
f 2964 2981 2965
f 2965 2981 2982
f 2965 2982 2966
f 2966 2982 2983
f 2966 2983 2967
f 2967 2983 2984
f 2967 2984 2968
f 2968 2984 2969
f 2984 2985 2969
f 2969 2985 2970
f 2985 2986 2970
f 2970 2986 2971
f 2986 2987 2971
f 2971 2987 2972
f 2987 2988 2972
f 2972 2988 2989
f 2972 2989 2973
f 2973 2989 2990
f 2973 2990 2974
f 2974 2990 2991
f 2974 2991 2975
f 2975 2991 2992
f 2975 2992 2976
f 2976 2992 2977
f 2992 2993 2977
f 2977 2993 2978
f 2993 2994 2978
f 2978 2994 2979
f 2994 2995 2979
f 2979 2995 2964
f 2995 2980 2964
f 2980 2996 2997
f 2980 2997 2981
f 2981 2997 2998
f 2981 2998 2982
f 2982 2998 2999
f 2982 2999 2983
f 2983 2999 3000
f 2983 3000 2984
f 2984 3000 2985
f 3000 3001 2985
f 2985 3001 2986
f 3001 3002 2986
f 2986 3002 2987
f 3002 3003 2987
f 2987 3003 2988
f 3003 3004 2988
f 2988 3004 3005
f 2988 3005 2989
f 2989 3005 3006
f 2989 3006 2990
f 2990 3006 3007
f 2990 3007 2991
f 2991 3007 3008
f 2991 3008 2992
f 2992 3008 2993
f 3008 3009 2993
f 2993 3009 2994
f 3009 3010 2994
f 2994 3010 2995
f 3010 3011 2995
f 2995 3011 2980
f 3011 2996 2980
f 2996 3012 3013
f 2996 3013 2997
f 2997 3013 3014
f 2997 3014 2998
f 2998 3014 3015
f 2998 3015 2999
f 2999 3015 3016
f 2999 3016 3000
f 3000 3016 3001
f 3016 3017 3001
f 3001 3017 3002
f 3017 3018 3002
f 3002 3018 3003
f 3018 3019 3003
f 3003 3019 3004
f 3019 3020 3004
f 3004 3020 3021
f 3004 3021 3005
f 3005 3021 3022
f 3005 3022 3006
f 3006 3022 3023
f 3006 3023 3007
f 3007 3023 3024
f 3007 3024 3008
f 3008 3024 3009
f 3024 3025 3009
f 3009 3025 3010
f 3025 3026 3010
f 3010 3026 3011
f 3026 3027 3011
f 3011 3027 2996
f 3027 3012 2996
f 3012 3028 3029
f 3012 3029 3013
f 3013 3029 3030
f 3013 3030 3014
f 3014 3030 3031
f 3014 3031 3015
f 3015 3031 3032
f 3015 3032 3016
f 3016 3032 3017
f 3032 3033 3017
f 3017 3033 3018
f 3033 3034 3018
f 3018 3034 3019
f 3034 3035 3019
f 3019 3035 3020
f 3035 3036 3020
f 3020 3036 3037
f 3020 3037 3021
f 3021 3037 3038
f 3021 3038 3022
f 3022 3038 3039
f 3022 3039 3023
f 3023 3039 3040
f 3023 3040 3024
f 3024 3040 3025
f 3040 3041 3025
f 3025 3041 3026
f 3041 3042 3026
f 3026 3042 3027
f 3042 3043 3027
f 3027 3043 3012
f 3043 3028 3012
f 3028 3044 3045
f 3028 3045 3029
f 3029 3045 3046
f 3029 3046 3030
f 3030 3046 3047
f 3030 3047 3031
f 3031 3047 3048
f 3031 3048 3032
f 3032 3048 3033
f 3048 3049 3033
f 3033 3049 3034
f 3049 3050 3034
f 3034 3050 3035
f 3050 3051 3035
f 3035 3051 3036
f 3051 3052 3036
f 3036 3052 3053
f 3036 3053 3037
f 3037 3053 3054
f 3037 3054 3038
f 3038 3054 3055
f 3038 3055 3039
f 3039 3055 3056
f 3039 3056 3040
f 3040 3056 3041
f 3056 3057 3041
f 3041 3057 3042
f 3057 3058 3042
f 3042 3058 3043
f 3058 3059 3043
f 3043 3059 3028
f 3059 3044 3028
f 3044 3060 3061
f 3044 3061 3045
f 3045 3061 3062
f 3045 3062 3046
f 3046 3062 3063
f 3046 3063 3047
f 3047 3063 3064
f 3047 3064 3048
f 3048 3064 3049
f 3064 3065 3049
f 3049 3065 3050
f 3065 3066 3050
f 3050 3066 3051
f 3066 3067 3051
f 3051 3067 3052
f 3067 3068 3052
f 3052 3068 3069
f 3052 3069 3053
f 3053 3069 3070
f 3053 3070 3054
f 3054 3070 3071
f 3054 3071 3055
f 3055 3071 3072
f 3055 3072 3056
f 3056 3072 3057
f 3072 3073 3057
f 3057 3073 3058
f 3073 3074 3058
f 3058 3074 3059
f 3074 3075 3059
f 3059 3075 3044
f 3075 3060 3044
f 3060 3076 3077
f 3060 3077 3061
f 3061 3077 3078
f 3061 3078 3062
f 3062 3078 3079
f 3062 3079 3063
f 3063 3079 3080
f 3063 3080 3064
f 3064 3080 3065
f 3080 3081 3065
f 3065 3081 3066
f 3081 3082 3066
f 3066 3082 3067
f 3082 3083 3067
f 3067 3083 3068
f 3083 3084 3068
f 3068 3084 3085
f 3068 3085 3069
f 3069 3085 3086
f 3069 3086 3070
f 3070 3086 3087
f 3070 3087 3071
f 3071 3087 3088
f 3071 3088 3072
f 3072 3088 3073
f 3088 3089 3073
f 3073 3089 3074
f 3089 3090 3074
f 3074 3090 3075
f 3090 3091 3075
f 3075 3091 3060
f 3091 3076 3060
f 3076 3092 3093
f 3076 3093 3077
f 3077 3093 3094
f 3077 3094 3078
f 3078 3094 3095
f 3078 3095 3079
f 3079 3095 3096
f 3079 3096 3080
f 3080 3096 3081
f 3096 3097 3081
f 3081 3097 3082
f 3097 3098 3082
f 3082 3098 3083
f 3098 3099 3083
f 3083 3099 3084
f 3099 3100 3084
f 3084 3100 3101
f 3084 3101 3085
f 3085 3101 3102
f 3085 3102 3086
f 3086 3102 3103
f 3086 3103 3087
f 3087 3103 3104
f 3087 3104 3088
f 3088 3104 3089
f 3104 3105 3089
f 3089 3105 3090
f 3105 3106 3090
f 3090 3106 3091
f 3106 3107 3091
f 3091 3107 3076
f 3107 3092 3076
f 3092 3108 3093
f 3093 3108 3094
f 3094 3108 3095
f 3095 3108 3096
f 3096 3108 3097
f 3097 3108 3098
f 3098 3108 3099
f 3099 3108 3100
f 3100 3108 3101
f 3101 3108 3102
f 3102 3108 3103
f 3103 3108 3104
f 3104 3108 3105
f 3105 3108 3106
f 3106 3108 3107
f 3107 3108 3092
f 2804 2805 34
f 2805 2806 34
f 2806 2807 34
f 2807 2808 34
f 34 2808 2809
f 34 2809 2810
f 34 2810 2811
f 34 2811 2812
f 2812 2813 34
f 2813 2814 34
f 2814 2815 34
f 2815 2816 34
f 34 2816 2817
f 34 2817 2818
f 34 2818 2819
f 34 2819 2804
f 2804 2820 2805
f 2820 2821 2805
f 2805 2821 2806
f 2821 2822 2806
f 2806 2822 2807
f 2822 2823 2807
f 2807 2823 2808
f 2823 2824 2808
f 2808 2824 2825
f 2808 2825 2809
f 2809 2825 2826
f 2809 2826 2810
f 2810 2826 2827
f 2810 2827 2811
f 2811 2827 2828
f 2811 2828 2812
f 2812 2828 2813
f 2828 2829 2813
f 2813 2829 2814
f 2829 2830 2814
f 2814 2830 2815
f 2830 2831 2815
f 2815 2831 2816
f 2831 2832 2816
f 2816 2832 2833
f 2816 2833 2817
f 2817 2833 2834
f 2817 2834 2818
f 2818 2834 2835
f 2818 2835 2819
f 2819 2835 2820
f 2819 2820 2804
f 2820 2836 2821
f 2836 2837 2821
f 2821 2837 2822
f 2837 2838 2822
f 2822 2838 2823
f 2838 2839 2823
f 2823 2839 2824
f 2839 2840 2824
f 2824 2840 2841
f 2824 2841 2825
f 2825 2841 2842
f 2825 2842 2826
f 2826 2842 2843
f 2826 2843 2827
f 2827 2843 2844
f 2827 2844 2828
f 2828 2844 2829
f 2844 2845 2829
f 2829 2845 2830
f 2845 2846 2830
f 2830 2846 2831
f 2846 2847 2831
f 2831 2847 2832
f 2847 2848 2832
f 2832 2848 2849
f 2832 2849 2833
f 2833 2849 2850
f 2833 2850 2834
f 2834 2850 2851
f 2834 2851 2835
f 2835 2851 2836
f 2835 2836 2820
f 2836 2852 2837
f 2852 2853 2837
f 2837 2853 2838
f 2853 2854 2838
f 2838 2854 2839
f 2854 2855 2839
f 2839 2855 2840
f 2855 2856 2840
f 2840 2856 2857
f 2840 2857 2841
f 2841 2857 2858
f 2841 2858 2842
f 2842 2858 2859
f 2842 2859 2843
f 2843 2859 2860
f 2843 2860 2844
f 2844 2860 2845
f 2860 2861 2845
f 2845 2861 2846
f 2861 2862 2846
f 2846 2862 2847
f 2862 2863 2847
f 2847 2863 2848
f 2863 2864 2848
f 2848 2864 2865
f 2848 2865 2849
f 2849 2865 2866
f 2849 2866 2850
f 2850 2866 2867
f 2850 2867 2851
f 2851 2867 2852
f 2851 2852 2836
f 2852 2868 2853
f 2868 2869 2853
f 2853 2869 2854
f 2869 2870 2854
f 2854 2870 2855
f 2870 2871 2855
f 2855 2871 2856
f 2871 2872 2856
f 2856 2872 2873
f 2856 2873 2857
f 2857 2873 2874
f 2857 2874 2858
f 2858 2874 2875
f 2858 2875 2859
f 2859 2875 2876
f 2859 2876 2860
f 2860 2876 2861
f 2876 2877 2861
f 2861 2877 2862
f 2877 2878 2862
f 2862 2878 2863
f 2878 2879 2863
f 2863 2879 2864
f 2879 2880 2864
f 2864 2880 2881
f 2864 2881 2865
f 2865 2881 2882
f 2865 2882 2866
f 2866 2882 2883
f 2866 2883 2867
f 2867 2883 2868
f 2867 2868 2852
f 2868 2884 2869
f 2884 2885 2869
f 2869 2885 2870
f 2885 2886 2870
f 2870 2886 2871
f 2886 2887 2871
f 2871 2887 2872
f 2887 2888 2872
f 2872 2888 2889
f 2872 2889 2873
f 2873 2889 2890
f 2873 2890 2874
f 2874 2890 2891
f 2874 2891 2875
f 2875 2891 2892
f 2875 2892 2876
f 2876 2892 2877
f 2892 2893 2877
f 2877 2893 2878
f 2893 2894 2878
f 2878 2894 2879
f 2894 2895 2879
f 2879 2895 2880
f 2895 2896 2880
f 2880 2896 2897
f 2880 2897 2881
f 2881 2897 2898
f 2881 2898 2882
f 2882 2898 2899
f 2882 2899 2883
f 2883 2899 2884
f 2883 2884 2868
f 2884 2900 2885
f 2900 2901 2885
f 2885 2901 2886
f 2901 2902 2886
f 2886 2902 2887
f 2902 2903 2887
f 2887 2903 2888
f 2903 2904 2888
f 2888 2904 2905
f 2888 2905 2889
f 2889 2905 2906
f 2889 2906 2890
f 2890 2906 2907
f 2890 2907 2891
f 2891 2907 2908
f 2891 2908 2892
f 2892 2908 2893
f 2908 2909 2893
f 2893 2909 2894
f 2909 2910 2894
f 2894 2910 2895
f 2910 2911 2895
f 2895 2911 2896
f 2911 2912 2896
f 2896 2912 2913
f 2896 2913 2897
f 2897 2913 2914
f 2897 2914 2898
f 2898 2914 2915
f 2898 2915 2899
f 2899 2915 2900
f 2899 2900 2884
f 2900 2916 2901
f 2916 2917 2901
f 2901 2917 2902
f 2917 2918 2902
f 2902 2918 2903
f 2918 2919 2903
f 2903 2919 2904
f 2919 2920 2904
f 2904 2920 2921
f 2904 2921 2905
f 2905 2921 2922
f 2905 2922 2906
f 2906 2922 2923
f 2906 2923 2907
f 2907 2923 2924
f 2907 2924 2908
f 2908 2924 2909
f 2924 2925 2909
f 2909 2925 2910
f 2925 2926 2910
f 2910 2926 2911
f 2926 2927 2911
f 2911 2927 2912
f 2927 2928 2912
f 2912 2928 2929
f 2912 2929 2913
f 2913 2929 2930
f 2913 2930 2914
f 2914 2930 2931
f 2914 2931 2915
f 2915 2931 2916
f 2915 2916 2900
f 2916 2932 2917
f 2932 2933 2917
f 2917 2933 2918
f 2933 2934 2918
f 2918 2934 2919
f 2934 2935 2919
f 2919 2935 2920
f 2935 2936 2920
f 2920 2936 2937
f 2920 2937 2921
f 2921 2937 2938
f 2921 2938 2922
f 2922 2938 2939
f 2922 2939 2923
f 2923 2939 2940
f 2923 2940 2924
f 2924 2940 2925
f 2940 2941 2925
f 2925 2941 2926
f 2941 2942 2926
f 2926 2942 2927
f 2942 2943 2927
f 2927 2943 2928
f 2943 2944 2928
f 2928 2944 2945
f 2928 2945 2929
f 2929 2945 2946
f 2929 2946 2930
f 2930 2946 2947
f 2930 2947 2931
f 2931 2947 2932
f 2931 2932 2916
f 2932 2948 2933
f 2948 2949 2933
f 2933 2949 2934
f 2949 2950 2934
f 2934 2950 2935
f 2950 2951 2935
f 2935 2951 2936
f 2951 2952 2936
f 2936 2952 2953
f 2936 2953 2937
f 2937 2953 2954
f 2937 2954 2938
f 2938 2954 2955
f 2938 2955 2939
f 2939 2955 2956
f 2939 2956 2940
f 2940 2956 2941
f 2956 2957 2941
f 2941 2957 2942
f 2957 2958 2942
f 2942 2958 2943
f 2958 2959 2943
f 2943 2959 2944
f 2959 2960 2944
f 2944 2960 2961
f 2944 2961 2945
f 2945 2961 2962
f 2945 2962 2946
f 2946 2962 2963
f 2946 2963 2947
f 2947 2963 2948
f 2947 2948 2932
f 2948 2964 2965
f 2948 2965 2949
f 2949 2965 2966
f 2949 2966 2950
f 2950 2966 2967
f 2950 2967 2951
f 2951 2967 2968
f 2951 2968 2952
f 2952 2968 2953
f 2968 2969 2953
f 2953 2969 2954
f 2969 2970 2954
f 2954 2970 2955
f 2970 2971 2955
f 2955 2971 2956
f 2971 2972 2956
f 2956 2972 2973
f 2956 2973 2957
f 2957 2973 2974
f 2957 2974 2958
f 2958 2974 2975
f 2958 2975 2959
f 2959 2975 2976
f 2959 2976 2960
f 2960 2976 2961
f 2976 2977 2961
f 2961 2977 2962
f 2977 2978 2962
f 2962 2978 2963
f 2978 2979 2963
f 2963 2979 2948
f 2979 2964 2948
f 2964 2980 2981
f 2964 2981 2965
f 2965 2981 2982
f 2965 2982 2966
f 2966 2982 2983
f 2966 2983 2967
f 2967 2983 2984
f 2967 2984 2968
f 2968 2984 2969
f 2984 2985 2969
f 2969 2985 2970
f 2985 2986 2970
f 2970 2986 2971
f 2986 2987 2971
f 2971 2987 2972
f 2987 2988 2972
f 2972 2988 2989
f 2972 2989 2973
f 2973 2989 2990
f 2973 2990 2974
f 2974 2990 2991
f 2974 2991 2975
f 2975 2991 2992
f 2975 2992 2976
f 2976 2992 2977
f 2992 2993 2977
f 2977 2993 2978
f 2993 2994 2978
f 2978 2994 2979
f 2994 2995 2979
f 2979 2995 2964
f 2995 2980 2964
f 2980 2996 2997
f 2980 2997 2981
f 2981 2997 2998
f 2981 2998 2982
f 2982 2998 2999
f 2982 2999 2983
f 2983 2999 3000
f 2983 3000 2984
f 2984 3000 2985
f 3000 3001 2985
f 2985 3001 2986
f 3001 3002 2986
f 2986 3002 2987
f 3002 3003 2987
f 2987 3003 2988
f 3003 3004 2988
f 2988 3004 3005
f 2988 3005 2989
f 2989 3005 3006
f 2989 3006 2990
f 2990 3006 3007
f 2990 3007 2991
f 2991 3007 3008
f 2991 3008 2992
f 2992 3008 2993
f 3008 3009 2993
f 2993 3009 2994
f 3009 3010 2994
f 2994 3010 2995
f 3010 3011 2995
f 2995 3011 2980
f 3011 2996 2980
f 2996 3012 3013
f 2996 3013 2997
f 2997 3013 3014
f 2997 3014 2998
f 2998 3014 3015
f 2998 3015 2999
f 2999 3015 3016
f 2999 3016 3000
f 3000 3016 3001
f 3016 3017 3001
f 3001 3017 3002
f 3017 3018 3002
f 3002 3018 3003
f 3018 3019 3003
f 3003 3019 3004
f 3019 3020 3004
f 3004 3020 3021
f 3004 3021 3005
f 3005 3021 3022
f 3005 3022 3006
f 3006 3022 3023
f 3006 3023 3007
f 3007 3023 3024
f 3007 3024 3008
f 3008 3024 3009
f 3024 3025 3009
f 3009 3025 3010
f 3025 3026 3010
f 3010 3026 3011
f 3026 3027 3011
f 3011 3027 2996
f 3027 3012 2996
f 3012 3028 3029
f 3012 3029 3013
f 3013 3029 3030
f 3013 3030 3014
f 3014 3030 3031
f 3014 3031 3015
f 3015 3031 3032
f 3015 3032 3016
f 3016 3032 3017
f 3032 3033 3017
f 3017 3033 3018
f 3033 3034 3018
f 3018 3034 3019
f 3034 3035 3019
f 3019 3035 3020
f 3035 3036 3020
f 3020 3036 3037
f 3020 3037 3021
f 3021 3037 3038
f 3021 3038 3022
f 3022 3038 3039
f 3022 3039 3023
f 3023 3039 3040
f 3023 3040 3024
f 3024 3040 3025
f 3040 3041 3025
f 3025 3041 3026
f 3041 3042 3026
f 3026 3042 3027
f 3042 3043 3027
f 3027 3043 3012
f 3043 3028 3012
f 3028 3044 3045
f 3028 3045 3029
f 3029 3045 3046
f 3029 3046 3030
f 3030 3046 3047
f 3030 3047 3031
f 3031 3047 3048
f 3031 3048 3032
f 3032 3048 3033
f 3048 3049 3033
f 3033 3049 3034
f 3049 3050 3034
f 3034 3050 3035
f 3050 3051 3035
f 3035 3051 3036
f 3051 3052 3036
f 3036 3052 3053
f 3036 3053 3037
f 3037 3053 3054
f 3037 3054 3038
f 3038 3054 3055
f 3038 3055 3039
f 3039 3055 3056
f 3039 3056 3040
f 3040 3056 3041
f 3056 3057 3041
f 3041 3057 3042
f 3057 3058 3042
f 3042 3058 3043
f 3058 3059 3043
f 3043 3059 3028
f 3059 3044 3028
f 3044 3060 3061
f 3044 3061 3045
f 3045 3061 3062
f 3045 3062 3046
f 3046 3062 3063
f 3046 3063 3047
f 3047 3063 3064
f 3047 3064 3048
f 3048 3064 3049
f 3064 3065 3049
f 3049 3065 3050
f 3065 3066 3050
f 3050 3066 3051
f 3066 3067 3051
f 3051 3067 3052
f 3067 3068 3052
f 3052 3068 3069
f 3052 3069 3053
f 3053 3069 3070
f 3053 3070 3054
f 3054 3070 3071
f 3054 3071 3055
f 3055 3071 3072
f 3055 3072 3056
f 3056 3072 3057
f 3072 3073 3057
f 3057 3073 3058
f 3073 3074 3058
f 3058 3074 3059
f 3074 3075 3059
f 3059 3075 3044
f 3075 3060 3044
f 3060 3076 3077
f 3060 3077 3061
f 3061 3077 3078
f 3061 3078 3062
f 3062 3078 3079
f 3062 3079 3063
f 3063 3079 3080
f 3063 3080 3064
f 3064 3080 3065
f 3080 3081 3065
f 3065 3081 3066
f 3081 3082 3066
f 3066 3082 3067
f 3082 3083 3067
f 3067 3083 3068
f 3083 3084 3068
f 3068 3084 3085
f 3068 3085 3069
f 3069 3085 3086
f 3069 3086 3070
f 3070 3086 3087
f 3070 3087 3071
f 3071 3087 3088
f 3071 3088 3072
f 3072 3088 3073
f 3088 3089 3073
f 3073 3089 3074
f 3089 3090 3074
f 3074 3090 3075
f 3090 3091 3075
f 3075 3091 3060
f 3091 3076 3060
f 3076 3092 3093
f 3076 3093 3077
f 3077 3093 3094
f 3077 3094 3078
f 3078 3094 3095
f 3078 3095 3079
f 3079 3095 3096
f 3079 3096 3080
f 3080 3096 3081
f 3096 3097 3081
f 3081 3097 3082
f 3097 3098 3082
f 3082 3098 3083
f 3098 3099 3083
f 3083 3099 3084
f 3099 3100 3084
f 3084 3100 3101
f 3084 3101 3085
f 3085 3101 3102
f 3085 3102 3086
f 3086 3102 3103
f 3086 3103 3087
f 3087 3103 3104
f 3087 3104 3088
f 3088 3104 3089
f 3104 3105 3089
f 3089 3105 3090
f 3105 3106 3090
f 3090 3106 3091
f 3106 3107 3091
f 3091 3107 3076
f 3107 3092 3076
f 3092 3108 3093
f 3093 3108 3094
f 3094 3108 3095
f 3095 3108 3096
f 3096 3108 3097
f 3097 3108 3098
f 3098 3108 3099
f 3099 3108 3100
f 3100 3108 3101
f 3101 3108 3102
f 3102 3108 3103
f 3103 3108 3104
f 3104 3108 3105
f 3105 3108 3106
f 3106 3108 3107
f 3107 3108 3092
f 3109 3110 34
f 3110 3111 34
f 3111 3112 34
f 3112 3113 34
f 34 3113 3114
f 34 3114 3115
f 34 3115 3116
f 34 3116 3117
f 3117 3118 34
f 3118 3119 34
f 3119 3120 34
f 3120 3121 34
f 34 3121 3122
f 34 3122 3123
f 34 3123 3124
f 34 3124 3109
f 3109 3125 3110
f 3125 3126 3110
f 3110 3126 3111
f 3126 3127 3111
f 3111 3127 3112
f 3127 3128 3112
f 3112 3128 3113
f 3128 3129 3113
f 3113 3129 3130
f 3113 3130 3114
f 3114 3130 3131
f 3114 3131 3115
f 3115 3131 3132
f 3115 3132 3116
f 3116 3132 3133
f 3116 3133 3117
f 3117 3133 3118
f 3133 3134 3118
f 3118 3134 3119
f 3134 3135 3119
f 3119 3135 3120
f 3135 3136 3120
f 3120 3136 3121
f 3136 3137 3121
f 3121 3137 3138
f 3121 3138 3122
f 3122 3138 3139
f 3122 3139 3123
f 3123 3139 3140
f 3123 3140 3124
f 3124 3140 3125
f 3124 3125 3109
f 3125 3141 3126
f 3141 3142 3126
f 3126 3142 3127
f 3142 3143 3127
f 3127 3143 3128
f 3143 3144 3128
f 3128 3144 3129
f 3144 3145 3129
f 3129 3145 3146
f 3129 3146 3130
f 3130 3146 3147
f 3130 3147 3131
f 3131 3147 3148
f 3131 3148 3132
f 3132 3148 3149
f 3132 3149 3133
f 3133 3149 3134
f 3149 3150 3134
f 3134 3150 3135
f 3150 3151 3135
f 3135 3151 3136
f 3151 3152 3136
f 3136 3152 3137
f 3152 3153 3137
f 3137 3153 3154
f 3137 3154 3138
f 3138 3154 3155
f 3138 3155 3139
f 3139 3155 3156
f 3139 3156 3140
f 3140 3156 3141
f 3140 3141 3125
f 3141 3157 3142
f 3157 3158 3142
f 3142 3158 3143
f 3158 3159 3143
f 3143 3159 3144
f 3159 3160 3144
f 3144 3160 3145
f 3160 3161 3145
f 3145 3161 3162
f 3145 3162 3146
f 3146 3162 3163
f 3146 3163 3147
f 3147 3163 3164
f 3147 3164 3148
f 3148 3164 3165
f 3148 3165 3149
f 3149 3165 3150
f 3165 3166 3150
f 3150 3166 3151
f 3166 3167 3151
f 3151 3167 3152
f 3167 3168 3152
f 3152 3168 3153
f 3168 3169 3153
f 3153 3169 3170
f 3153 3170 3154
f 3154 3170 3171
f 3154 3171 3155
f 3155 3171 3172
f 3155 3172 3156
f 3156 3172 3157
f 3156 3157 3141
f 3157 3173 3158
f 3173 3174 3158
f 3158 3174 3159
f 3174 3175 3159
f 3159 3175 3160
f 3175 3176 3160
f 3160 3176 3161
f 3176 3177 3161
f 3161 3177 3178
f 3161 3178 3162
f 3162 3178 3179
f 3162 3179 3163
f 3163 3179 3180
f 3163 3180 3164
f 3164 3180 3181
f 3164 3181 3165
f 3165 3181 3166
f 3181 3182 3166
f 3166 3182 3167
f 3182 3183 3167
f 3167 3183 3168
f 3183 3184 3168
f 3168 3184 3169
f 3184 3185 3169
f 3169 3185 3186
f 3169 3186 3170
f 3170 3186 3187
f 3170 3187 3171
f 3171 3187 3188
f 3171 3188 3172
f 3172 3188 3173
f 3172 3173 3157
f 3173 3189 3174
f 3189 3190 3174
f 3174 3190 3175
f 3190 3191 3175
f 3175 3191 3176
f 3191 3192 3176
f 3176 3192 3177
f 3192 3193 3177
f 3177 3193 3194
f 3177 3194 3178
f 3178 3194 3195
f 3178 3195 3179
f 3179 3195 3196
f 3179 3196 3180
f 3180 3196 3197
f 3180 3197 3181
f 3181 3197 3182
f 3197 3198 3182
f 3182 3198 3183
f 3198 3199 3183
f 3183 3199 3184
f 3199 3200 3184
f 3184 3200 3185
f 3200 3201 3185
f 3185 3201 3202
f 3185 3202 3186
f 3186 3202 3203
f 3186 3203 3187
f 3187 3203 3204
f 3187 3204 3188
f 3188 3204 3189
f 3188 3189 3173
f 3189 3205 3190
f 3205 3206 3190
f 3190 3206 3191
f 3206 3207 3191
f 3191 3207 3192
f 3207 3208 3192
f 3192 3208 3193
f 3208 3209 3193
f 3193 3209 3210
f 3193 3210 3194
f 3194 3210 3211
f 3194 3211 3195
f 3195 3211 3212
f 3195 3212 3196
f 3196 3212 3213
f 3196 3213 3197
f 3197 3213 3198
f 3213 3214 3198
f 3198 3214 3199
f 3214 3215 3199
f 3199 3215 3200
f 3215 3216 3200
f 3200 3216 3201
f 3216 3217 3201
f 3201 3217 3218
f 3201 3218 3202
f 3202 3218 3219
f 3202 3219 3203
f 3203 3219 3220
f 3203 3220 3204
f 3204 3220 3205
f 3204 3205 3189
f 3205 3221 3206
f 3221 3222 3206
f 3206 3222 3207
f 3222 3223 3207
f 3207 3223 3208
f 3223 3224 3208
f 3208 3224 3209
f 3224 3225 3209
f 3209 3225 3226
f 3209 3226 3210
f 3210 3226 3227
f 3210 3227 3211
f 3211 3227 3228
f 3211 3228 3212
f 3212 3228 3229
f 3212 3229 3213
f 3213 3229 3214
f 3229 3230 3214
f 3214 3230 3215
f 3230 3231 3215
f 3215 3231 3216
f 3231 3232 3216
f 3216 3232 3217
f 3232 3233 3217
f 3217 3233 3234
f 3217 3234 3218
f 3218 3234 3235
f 3218 3235 3219
f 3219 3235 3236
f 3219 3236 3220
f 3220 3236 3221
f 3220 3221 3205
f 3221 3237 3222
f 3237 3238 3222
f 3222 3238 3223
f 3238 3239 3223
f 3223 3239 3224
f 3239 3240 3224
f 3224 3240 3225
f 3240 3241 3225
f 3225 3241 3242
f 3225 3242 3226
f 3226 3242 3243
f 3226 3243 3227
f 3227 3243 3244
f 3227 3244 3228
f 3228 3244 3245
f 3228 3245 3229
f 3229 3245 3230
f 3245 3246 3230
f 3230 3246 3231
f 3246 3247 3231
f 3231 3247 3232
f 3247 3248 3232
f 3232 3248 3233
f 3248 3249 3233
f 3233 3249 3250
f 3233 3250 3234
f 3234 3250 3251
f 3234 3251 3235
f 3235 3251 3252
f 3235 3252 3236
f 3236 3252 3237
f 3236 3237 3221
f 3237 3253 3238
f 3253 3254 3238
f 3238 3254 3239
f 3254 3255 3239
f 3239 3255 3240
f 3255 3256 3240
f 3240 3256 3241
f 3256 3257 3241
f 3241 3257 3258
f 3241 3258 3242
f 3242 3258 3259
f 3242 3259 3243
f 3243 3259 3260
f 3243 3260 3244
f 3244 3260 3261
f 3244 3261 3245
f 3245 3261 3246
f 3261 3262 3246
f 3246 3262 3247
f 3262 3263 3247
f 3247 3263 3248
f 3263 3264 3248
f 3248 3264 3249
f 3264 3265 3249
f 3249 3265 3266
f 3249 3266 3250
f 3250 3266 3267
f 3250 3267 3251
f 3251 3267 3268
f 3251 3268 3252
f 3252 3268 3253
f 3252 3253 3237
f 3253 3269 3270
f 3253 3270 3254
f 3254 3270 3271
f 3254 3271 3255
f 3255 3271 3272
f 3255 3272 3256
f 3256 3272 3273
f 3256 3273 3257
f 3257 3273 3258
f 3273 3274 3258
f 3258 3274 3259
f 3274 3275 3259
f 3259 3275 3260
f 3275 3276 3260
f 3260 3276 3261
f 3276 3277 3261
f 3261 3277 3278
f 3261 3278 3262
f 3262 3278 3279
f 3262 3279 3263
f 3263 3279 3280
f 3263 3280 3264
f 3264 3280 3281
f 3264 3281 3265
f 3265 3281 3266
f 3281 3282 3266
f 3266 3282 3267
f 3282 3283 3267
f 3267 3283 3268
f 3283 3284 3268
f 3268 3284 3253
f 3284 3269 3253
f 3269 3285 3286
f 3269 3286 3270
f 3270 3286 3287
f 3270 3287 3271
f 3271 3287 3288
f 3271 3288 3272
f 3272 3288 3289
f 3272 3289 3273
f 3273 3289 3274
f 3289 3290 3274
f 3274 3290 3275
f 3290 3291 3275
f 3275 3291 3276
f 3291 3292 3276
f 3276 3292 3277
f 3292 3293 3277
f 3277 3293 3294
f 3277 3294 3278
f 3278 3294 3295
f 3278 3295 3279
f 3279 3295 3296
f 3279 3296 3280
f 3280 3296 3297
f 3280 3297 3281
f 3281 3297 3282
f 3297 3298 3282
f 3282 3298 3283
f 3298 3299 3283
f 3283 3299 3284
f 3299 3300 3284
f 3284 3300 3269
f 3300 3285 3269
f 3285 3301 3302
f 3285 3302 3286
f 3286 3302 3303
f 3286 3303 3287
f 3287 3303 3304
f 3287 3304 3288
f 3288 3304 3305
f 3288 3305 3289
f 3289 3305 3290
f 3305 3306 3290
f 3290 3306 3291
f 3306 3307 3291
f 3291 3307 3292
f 3307 3308 3292
f 3292 3308 3293
f 3308 3309 3293
f 3293 3309 3310
f 3293 3310 3294
f 3294 3310 3311
f 3294 3311 3295
f 3295 3311 3312
f 3295 3312 3296
f 3296 3312 3313
f 3296 3313 3297
f 3297 3313 3298
f 3313 3314 3298
f 3298 3314 3299
f 3314 3315 3299
f 3299 3315 3300
f 3315 3316 3300
f 3300 3316 3285
f 3316 3301 3285
f 3301 3317 3318
f 3301 3318 3302
f 3302 3318 3319
f 3302 3319 3303
f 3303 3319 3320
f 3303 3320 3304
f 3304 3320 3321
f 3304 3321 3305
f 3305 3321 3306
f 3321 3322 3306
f 3306 3322 3307
f 3322 3323 3307
f 3307 3323 3308
f 3323 3324 3308
f 3308 3324 3309
f 3324 3325 3309
f 3309 3325 3326
f 3309 3326 3310
f 3310 3326 3327
f 3310 3327 3311
f 3311 3327 3328
f 3311 3328 3312
f 3312 3328 3329
f 3312 3329 3313
f 3313 3329 3314
f 3329 3330 3314
f 3314 3330 3315
f 3330 3331 3315
f 3315 3331 3316
f 3331 3332 3316
f 3316 3332 3301
f 3332 3317 3301
f 3317 3333 3334
f 3317 3334 3318
f 3318 3334 3335
f 3318 3335 3319
f 3319 3335 3336
f 3319 3336 3320
f 3320 3336 3337
f 3320 3337 3321
f 3321 3337 3322
f 3337 3338 3322
f 3322 3338 3323
f 3338 3339 3323
f 3323 3339 3324
f 3339 3340 3324
f 3324 3340 3325
f 3340 3341 3325
f 3325 3341 3342
f 3325 3342 3326
f 3326 3342 3343
f 3326 3343 3327
f 3327 3343 3344
f 3327 3344 3328
f 3328 3344 3345
f 3328 3345 3329
f 3329 3345 3330
f 3345 3346 3330
f 3330 3346 3331
f 3346 3347 3331
f 3331 3347 3332
f 3347 3348 3332
f 3332 3348 3317
f 3348 3333 3317
f 3333 3349 3350
f 3333 3350 3334
f 3334 3350 3351
f 3334 3351 3335
f 3335 3351 3352
f 3335 3352 3336
f 3336 3352 3353
f 3336 3353 3337
f 3337 3353 3338
f 3353 3354 3338
f 3338 3354 3339
f 3354 3355 3339
f 3339 3355 3340
f 3355 3356 3340
f 3340 3356 3341
f 3356 3357 3341
f 3341 3357 3358
f 3341 3358 3342
f 3342 3358 3359
f 3342 3359 3343
f 3343 3359 3360
f 3343 3360 3344
f 3344 3360 3361
f 3344 3361 3345
f 3345 3361 3346
f 3361 3362 3346
f 3346 3362 3347
f 3362 3363 3347
f 3347 3363 3348
f 3363 3364 3348
f 3348 3364 3333
f 3364 3349 3333
f 3349 3365 3366
f 3349 3366 3350
f 3350 3366 3367
f 3350 3367 3351
f 3351 3367 3368
f 3351 3368 3352
f 3352 3368 3369
f 3352 3369 3353
f 3353 3369 3354
f 3369 3370 3354
f 3354 3370 3355
f 3370 3371 3355
f 3355 3371 3356
f 3371 3372 3356
f 3356 3372 3357
f 3372 3373 3357
f 3357 3373 3374
f 3357 3374 3358
f 3358 3374 3375
f 3358 3375 3359
f 3359 3375 3376
f 3359 3376 3360
f 3360 3376 3377
f 3360 3377 3361
f 3361 3377 3362
f 3377 3378 3362
f 3362 3378 3363
f 3378 3379 3363
f 3363 3379 3364
f 3379 3380 3364
f 3364 3380 3349
f 3380 3365 3349
f 3365 3381 3382
f 3365 3382 3366
f 3366 3382 3383
f 3366 3383 3367
f 3367 3383 3384
f 3367 3384 3368
f 3368 3384 3385
f 3368 3385 3369
f 3369 3385 3370
f 3385 3386 3370
f 3370 3386 3371
f 3386 3387 3371
f 3371 3387 3372
f 3387 3388 3372
f 3372 3388 3373
f 3388 3389 3373
f 3373 3389 3390
f 3373 3390 3374
f 3374 3390 3391
f 3374 3391 3375
f 3375 3391 3392
f 3375 3392 3376
f 3376 3392 3393
f 3376 3393 3377
f 3377 3393 3378
f 3393 3394 3378
f 3378 3394 3379
f 3394 3395 3379
f 3379 3395 3380
f 3395 3396 3380
f 3380 3396 3365
f 3396 3381 3365
f 3381 3397 3398
f 3381 3398 3382
f 3382 3398 3399
f 3382 3399 3383
f 3383 3399 3400
f 3383 3400 3384
f 3384 3400 3401
f 3384 3401 3385
f 3385 3401 3386
f 3401 3402 3386
f 3386 3402 3387
f 3402 3403 3387
f 3387 3403 3388
f 3403 3404 3388
f 3388 3404 3389
f 3404 3405 3389
f 3389 3405 3406
f 3389 3406 3390
f 3390 3406 3407
f 3390 3407 3391
f 3391 3407 3408
f 3391 3408 3392
f 3392 3408 3409
f 3392 3409 3393
f 3393 3409 3394
f 3409 3410 3394
f 3394 3410 3395
f 3410 3411 3395
f 3395 3411 3396
f 3411 3412 3396
f 3396 3412 3381
f 3412 3397 3381
f 3397 3413 3398
f 3398 3413 3399
f 3399 3413 3400
f 3400 3413 3401
f 3401 3413 3402
f 3402 3413 3403
f 3403 3413 3404
f 3404 3413 3405
f 3405 3413 3406
f 3406 3413 3407
f 3407 3413 3408
f 3408 3413 3409
f 3409 3413 3410
f 3410 3413 3411
f 3411 3413 3412
f 3412 3413 3397
f 3109 3110 34
f 3110 3111 34
f 3111 3112 34
f 3112 3113 34
f 34 3113 3114
f 34 3114 3115
f 34 3115 3116
f 34 3116 3117
f 3117 3118 34
f 3118 3119 34
f 3119 3120 34
f 3120 3121 34
f 34 3121 3122
f 34 3122 3123
f 34 3123 3124
f 34 3124 3109
f 3109 3125 3110
f 3125 3126 3110
f 3110 3126 3111
f 3126 3127 3111
f 3111 3127 3112
f 3127 3128 3112
f 3112 3128 3113
f 3128 3129 3113
f 3113 3129 3130
f 3113 3130 3114
f 3114 3130 3131
f 3114 3131 3115
f 3115 3131 3132
f 3115 3132 3116
f 3116 3132 3133
f 3116 3133 3117
f 3117 3133 3118
f 3133 3134 3118
f 3118 3134 3119
f 3134 3135 3119
f 3119 3135 3120
f 3135 3136 3120
f 3120 3136 3121
f 3136 3137 3121
f 3121 3137 3138
f 3121 3138 3122
f 3122 3138 3139
f 3122 3139 3123
f 3123 3139 3140
f 3123 3140 3124
f 3124 3140 3125
f 3124 3125 3109
f 3125 3141 3126
f 3141 3142 3126
f 3126 3142 3127
f 3142 3143 3127
f 3127 3143 3128
f 3143 3144 3128
f 3128 3144 3129
f 3144 3145 3129
f 3129 3145 3146
f 3129 3146 3130
f 3130 3146 3147
f 3130 3147 3131
f 3131 3147 3148
f 3131 3148 3132
f 3132 3148 3149
f 3132 3149 3133
f 3133 3149 3134
f 3149 3150 3134
f 3134 3150 3135
f 3150 3151 3135
f 3135 3151 3136
f 3151 3152 3136
f 3136 3152 3137
f 3152 3153 3137
f 3137 3153 3154
f 3137 3154 3138
f 3138 3154 3155
f 3138 3155 3139
f 3139 3155 3156
f 3139 3156 3140
f 3140 3156 3141
f 3140 3141 3125
f 3141 3157 3142
f 3157 3158 3142
f 3142 3158 3143
f 3158 3159 3143
f 3143 3159 3144
f 3159 3160 3144
f 3144 3160 3145
f 3160 3161 3145
f 3145 3161 3162
f 3145 3162 3146
f 3146 3162 3163
f 3146 3163 3147
f 3147 3163 3164
f 3147 3164 3148
f 3148 3164 3165
f 3148 3165 3149
f 3149 3165 3150
f 3165 3166 3150
f 3150 3166 3151
f 3166 3167 3151
f 3151 3167 3152
f 3167 3168 3152
f 3152 3168 3153
f 3168 3169 3153
f 3153 3169 3170
f 3153 3170 3154
f 3154 3170 3171
f 3154 3171 3155
f 3155 3171 3172
f 3155 3172 3156
f 3156 3172 3157
f 3156 3157 3141
f 3157 3173 3158
f 3173 3174 3158
f 3158 3174 3159
f 3174 3175 3159
f 3159 3175 3160
f 3175 3176 3160
f 3160 3176 3161
f 3176 3177 3161
f 3161 3177 3178
f 3161 3178 3162
f 3162 3178 3179
f 3162 3179 3163
f 3163 3179 3180
f 3163 3180 3164
f 3164 3180 3181
f 3164 3181 3165
f 3165 3181 3166
f 3181 3182 3166
f 3166 3182 3167
f 3182 3183 3167
f 3167 3183 3168
f 3183 3184 3168
f 3168 3184 3169
f 3184 3185 3169
f 3169 3185 3186
f 3169 3186 3170
f 3170 3186 3187
f 3170 3187 3171
f 3171 3187 3188
f 3171 3188 3172
f 3172 3188 3173
f 3172 3173 3157
f 3173 3189 3174
f 3189 3190 3174
f 3174 3190 3175
f 3190 3191 3175
f 3175 3191 3176
f 3191 3192 3176
f 3176 3192 3177
f 3192 3193 3177
f 3177 3193 3194
f 3177 3194 3178
f 3178 3194 3195
f 3178 3195 3179
f 3179 3195 3196
f 3179 3196 3180
f 3180 3196 3197
f 3180 3197 3181
f 3181 3197 3182
f 3197 3198 3182
f 3182 3198 3183
f 3198 3199 3183
f 3183 3199 3184
f 3199 3200 3184
f 3184 3200 3185
f 3200 3201 3185
f 3185 3201 3202
f 3185 3202 3186
f 3186 3202 3203
f 3186 3203 3187
f 3187 3203 3204
f 3187 3204 3188
f 3188 3204 3189
f 3188 3189 3173
f 3189 3205 3190
f 3205 3206 3190
f 3190 3206 3191
f 3206 3207 3191
f 3191 3207 3192
f 3207 3208 3192
f 3192 3208 3193
f 3208 3209 3193
f 3193 3209 3210
f 3193 3210 3194
f 3194 3210 3211
f 3194 3211 3195
f 3195 3211 3212
f 3195 3212 3196
f 3196 3212 3213
f 3196 3213 3197
f 3197 3213 3198
f 3213 3214 3198
f 3198 3214 3199
f 3214 3215 3199
f 3199 3215 3200
f 3215 3216 3200
f 3200 3216 3201
f 3216 3217 3201
f 3201 3217 3218
f 3201 3218 3202
f 3202 3218 3219
f 3202 3219 3203
f 3203 3219 3220
f 3203 3220 3204
f 3204 3220 3205
f 3204 3205 3189
f 3205 3221 3206
f 3221 3222 3206
f 3206 3222 3207
f 3222 3223 3207
f 3207 3223 3208
f 3223 3224 3208
f 3208 3224 3209
f 3224 3225 3209
f 3209 3225 3226
f 3209 3226 3210
f 3210 3226 3227
f 3210 3227 3211
f 3211 3227 3228
f 3211 3228 3212
f 3212 3228 3229
f 3212 3229 3213
f 3213 3229 3214
f 3229 3230 3214
f 3214 3230 3215
f 3230 3231 3215
f 3215 3231 3216
f 3231 3232 3216
f 3216 3232 3217
f 3232 3233 3217
f 3217 3233 3234
f 3217 3234 3218
f 3218 3234 3235
f 3218 3235 3219
f 3219 3235 3236
f 3219 3236 3220
f 3220 3236 3221
f 3220 3221 3205
f 3221 3237 3222
f 3237 3238 3222
f 3222 3238 3223
f 3238 3239 3223
f 3223 3239 3224
f 3239 3240 3224
f 3224 3240 3225
f 3240 3241 3225
f 3225 3241 3242
f 3225 3242 3226
f 3226 3242 3243
f 3226 3243 3227
f 3227 3243 3244
f 3227 3244 3228
f 3228 3244 3245
f 3228 3245 3229
f 3229 3245 3230
f 3245 3246 3230
f 3230 3246 3231
f 3246 3247 3231
f 3231 3247 3232
f 3247 3248 3232
f 3232 3248 3233
f 3248 3249 3233
f 3233 3249 3250
f 3233 3250 3234
f 3234 3250 3251
f 3234 3251 3235
f 3235 3251 3252
f 3235 3252 3236
f 3236 3252 3237
f 3236 3237 3221
f 3237 3253 3238
f 3253 3254 3238
f 3238 3254 3239
f 3254 3255 3239
f 3239 3255 3240
f 3255 3256 3240
f 3240 3256 3241
f 3256 3257 3241
f 3241 3257 3258
f 3241 3258 3242
f 3242 3258 3259
f 3242 3259 3243
f 3243 3259 3260
f 3243 3260 3244
f 3244 3260 3261
f 3244 3261 3245
f 3245 3261 3246
f 3261 3262 3246
f 3246 3262 3247
f 3262 3263 3247
f 3247 3263 3248
f 3263 3264 3248
f 3248 3264 3249
f 3264 3265 3249
f 3249 3265 3266
f 3249 3266 3250
f 3250 3266 3267
f 3250 3267 3251
f 3251 3267 3268
f 3251 3268 3252
f 3252 3268 3253
f 3252 3253 3237
f 3253 3269 3270
f 3253 3270 3254
f 3254 3270 3271
f 3254 3271 3255
f 3255 3271 3272
f 3255 3272 3256
f 3256 3272 3273
f 3256 3273 3257
f 3257 3273 3258
f 3273 3274 3258
f 3258 3274 3259
f 3274 3275 3259
f 3259 3275 3260
f 3275 3276 3260
f 3260 3276 3261
f 3276 3277 3261
f 3261 3277 3278
f 3261 3278 3262
f 3262 3278 3279
f 3262 3279 3263
f 3263 3279 3280
f 3263 3280 3264
f 3264 3280 3281
f 3264 3281 3265
f 3265 3281 3266
f 3281 3282 3266
f 3266 3282 3267
f 3282 3283 3267
f 3267 3283 3268
f 3283 3284 3268
f 3268 3284 3253
f 3284 3269 3253
f 3269 3285 3286
f 3269 3286 3270
f 3270 3286 3287
f 3270 3287 3271
f 3271 3287 3288
f 3271 3288 3272
f 3272 3288 3289
f 3272 3289 3273
f 3273 3289 3274
f 3289 3290 3274
f 3274 3290 3275
f 3290 3291 3275
f 3275 3291 3276
f 3291 3292 3276
f 3276 3292 3277
f 3292 3293 3277
f 3277 3293 3294
f 3277 3294 3278
f 3278 3294 3295
f 3278 3295 3279
f 3279 3295 3296
f 3279 3296 3280
f 3280 3296 3297
f 3280 3297 3281
f 3281 3297 3282
f 3297 3298 3282
f 3282 3298 3283
f 3298 3299 3283
f 3283 3299 3284
f 3299 3300 3284
f 3284 3300 3269
f 3300 3285 3269
f 3285 3301 3302
f 3285 3302 3286
f 3286 3302 3303
f 3286 3303 3287
f 3287 3303 3304
f 3287 3304 3288
f 3288 3304 3305
f 3288 3305 3289
f 3289 3305 3290
f 3305 3306 3290
f 3290 3306 3291
f 3306 3307 3291
f 3291 3307 3292
f 3307 3308 3292
f 3292 3308 3293
f 3308 3309 3293
f 3293 3309 3310
f 3293 3310 3294
f 3294 3310 3311
f 3294 3311 3295
f 3295 3311 3312
f 3295 3312 3296
f 3296 3312 3313
f 3296 3313 3297
f 3297 3313 3298
f 3313 3314 3298
f 3298 3314 3299
f 3314 3315 3299
f 3299 3315 3300
f 3315 3316 3300
f 3300 3316 3285
f 3316 3301 3285
f 3301 3317 3318
f 3301 3318 3302
f 3302 3318 3319
f 3302 3319 3303
f 3303 3319 3320
f 3303 3320 3304
f 3304 3320 3321
f 3304 3321 3305
f 3305 3321 3306
f 3321 3322 3306
f 3306 3322 3307
f 3322 3323 3307
f 3307 3323 3308
f 3323 3324 3308
f 3308 3324 3309
f 3324 3325 3309
f 3309 3325 3326
f 3309 3326 3310
f 3310 3326 3327
f 3310 3327 3311
f 3311 3327 3328
f 3311 3328 3312
f 3312 3328 3329
f 3312 3329 3313
f 3313 3329 3314
f 3329 3330 3314
f 3314 3330 3315
f 3330 3331 3315
f 3315 3331 3316
f 3331 3332 3316
f 3316 3332 3301
f 3332 3317 3301
f 3317 3333 3334
f 3317 3334 3318
f 3318 3334 3335
f 3318 3335 3319
f 3319 3335 3336
f 3319 3336 3320
f 3320 3336 3337
f 3320 3337 3321
f 3321 3337 3322
f 3337 3338 3322
f 3322 3338 3323
f 3338 3339 3323
f 3323 3339 3324
f 3339 3340 3324
f 3324 3340 3325
f 3340 3341 3325
f 3325 3341 3342
f 3325 3342 3326
f 3326 3342 3343
f 3326 3343 3327
f 3327 3343 3344
f 3327 3344 3328
f 3328 3344 3345
f 3328 3345 3329
f 3329 3345 3330
f 3345 3346 3330
f 3330 3346 3331
f 3346 3347 3331
f 3331 3347 3332
f 3347 3348 3332
f 3332 3348 3317
f 3348 3333 3317
f 3333 3349 3350
f 3333 3350 3334
f 3334 3350 3351
f 3334 3351 3335
f 3335 3351 3352
f 3335 3352 3336
f 3336 3352 3353
f 3336 3353 3337
f 3337 3353 3338
f 3353 3354 3338
f 3338 3354 3339
f 3354 3355 3339
f 3339 3355 3340
f 3355 3356 3340
f 3340 3356 3341
f 3356 3357 3341
f 3341 3357 3358
f 3341 3358 3342
f 3342 3358 3359
f 3342 3359 3343
f 3343 3359 3360
f 3343 3360 3344
f 3344 3360 3361
f 3344 3361 3345
f 3345 3361 3346
f 3361 3362 3346
f 3346 3362 3347
f 3362 3363 3347
f 3347 3363 3348
f 3363 3364 3348
f 3348 3364 3333
f 3364 3349 3333
f 3349 3365 3366
f 3349 3366 3350
f 3350 3366 3367
f 3350 3367 3351
f 3351 3367 3368
f 3351 3368 3352
f 3352 3368 3369
f 3352 3369 3353
f 3353 3369 3354
f 3369 3370 3354
f 3354 3370 3355
f 3370 3371 3355
f 3355 3371 3356
f 3371 3372 3356
f 3356 3372 3357
f 3372 3373 3357
f 3357 3373 3374
f 3357 3374 3358
f 3358 3374 3375
f 3358 3375 3359
f 3359 3375 3376
f 3359 3376 3360
f 3360 3376 3377
f 3360 3377 3361
f 3361 3377 3362
f 3377 3378 3362
f 3362 3378 3363
f 3378 3379 3363
f 3363 3379 3364
f 3379 3380 3364
f 3364 3380 3349
f 3380 3365 3349
f 3365 3381 3382
f 3365 3382 3366
f 3366 3382 3383
f 3366 3383 3367
f 3367 3383 3384
f 3367 3384 3368
f 3368 3384 3385
f 3368 3385 3369
f 3369 3385 3370
f 3385 3386 3370
f 3370 3386 3371
f 3386 3387 3371
f 3371 3387 3372
f 3387 3388 3372
f 3372 3388 3373
f 3388 3389 3373
f 3373 3389 3390
f 3373 3390 3374
f 3374 3390 3391
f 3374 3391 3375
f 3375 3391 3392
f 3375 3392 3376
f 3376 3392 3393
f 3376 3393 3377
f 3377 3393 3378
f 3393 3394 3378
f 3378 3394 3379
f 3394 3395 3379
f 3379 3395 3380
f 3395 3396 3380
f 3380 3396 3365
f 3396 3381 3365
f 3381 3397 3398
f 3381 3398 3382
f 3382 3398 3399
f 3382 3399 3383
f 3383 3399 3400
f 3383 3400 3384
f 3384 3400 3401
f 3384 3401 3385
f 3385 3401 3386
f 3401 3402 3386
f 3386 3402 3387
f 3402 3403 3387
f 3387 3403 3388
f 3403 3404 3388
f 3388 3404 3389
f 3404 3405 3389
f 3389 3405 3406
f 3389 3406 3390
f 3390 3406 3407
f 3390 3407 3391
f 3391 3407 3408
f 3391 3408 3392
f 3392 3408 3409
f 3392 3409 3393
f 3393 3409 3394
f 3409 3410 3394
f 3394 3410 3395
f 3410 3411 3395
f 3395 3411 3396
f 3411 3412 3396
f 3396 3412 3381
f 3412 3397 3381
f 3397 3413 3398
f 3398 3413 3399
f 3399 3413 3400
f 3400 3413 3401
f 3401 3413 3402
f 3402 3413 3403
f 3403 3413 3404
f 3404 3413 3405
f 3405 3413 3406
f 3406 3413 3407
f 3407 3413 3408
f 3408 3413 3409
f 3409 3413 3410
f 3410 3413 3411
f 3411 3413 3412
f 3412 3413 3397
f 3414 3415 34
f 3415 3416 34
f 3416 3417 34
f 3417 3418 34
f 34 3418 3419
f 34 3419 3420
f 34 3420 3421
f 34 3421 3422
f 3422 3423 34
f 3423 3424 34
f 3424 3425 34
f 3425 3426 34
f 34 3426 3427
f 34 3427 3428
f 34 3428 3429
f 34 3429 3414
f 3414 3430 3415
f 3430 3431 3415
f 3415 3431 3416
f 3431 3432 3416
f 3416 3432 3417
f 3432 3433 3417
f 3417 3433 3418
f 3433 3434 3418
f 3418 3434 3435
f 3418 3435 3419
f 3419 3435 3436
f 3419 3436 3420
f 3420 3436 3437
f 3420 3437 3421
f 3421 3437 3438
f 3421 3438 3422
f 3422 3438 3423
f 3438 3439 3423
f 3423 3439 3424
f 3439 3440 3424
f 3424 3440 3425
f 3440 3441 3425
f 3425 3441 3426
f 3441 3442 3426
f 3426 3442 3443
f 3426 3443 3427
f 3427 3443 3444
f 3427 3444 3428
f 3428 3444 3445
f 3428 3445 3429
f 3429 3445 3430
f 3429 3430 3414
f 3430 3446 3431
f 3446 3447 3431
f 3431 3447 3432
f 3447 3448 3432
f 3432 3448 3433
f 3448 3449 3433
f 3433 3449 3434
f 3449 3450 3434
f 3434 3450 3451
f 3434 3451 3435
f 3435 3451 3452
f 3435 3452 3436
f 3436 3452 3453
f 3436 3453 3437
f 3437 3453 3454
f 3437 3454 3438
f 3438 3454 3439
f 3454 3455 3439
f 3439 3455 3440
f 3455 3456 3440
f 3440 3456 3441
f 3456 3457 3441
f 3441 3457 3442
f 3457 3458 3442
f 3442 3458 3459
f 3442 3459 3443
f 3443 3459 3460
f 3443 3460 3444
f 3444 3460 3461
f 3444 3461 3445
f 3445 3461 3446
f 3445 3446 3430
f 3446 3462 3447
f 3462 3463 3447
f 3447 3463 3448
f 3463 3464 3448
f 3448 3464 3449
f 3464 3465 3449
f 3449 3465 3450
f 3465 3466 3450
f 3450 3466 3467
f 3450 3467 3451
f 3451 3467 3468
f 3451 3468 3452
f 3452 3468 3469
f 3452 3469 3453
f 3453 3469 3470
f 3453 3470 3454
f 3454 3470 3455
f 3470 3471 3455
f 3455 3471 3456
f 3471 3472 3456
f 3456 3472 3457
f 3472 3473 3457
f 3457 3473 3458
f 3473 3474 3458
f 3458 3474 3475
f 3458 3475 3459
f 3459 3475 3476
f 3459 3476 3460
f 3460 3476 3477
f 3460 3477 3461
f 3461 3477 3462
f 3461 3462 3446
f 3462 3478 3463
f 3478 3479 3463
f 3463 3479 3464
f 3479 3480 3464
f 3464 3480 3465
f 3480 3481 3465
f 3465 3481 3466
f 3481 3482 3466
f 3466 3482 3483
f 3466 3483 3467
f 3467 3483 3484
f 3467 3484 3468
f 3468 3484 3485
f 3468 3485 3469
f 3469 3485 3486
f 3469 3486 3470
f 3470 3486 3471
f 3486 3487 3471
f 3471 3487 3472
f 3487 3488 3472
f 3472 3488 3473
f 3488 3489 3473
f 3473 3489 3474
f 3489 3490 3474
f 3474 3490 3491
f 3474 3491 3475
f 3475 3491 3492
f 3475 3492 3476
f 3476 3492 3493
f 3476 3493 3477
f 3477 3493 3478
f 3477 3478 3462
f 3478 3494 3479
f 3494 3495 3479
f 3479 3495 3480
f 3495 3496 3480
f 3480 3496 3481
f 3496 3497 3481
f 3481 3497 3482
f 3497 3498 3482
f 3482 3498 3499
f 3482 3499 3483
f 3483 3499 3500
f 3483 3500 3484
f 3484 3500 3501
f 3484 3501 3485
f 3485 3501 3502
f 3485 3502 3486
f 3486 3502 3487
f 3502 3503 3487
f 3487 3503 3488
f 3503 3504 3488
f 3488 3504 3489
f 3504 3505 3489
f 3489 3505 3490
f 3505 3506 3490
f 3490 3506 3507
f 3490 3507 3491
f 3491 3507 3508
f 3491 3508 3492
f 3492 3508 3509
f 3492 3509 3493
f 3493 3509 3494
f 3493 3494 3478
f 3494 3510 3495
f 3510 3511 3495
f 3495 3511 3496
f 3511 3512 3496
f 3496 3512 3497
f 3512 3513 3497
f 3497 3513 3498
f 3513 3514 3498
f 3498 3514 3515
f 3498 3515 3499
f 3499 3515 3516
f 3499 3516 3500
f 3500 3516 3517
f 3500 3517 3501
f 3501 3517 3518
f 3501 3518 3502
f 3502 3518 3503
f 3518 3519 3503
f 3503 3519 3504
f 3519 3520 3504
f 3504 3520 3505
f 3520 3521 3505
f 3505 3521 3506
f 3521 3522 3506
f 3506 3522 3523
f 3506 3523 3507
f 3507 3523 3524
f 3507 3524 3508
f 3508 3524 3525
f 3508 3525 3509
f 3509 3525 3510
f 3509 3510 3494
f 3510 3526 3511
f 3526 3527 3511
f 3511 3527 3512
f 3527 3528 3512
f 3512 3528 3513
f 3528 3529 3513
f 3513 3529 3514
f 3529 3530 3514
f 3514 3530 3531
f 3514 3531 3515
f 3515 3531 3532
f 3515 3532 3516
f 3516 3532 3533
f 3516 3533 3517
f 3517 3533 3534
f 3517 3534 3518
f 3518 3534 3519
f 3534 3535 3519
f 3519 3535 3520
f 3535 3536 3520
f 3520 3536 3521
f 3536 3537 3521
f 3521 3537 3522
f 3537 3538 3522
f 3522 3538 3539
f 3522 3539 3523
f 3523 3539 3540
f 3523 3540 3524
f 3524 3540 3541
f 3524 3541 3525
f 3525 3541 3526
f 3525 3526 3510
f 3526 3542 3527
f 3542 3543 3527
f 3527 3543 3528
f 3543 3544 3528
f 3528 3544 3529
f 3544 3545 3529
f 3529 3545 3530
f 3545 3546 3530
f 3530 3546 3547
f 3530 3547 3531
f 3531 3547 3548
f 3531 3548 3532
f 3532 3548 3549
f 3532 3549 3533
f 3533 3549 3550
f 3533 3550 3534
f 3534 3550 3535
f 3550 3551 3535
f 3535 3551 3536
f 3551 3552 3536
f 3536 3552 3537
f 3552 3553 3537
f 3537 3553 3538
f 3553 3554 3538
f 3538 3554 3555
f 3538 3555 3539
f 3539 3555 3556
f 3539 3556 3540
f 3540 3556 3557
f 3540 3557 3541
f 3541 3557 3542
f 3541 3542 3526
f 3542 3558 3543
f 3558 3559 3543
f 3543 3559 3544
f 3559 3560 3544
f 3544 3560 3545
f 3560 3561 3545
f 3545 3561 3546
f 3561 3562 3546
f 3546 3562 3563
f 3546 3563 3547
f 3547 3563 3564
f 3547 3564 3548
f 3548 3564 3565
f 3548 3565 3549
f 3549 3565 3566
f 3549 3566 3550
f 3550 3566 3551
f 3566 3567 3551
f 3551 3567 3552
f 3567 3568 3552
f 3552 3568 3553
f 3568 3569 3553
f 3553 3569 3554
f 3569 3570 3554
f 3554 3570 3571
f 3554 3571 3555
f 3555 3571 3572
f 3555 3572 3556
f 3556 3572 3573
f 3556 3573 3557
f 3557 3573 3558
f 3557 3558 3542
f 3558 3574 3575
f 3558 3575 3559
f 3559 3575 3576
f 3559 3576 3560
f 3560 3576 3577
f 3560 3577 3561
f 3561 3577 3578
f 3561 3578 3562
f 3562 3578 3563
f 3578 3579 3563
f 3563 3579 3564
f 3579 3580 3564
f 3564 3580 3565
f 3580 3581 3565
f 3565 3581 3566
f 3581 3582 3566
f 3566 3582 3583
f 3566 3583 3567
f 3567 3583 3584
f 3567 3584 3568
f 3568 3584 3585
f 3568 3585 3569
f 3569 3585 3586
f 3569 3586 3570
f 3570 3586 3571
f 3586 3587 3571
f 3571 3587 3572
f 3587 3588 3572
f 3572 3588 3573
f 3588 3589 3573
f 3573 3589 3558
f 3589 3574 3558
f 3574 3590 3591
f 3574 3591 3575
f 3575 3591 3592
f 3575 3592 3576
f 3576 3592 3593
f 3576 3593 3577
f 3577 3593 3594
f 3577 3594 3578
f 3578 3594 3579
f 3594 3595 3579
f 3579 3595 3580
f 3595 3596 3580
f 3580 3596 3581
f 3596 3597 3581
f 3581 3597 3582
f 3597 3598 3582
f 3582 3598 3599
f 3582 3599 3583
f 3583 3599 3600
f 3583 3600 3584
f 3584 3600 3601
f 3584 3601 3585
f 3585 3601 3602
f 3585 3602 3586
f 3586 3602 3587
f 3602 3603 3587
f 3587 3603 3588
f 3603 3604 3588
f 3588 3604 3589
f 3604 3605 3589
f 3589 3605 3574
f 3605 3590 3574
f 3590 3606 3607
f 3590 3607 3591
f 3591 3607 3608
f 3591 3608 3592
f 3592 3608 3609
f 3592 3609 3593
f 3593 3609 3610
f 3593 3610 3594
f 3594 3610 3595
f 3610 3611 3595
f 3595 3611 3596
f 3611 3612 3596
f 3596 3612 3597
f 3612 3613 3597
f 3597 3613 3598
f 3613 3614 3598
f 3598 3614 3615
f 3598 3615 3599
f 3599 3615 3616
f 3599 3616 3600
f 3600 3616 3617
f 3600 3617 3601
f 3601 3617 3618
f 3601 3618 3602
f 3602 3618 3603
f 3618 3619 3603
f 3603 3619 3604
f 3619 3620 3604
f 3604 3620 3605
f 3620 3621 3605
f 3605 3621 3590
f 3621 3606 3590
f 3606 3622 3623
f 3606 3623 3607
f 3607 3623 3624
f 3607 3624 3608
f 3608 3624 3625
f 3608 3625 3609
f 3609 3625 3626
f 3609 3626 3610
f 3610 3626 3611
f 3626 3627 3611
f 3611 3627 3612
f 3627 3628 3612
f 3612 3628 3613
f 3628 3629 3613
f 3613 3629 3614
f 3629 3630 3614
f 3614 3630 3631
f 3614 3631 3615
f 3615 3631 3632
f 3615 3632 3616
f 3616 3632 3633
f 3616 3633 3617
f 3617 3633 3634
f 3617 3634 3618
f 3618 3634 3619
f 3634 3635 3619
f 3619 3635 3620
f 3635 3636 3620
f 3620 3636 3621
f 3636 3637 3621
f 3621 3637 3606
f 3637 3622 3606
f 3622 3638 3639
f 3622 3639 3623
f 3623 3639 3640
f 3623 3640 3624
f 3624 3640 3641
f 3624 3641 3625
f 3625 3641 3642
f 3625 3642 3626
f 3626 3642 3627
f 3642 3643 3627
f 3627 3643 3628
f 3643 3644 3628
f 3628 3644 3629
f 3644 3645 3629
f 3629 3645 3630
f 3645 3646 3630
f 3630 3646 3647
f 3630 3647 3631
f 3631 3647 3648
f 3631 3648 3632
f 3632 3648 3649
f 3632 3649 3633
f 3633 3649 3650
f 3633 3650 3634
f 3634 3650 3635
f 3650 3651 3635
f 3635 3651 3636
f 3651 3652 3636
f 3636 3652 3637
f 3652 3653 3637
f 3637 3653 3622
f 3653 3638 3622
f 3638 3654 3655
f 3638 3655 3639
f 3639 3655 3656
f 3639 3656 3640
f 3640 3656 3657
f 3640 3657 3641
f 3641 3657 3658
f 3641 3658 3642
f 3642 3658 3643
f 3658 3659 3643
f 3643 3659 3644
f 3659 3660 3644
f 3644 3660 3645
f 3660 3661 3645
f 3645 3661 3646
f 3661 3662 3646
f 3646 3662 3663
f 3646 3663 3647
f 3647 3663 3664
f 3647 3664 3648
f 3648 3664 3665
f 3648 3665 3649
f 3649 3665 3666
f 3649 3666 3650
f 3650 3666 3651
f 3666 3667 3651
f 3651 3667 3652
f 3667 3668 3652
f 3652 3668 3653
f 3668 3669 3653
f 3653 3669 3638
f 3669 3654 3638
f 3654 3670 3671
f 3654 3671 3655
f 3655 3671 3672
f 3655 3672 3656
f 3656 3672 3673
f 3656 3673 3657
f 3657 3673 3674
f 3657 3674 3658
f 3658 3674 3659
f 3674 3675 3659
f 3659 3675 3660
f 3675 3676 3660
f 3660 3676 3661
f 3676 3677 3661
f 3661 3677 3662
f 3677 3678 3662
f 3662 3678 3679
f 3662 3679 3663
f 3663 3679 3680
f 3663 3680 3664
f 3664 3680 3681
f 3664 3681 3665
f 3665 3681 3682
f 3665 3682 3666
f 3666 3682 3667
f 3682 3683 3667
f 3667 3683 3668
f 3683 3684 3668
f 3668 3684 3669
f 3684 3685 3669
f 3669 3685 3654
f 3685 3670 3654
f 3670 3686 3687
f 3670 3687 3671
f 3671 3687 3688
f 3671 3688 3672
f 3672 3688 3689
f 3672 3689 3673
f 3673 3689 3690
f 3673 3690 3674
f 3674 3690 3675
f 3690 3691 3675
f 3675 3691 3676
f 3691 3692 3676
f 3676 3692 3677
f 3692 3693 3677
f 3677 3693 3678
f 3693 3694 3678
f 3678 3694 3695
f 3678 3695 3679
f 3679 3695 3696
f 3679 3696 3680
f 3680 3696 3697
f 3680 3697 3681
f 3681 3697 3698
f 3681 3698 3682
f 3682 3698 3683
f 3698 3699 3683
f 3683 3699 3684
f 3699 3700 3684
f 3684 3700 3685
f 3700 3701 3685
f 3685 3701 3670
f 3701 3686 3670
f 3686 3702 3703
f 3686 3703 3687
f 3687 3703 3704
f 3687 3704 3688
f 3688 3704 3705
f 3688 3705 3689
f 3689 3705 3706
f 3689 3706 3690
f 3690 3706 3691
f 3706 3707 3691
f 3691 3707 3692
f 3707 3708 3692
f 3692 3708 3693
f 3708 3709 3693
f 3693 3709 3694
f 3709 3710 3694
f 3694 3710 3711
f 3694 3711 3695
f 3695 3711 3712
f 3695 3712 3696
f 3696 3712 3713
f 3696 3713 3697
f 3697 3713 3714
f 3697 3714 3698
f 3698 3714 3699
f 3714 3715 3699
f 3699 3715 3700
f 3715 3716 3700
f 3700 3716 3701
f 3716 3717 3701
f 3701 3717 3686
f 3717 3702 3686
f 3702 3718 3703
f 3703 3718 3704
f 3704 3718 3705
f 3705 3718 3706
f 3706 3718 3707
f 3707 3718 3708
f 3708 3718 3709
f 3709 3718 3710
f 3710 3718 3711
f 3711 3718 3712
f 3712 3718 3713
f 3713 3718 3714
f 3714 3718 3715
f 3715 3718 3716
f 3716 3718 3717
f 3717 3718 3702
f 3719 3720 34
f 3720 3721 34
f 3721 3722 34
f 3722 3723 34
f 34 3723 3724
f 34 3724 3725
f 34 3725 3726
f 34 3726 3727
f 3727 3728 34
f 3728 3729 34
f 3729 3730 34
f 3730 3731 34
f 34 3731 3732
f 34 3732 3733
f 34 3733 3734
f 34 3734 3719
f 3719 3735 3720
f 3735 3736 3720
f 3720 3736 3721
f 3736 3737 3721
f 3721 3737 3722
f 3737 3738 3722
f 3722 3738 3723
f 3738 3739 3723
f 3723 3739 3740
f 3723 3740 3724
f 3724 3740 3741
f 3724 3741 3725
f 3725 3741 3742
f 3725 3742 3726
f 3726 3742 3743
f 3726 3743 3727
f 3727 3743 3728
f 3743 3744 3728
f 3728 3744 3729
f 3744 3745 3729
f 3729 3745 3730
f 3745 3746 3730
f 3730 3746 3731
f 3746 3747 3731
f 3731 3747 3748
f 3731 3748 3732
f 3732 3748 3749
f 3732 3749 3733
f 3733 3749 3750
f 3733 3750 3734
f 3734 3750 3735
f 3734 3735 3719
f 3735 3751 3736
f 3751 3752 3736
f 3736 3752 3737
f 3752 3753 3737
f 3737 3753 3738
f 3753 3754 3738
f 3738 3754 3739
f 3754 3755 3739
f 3739 3755 3756
f 3739 3756 3740
f 3740 3756 3757
f 3740 3757 3741
f 3741 3757 3758
f 3741 3758 3742
f 3742 3758 3759
f 3742 3759 3743
f 3743 3759 3744
f 3759 3760 3744
f 3744 3760 3745
f 3760 3761 3745
f 3745 3761 3746
f 3761 3762 3746
f 3746 3762 3747
f 3762 3763 3747
f 3747 3763 3764
f 3747 3764 3748
f 3748 3764 3765
f 3748 3765 3749
f 3749 3765 3766
f 3749 3766 3750
f 3750 3766 3751
f 3750 3751 3735
f 3751 3767 3752
f 3767 3768 3752
f 3752 3768 3753
f 3768 3769 3753
f 3753 3769 3754
f 3769 3770 3754
f 3754 3770 3755
f 3770 3771 3755
f 3755 3771 3772
f 3755 3772 3756
f 3756 3772 3773
f 3756 3773 3757
f 3757 3773 3774
f 3757 3774 3758
f 3758 3774 3775
f 3758 3775 3759
f 3759 3775 3760
f 3775 3776 3760
f 3760 3776 3761
f 3776 3777 3761
f 3761 3777 3762
f 3777 3778 3762
f 3762 3778 3763
f 3778 3779 3763
f 3763 3779 3780
f 3763 3780 3764
f 3764 3780 3781
f 3764 3781 3765
f 3765 3781 3782
f 3765 3782 3766
f 3766 3782 3767
f 3766 3767 3751
f 3767 3783 3768
f 3783 3784 3768
f 3768 3784 3769
f 3784 3785 3769
f 3769 3785 3770
f 3785 3786 3770
f 3770 3786 3771
f 3786 3787 3771
f 3771 3787 3788
f 3771 3788 3772
f 3772 3788 3789
f 3772 3789 3773
f 3773 3789 3790
f 3773 3790 3774
f 3774 3790 3791
f 3774 3791 3775
f 3775 3791 3776
f 3791 3792 3776
f 3776 3792 3777
f 3792 3793 3777
f 3777 3793 3778
f 3793 3794 3778
f 3778 3794 3779
f 3794 3795 3779
f 3779 3795 3796
f 3779 3796 3780
f 3780 3796 3797
f 3780 3797 3781
f 3781 3797 3798
f 3781 3798 3782
f 3782 3798 3783
f 3782 3783 3767
f 3783 3799 3784
f 3799 3800 3784
f 3784 3800 3785
f 3800 3801 3785
f 3785 3801 3786
f 3801 3802 3786
f 3786 3802 3787
f 3802 3803 3787
f 3787 3803 3804
f 3787 3804 3788
f 3788 3804 3805
f 3788 3805 3789
f 3789 3805 3806
f 3789 3806 3790
f 3790 3806 3807
f 3790 3807 3791
f 3791 3807 3792
f 3807 3808 3792
f 3792 3808 3793
f 3808 3809 3793
f 3793 3809 3794
f 3809 3810 3794
f 3794 3810 3795
f 3810 3811 3795
f 3795 3811 3812
f 3795 3812 3796
f 3796 3812 3813
f 3796 3813 3797
f 3797 3813 3814
f 3797 3814 3798
f 3798 3814 3799
f 3798 3799 3783
f 3799 3815 3800
f 3815 3816 3800
f 3800 3816 3801
f 3816 3817 3801
f 3801 3817 3802
f 3817 3818 3802
f 3802 3818 3803
f 3818 3819 3803
f 3803 3819 3820
f 3803 3820 3804
f 3804 3820 3821
f 3804 3821 3805
f 3805 3821 3822
f 3805 3822 3806
f 3806 3822 3823
f 3806 3823 3807
f 3807 3823 3808
f 3823 3824 3808
f 3808 3824 3809
f 3824 3825 3809
f 3809 3825 3810
f 3825 3826 3810
f 3810 3826 3811
f 3826 3827 3811
f 3811 3827 3828
f 3811 3828 3812
f 3812 3828 3829
f 3812 3829 3813
f 3813 3829 3830
f 3813 3830 3814
f 3814 3830 3815
f 3814 3815 3799
f 3815 3831 3816
f 3831 3832 3816
f 3816 3832 3817
f 3832 3833 3817
f 3817 3833 3818
f 3833 3834 3818
f 3818 3834 3819
f 3834 3835 3819
f 3819 3835 3836
f 3819 3836 3820
f 3820 3836 3837
f 3820 3837 3821
f 3821 3837 3838
f 3821 3838 3822
f 3822 3838 3839
f 3822 3839 3823
f 3823 3839 3824
f 3839 3840 3824
f 3824 3840 3825
f 3840 3841 3825
f 3825 3841 3826
f 3841 3842 3826
f 3826 3842 3827
f 3842 3843 3827
f 3827 3843 3844
f 3827 3844 3828
f 3828 3844 3845
f 3828 3845 3829
f 3829 3845 3846
f 3829 3846 3830
f 3830 3846 3831
f 3830 3831 3815
f 3831 3847 3832
f 3847 3848 3832
f 3832 3848 3833
f 3848 3849 3833
f 3833 3849 3834
f 3849 3850 3834
f 3834 3850 3835
f 3850 3851 3835
f 3835 3851 3852
f 3835 3852 3836
f 3836 3852 3853
f 3836 3853 3837
f 3837 3853 3854
f 3837 3854 3838
f 3838 3854 3855
f 3838 3855 3839
f 3839 3855 3840
f 3855 3856 3840
f 3840 3856 3841
f 3856 3857 3841
f 3841 3857 3842
f 3857 3858 3842
f 3842 3858 3843
f 3858 3859 3843
f 3843 3859 3860
f 3843 3860 3844
f 3844 3860 3861
f 3844 3861 3845
f 3845 3861 3862
f 3845 3862 3846
f 3846 3862 3847
f 3846 3847 3831
f 3847 3863 3848
f 3863 3864 3848
f 3848 3864 3849
f 3864 3865 3849
f 3849 3865 3850
f 3865 3866 3850
f 3850 3866 3851
f 3866 3867 3851
f 3851 3867 3868
f 3851 3868 3852
f 3852 3868 3869
f 3852 3869 3853
f 3853 3869 3870
f 3853 3870 3854
f 3854 3870 3871
f 3854 3871 3855
f 3855 3871 3856
f 3871 3872 3856
f 3856 3872 3857
f 3872 3873 3857
f 3857 3873 3858
f 3873 3874 3858
f 3858 3874 3859
f 3874 3875 3859
f 3859 3875 3876
f 3859 3876 3860
f 3860 3876 3877
f 3860 3877 3861
f 3861 3877 3878
f 3861 3878 3862
f 3862 3878 3863
f 3862 3863 3847
f 3863 3879 3880
f 3863 3880 3864
f 3864 3880 3881
f 3864 3881 3865
f 3865 3881 3882
f 3865 3882 3866
f 3866 3882 3883
f 3866 3883 3867
f 3867 3883 3868
f 3883 3884 3868
f 3868 3884 3869
f 3884 3885 3869
f 3869 3885 3870
f 3885 3886 3870
f 3870 3886 3871
f 3886 3887 3871
f 3871 3887 3888
f 3871 3888 3872
f 3872 3888 3889
f 3872 3889 3873
f 3873 3889 3890
f 3873 3890 3874
f 3874 3890 3891
f 3874 3891 3875
f 3875 3891 3876
f 3891 3892 3876
f 3876 3892 3877
f 3892 3893 3877
f 3877 3893 3878
f 3893 3894 3878
f 3878 3894 3863
f 3894 3879 3863
f 3879 3895 3896
f 3879 3896 3880
f 3880 3896 3897
f 3880 3897 3881
f 3881 3897 3898
f 3881 3898 3882
f 3882 3898 3899
f 3882 3899 3883
f 3883 3899 3884
f 3899 3900 3884
f 3884 3900 3885
f 3900 3901 3885
f 3885 3901 3886
f 3901 3902 3886
f 3886 3902 3887
f 3902 3903 3887
f 3887 3903 3904
f 3887 3904 3888
f 3888 3904 3905
f 3888 3905 3889
f 3889 3905 3906
f 3889 3906 3890
f 3890 3906 3907
f 3890 3907 3891
f 3891 3907 3892
f 3907 3908 3892
f 3892 3908 3893
f 3908 3909 3893
f 3893 3909 3894
f 3909 3910 3894
f 3894 3910 3879
f 3910 3895 3879
f 3895 3911 3912
f 3895 3912 3896
f 3896 3912 3913
f 3896 3913 3897
f 3897 3913 3914
f 3897 3914 3898
f 3898 3914 3915
f 3898 3915 3899
f 3899 3915 3900
f 3915 3916 3900
f 3900 3916 3901
f 3916 3917 3901
f 3901 3917 3902
f 3917 3918 3902
f 3902 3918 3903
f 3918 3919 3903
f 3903 3919 3920
f 3903 3920 3904
f 3904 3920 3921
f 3904 3921 3905
f 3905 3921 3922
f 3905 3922 3906
f 3906 3922 3923
f 3906 3923 3907
f 3907 3923 3908
f 3923 3924 3908
f 3908 3924 3909
f 3924 3925 3909
f 3909 3925 3910
f 3925 3926 3910
f 3910 3926 3895
f 3926 3911 3895
f 3911 3927 3928
f 3911 3928 3912
f 3912 3928 3929
f 3912 3929 3913
f 3913 3929 3930
f 3913 3930 3914
f 3914 3930 3931
f 3914 3931 3915
f 3915 3931 3916
f 3931 3932 3916
f 3916 3932 3917
f 3932 3933 3917
f 3917 3933 3918
f 3933 3934 3918
f 3918 3934 3919
f 3934 3935 3919
f 3919 3935 3936
f 3919 3936 3920
f 3920 3936 3937
f 3920 3937 3921
f 3921 3937 3938
f 3921 3938 3922
f 3922 3938 3939
f 3922 3939 3923
f 3923 3939 3924
f 3939 3940 3924
f 3924 3940 3925
f 3940 3941 3925
f 3925 3941 3926
f 3941 3942 3926
f 3926 3942 3911
f 3942 3927 3911
f 3927 3943 3944
f 3927 3944 3928
f 3928 3944 3945
f 3928 3945 3929
f 3929 3945 3946
f 3929 3946 3930
f 3930 3946 3947
f 3930 3947 3931
f 3931 3947 3932
f 3947 3948 3932
f 3932 3948 3933
f 3948 3949 3933
f 3933 3949 3934
f 3949 3950 3934
f 3934 3950 3935
f 3950 3951 3935
f 3935 3951 3952
f 3935 3952 3936
f 3936 3952 3953
f 3936 3953 3937
f 3937 3953 3954
f 3937 3954 3938
f 3938 3954 3955
f 3938 3955 3939
f 3939 3955 3940
f 3955 3956 3940
f 3940 3956 3941
f 3956 3957 3941
f 3941 3957 3942
f 3957 3958 3942
f 3942 3958 3927
f 3958 3943 3927
f 3943 3959 3960
f 3943 3960 3944
f 3944 3960 3961
f 3944 3961 3945
f 3945 3961 3962
f 3945 3962 3946
f 3946 3962 3963
f 3946 3963 3947
f 3947 3963 3948
f 3963 3964 3948
f 3948 3964 3949
f 3964 3965 3949
f 3949 3965 3950
f 3965 3966 3950
f 3950 3966 3951
f 3966 3967 3951
f 3951 3967 3968
f 3951 3968 3952
f 3952 3968 3969
f 3952 3969 3953
f 3953 3969 3970
f 3953 3970 3954
f 3954 3970 3971
f 3954 3971 3955
f 3955 3971 3956
f 3971 3972 3956
f 3956 3972 3957
f 3972 3973 3957
f 3957 3973 3958
f 3973 3974 3958
f 3958 3974 3943
f 3974 3959 3943
f 3959 3975 3976
f 3959 3976 3960
f 3960 3976 3977
f 3960 3977 3961
f 3961 3977 3978
f 3961 3978 3962
f 3962 3978 3979
f 3962 3979 3963
f 3963 3979 3964
f 3979 3980 3964
f 3964 3980 3965
f 3980 3981 3965
f 3965 3981 3966
f 3981 3982 3966
f 3966 3982 3967
f 3982 3983 3967
f 3967 3983 3984
f 3967 3984 3968
f 3968 3984 3985
f 3968 3985 3969
f 3969 3985 3986
f 3969 3986 3970
f 3970 3986 3987
f 3970 3987 3971
f 3971 3987 3972
f 3987 3988 3972
f 3972 3988 3973
f 3988 3989 3973
f 3973 3989 3974
f 3989 3990 3974
f 3974 3990 3959
f 3990 3975 3959
f 3975 3991 3992
f 3975 3992 3976
f 3976 3992 3993
f 3976 3993 3977
f 3977 3993 3994
f 3977 3994 3978
f 3978 3994 3995
f 3978 3995 3979
f 3979 3995 3980
f 3995 3996 3980
f 3980 3996 3981
f 3996 3997 3981
f 3981 3997 3982
f 3997 3998 3982
f 3982 3998 3983
f 3998 3999 3983
f 3983 3999 4000
f 3983 4000 3984
f 3984 4000 4001
f 3984 4001 3985
f 3985 4001 4002
f 3985 4002 3986
f 3986 4002 4003
f 3986 4003 3987
f 3987 4003 3988
f 4003 4004 3988
f 3988 4004 3989
f 4004 4005 3989
f 3989 4005 3990
f 4005 4006 3990
f 3990 4006 3975
f 4006 3991 3975
f 3991 4007 4008
f 3991 4008 3992
f 3992 4008 4009
f 3992 4009 3993
f 3993 4009 4010
f 3993 4010 3994
f 3994 4010 4011
f 3994 4011 3995
f 3995 4011 3996
f 4011 4012 3996
f 3996 4012 3997
f 4012 4013 3997
f 3997 4013 3998
f 4013 4014 3998
f 3998 4014 3999
f 4014 4015 3999
f 3999 4015 4016
f 3999 4016 4000
f 4000 4016 4017
f 4000 4017 4001
f 4001 4017 4018
f 4001 4018 4002
f 4002 4018 4019
f 4002 4019 4003
f 4003 4019 4004
f 4019 4020 4004
f 4004 4020 4005
f 4020 4021 4005
f 4005 4021 4006
f 4021 4022 4006
f 4006 4022 3991
f 4022 4007 3991
f 4007 3718 4008
f 4008 3718 4009
f 4009 3718 4010
f 4010 3718 4011
f 4011 3718 4012
f 4012 3718 4013
f 4013 3718 4014
f 4014 3718 4015
f 4015 3718 4016
f 4016 3718 4017
f 4017 3718 4018
f 4018 3718 4019
f 4019 3718 4020
f 4020 3718 4021
f 4021 3718 4022
f 4022 3718 4007
f 3719 3720 34
f 3720 3721 34
f 3721 3722 34
f 3722 3723 34
f 34 3723 3724
f 34 3724 3725
f 34 3725 3726
f 34 3726 3727
f 3727 3728 34
f 3728 3729 34
f 3729 3730 34
f 3730 3731 34
f 34 3731 3732
f 34 3732 3733
f 34 3733 3734
f 34 3734 3719
f 3719 3735 3720
f 3735 3736 3720
f 3720 3736 3721
f 3736 3737 3721
f 3721 3737 3722
f 3737 3738 3722
f 3722 3738 3723
f 3738 3739 3723
f 3723 3739 3740
f 3723 3740 3724
f 3724 3740 3741
f 3724 3741 3725
f 3725 3741 3742
f 3725 3742 3726
f 3726 3742 3743
f 3726 3743 3727
f 3727 3743 3728
f 3743 3744 3728
f 3728 3744 3729
f 3744 3745 3729
f 3729 3745 3730
f 3745 3746 3730
f 3730 3746 3731
f 3746 3747 3731
f 3731 3747 3748
f 3731 3748 3732
f 3732 3748 3749
f 3732 3749 3733
f 3733 3749 3750
f 3733 3750 3734
f 3734 3750 3735
f 3734 3735 3719
f 3735 3751 3736
f 3751 3752 3736
f 3736 3752 3737
f 3752 3753 3737
f 3737 3753 3738
f 3753 3754 3738
f 3738 3754 3739
f 3754 3755 3739
f 3739 3755 3756
f 3739 3756 3740
f 3740 3756 3757
f 3740 3757 3741
f 3741 3757 3758
f 3741 3758 3742
f 3742 3758 3759
f 3742 3759 3743
f 3743 3759 3744
f 3759 3760 3744
f 3744 3760 3745
f 3760 3761 3745
f 3745 3761 3746
f 3761 3762 3746
f 3746 3762 3747
f 3762 3763 3747
f 3747 3763 3764
f 3747 3764 3748
f 3748 3764 3765
f 3748 3765 3749
f 3749 3765 3766
f 3749 3766 3750
f 3750 3766 3751
f 3750 3751 3735
f 3751 3767 3752
f 3767 3768 3752
f 3752 3768 3753
f 3768 3769 3753
f 3753 3769 3754
f 3769 3770 3754
f 3754 3770 3755
f 3770 3771 3755
f 3755 3771 3772
f 3755 3772 3756
f 3756 3772 3773
f 3756 3773 3757
f 3757 3773 3774
f 3757 3774 3758
f 3758 3774 3775
f 3758 3775 3759
f 3759 3775 3760
f 3775 3776 3760
f 3760 3776 3761
f 3776 3777 3761
f 3761 3777 3762
f 3777 3778 3762
f 3762 3778 3763
f 3778 3779 3763
f 3763 3779 3780
f 3763 3780 3764
f 3764 3780 3781
f 3764 3781 3765
f 3765 3781 3782
f 3765 3782 3766
f 3766 3782 3767
f 3766 3767 3751
f 3767 3783 3768
f 3783 3784 3768
f 3768 3784 3769
f 3784 3785 3769
f 3769 3785 3770
f 3785 3786 3770
f 3770 3786 3771
f 3786 3787 3771
f 3771 3787 3788
f 3771 3788 3772
f 3772 3788 3789
f 3772 3789 3773
f 3773 3789 3790
f 3773 3790 3774
f 3774 3790 3791
f 3774 3791 3775
f 3775 3791 3776
f 3791 3792 3776
f 3776 3792 3777
f 3792 3793 3777
f 3777 3793 3778
f 3793 3794 3778
f 3778 3794 3779
f 3794 3795 3779
f 3779 3795 3796
f 3779 3796 3780
f 3780 3796 3797
f 3780 3797 3781
f 3781 3797 3798
f 3781 3798 3782
f 3782 3798 3783
f 3782 3783 3767
f 3783 3799 3784
f 3799 3800 3784
f 3784 3800 3785
f 3800 3801 3785
f 3785 3801 3786
f 3801 3802 3786
f 3786 3802 3787
f 3802 3803 3787
f 3787 3803 3804
f 3787 3804 3788
f 3788 3804 3805
f 3788 3805 3789
f 3789 3805 3806
f 3789 3806 3790
f 3790 3806 3807
f 3790 3807 3791
f 3791 3807 3792
f 3807 3808 3792
f 3792 3808 3793
f 3808 3809 3793
f 3793 3809 3794
f 3809 3810 3794
f 3794 3810 3795
f 3810 3811 3795
f 3795 3811 3812
f 3795 3812 3796
f 3796 3812 3813
f 3796 3813 3797
f 3797 3813 3814
f 3797 3814 3798
f 3798 3814 3799
f 3798 3799 3783
f 3799 3815 3800
f 3815 3816 3800
f 3800 3816 3801
f 3816 3817 3801
f 3801 3817 3802
f 3817 3818 3802
f 3802 3818 3803
f 3818 3819 3803
f 3803 3819 3820
f 3803 3820 3804
f 3804 3820 3821
f 3804 3821 3805
f 3805 3821 3822
f 3805 3822 3806
f 3806 3822 3823
f 3806 3823 3807
f 3807 3823 3808
f 3823 3824 3808
f 3808 3824 3809
f 3824 3825 3809
f 3809 3825 3810
f 3825 3826 3810
f 3810 3826 3811
f 3826 3827 3811
f 3811 3827 3828
f 3811 3828 3812
f 3812 3828 3829
f 3812 3829 3813
f 3813 3829 3830
f 3813 3830 3814
f 3814 3830 3815
f 3814 3815 3799
f 3815 3831 3816
f 3831 3832 3816
f 3816 3832 3817
f 3832 3833 3817
f 3817 3833 3818
f 3833 3834 3818
f 3818 3834 3819
f 3834 3835 3819
f 3819 3835 3836
f 3819 3836 3820
f 3820 3836 3837
f 3820 3837 3821
f 3821 3837 3838
f 3821 3838 3822
f 3822 3838 3839
f 3822 3839 3823
f 3823 3839 3824
f 3839 3840 3824
f 3824 3840 3825
f 3840 3841 3825
f 3825 3841 3826
f 3841 3842 3826
f 3826 3842 3827
f 3842 3843 3827
f 3827 3843 3844
f 3827 3844 3828
f 3828 3844 3845
f 3828 3845 3829
f 3829 3845 3846
f 3829 3846 3830
f 3830 3846 3831
f 3830 3831 3815
f 3831 3847 3832
f 3847 3848 3832
f 3832 3848 3833
f 3848 3849 3833
f 3833 3849 3834
f 3849 3850 3834
f 3834 3850 3835
f 3850 3851 3835
f 3835 3851 3852
f 3835 3852 3836
f 3836 3852 3853
f 3836 3853 3837
f 3837 3853 3854
f 3837 3854 3838
f 3838 3854 3855
f 3838 3855 3839
f 3839 3855 3840
f 3855 3856 3840
f 3840 3856 3841
f 3856 3857 3841
f 3841 3857 3842
f 3857 3858 3842
f 3842 3858 3843
f 3858 3859 3843
f 3843 3859 3860
f 3843 3860 3844
f 3844 3860 3861
f 3844 3861 3845
f 3845 3861 3862
f 3845 3862 3846
f 3846 3862 3847
f 3846 3847 3831
f 3847 3863 3848
f 3863 3864 3848
f 3848 3864 3849
f 3864 3865 3849
f 3849 3865 3850
f 3865 3866 3850
f 3850 3866 3851
f 3866 3867 3851
f 3851 3867 3868
f 3851 3868 3852
f 3852 3868 3869
f 3852 3869 3853
f 3853 3869 3870
f 3853 3870 3854
f 3854 3870 3871
f 3854 3871 3855
f 3855 3871 3856
f 3871 3872 3856
f 3856 3872 3857
f 3872 3873 3857
f 3857 3873 3858
f 3873 3874 3858
f 3858 3874 3859
f 3874 3875 3859
f 3859 3875 3876
f 3859 3876 3860
f 3860 3876 3877
f 3860 3877 3861
f 3861 3877 3878
f 3861 3878 3862
f 3862 3878 3863
f 3862 3863 3847
f 3863 3879 3880
f 3863 3880 3864
f 3864 3880 3881
f 3864 3881 3865
f 3865 3881 3882
f 3865 3882 3866
f 3866 3882 3883
f 3866 3883 3867
f 3867 3883 3868
f 3883 3884 3868
f 3868 3884 3869
f 3884 3885 3869
f 3869 3885 3870
f 3885 3886 3870
f 3870 3886 3871
f 3886 3887 3871
f 3871 3887 3888
f 3871 3888 3872
f 3872 3888 3889
f 3872 3889 3873
f 3873 3889 3890
f 3873 3890 3874
f 3874 3890 3891
f 3874 3891 3875
f 3875 3891 3876
f 3891 3892 3876
f 3876 3892 3877
f 3892 3893 3877
f 3877 3893 3878
f 3893 3894 3878
f 3878 3894 3863
f 3894 3879 3863
f 3879 3895 3896
f 3879 3896 3880
f 3880 3896 3897
f 3880 3897 3881
f 3881 3897 3898
f 3881 3898 3882
f 3882 3898 3899
f 3882 3899 3883
f 3883 3899 3884
f 3899 3900 3884
f 3884 3900 3885
f 3900 3901 3885
f 3885 3901 3886
f 3901 3902 3886
f 3886 3902 3887
f 3902 3903 3887
f 3887 3903 3904
f 3887 3904 3888
f 3888 3904 3905
f 3888 3905 3889
f 3889 3905 3906
f 3889 3906 3890
f 3890 3906 3907
f 3890 3907 3891
f 3891 3907 3892
f 3907 3908 3892
f 3892 3908 3893
f 3908 3909 3893
f 3893 3909 3894
f 3909 3910 3894
f 3894 3910 3879
f 3910 3895 3879
f 3895 3911 3912
f 3895 3912 3896
f 3896 3912 3913
f 3896 3913 3897
f 3897 3913 3914
f 3897 3914 3898
f 3898 3914 3915
f 3898 3915 3899
f 3899 3915 3900
f 3915 3916 3900
f 3900 3916 3901
f 3916 3917 3901
f 3901 3917 3902
f 3917 3918 3902
f 3902 3918 3903
f 3918 3919 3903
f 3903 3919 3920
f 3903 3920 3904
f 3904 3920 3921
f 3904 3921 3905
f 3905 3921 3922
f 3905 3922 3906
f 3906 3922 3923
f 3906 3923 3907
f 3907 3923 3908
f 3923 3924 3908
f 3908 3924 3909
f 3924 3925 3909
f 3909 3925 3910
f 3925 3926 3910
f 3910 3926 3895
f 3926 3911 3895
f 3911 3927 3928
f 3911 3928 3912
f 3912 3928 3929
f 3912 3929 3913
f 3913 3929 3930
f 3913 3930 3914
f 3914 3930 3931
f 3914 3931 3915
f 3915 3931 3916
f 3931 3932 3916
f 3916 3932 3917
f 3932 3933 3917
f 3917 3933 3918
f 3933 3934 3918
f 3918 3934 3919
f 3934 3935 3919
f 3919 3935 3936
f 3919 3936 3920
f 3920 3936 3937
f 3920 3937 3921
f 3921 3937 3938
f 3921 3938 3922
f 3922 3938 3939
f 3922 3939 3923
f 3923 3939 3924
f 3939 3940 3924
f 3924 3940 3925
f 3940 3941 3925
f 3925 3941 3926
f 3941 3942 3926
f 3926 3942 3911
f 3942 3927 3911
f 3927 3943 3944
f 3927 3944 3928
f 3928 3944 3945
f 3928 3945 3929
f 3929 3945 3946
f 3929 3946 3930
f 3930 3946 3947
f 3930 3947 3931
f 3931 3947 3932
f 3947 3948 3932
f 3932 3948 3933
f 3948 3949 3933
f 3933 3949 3934
f 3949 3950 3934
f 3934 3950 3935
f 3950 3951 3935
f 3935 3951 3952
f 3935 3952 3936
f 3936 3952 3953
f 3936 3953 3937
f 3937 3953 3954
f 3937 3954 3938
f 3938 3954 3955
f 3938 3955 3939
f 3939 3955 3940
f 3955 3956 3940
f 3940 3956 3941
f 3956 3957 3941
f 3941 3957 3942
f 3957 3958 3942
f 3942 3958 3927
f 3958 3943 3927
f 3943 3959 3960
f 3943 3960 3944
f 3944 3960 3961
f 3944 3961 3945
f 3945 3961 3962
f 3945 3962 3946
f 3946 3962 3963
f 3946 3963 3947
f 3947 3963 3948
f 3963 3964 3948
f 3948 3964 3949
f 3964 3965 3949
f 3949 3965 3950
f 3965 3966 3950
f 3950 3966 3951
f 3966 3967 3951
f 3951 3967 3968
f 3951 3968 3952
f 3952 3968 3969
f 3952 3969 3953
f 3953 3969 3970
f 3953 3970 3954
f 3954 3970 3971
f 3954 3971 3955
f 3955 3971 3956
f 3971 3972 3956
f 3956 3972 3957
f 3972 3973 3957
f 3957 3973 3958
f 3973 3974 3958
f 3958 3974 3943
f 3974 3959 3943
f 3959 3975 3976
f 3959 3976 3960
f 3960 3976 3977
f 3960 3977 3961
f 3961 3977 3978
f 3961 3978 3962
f 3962 3978 3979
f 3962 3979 3963
f 3963 3979 3964
f 3979 3980 3964
f 3964 3980 3965
f 3980 3981 3965
f 3965 3981 3966
f 3981 3982 3966
f 3966 3982 3967
f 3982 3983 3967
f 3967 3983 3984
f 3967 3984 3968
f 3968 3984 3985
f 3968 3985 3969
f 3969 3985 3986
f 3969 3986 3970
f 3970 3986 3987
f 3970 3987 3971
f 3971 3987 3972
f 3987 3988 3972
f 3972 3988 3973
f 3988 3989 3973
f 3973 3989 3974
f 3989 3990 3974
f 3974 3990 3959
f 3990 3975 3959
f 3975 3991 3992
f 3975 3992 3976
f 3976 3992 3993
f 3976 3993 3977
f 3977 3993 3994
f 3977 3994 3978
f 3978 3994 3995
f 3978 3995 3979
f 3979 3995 3980
f 3995 3996 3980
f 3980 3996 3981
f 3996 3997 3981
f 3981 3997 3982
f 3997 3998 3982
f 3982 3998 3983
f 3998 3999 3983
f 3983 3999 4000
f 3983 4000 3984
f 3984 4000 4001
f 3984 4001 3985
f 3985 4001 4002
f 3985 4002 3986
f 3986 4002 4003
f 3986 4003 3987
f 3987 4003 3988
f 4003 4004 3988
f 3988 4004 3989
f 4004 4005 3989
f 3989 4005 3990
f 4005 4006 3990
f 3990 4006 3975
f 4006 3991 3975
f 3991 4007 4008
f 3991 4008 3992
f 3992 4008 4009
f 3992 4009 3993
f 3993 4009 4010
f 3993 4010 3994
f 3994 4010 4011
f 3994 4011 3995
f 3995 4011 3996
f 4011 4012 3996
f 3996 4012 3997
f 4012 4013 3997
f 3997 4013 3998
f 4013 4014 3998
f 3998 4014 3999
f 4014 4015 3999
f 3999 4015 4016
f 3999 4016 4000
f 4000 4016 4017
f 4000 4017 4001
f 4001 4017 4018
f 4001 4018 4002
f 4002 4018 4019
f 4002 4019 4003
f 4003 4019 4004
f 4019 4020 4004
f 4004 4020 4005
f 4020 4021 4005
f 4005 4021 4006
f 4021 4022 4006
f 4006 4022 3991
f 4022 4007 3991
f 4007 3718 4008
f 4008 3718 4009
f 4009 3718 4010
f 4010 3718 4011
f 4011 3718 4012
f 4012 3718 4013
f 4013 3718 4014
f 4014 3718 4015
f 4015 3718 4016
f 4016 3718 4017
f 4017 3718 4018
f 4018 3718 4019
f 4019 3718 4020
f 4020 3718 4021
f 4021 3718 4022
f 4022 3718 4007
g MeshGeom
f 4023 4024 4025
f 4025 4024 4026
f 4024 4027 4026
f 4026 4027 4028
f 4027 4029 4028
f 4028 4029 4030
f 4029 4031 4030
f 4030 4031 4032
f 4031 4033 4032
f 4032 4033 4034
f 4033 4035 4034
f 4034 4035 4036
f 4035 4037 4036
f 4036 4037 4038
f 4037 4039 4038
f 4038 4039 4040
f 4039 4041 4040
f 4039 4042 4041
f 4042 4043 4041
f 4042 4044 4043
f 4044 4045 4043
f 4044 4046 4045
f 4046 4047 4045
f 4046 4048 4047
f 4048 4049 4047
f 4048 4050 4049
f 4050 4051 4049
f 4050 4052 4051
f 4052 4053 4051
f 4052 4054 4053
f 4054 4055 4053
f 4054 4056 4055
f 4056 4057 4055
f 4055 4057 4058
f 4057 4059 4058
f 4058 4059 4060
f 4059 4061 4060
f 4060 4061 4062
f 4061 4063 4062
f 4062 4063 4064
f 4063 4065 4064
f 4064 4065 4066
f 4065 4067 4066
f 4066 4067 4068
f 4067 4069 4068
f 4068 4069 4070
f 4069 4071 4070
f 4070 4071 4072
f 4071 4073 4072
f 4071 4074 4073
f 4074 4075 4073
f 4074 4076 4075
f 4076 4077 4075
f 4076 4078 4077
f 4078 4079 4077
f 4078 4080 4079
f 4080 4081 4079
f 4080 4082 4081
f 4082 4083 4081
f 4082 4084 4083
f 4084 4085 4083
f 4084 4086 4085
f 4086 4025 4085
f 4086 4023 4025
f 4025 4026 4087
f 4087 4026 4088
f 4026 4028 4088
f 4088 4028 4089
f 4028 4030 4089
f 4089 4030 4090
f 4030 4032 4090
f 4090 4032 4091
f 4032 4034 4091
f 4091 4034 4092
f 4034 4036 4092
f 4092 4036 4093
f 4036 4038 4093
f 4093 4038 4094
f 4038 4040 4094
f 4094 4040 4095
f 4040 4096 4095
f 4040 4041 4096
f 4041 4097 4096
f 4041 4043 4097
f 4043 4098 4097
f 4043 4045 4098
f 4045 4099 4098
f 4045 4047 4099
f 4047 4100 4099
f 4047 4049 4100
f 4049 4101 4100
f 4049 4051 4101
f 4051 4102 4101
f 4051 4053 4102
f 4053 4103 4102
f 4053 4055 4103
f 4055 4058 4103
f 4103 4058 4104
f 4058 4060 4104
f 4104 4060 4105
f 4060 4062 4105
f 4105 4062 4106
f 4062 4064 4106
f 4106 4064 4107
f 4064 4066 4107
f 4107 4066 4108
f 4066 4068 4108
f 4108 4068 4109
f 4068 4070 4109
f 4109 4070 4110
f 4070 4072 4110
f 4110 4072 4111
f 4072 4112 4111
f 4072 4073 4112
f 4073 4113 4112
f 4073 4075 4113
f 4075 4114 4113
f 4075 4077 4114
f 4077 4115 4114
f 4077 4079 4115
f 4079 4116 4115
f 4079 4081 4116
f 4081 4117 4116
f 4081 4083 4117
f 4083 4118 4117
f 4083 4085 4118
f 4085 4087 4118
f 4085 4025 4087
f 4087 4088 4119
f 4119 4088 4120
f 4088 4089 4120
f 4120 4089 4121
f 4089 4090 4121
f 4121 4090 4122
f 4090 4091 4122
f 4122 4091 4123
f 4091 4092 4123
f 4123 4092 4124
f 4092 4093 4124
f 4124 4093 4125
f 4093 4094 4125
f 4125 4094 4126
f 4094 4095 4126
f 4126 4095 4127
f 4095 4128 4127
f 4095 4096 4128
f 4096 4129 4128
f 4096 4097 4129
f 4097 4130 4129
f 4097 4098 4130
f 4098 4131 4130
f 4098 4099 4131
f 4099 4132 4131
f 4099 4100 4132
f 4100 4133 4132
f 4100 4101 4133
f 4101 4134 4133
f 4101 4102 4134
f 4102 4135 4134
f 4102 4103 4135
f 4103 4104 4135
f 4135 4104 4136
f 4104 4105 4136
f 4136 4105 4137
f 4105 4106 4137
f 4137 4106 4138
f 4106 4107 4138
f 4138 4107 4139
f 4107 4108 4139
f 4139 4108 4140
f 4108 4109 4140
f 4140 4109 4141
f 4109 4110 4141
f 4141 4110 4142
f 4110 4111 4142
f 4142 4111 4143
f 4111 4144 4143
f 4111 4112 4144
f 4112 4145 4144
f 4112 4113 4145
f 4113 4146 4145
f 4113 4114 4146
f 4114 4147 4146
f 4114 4115 4147
f 4115 4148 4147
f 4115 4116 4148
f 4116 4149 4148
f 4116 4117 4149
f 4117 4150 4149
f 4117 4118 4150
f 4118 4119 4150
f 4118 4087 4119
f 4119 4120 4151
f 4151 4120 4152
f 4120 4121 4152
f 4152 4121 4153
f 4121 4122 4153
f 4153 4122 4154
f 4122 4123 4154
f 4154 4123 4155
f 4123 4124 4155
f 4155 4124 4156
f 4124 4125 4156
f 4156 4125 4157
f 4125 4126 4157
f 4157 4126 4158
f 4126 4127 4158
f 4158 4127 4159
f 4127 4160 4159
f 4127 4128 4160
f 4128 4161 4160
f 4128 4129 4161
f 4129 4162 4161
f 4129 4130 4162
f 4130 4163 4162
f 4130 4131 4163
f 4131 4164 4163
f 4131 4132 4164
f 4132 4165 4164
f 4132 4133 4165
f 4133 4166 4165
f 4133 4134 4166
f 4134 4167 4166
f 4134 4135 4167
f 4135 4136 4167
f 4167 4136 4168
f 4136 4137 4168
f 4168 4137 4169
f 4137 4138 4169
f 4169 4138 4170
f 4138 4139 4170
f 4170 4139 4171
f 4139 4140 4171
f 4171 4140 4172
f 4140 4141 4172
f 4172 4141 4173
f 4141 4142 4173
f 4173 4142 4174
f 4142 4143 4174
f 4174 4143 4175
f 4143 4176 4175
f 4143 4144 4176
f 4144 4177 4176
f 4144 4145 4177
f 4145 4178 4177
f 4145 4146 4178
f 4146 4179 4178
f 4146 4147 4179
f 4147 4180 4179
f 4147 4148 4180
f 4148 4181 4180
f 4148 4149 4181
f 4149 4182 4181
f 4149 4150 4182
f 4150 4151 4182
f 4150 4119 4151
f 4151 4152 4183
f 4183 4152 4184
f 4152 4153 4184
f 4184 4153 4185
f 4153 4154 4185
f 4185 4154 4186
f 4154 4155 4186
f 4186 4155 4187
f 4155 4156 4187
f 4187 4156 4188
f 4156 4157 4188
f 4188 4157 4189
f 4157 4158 4189
f 4189 4158 4190
f 4158 4159 4190
f 4190 4159 4191
f 4159 4192 4191
f 4159 4160 4192
f 4160 4193 4192
f 4160 4161 4193
f 4161 4194 4193
f 4161 4162 4194
f 4162 4195 4194
f 4162 4163 4195
f 4163 4196 4195
f 4163 4164 4196
f 4164 4197 4196
f 4164 4165 4197
f 4165 4198 4197
f 4165 4166 4198
f 4166 4199 4198
f 4166 4167 4199
f 4167 4168 4199
f 4199 4168 4200
f 4168 4169 4200
f 4200 4169 4201
f 4169 4170 4201
f 4201 4170 4202
f 4170 4171 4202
f 4202 4171 4203
f 4171 4172 4203
f 4203 4172 4204
f 4172 4173 4204
f 4204 4173 4205
f 4173 4174 4205
f 4205 4174 4206
f 4174 4175 4206
f 4206 4175 4207
f 4175 4208 4207
f 4175 4176 4208
f 4176 4209 4208
f 4176 4177 4209
f 4177 4210 4209
f 4177 4178 4210
f 4178 4211 4210
f 4178 4179 4211
f 4179 4212 4211
f 4179 4180 4212
f 4180 4213 4212
f 4180 4181 4213
f 4181 4214 4213
f 4181 4182 4214
f 4182 4183 4214
f 4182 4151 4183
f 4183 4184 4215
f 4215 4184 4216
f 4184 4185 4216
f 4216 4185 4217
f 4185 4186 4217
f 4217 4186 4218
f 4186 4187 4218
f 4218 4187 4219
f 4187 4188 4219
f 4219 4188 4220
f 4188 4189 4220
f 4220 4189 4221
f 4189 4190 4221
f 4221 4190 4222
f 4190 4191 4222
f 4222 4191 4223
f 4191 4224 4223
f 4191 4192 4224
f 4192 4225 4224
f 4192 4193 4225
f 4193 4226 4225
f 4193 4194 4226
f 4194 4227 4226
f 4194 4195 4227
f 4195 4228 4227
f 4195 4196 4228
f 4196 4229 4228
f 4196 4197 4229
f 4197 4230 4229
f 4197 4198 4230
f 4198 4231 4230
f 4198 4199 4231
f 4199 4200 4231
f 4231 4200 4232
f 4200 4201 4232
f 4232 4201 4233
f 4201 4202 4233
f 4233 4202 4234
f 4202 4203 4234
f 4234 4203 4235
f 4203 4204 4235
f 4235 4204 4236
f 4204 4205 4236
f 4236 4205 4237
f 4205 4206 4237
f 4237 4206 4238
f 4206 4207 4238
f 4238 4207 4239
f 4207 4240 4239
f 4207 4208 4240
f 4208 4241 4240
f 4208 4209 4241
f 4209 4242 4241
f 4209 4210 4242
f 4210 4243 4242
f 4210 4211 4243
f 4211 4244 4243
f 4211 4212 4244
f 4212 4245 4244
f 4212 4213 4245
f 4213 4246 4245
f 4213 4214 4246
f 4214 4215 4246
f 4214 4183 4215
f 4215 4216 4247
f 4247 4216 4248
f 4216 4217 4248
f 4248 4217 4249
f 4217 4218 4249
f 4249 4218 4250
f 4218 4219 4250
f 4250 4219 4251
f 4219 4220 4251
f 4251 4220 4252
f 4220 4221 4252
f 4252 4221 4253
f 4221 4222 4253
f 4253 4222 4254
f 4222 4223 4254
f 4254 4223 4255
f 4223 4256 4255
f 4223 4224 4256
f 4224 4257 4256
f 4224 4225 4257
f 4225 4258 4257
f 4225 4226 4258
f 4226 4259 4258
f 4226 4227 4259
f 4227 4260 4259
f 4227 4228 4260
f 4228 4261 4260
f 4228 4229 4261
f 4229 4262 4261
f 4229 4230 4262
f 4230 4263 4262
f 4230 4231 4263
f 4231 4232 4263
f 4263 4232 4264
f 4232 4233 4264
f 4264 4233 4265
f 4233 4234 4265
f 4265 4234 4266
f 4234 4235 4266
f 4266 4235 4267
f 4235 4236 4267
f 4267 4236 4268
f 4236 4237 4268
f 4268 4237 4269
f 4237 4238 4269
f 4269 4238 4270
f 4238 4239 4270
f 4270 4239 4271
f 4239 4272 4271
f 4239 4240 4272
f 4240 4273 4272
f 4240 4241 4273
f 4241 4274 4273
f 4241 4242 4274
f 4242 4275 4274
f 4242 4243 4275
f 4243 4276 4275
f 4243 4244 4276
f 4244 4277 4276
f 4244 4245 4277
f 4245 4278 4277
f 4245 4246 4278
f 4246 4247 4278
f 4246 4215 4247
f 4247 4248 4279
f 4279 4248 4280
f 4248 4249 4280
f 4280 4249 4281
f 4249 4250 4281
f 4281 4250 4282
f 4250 4251 4282
f 4282 4251 4283
f 4251 4252 4283
f 4283 4252 4284
f 4252 4253 4284
f 4284 4253 4285
f 4253 4254 4285
f 4285 4254 4286
f 4254 4255 4286
f 4286 4255 4287
f 4255 4288 4287
f 4255 4256 4288
f 4256 4289 4288
f 4256 4257 4289
f 4257 4290 4289
f 4257 4258 4290
f 4258 4291 4290
f 4258 4259 4291
f 4259 4292 4291
f 4259 4260 4292
f 4260 4293 4292
f 4260 4261 4293
f 4261 4294 4293
f 4261 4262 4294
f 4262 4295 4294
f 4262 4263 4295
f 4263 4264 4295
f 4295 4264 4296
f 4264 4265 4296
f 4296 4265 4297
f 4265 4266 4297
f 4297 4266 4298
f 4266 4267 4298
f 4298 4267 4299
f 4267 4268 4299
f 4299 4268 4300
f 4268 4269 4300
f 4300 4269 4301
f 4269 4270 4301
f 4301 4270 4302
f 4270 4271 4302
f 4302 4271 4303
f 4271 4304 4303
f 4271 4272 4304
f 4272 4305 4304
f 4272 4273 4305
f 4273 4306 4305
f 4273 4274 4306
f 4274 4307 4306
f 4274 4275 4307
f 4275 4308 4307
f 4275 4276 4308
f 4276 4309 4308
f 4276 4277 4309
f 4277 4310 4309
f 4277 4278 4310
f 4278 4279 4310
f 4278 4247 4279
f 4279 4280 4311
f 4311 4280 4312
f 4280 4281 4312
f 4312 4281 4313
f 4281 4282 4313
f 4313 4282 4314
f 4282 4283 4314
f 4314 4283 4315
f 4283 4284 4315
f 4315 4284 4316
f 4284 4285 4316
f 4316 4285 4317
f 4285 4286 4317
f 4317 4286 4318
f 4286 4287 4318
f 4318 4287 4319
f 4287 4320 4319
f 4287 4288 4320
f 4288 4321 4320
f 4288 4289 4321
f 4289 4322 4321
f 4289 4290 4322
f 4290 4323 4322
f 4290 4291 4323
f 4291 4324 4323
f 4291 4292 4324
f 4292 4325 4324
f 4292 4293 4325
f 4293 4326 4325
f 4293 4294 4326
f 4294 4327 4326
f 4294 4295 4327
f 4295 4296 4327
f 4327 4296 4328
f 4296 4297 4328
f 4328 4297 4329
f 4297 4298 4329
f 4329 4298 4330
f 4298 4299 4330
f 4330 4299 4331
f 4299 4300 4331
f 4331 4300 4332
f 4300 4301 4332
f 4332 4301 4333
f 4301 4302 4333
f 4333 4302 4334
f 4302 4303 4334
f 4334 4303 4335
f 4303 4336 4335
f 4303 4304 4336
f 4304 4337 4336
f 4304 4305 4337
f 4305 4338 4337
f 4305 4306 4338
f 4306 4339 4338
f 4306 4307 4339
f 4307 4340 4339
f 4307 4308 4340
f 4308 4341 4340
f 4308 4309 4341
f 4309 4342 4341
f 4309 4310 4342
f 4310 4311 4342
f 4310 4279 4311
f 4311 4312 4343
f 4343 4312 4344
f 4312 4313 4344
f 4344 4313 4345
f 4313 4314 4345
f 4345 4314 4346
f 4314 4315 4346
f 4346 4315 4347
f 4315 4316 4347
f 4347 4316 4348
f 4316 4317 4348
f 4348 4317 4349
f 4317 4318 4349
f 4349 4318 4350
f 4318 4319 4350
f 4350 4319 4351
f 4319 4352 4351
f 4319 4320 4352
f 4320 4353 4352
f 4320 4321 4353
f 4321 4354 4353
f 4321 4322 4354
f 4322 4355 4354
f 4322 4323 4355
f 4323 4356 4355
f 4323 4324 4356
f 4324 4357 4356
f 4324 4325 4357
f 4325 4358 4357
f 4325 4326 4358
f 4326 4359 4358
f 4326 4327 4359
f 4327 4328 4359
f 4359 4328 4360
f 4328 4329 4360
f 4360 4329 4361
f 4329 4330 4361
f 4361 4330 4362
f 4330 4331 4362
f 4362 4331 4363
f 4331 4332 4363
f 4363 4332 4364
f 4332 4333 4364
f 4364 4333 4365
f 4333 4334 4365
f 4365 4334 4366
f 4334 4335 4366
f 4366 4335 4367
f 4335 4368 4367
f 4335 4336 4368
f 4336 4369 4368
f 4336 4337 4369
f 4337 4370 4369
f 4337 4338 4370
f 4338 4371 4370
f 4338 4339 4371
f 4339 4372 4371
f 4339 4340 4372
f 4340 4373 4372
f 4340 4341 4373
f 4341 4374 4373
f 4341 4342 4374
f 4342 4343 4374
f 4342 4311 4343
f 4343 4344 4375
f 4375 4344 4376
f 4344 4345 4376
f 4376 4345 4377
f 4345 4346 4377
f 4377 4346 4378
f 4346 4347 4378
f 4378 4347 4379
f 4347 4348 4379
f 4379 4348 4380
f 4348 4349 4380
f 4380 4349 4381
f 4349 4350 4381
f 4381 4350 4382
f 4350 4351 4382
f 4382 4351 4383
f 4351 4384 4383
f 4351 4352 4384
f 4352 4385 4384
f 4352 4353 4385
f 4353 4386 4385
f 4353 4354 4386
f 4354 4387 4386
f 4354 4355 4387
f 4355 4388 4387
f 4355 4356 4388
f 4356 4389 4388
f 4356 4357 4389
f 4357 4390 4389
f 4357 4358 4390
f 4358 4391 4390
f 4358 4359 4391
f 4359 4360 4391
f 4391 4360 4392
f 4360 4361 4392
f 4392 4361 4393
f 4361 4362 4393
f 4393 4362 4394
f 4362 4363 4394
f 4394 4363 4395
f 4363 4364 4395
f 4395 4364 4396
f 4364 4365 4396
f 4396 4365 4397
f 4365 4366 4397
f 4397 4366 4398
f 4366 4367 4398
f 4398 4367 4399
f 4367 4400 4399
f 4367 4368 4400
f 4368 4401 4400
f 4368 4369 4401
f 4369 4402 4401
f 4369 4370 4402
f 4370 4403 4402
f 4370 4371 4403
f 4371 4404 4403
f 4371 4372 4404
f 4372 4405 4404
f 4372 4373 4405
f 4373 4406 4405
f 4373 4374 4406
f 4374 4375 4406
f 4374 4343 4375
f 4375 4376 4407
f 4407 4376 4408
f 4376 4377 4408
f 4408 4377 4409
f 4377 4378 4409
f 4409 4378 4410
f 4378 4379 4410
f 4410 4379 4411
f 4379 4380 4411
f 4411 4380 4412
f 4380 4381 4412
f 4412 4381 4413
f 4381 4382 4413
f 4413 4382 4414
f 4382 4383 4414
f 4414 4383 4415
f 4383 4416 4415
f 4383 4384 4416
f 4384 4417 4416
f 4384 4385 4417
f 4385 4418 4417
f 4385 4386 4418
f 4386 4419 4418
f 4386 4387 4419
f 4387 4420 4419
f 4387 4388 4420
f 4388 4421 4420
f 4388 4389 4421
f 4389 4422 4421
f 4389 4390 4422
f 4390 4423 4422
f 4390 4391 4423
f 4391 4392 4423
f 4423 4392 4424
f 4392 4393 4424
f 4424 4393 4425
f 4393 4394 4425
f 4425 4394 4426
f 4394 4395 4426
f 4426 4395 4427
f 4395 4396 4427
f 4427 4396 4428
f 4396 4397 4428
f 4428 4397 4429
f 4397 4398 4429
f 4429 4398 4430
f 4398 4399 4430
f 4430 4399 4431
f 4399 4432 4431
f 4399 4400 4432
f 4400 4433 4432
f 4400 4401 4433
f 4401 4434 4433
f 4401 4402 4434
f 4402 4435 4434
f 4402 4403 4435
f 4403 4436 4435
f 4403 4404 4436
f 4404 4437 4436
f 4404 4405 4437
f 4405 4438 4437
f 4405 4406 4438
f 4406 4407 4438
f 4406 4375 4407
f 4407 4408 4439
f 4439 4408 4440
f 4408 4409 4440
f 4440 4409 4441
f 4409 4410 4441
f 4441 4410 4442
f 4410 4411 4442
f 4442 4411 4443
f 4411 4412 4443
f 4443 4412 4444
f 4412 4413 4444
f 4444 4413 4445
f 4413 4414 4445
f 4445 4414 4446
f 4414 4415 4446
f 4446 4415 4447
f 4415 4448 4447
f 4415 4416 4448
f 4416 4449 4448
f 4416 4417 4449
f 4417 4450 4449
f 4417 4418 4450
f 4418 4451 4450
f 4418 4419 4451
f 4419 4452 4451
f 4419 4420 4452
f 4420 4453 4452
f 4420 4421 4453
f 4421 4454 4453
f 4421 4422 4454
f 4422 4455 4454
f 4422 4423 4455
f 4423 4424 4455
f 4455 4424 4456
f 4424 4425 4456
f 4456 4425 4457
f 4425 4426 4457
f 4457 4426 4458
f 4426 4427 4458
f 4458 4427 4459
f 4427 4428 4459
f 4459 4428 4460
f 4428 4429 4460
f 4460 4429 4461
f 4429 4430 4461
f 4461 4430 4462
f 4430 4431 4462
f 4462 4431 4463
f 4431 4464 4463
f 4431 4432 4464
f 4432 4465 4464
f 4432 4433 4465
f 4433 4466 4465
f 4433 4434 4466
f 4434 4467 4466
f 4434 4435 4467
f 4435 4468 4467
f 4435 4436 4468
f 4436 4469 4468
f 4436 4437 4469
f 4437 4470 4469
f 4437 4438 4470
f 4438 4439 4470
f 4438 4407 4439
f 4439 4471 4472
f 4439 4440 4471
f 4440 4473 4471
f 4440 4441 4473
f 4441 4474 4473
f 4441 4442 4474
f 4442 4475 4474
f 4442 4443 4475
f 4443 4476 4475
f 4443 4444 4476
f 4444 4477 4476
f 4444 4445 4477
f 4445 4478 4477
f 4445 4446 4478
f 4446 4479 4478
f 4446 4447 4479
f 4447 4448 4479
f 4479 4448 4480
f 4448 4449 4480
f 4480 4449 4481
f 4449 4450 4481
f 4481 4450 4482
f 4450 4451 4482
f 4482 4451 4483
f 4451 4452 4483
f 4483 4452 4484
f 4452 4453 4484
f 4484 4453 4485
f 4453 4454 4485
f 4485 4454 4486
f 4454 4455 4486
f 4486 4455 4487
f 4455 4488 4487
f 4455 4456 4488
f 4456 4489 4488
f 4456 4457 4489
f 4457 4490 4489
f 4457 4458 4490
f 4458 4491 4490
f 4458 4459 4491
f 4459 4492 4491
f 4459 4460 4492
f 4460 4493 4492
f 4460 4461 4493
f 4461 4494 4493
f 4461 4462 4494
f 4462 4495 4494
f 4462 4463 4495
f 4463 4464 4495
f 4495 4464 4496
f 4464 4465 4496
f 4496 4465 4497
f 4465 4466 4497
f 4497 4466 4498
f 4466 4467 4498
f 4498 4467 4499
f 4467 4468 4499
f 4499 4468 4500
f 4468 4469 4500
f 4500 4469 4501
f 4469 4470 4501
f 4501 4470 4502
f 4470 4439 4502
f 4502 4439 4472
f 4472 4503 4504
f 4472 4471 4503
f 4471 4505 4503
f 4471 4473 4505
f 4473 4506 4505
f 4473 4474 4506
f 4474 4507 4506
f 4474 4475 4507
f 4475 4508 4507
f 4475 4476 4508
f 4476 4509 4508
f 4476 4477 4509
f 4477 4510 4509
f 4477 4478 4510
f 4478 4511 4510
f 4478 4479 4511
f 4479 4480 4511
f 4511 4480 4512
f 4480 4481 4512
f 4512 4481 4513
f 4481 4482 4513
f 4513 4482 4514
f 4482 4483 4514
f 4514 4483 4515
f 4483 4484 4515
f 4515 4484 4516
f 4484 4485 4516
f 4516 4485 4517
f 4485 4486 4517
f 4517 4486 4518
f 4486 4487 4518
f 4518 4487 4519
f 4487 4520 4519
f 4487 4488 4520
f 4488 4521 4520
f 4488 4489 4521
f 4489 4522 4521
f 4489 4490 4522
f 4490 4523 4522
f 4490 4491 4523
f 4491 4524 4523
f 4491 4492 4524
f 4492 4525 4524
f 4492 4493 4525
f 4493 4526 4525
f 4493 4494 4526
f 4494 4527 4526
f 4494 4495 4527
f 4495 4496 4527
f 4527 4496 4528
f 4496 4497 4528
f 4528 4497 4529
f 4497 4498 4529
f 4529 4498 4530
f 4498 4499 4530
f 4530 4499 4531
f 4499 4500 4531
f 4531 4500 4532
f 4500 4501 4532
f 4532 4501 4533
f 4501 4502 4533
f 4533 4502 4534
f 4502 4472 4534
f 4534 4472 4504
f 4504 4535 4536
f 4504 4503 4535
f 4503 4537 4535
f 4503 4505 4537
f 4505 4538 4537
f 4505 4506 4538
f 4506 4539 4538
f 4506 4507 4539
f 4507 4540 4539
f 4507 4508 4540
f 4508 4541 4540
f 4508 4509 4541
f 4509 4542 4541
f 4509 4510 4542
f 4510 4543 4542
f 4510 4511 4543
f 4511 4512 4543
f 4543 4512 4544
f 4512 4513 4544
f 4544 4513 4545
f 4513 4514 4545
f 4545 4514 4546
f 4514 4515 4546
f 4546 4515 4547
f 4515 4516 4547
f 4547 4516 4548
f 4516 4517 4548
f 4548 4517 4549
f 4517 4518 4549
f 4549 4518 4550
f 4518 4519 4550
f 4550 4519 4551
f 4519 4552 4551
f 4519 4520 4552
f 4520 4553 4552
f 4520 4521 4553
f 4521 4554 4553
f 4521 4522 4554
f 4522 4555 4554
f 4522 4523 4555
f 4523 4556 4555
f 4523 4524 4556
f 4524 4557 4556
f 4524 4525 4557
f 4525 4558 4557
f 4525 4526 4558
f 4526 4559 4558
f 4526 4527 4559
f 4527 4528 4559
f 4559 4528 4560
f 4528 4529 4560
f 4560 4529 4561
f 4529 4530 4561
f 4561 4530 4562
f 4530 4531 4562
f 4562 4531 4563
f 4531 4532 4563
f 4563 4532 4564
f 4532 4533 4564
f 4564 4533 4565
f 4533 4534 4565
f 4565 4534 4566
f 4534 4504 4566
f 4566 4504 4536
f 4536 4567 4568
f 4536 4535 4567
f 4535 4569 4567
f 4535 4537 4569
f 4537 4570 4569
f 4537 4538 4570
f 4538 4571 4570
f 4538 4539 4571
f 4539 4572 4571
f 4539 4540 4572
f 4540 4573 4572
f 4540 4541 4573
f 4541 4574 4573
f 4541 4542 4574
f 4542 4575 4574
f 4542 4543 4575
f 4543 4544 4575
f 4575 4544 4576
f 4544 4545 4576
f 4576 4545 4577
f 4545 4546 4577
f 4577 4546 4578
f 4546 4547 4578
f 4578 4547 4579
f 4547 4548 4579
f 4579 4548 4580
f 4548 4549 4580
f 4580 4549 4581
f 4549 4550 4581
f 4581 4550 4582
f 4550 4551 4582
f 4582 4551 4583
f 4551 4584 4583
f 4551 4552 4584
f 4552 4585 4584
f 4552 4553 4585
f 4553 4586 4585
f 4553 4554 4586
f 4554 4587 4586
f 4554 4555 4587
f 4555 4588 4587
f 4555 4556 4588
f 4556 4589 4588
f 4556 4557 4589
f 4557 4590 4589
f 4557 4558 4590
f 4558 4591 4590
f 4558 4559 4591
f 4559 4560 4591
f 4591 4560 4592
f 4560 4561 4592
f 4592 4561 4593
f 4561 4562 4593
f 4593 4562 4594
f 4562 4563 4594
f 4594 4563 4595
f 4563 4564 4595
f 4595 4564 4596
f 4564 4565 4596
f 4596 4565 4597
f 4565 4566 4597
f 4597 4566 4598
f 4566 4536 4598
f 4598 4536 4568
f 4568 4599 4600
f 4568 4567 4599
f 4567 4601 4599
f 4567 4569 4601
f 4569 4602 4601
f 4569 4570 4602
f 4570 4603 4602
f 4570 4571 4603
f 4571 4604 4603
f 4571 4572 4604
f 4572 4605 4604
f 4572 4573 4605
f 4573 4606 4605
f 4573 4574 4606
f 4574 4607 4606
f 4574 4575 4607
f 4575 4576 4607
f 4607 4576 4608
f 4576 4577 4608
f 4608 4577 4609
f 4577 4578 4609
f 4609 4578 4610
f 4578 4579 4610
f 4610 4579 4611
f 4579 4580 4611
f 4611 4580 4612
f 4580 4581 4612
f 4612 4581 4613
f 4581 4582 4613
f 4613 4582 4614
f 4582 4583 4614
f 4614 4583 4615
f 4583 4616 4615
f 4583 4584 4616
f 4584 4617 4616
f 4584 4585 4617
f 4585 4618 4617
f 4585 4586 4618
f 4586 4619 4618
f 4586 4587 4619
f 4587 4620 4619
f 4587 4588 4620
f 4588 4621 4620
f 4588 4589 4621
f 4589 4622 4621
f 4589 4590 4622
f 4590 4623 4622
f 4590 4591 4623
f 4591 4592 4623
f 4623 4592 4624
f 4592 4593 4624
f 4624 4593 4625
f 4593 4594 4625
f 4625 4594 4626
f 4594 4595 4626
f 4626 4595 4627
f 4595 4596 4627
f 4627 4596 4628
f 4596 4597 4628
f 4628 4597 4629
f 4597 4598 4629
f 4629 4598 4630
f 4598 4568 4630
f 4630 4568 4600
f 4600 4631 4632
f 4600 4599 4631
f 4599 4633 4631
f 4599 4601 4633
f 4601 4634 4633
f 4601 4602 4634
f 4602 4635 4634
f 4602 4603 4635
f 4603 4636 4635
f 4603 4604 4636
f 4604 4637 4636
f 4604 4605 4637
f 4605 4638 4637
f 4605 4606 4638
f 4606 4639 4638
f 4606 4607 4639
f 4607 4608 4639
f 4639 4608 4640
f 4608 4609 4640
f 4640 4609 4641
f 4609 4610 4641
f 4641 4610 4642
f 4610 4611 4642
f 4642 4611 4643
f 4611 4612 4643
f 4643 4612 4644
f 4612 4613 4644
f 4644 4613 4645
f 4613 4614 4645
f 4645 4614 4646
f 4614 4615 4646
f 4646 4615 4647
f 4615 4648 4647
f 4615 4616 4648
f 4616 4649 4648
f 4616 4617 4649
f 4617 4650 4649
f 4617 4618 4650
f 4618 4651 4650
f 4618 4619 4651
f 4619 4652 4651
f 4619 4620 4652
f 4620 4653 4652
f 4620 4621 4653
f 4621 4654 4653
f 4621 4622 4654
f 4622 4655 4654
f 4622 4623 4655
f 4623 4624 4655
f 4655 4624 4656
f 4624 4625 4656
f 4656 4625 4657
f 4625 4626 4657
f 4657 4626 4658
f 4626 4627 4658
f 4658 4627 4659
f 4627 4628 4659
f 4659 4628 4660
f 4628 4629 4660
f 4660 4629 4661
f 4629 4630 4661
f 4661 4630 4662
f 4630 4600 4662
f 4662 4600 4632
f 4632 4663 4664
f 4632 4631 4663
f 4631 4665 4663
f 4631 4633 4665
f 4633 4666 4665
f 4633 4634 4666
f 4634 4667 4666
f 4634 4635 4667
f 4635 4668 4667
f 4635 4636 4668
f 4636 4669 4668
f 4636 4637 4669
f 4637 4670 4669
f 4637 4638 4670
f 4638 4671 4670
f 4638 4639 4671
f 4639 4640 4671
f 4671 4640 4672
f 4640 4641 4672
f 4672 4641 4673
f 4641 4642 4673
f 4673 4642 4674
f 4642 4643 4674
f 4674 4643 4675
f 4643 4644 4675
f 4675 4644 4676
f 4644 4645 4676
f 4676 4645 4677
f 4645 4646 4677
f 4677 4646 4678
f 4646 4647 4678
f 4678 4647 4679
f 4647 4680 4679
f 4647 4648 4680
f 4648 4681 4680
f 4648 4649 4681
f 4649 4682 4681
f 4649 4650 4682
f 4650 4683 4682
f 4650 4651 4683
f 4651 4684 4683
f 4651 4652 4684
f 4652 4685 4684
f 4652 4653 4685
f 4653 4686 4685
f 4653 4654 4686
f 4654 4687 4686
f 4654 4655 4687
f 4655 4656 4687
f 4687 4656 4688
f 4656 4657 4688
f 4688 4657 4689
f 4657 4658 4689
f 4689 4658 4690
f 4658 4659 4690
f 4690 4659 4691
f 4659 4660 4691
f 4691 4660 4692
f 4660 4661 4692
f 4692 4661 4693
f 4661 4662 4693
f 4693 4662 4694
f 4662 4632 4694
f 4694 4632 4664
f 4664 4663 4695
f 4663 4696 4695
f 4663 4665 4696
f 4665 4697 4696
f 4665 4666 4697
f 4666 4698 4697
f 4666 4667 4698
f 4667 4699 4698
f 4667 4668 4699
f 4668 4700 4699
f 4668 4669 4700
f 4669 4701 4700
f 4669 4670 4701
f 4670 4702 4701
f 4670 4671 4702
f 4671 4672 4702
f 4702 4672 4703
f 4672 4673 4703
f 4703 4673 4704
f 4673 4674 4704
f 4704 4674 4705
f 4674 4675 4705
f 4705 4675 4706
f 4675 4676 4706
f 4706 4676 4707
f 4676 4677 4707
f 4707 4677 4708
f 4677 4678 4708
f 4708 4678 4709
f 4678 4679 4709
f 4679 4680 4710
f 4680 4711 4710
f 4680 4681 4711
f 4681 4712 4711
f 4681 4682 4712
f 4682 4713 4712
f 4682 4683 4713
f 4683 4714 4713
f 4683 4684 4714
f 4684 4715 4714
f 4684 4685 4715
f 4685 4716 4715
f 4685 4686 4716
f 4686 4717 4716
f 4686 4687 4717
f 4687 4688 4717
f 4717 4688 4718
f 4688 4689 4718
f 4718 4689 4719
f 4689 4690 4719
f 4719 4690 4720
f 4690 4691 4720
f 4720 4691 4721
f 4691 4692 4721
f 4721 4692 4722
f 4692 4693 4722
f 4722 4693 4723
f 4693 4694 4723
f 4723 4694 4724
f 4694 4664 4724
f 4664 4695 4725
f 4695 4726 4725
f 4695 4696 4726
f 4696 4727 4726
f 4696 4697 4727
f 4697 4728 4727
f 4697 4698 4728
f 4698 4729 4728
f 4698 4699 4729
f 4699 4730 4729
f 4699 4700 4730
f 4700 4731 4730
f 4700 4701 4731
f 4701 4732 4731
f 4701 4702 4732
f 4702 4703 4732
f 4732 4703 4733
f 4703 4704 4733
f 4733 4704 4734
f 4704 4705 4734
f 4734 4705 4735
f 4705 4706 4735
f 4735 4706 4736
f 4706 4707 4736
f 4736 4707 4737
f 4707 4708 4737
f 4737 4708 4738
f 4708 4709 4738
f 4738 4709 4739
f 4709 4679 4739
f 4679 4710 4739
f 4710 4738 4739
f 4710 4711 4738
f 4711 4737 4738
f 4711 4712 4737
f 4712 4736 4737
f 4712 4713 4736
f 4713 4735 4736
f 4713 4714 4735
f 4714 4734 4735
f 4714 4715 4734
f 4715 4733 4734
f 4715 4716 4733
f 4716 4732 4733
f 4716 4717 4732
f 4717 4718 4732
f 4732 4718 4731
f 4718 4719 4731
f 4731 4719 4730
f 4719 4720 4730
f 4730 4720 4729
f 4720 4721 4729
f 4729 4721 4728
f 4721 4722 4728
f 4728 4722 4727
f 4722 4723 4727
f 4727 4723 4726
f 4723 4724 4726
f 4726 4724 4725
f 4724 4664 4725
f 4023 4740 4024
f 4740 4741 4024
f 4024 4741 4027
f 4741 4742 4027
f 4027 4742 4029
f 4742 4743 4029
f 4029 4743 4031
f 4743 4744 4031
f 4031 4744 4033
f 4744 4745 4033
f 4033 4745 4035
f 4745 4746 4035
f 4035 4746 4037
f 4746 4747 4037
f 4037 4747 4039
f 4747 4748 4039
f 4039 4748 4749
f 4039 4749 4042
f 4042 4749 4750
f 4042 4750 4044
f 4044 4750 4751
f 4044 4751 4046
f 4046 4751 4752
f 4046 4752 4048
f 4048 4752 4753
f 4048 4753 4050
f 4050 4753 4754
f 4050 4754 4052
f 4052 4754 4755
f 4052 4755 4054
f 4054 4755 4756
f 4054 4756 4056
f 4056 4756 4057
f 4756 4757 4057
f 4057 4757 4059
f 4757 4758 4059
f 4059 4758 4061
f 4758 4759 4061
f 4061 4759 4063
f 4759 4760 4063
f 4063 4760 4065
f 4760 4761 4065
f 4065 4761 4067
f 4761 4762 4067
f 4067 4762 4069
f 4762 4763 4069
f 4069 4763 4071
f 4763 4764 4071
f 4071 4764 4765
f 4071 4765 4074
f 4074 4765 4766
f 4074 4766 4076
f 4076 4766 4767
f 4076 4767 4078
f 4078 4767 4768
f 4078 4768 4080
f 4080 4768 4769
f 4080 4769 4082
f 4082 4769 4770
f 4082 4770 4084
f 4084 4770 4771
f 4084 4771 4086
f 4086 4771 4740
f 4086 4740 4023
f 4740 4772 4741
f 4772 4773 4741
f 4741 4773 4742
f 4773 4774 4742
f 4742 4774 4743
f 4774 4775 4743
f 4743 4775 4744
f 4775 4776 4744
f 4744 4776 4745
f 4776 4777 4745
f 4745 4777 4746
f 4777 4778 4746
f 4746 4778 4747
f 4778 4779 4747
f 4747 4779 4748
f 4779 4780 4748
f 4748 4780 4781
f 4748 4781 4749
f 4749 4781 4782
f 4749 4782 4750
f 4750 4782 4783
f 4750 4783 4751
f 4751 4783 4784
f 4751 4784 4752
f 4752 4784 4785
f 4752 4785 4753
f 4753 4785 4786
f 4753 4786 4754
f 4754 4786 4787
f 4754 4787 4755
f 4755 4787 4788
f 4755 4788 4756
f 4756 4788 4757
f 4788 4789 4757
f 4757 4789 4758
f 4789 4790 4758
f 4758 4790 4759
f 4790 4791 4759
f 4759 4791 4760
f 4791 4792 4760
f 4760 4792 4761
f 4792 4793 4761
f 4761 4793 4762
f 4793 4794 4762
f 4762 4794 4763
f 4794 4795 4763
f 4763 4795 4764
f 4795 4796 4764
f 4764 4796 4797
f 4764 4797 4765
f 4765 4797 4798
f 4765 4798 4766
f 4766 4798 4799
f 4766 4799 4767
f 4767 4799 4800
f 4767 4800 4768
f 4768 4800 4801
f 4768 4801 4769
f 4769 4801 4802
f 4769 4802 4770
f 4770 4802 4803
f 4770 4803 4771
f 4771 4803 4772
f 4771 4772 4740
f 4772 4804 4773
f 4804 4805 4773
f 4773 4805 4774
f 4805 4806 4774
f 4774 4806 4775
f 4806 4807 4775
f 4775 4807 4776
f 4807 4808 4776
f 4776 4808 4777
f 4808 4809 4777
f 4777 4809 4778
f 4809 4810 4778
f 4778 4810 4779
f 4810 4811 4779
f 4779 4811 4780
f 4811 4812 4780
f 4780 4812 4813
f 4780 4813 4781
f 4781 4813 4814
f 4781 4814 4782
f 4782 4814 4815
f 4782 4815 4783
f 4783 4815 4816
f 4783 4816 4784
f 4784 4816 4817
f 4784 4817 4785
f 4785 4817 4818
f 4785 4818 4786
f 4786 4818 4819
f 4786 4819 4787
f 4787 4819 4820
f 4787 4820 4788
f 4788 4820 4789
f 4820 4821 4789
f 4789 4821 4790
f 4821 4822 4790
f 4790 4822 4791
f 4822 4823 4791
f 4791 4823 4792
f 4823 4824 4792
f 4792 4824 4793
f 4824 4825 4793
f 4793 4825 4794
f 4825 4826 4794
f 4794 4826 4795
f 4826 4827 4795
f 4795 4827 4796
f 4827 4828 4796
f 4796 4828 4829
f 4796 4829 4797
f 4797 4829 4830
f 4797 4830 4798
f 4798 4830 4831
f 4798 4831 4799
f 4799 4831 4832
f 4799 4832 4800
f 4800 4832 4833
f 4800 4833 4801
f 4801 4833 4834
f 4801 4834 4802
f 4802 4834 4835
f 4802 4835 4803
f 4803 4835 4804
f 4803 4804 4772
f 4804 4836 4805
f 4836 4837 4805
f 4805 4837 4806
f 4837 4838 4806
f 4806 4838 4807
f 4838 4839 4807
f 4807 4839 4808
f 4839 4840 4808
f 4808 4840 4809
f 4840 4841 4809
f 4809 4841 4810
f 4841 4842 4810
f 4810 4842 4811
f 4842 4843 4811
f 4811 4843 4812
f 4843 4844 4812
f 4812 4844 4845
f 4812 4845 4813
f 4813 4845 4846
f 4813 4846 4814
f 4814 4846 4847
f 4814 4847 4815
f 4815 4847 4848
f 4815 4848 4816
f 4816 4848 4849
f 4816 4849 4817
f 4817 4849 4850
f 4817 4850 4818
f 4818 4850 4851
f 4818 4851 4819
f 4819 4851 4852
f 4819 4852 4820
f 4820 4852 4821
f 4852 4853 4821
f 4821 4853 4822
f 4853 4854 4822
f 4822 4854 4823
f 4854 4855 4823
f 4823 4855 4824
f 4855 4856 4824
f 4824 4856 4825
f 4856 4857 4825
f 4825 4857 4826
f 4857 4858 4826
f 4826 4858 4827
f 4858 4859 4827
f 4827 4859 4828
f 4859 4860 4828
f 4828 4860 4861
f 4828 4861 4829
f 4829 4861 4862
f 4829 4862 4830
f 4830 4862 4863
f 4830 4863 4831
f 4831 4863 4864
f 4831 4864 4832
f 4832 4864 4865
f 4832 4865 4833
f 4833 4865 4866
f 4833 4866 4834
f 4834 4866 4867
f 4834 4867 4835
f 4835 4867 4836
f 4835 4836 4804
f 4836 4868 4837
f 4868 4869 4837
f 4837 4869 4838
f 4869 4870 4838
f 4838 4870 4839
f 4870 4871 4839
f 4839 4871 4840
f 4871 4872 4840
f 4840 4872 4841
f 4872 4873 4841
f 4841 4873 4842
f 4873 4874 4842
f 4842 4874 4843
f 4874 4875 4843
f 4843 4875 4844
f 4875 4876 4844
f 4844 4876 4877
f 4844 4877 4845
f 4845 4877 4878
f 4845 4878 4846
f 4846 4878 4879
f 4846 4879 4847
f 4847 4879 4880
f 4847 4880 4848
f 4848 4880 4881
f 4848 4881 4849
f 4849 4881 4882
f 4849 4882 4850
f 4850 4882 4883
f 4850 4883 4851
f 4851 4883 4884
f 4851 4884 4852
f 4852 4884 4853
f 4884 4885 4853
f 4853 4885 4854
f 4885 4886 4854
f 4854 4886 4855
f 4886 4887 4855
f 4855 4887 4856
f 4887 4888 4856
f 4856 4888 4857
f 4888 4889 4857
f 4857 4889 4858
f 4889 4890 4858
f 4858 4890 4859
f 4890 4891 4859
f 4859 4891 4860
f 4891 4892 4860
f 4860 4892 4893
f 4860 4893 4861
f 4861 4893 4894
f 4861 4894 4862
f 4862 4894 4895
f 4862 4895 4863
f 4863 4895 4896
f 4863 4896 4864
f 4864 4896 4897
f 4864 4897 4865
f 4865 4897 4898
f 4865 4898 4866
f 4866 4898 4899
f 4866 4899 4867
f 4867 4899 4868
f 4867 4868 4836
f 4868 4900 4869
f 4900 4901 4869
f 4869 4901 4870
f 4901 4902 4870
f 4870 4902 4871
f 4902 4903 4871
f 4871 4903 4872
f 4903 4904 4872
f 4872 4904 4873
f 4904 4905 4873
f 4873 4905 4874
f 4905 4906 4874
f 4874 4906 4875
f 4906 4907 4875
f 4875 4907 4876
f 4907 4908 4876
f 4876 4908 4909
f 4876 4909 4877
f 4877 4909 4910
f 4877 4910 4878
f 4878 4910 4911
f 4878 4911 4879
f 4879 4911 4912
f 4879 4912 4880
f 4880 4912 4913
f 4880 4913 4881
f 4881 4913 4914
f 4881 4914 4882
f 4882 4914 4915
f 4882 4915 4883
f 4883 4915 4916
f 4883 4916 4884
f 4884 4916 4885
f 4916 4917 4885
f 4885 4917 4886
f 4917 4918 4886
f 4886 4918 4887
f 4918 4919 4887
f 4887 4919 4888
f 4919 4920 4888
f 4888 4920 4889
f 4920 4921 4889
f 4889 4921 4890
f 4921 4922 4890
f 4890 4922 4891
f 4922 4923 4891
f 4891 4923 4892
f 4923 4924 4892
f 4892 4924 4925
f 4892 4925 4893
f 4893 4925 4926
f 4893 4926 4894
f 4894 4926 4927
f 4894 4927 4895
f 4895 4927 4928
f 4895 4928 4896
f 4896 4928 4929
f 4896 4929 4897
f 4897 4929 4930
f 4897 4930 4898
f 4898 4930 4931
f 4898 4931 4899
f 4899 4931 4900
f 4899 4900 4868
f 4900 4932 4901
f 4932 4933 4901
f 4901 4933 4902
f 4933 4934 4902
f 4902 4934 4903
f 4934 4935 4903
f 4903 4935 4904
f 4935 4936 4904
f 4904 4936 4905
f 4936 4937 4905
f 4905 4937 4906
f 4937 4938 4906
f 4906 4938 4907
f 4938 4939 4907
f 4907 4939 4908
f 4939 4940 4908
f 4908 4940 4941
f 4908 4941 4909
f 4909 4941 4942
f 4909 4942 4910
f 4910 4942 4943
f 4910 4943 4911
f 4911 4943 4944
f 4911 4944 4912
f 4912 4944 4945
f 4912 4945 4913
f 4913 4945 4946
f 4913 4946 4914
f 4914 4946 4947
f 4914 4947 4915
f 4915 4947 4948
f 4915 4948 4916
f 4916 4948 4917
f 4948 4949 4917
f 4917 4949 4918
f 4949 4950 4918
f 4918 4950 4919
f 4950 4951 4919
f 4919 4951 4920
f 4951 4952 4920
f 4920 4952 4921
f 4952 4953 4921
f 4921 4953 4922
f 4953 4954 4922
f 4922 4954 4923
f 4954 4955 4923
f 4923 4955 4924
f 4955 4956 4924
f 4924 4956 4957
f 4924 4957 4925
f 4925 4957 4958
f 4925 4958 4926
f 4926 4958 4959
f 4926 4959 4927
f 4927 4959 4960
f 4927 4960 4928
f 4928 4960 4961
f 4928 4961 4929
f 4929 4961 4962
f 4929 4962 4930
f 4930 4962 4963
f 4930 4963 4931
f 4931 4963 4932
f 4931 4932 4900
f 4932 4964 4933
f 4964 4965 4933
f 4933 4965 4934
f 4965 4966 4934
f 4934 4966 4935
f 4966 4967 4935
f 4935 4967 4936
f 4967 4968 4936
f 4936 4968 4937
f 4968 4969 4937
f 4937 4969 4938
f 4969 4970 4938
f 4938 4970 4939
f 4970 4971 4939
f 4939 4971 4940
f 4971 4972 4940
f 4940 4972 4973
f 4940 4973 4941
f 4941 4973 4974
f 4941 4974 4942
f 4942 4974 4975
f 4942 4975 4943
f 4943 4975 4976
f 4943 4976 4944
f 4944 4976 4977
f 4944 4977 4945
f 4945 4977 4978
f 4945 4978 4946
f 4946 4978 4979
f 4946 4979 4947
f 4947 4979 4980
f 4947 4980 4948
f 4948 4980 4949
f 4980 4981 4949
f 4949 4981 4950
f 4981 4982 4950
f 4950 4982 4951
f 4982 4983 4951
f 4951 4983 4952
f 4983 4984 4952
f 4952 4984 4953
f 4984 4985 4953
f 4953 4985 4954
f 4985 4986 4954
f 4954 4986 4955
f 4986 4987 4955
f 4955 4987 4956
f 4987 4988 4956
f 4956 4988 4989
f 4956 4989 4957
f 4957 4989 4990
f 4957 4990 4958
f 4958 4990 4991
f 4958 4991 4959
f 4959 4991 4992
f 4959 4992 4960
f 4960 4992 4993
f 4960 4993 4961
f 4961 4993 4994
f 4961 4994 4962
f 4962 4994 4995
f 4962 4995 4963
f 4963 4995 4964
f 4963 4964 4932
f 4964 4996 4965
f 4996 4997 4965
f 4965 4997 4966
f 4997 4998 4966
f 4966 4998 4967
f 4998 4999 4967
f 4967 4999 4968
f 4999 5000 4968
f 4968 5000 4969
f 5000 5001 4969
f 4969 5001 4970
f 5001 5002 4970
f 4970 5002 4971
f 5002 5003 4971
f 4971 5003 4972
f 5003 5004 4972
f 4972 5004 5005
f 4972 5005 4973
f 4973 5005 5006
f 4973 5006 4974
f 4974 5006 5007
f 4974 5007 4975
f 4975 5007 5008
f 4975 5008 4976
f 4976 5008 5009
f 4976 5009 4977
f 4977 5009 5010
f 4977 5010 4978
f 4978 5010 5011
f 4978 5011 4979
f 4979 5011 5012
f 4979 5012 4980
f 4980 5012 4981
f 5012 5013 4981
f 4981 5013 4982
f 5013 5014 4982
f 4982 5014 4983
f 5014 5015 4983
f 4983 5015 4984
f 5015 5016 4984
f 4984 5016 4985
f 5016 5017 4985
f 4985 5017 4986
f 5017 5018 4986
f 4986 5018 4987
f 5018 5019 4987
f 4987 5019 4988
f 5019 5020 4988
f 4988 5020 5021
f 4988 5021 4989
f 4989 5021 5022
f 4989 5022 4990
f 4990 5022 5023
f 4990 5023 4991
f 4991 5023 5024
f 4991 5024 4992
f 4992 5024 5025
f 4992 5025 4993
f 4993 5025 5026
f 4993 5026 4994
f 4994 5026 5027
f 4994 5027 4995
f 4995 5027 4996
f 4995 4996 4964
f 4996 5028 4997
f 5028 5029 4997
f 4997 5029 4998
f 5029 5030 4998
f 4998 5030 4999
f 5030 5031 4999
f 4999 5031 5000
f 5031 5032 5000
f 5000 5032 5001
f 5032 5033 5001
f 5001 5033 5002
f 5033 5034 5002
f 5002 5034 5003
f 5034 5035 5003
f 5003 5035 5004
f 5035 5036 5004
f 5004 5036 5037
f 5004 5037 5005
f 5005 5037 5038
f 5005 5038 5006
f 5006 5038 5039
f 5006 5039 5007
f 5007 5039 5040
f 5007 5040 5008
f 5008 5040 5041
f 5008 5041 5009
f 5009 5041 5042
f 5009 5042 5010
f 5010 5042 5043
f 5010 5043 5011
f 5011 5043 5044
f 5011 5044 5012
f 5012 5044 5013
f 5044 5045 5013
f 5013 5045 5014
f 5045 5046 5014
f 5014 5046 5015
f 5046 5047 5015
f 5015 5047 5016
f 5047 5048 5016
f 5016 5048 5017
f 5048 5049 5017
f 5017 5049 5018
f 5049 5050 5018
f 5018 5050 5019
f 5050 5051 5019
f 5019 5051 5020
f 5051 5052 5020
f 5020 5052 5053
f 5020 5053 5021
f 5021 5053 5054
f 5021 5054 5022
f 5022 5054 5055
f 5022 5055 5023
f 5023 5055 5056
f 5023 5056 5024
f 5024 5056 5057
f 5024 5057 5025
f 5025 5057 5058
f 5025 5058 5026
f 5026 5058 5059
f 5026 5059 5027
f 5027 5059 5028
f 5027 5028 4996
f 5028 5060 5029
f 5060 5061 5029
f 5029 5061 5030
f 5061 5062 5030
f 5030 5062 5031
f 5062 5063 5031
f 5031 5063 5032
f 5063 5064 5032
f 5032 5064 5033
f 5064 5065 5033
f 5033 5065 5034
f 5065 5066 5034
f 5034 5066 5035
f 5066 5067 5035
f 5035 5067 5036
f 5067 5068 5036
f 5036 5068 5069
f 5036 5069 5037
f 5037 5069 5070
f 5037 5070 5038
f 5038 5070 5071
f 5038 5071 5039
f 5039 5071 5072
f 5039 5072 5040
f 5040 5072 5073
f 5040 5073 5041
f 5041 5073 5074
f 5041 5074 5042
f 5042 5074 5075
f 5042 5075 5043
f 5043 5075 5076
f 5043 5076 5044
f 5044 5076 5045
f 5076 5077 5045
f 5045 5077 5046
f 5077 5078 5046
f 5046 5078 5047
f 5078 5079 5047
f 5047 5079 5048
f 5079 5080 5048
f 5048 5080 5049
f 5080 5081 5049
f 5049 5081 5050
f 5081 5082 5050
f 5050 5082 5051
f 5082 5083 5051
f 5051 5083 5052
f 5083 5084 5052
f 5052 5084 5085
f 5052 5085 5053
f 5053 5085 5086
f 5053 5086 5054
f 5054 5086 5087
f 5054 5087 5055
f 5055 5087 5088
f 5055 5088 5056
f 5056 5088 5089
f 5056 5089 5057
f 5057 5089 5090
f 5057 5090 5058
f 5058 5090 5091
f 5058 5091 5059
f 5059 5091 5060
f 5059 5060 5028
f 5060 5092 5061
f 5092 5093 5061
f 5061 5093 5062
f 5093 5094 5062
f 5062 5094 5063
f 5094 5095 5063
f 5063 5095 5064
f 5095 5096 5064
f 5064 5096 5065
f 5096 5097 5065
f 5065 5097 5066
f 5097 5098 5066
f 5066 5098 5067
f 5098 5099 5067
f 5067 5099 5068
f 5099 5100 5068
f 5068 5100 5101
f 5068 5101 5069
f 5069 5101 5102
f 5069 5102 5070
f 5070 5102 5103
f 5070 5103 5071
f 5071 5103 5104
f 5071 5104 5072
f 5072 5104 5105
f 5072 5105 5073
f 5073 5105 5106
f 5073 5106 5074
f 5074 5106 5107
f 5074 5107 5075
f 5075 5107 5108
f 5075 5108 5076
f 5076 5108 5077
f 5108 5109 5077
f 5077 5109 5078
f 5109 5110 5078
f 5078 5110 5079
f 5110 5111 5079
f 5079 5111 5080
f 5111 5112 5080
f 5080 5112 5081
f 5112 5113 5081
f 5081 5113 5082
f 5113 5114 5082
f 5082 5114 5083
f 5114 5115 5083
f 5083 5115 5084
f 5115 5116 5084
f 5084 5116 5117
f 5084 5117 5085
f 5085 5117 5118
f 5085 5118 5086
f 5086 5118 5119
f 5086 5119 5087
f 5087 5119 5120
f 5087 5120 5088
f 5088 5120 5121
f 5088 5121 5089
f 5089 5121 5122
f 5089 5122 5090
f 5090 5122 5123
f 5090 5123 5091
f 5091 5123 5092
f 5091 5092 5060
f 5092 5124 5093
f 5124 5125 5093
f 5093 5125 5094
f 5125 5126 5094
f 5094 5126 5095
f 5126 5127 5095
f 5095 5127 5096
f 5127 5128 5096
f 5096 5128 5097
f 5128 5129 5097
f 5097 5129 5098
f 5129 5130 5098
f 5098 5130 5099
f 5130 5131 5099
f 5099 5131 5100
f 5131 5132 5100
f 5100 5132 5133
f 5100 5133 5101
f 5101 5133 5134
f 5101 5134 5102
f 5102 5134 5135
f 5102 5135 5103
f 5103 5135 5136
f 5103 5136 5104
f 5104 5136 5137
f 5104 5137 5105
f 5105 5137 5138
f 5105 5138 5106
f 5106 5138 5139
f 5106 5139 5107
f 5107 5139 5140
f 5107 5140 5108
f 5108 5140 5109
f 5140 5141 5109
f 5109 5141 5110
f 5141 5142 5110
f 5110 5142 5111
f 5142 5143 5111
f 5111 5143 5112
f 5143 5144 5112
f 5112 5144 5113
f 5144 5145 5113
f 5113 5145 5114
f 5145 5146 5114
f 5114 5146 5115
f 5146 5147 5115
f 5115 5147 5116
f 5147 5148 5116
f 5116 5148 5149
f 5116 5149 5117
f 5117 5149 5150
f 5117 5150 5118
f 5118 5150 5151
f 5118 5151 5119
f 5119 5151 5152
f 5119 5152 5120
f 5120 5152 5153
f 5120 5153 5121
f 5121 5153 5154
f 5121 5154 5122
f 5122 5154 5155
f 5122 5155 5123
f 5123 5155 5124
f 5123 5124 5092
f 5124 5156 5157
f 5124 5157 5125
f 5125 5157 5158
f 5125 5158 5126
f 5126 5158 5159
f 5126 5159 5127
f 5127 5159 5160
f 5127 5160 5128
f 5128 5160 5161
f 5128 5161 5129
f 5129 5161 5162
f 5129 5162 5130
f 5130 5162 5163
f 5130 5163 5131
f 5131 5163 5164
f 5131 5164 5132
f 5132 5164 5133
f 5164 5165 5133
f 5133 5165 5134
f 5165 5166 5134
f 5134 5166 5135
f 5166 5167 5135
f 5135 5167 5136
f 5167 5168 5136
f 5136 5168 5137
f 5168 5169 5137
f 5137 5169 5138
f 5169 5170 5138
f 5138 5170 5139
f 5170 5171 5139
f 5139 5171 5140
f 5171 5172 5140
f 5140 5172 5173
f 5140 5173 5141
f 5141 5173 5174
f 5141 5174 5142
f 5142 5174 5175
f 5142 5175 5143
f 5143 5175 5176
f 5143 5176 5144
f 5144 5176 5177
f 5144 5177 5145
f 5145 5177 5178
f 5145 5178 5146
f 5146 5178 5179
f 5146 5179 5147
f 5147 5179 5180
f 5147 5180 5148
f 5148 5180 5149
f 5180 5181 5149
f 5149 5181 5150
f 5181 5182 5150
f 5150 5182 5151
f 5182 5183 5151
f 5151 5183 5152
f 5183 5184 5152
f 5152 5184 5153
f 5184 5185 5153
f 5153 5185 5154
f 5185 5186 5154
f 5154 5186 5155
f 5186 5187 5155
f 5155 5187 5124
f 5187 5156 5124
f 5156 5188 5189
f 5156 5189 5157
f 5157 5189 5190
f 5157 5190 5158
f 5158 5190 5191
f 5158 5191 5159
f 5159 5191 5192
f 5159 5192 5160
f 5160 5192 5193
f 5160 5193 5161
f 5161 5193 5194
f 5161 5194 5162
f 5162 5194 5195
f 5162 5195 5163
f 5163 5195 5196
f 5163 5196 5164
f 5164 5196 5165
f 5196 5197 5165
f 5165 5197 5166
f 5197 5198 5166
f 5166 5198 5167
f 5198 5199 5167
f 5167 5199 5168
f 5199 5200 5168
f 5168 5200 5169
f 5200 5201 5169
f 5169 5201 5170
f 5201 5202 5170
f 5170 5202 5171
f 5202 5203 5171
f 5171 5203 5172
f 5203 5204 5172
f 5172 5204 5205
f 5172 5205 5173
f 5173 5205 5206
f 5173 5206 5174
f 5174 5206 5207
f 5174 5207 5175
f 5175 5207 5208
f 5175 5208 5176
f 5176 5208 5209
f 5176 5209 5177
f 5177 5209 5210
f 5177 5210 5178
f 5178 5210 5211
f 5178 5211 5179
f 5179 5211 5212
f 5179 5212 5180
f 5180 5212 5181
f 5212 5213 5181
f 5181 5213 5182
f 5213 5214 5182
f 5182 5214 5183
f 5214 5215 5183
f 5183 5215 5184
f 5215 5216 5184
f 5184 5216 5185
f 5216 5217 5185
f 5185 5217 5186
f 5217 5218 5186
f 5186 5218 5187
f 5218 5219 5187
f 5187 5219 5156
f 5219 5188 5156
f 5188 5220 5221
f 5188 5221 5189
f 5189 5221 5222
f 5189 5222 5190
f 5190 5222 5223
f 5190 5223 5191
f 5191 5223 5224
f 5191 5224 5192
f 5192 5224 5225
f 5192 5225 5193
f 5193 5225 5226
f 5193 5226 5194
f 5194 5226 5227
f 5194 5227 5195
f 5195 5227 5228
f 5195 5228 5196
f 5196 5228 5197
f 5228 5229 5197
f 5197 5229 5198
f 5229 5230 5198
f 5198 5230 5199
f 5230 5231 5199
f 5199 5231 5200
f 5231 5232 5200
f 5200 5232 5201
f 5232 5233 5201
f 5201 5233 5202
f 5233 5234 5202
f 5202 5234 5203
f 5234 5235 5203
f 5203 5235 5204
f 5235 5236 5204
f 5204 5236 5237
f 5204 5237 5205
f 5205 5237 5238
f 5205 5238 5206
f 5206 5238 5239
f 5206 5239 5207
f 5207 5239 5240
f 5207 5240 5208
f 5208 5240 5241
f 5208 5241 5209
f 5209 5241 5242
f 5209 5242 5210
f 5210 5242 5243
f 5210 5243 5211
f 5211 5243 5244
f 5211 5244 5212
f 5212 5244 5213
f 5244 5245 5213
f 5213 5245 5214
f 5245 5246 5214
f 5214 5246 5215
f 5246 5247 5215
f 5215 5247 5216
f 5247 5248 5216
f 5216 5248 5217
f 5248 5249 5217
f 5217 5249 5218
f 5249 5250 5218
f 5218 5250 5219
f 5250 5251 5219
f 5219 5251 5188
f 5251 5220 5188
f 5220 5252 5253
f 5220 5253 5221
f 5221 5253 5254
f 5221 5254 5222
f 5222 5254 5255
f 5222 5255 5223
f 5223 5255 5256
f 5223 5256 5224
f 5224 5256 5257
f 5224 5257 5225
f 5225 5257 5258
f 5225 5258 5226
f 5226 5258 5259
f 5226 5259 5227
f 5227 5259 5260
f 5227 5260 5228
f 5228 5260 5229
f 5260 5261 5229
f 5229 5261 5230
f 5261 5262 5230
f 5230 5262 5231
f 5262 5263 5231
f 5231 5263 5232
f 5263 5264 5232
f 5232 5264 5233
f 5264 5265 5233
f 5233 5265 5234
f 5265 5266 5234
f 5234 5266 5235
f 5266 5267 5235
f 5235 5267 5236
f 5267 5268 5236
f 5236 5268 5269
f 5236 5269 5237
f 5237 5269 5270
f 5237 5270 5238
f 5238 5270 5271
f 5238 5271 5239
f 5239 5271 5272
f 5239 5272 5240
f 5240 5272 5273
f 5240 5273 5241
f 5241 5273 5274
f 5241 5274 5242
f 5242 5274 5275
f 5242 5275 5243
f 5243 5275 5276
f 5243 5276 5244
f 5244 5276 5245
f 5276 5277 5245
f 5245 5277 5246
f 5277 5278 5246
f 5246 5278 5247
f 5278 5279 5247
f 5247 5279 5248
f 5279 5280 5248
f 5248 5280 5249
f 5280 5281 5249
f 5249 5281 5250
f 5281 5282 5250
f 5250 5282 5251
f 5282 5283 5251
f 5251 5283 5220
f 5283 5252 5220
f 5252 5284 5285
f 5252 5285 5253
f 5253 5285 5286
f 5253 5286 5254
f 5254 5286 5287
f 5254 5287 5255
f 5255 5287 5288
f 5255 5288 5256
f 5256 5288 5289
f 5256 5289 5257
f 5257 5289 5290
f 5257 5290 5258
f 5258 5290 5291
f 5258 5291 5259
f 5259 5291 5292
f 5259 5292 5260
f 5260 5292 5261
f 5292 5293 5261
f 5261 5293 5262
f 5293 5294 5262
f 5262 5294 5263
f 5294 5295 5263
f 5263 5295 5264
f 5295 5296 5264
f 5264 5296 5265
f 5296 5297 5265
f 5265 5297 5266
f 5297 5298 5266
f 5266 5298 5267
f 5298 5299 5267
f 5267 5299 5268
f 5299 5300 5268
f 5268 5300 5301
f 5268 5301 5269
f 5269 5301 5302
f 5269 5302 5270
f 5270 5302 5303
f 5270 5303 5271
f 5271 5303 5304
f 5271 5304 5272
f 5272 5304 5305
f 5272 5305 5273
f 5273 5305 5306
f 5273 5306 5274
f 5274 5306 5307
f 5274 5307 5275
f 5275 5307 5308
f 5275 5308 5276
f 5276 5308 5277
f 5308 5309 5277
f 5277 5309 5278
f 5309 5310 5278
f 5278 5310 5279
f 5310 5311 5279
f 5279 5311 5280
f 5311 5312 5280
f 5280 5312 5281
f 5312 5313 5281
f 5281 5313 5282
f 5313 5314 5282
f 5282 5314 5283
f 5314 5315 5283
f 5283 5315 5252
f 5315 5284 5252
f 5284 5316 5317
f 5284 5317 5285
f 5285 5317 5318
f 5285 5318 5286
f 5286 5318 5319
f 5286 5319 5287
f 5287 5319 5320
f 5287 5320 5288
f 5288 5320 5321
f 5288 5321 5289
f 5289 5321 5322
f 5289 5322 5290
f 5290 5322 5323
f 5290 5323 5291
f 5291 5323 5324
f 5291 5324 5292
f 5292 5324 5293
f 5324 5325 5293
f 5293 5325 5294
f 5325 5326 5294
f 5294 5326 5295
f 5326 5327 5295
f 5295 5327 5296
f 5327 5328 5296
f 5296 5328 5297
f 5328 5329 5297
f 5297 5329 5298
f 5329 5330 5298
f 5298 5330 5299
f 5330 5331 5299
f 5299 5331 5300
f 5331 5332 5300
f 5300 5332 5333
f 5300 5333 5301
f 5301 5333 5334
f 5301 5334 5302
f 5302 5334 5335
f 5302 5335 5303
f 5303 5335 5336
f 5303 5336 5304
f 5304 5336 5337
f 5304 5337 5305
f 5305 5337 5338
f 5305 5338 5306
f 5306 5338 5339
f 5306 5339 5307
f 5307 5339 5340
f 5307 5340 5308
f 5308 5340 5309
f 5340 5341 5309
f 5309 5341 5310
f 5341 5342 5310
f 5310 5342 5311
f 5342 5343 5311
f 5311 5343 5312
f 5343 5344 5312
f 5312 5344 5313
f 5344 5345 5313
f 5313 5345 5314
f 5345 5346 5314
f 5314 5346 5315
f 5346 5347 5315
f 5315 5347 5284
f 5347 5316 5284
f 5316 5348 5349
f 5316 5349 5317
f 5317 5349 5350
f 5317 5350 5318
f 5318 5350 5351
f 5318 5351 5319
f 5319 5351 5352
f 5319 5352 5320
f 5320 5352 5353
f 5320 5353 5321
f 5321 5353 5354
f 5321 5354 5322
f 5322 5354 5355
f 5322 5355 5323
f 5323 5355 5356
f 5323 5356 5324
f 5324 5356 5325
f 5356 5357 5325
f 5325 5357 5326
f 5357 5358 5326
f 5326 5358 5327
f 5358 5359 5327
f 5327 5359 5328
f 5359 5360 5328
f 5328 5360 5329
f 5360 5361 5329
f 5329 5361 5330
f 5361 5362 5330
f 5330 5362 5331
f 5362 5363 5331
f 5331 5363 5332
f 5363 5364 5332
f 5332 5364 5365
f 5332 5365 5333
f 5333 5365 5366
f 5333 5366 5334
f 5334 5366 5367
f 5334 5367 5335
f 5335 5367 5368
f 5335 5368 5336
f 5336 5368 5369
f 5336 5369 5337
f 5337 5369 5370
f 5337 5370 5338
f 5338 5370 5371
f 5338 5371 5339
f 5339 5371 5372
f 5339 5372 5340
f 5340 5372 5341
f 5372 5373 5341
f 5341 5373 5342
f 5373 5374 5342
f 5342 5374 5343
f 5374 5375 5343
f 5343 5375 5344
f 5375 5376 5344
f 5344 5376 5345
f 5376 5377 5345
f 5345 5377 5346
f 5377 5378 5346
f 5346 5378 5347
f 5378 5379 5347
f 5347 5379 5316
f 5379 5348 5316
f 5348 5380 5349
f 5349 5380 5381
f 5349 5381 5350
f 5350 5381 5382
f 5350 5382 5351
f 5351 5382 5383
f 5351 5383 5352
f 5352 5383 5384
f 5352 5384 5353
f 5353 5384 5385
f 5353 5385 5354
f 5354 5385 5386
f 5354 5386 5355
f 5355 5386 5387
f 5355 5387 5356
f 5356 5387 5357
f 5387 5388 5357
f 5357 5388 5358
f 5388 5389 5358
f 5358 5389 5359
f 5389 5390 5359
f 5359 5390 5360
f 5390 5391 5360
f 5360 5391 5361
f 5391 5392 5361
f 5361 5392 5362
f 5392 5393 5362
f 5362 5393 5363
f 5393 5394 5363
f 5363 5394 5364
f 5364 5395 5365
f 5365 5395 5396
f 5365 5396 5366
f 5366 5396 5397
f 5366 5397 5367
f 5367 5397 5398
f 5367 5398 5368
f 5368 5398 5399
f 5368 5399 5369
f 5369 5399 5400
f 5369 5400 5370
f 5370 5400 5401
f 5370 5401 5371
f 5371 5401 5402
f 5371 5402 5372
f 5372 5402 5373
f 5402 5403 5373
f 5373 5403 5374
f 5403 5404 5374
f 5374 5404 5375
f 5404 5405 5375
f 5375 5405 5376
f 5405 5406 5376
f 5376 5406 5377
f 5406 5407 5377
f 5377 5407 5378
f 5407 5408 5378
f 5378 5408 5379
f 5408 5409 5379
f 5379 5409 5348
f 5348 5410 5380
f 5380 5410 5411
f 5380 5411 5381
f 5381 5411 5412
f 5381 5412 5382
f 5382 5412 5413
f 5382 5413 5383
f 5383 5413 5414
f 5383 5414 5384
f 5384 5414 5415
f 5384 5415 5385
f 5385 5415 5416
f 5385 5416 5386
f 5386 5416 5417
f 5386 5417 5387
f 5387 5417 5388
f 5417 5418 5388
f 5388 5418 5389
f 5418 5419 5389
f 5389 5419 5390
f 5419 5420 5390
f 5390 5420 5391
f 5420 5421 5391
f 5391 5421 5392
f 5421 5422 5392
f 5392 5422 5393
f 5422 5423 5393
f 5393 5423 5394
f 5423 5424 5394
f 5394 5424 5364
f 5364 5424 5395
f 5395 5424 5423
f 5395 5423 5396
f 5396 5423 5422
f 5396 5422 5397
f 5397 5422 5421
f 5397 5421 5398
f 5398 5421 5420
f 5398 5420 5399
f 5399 5420 5419
f 5399 5419 5400
f 5400 5419 5418
f 5400 5418 5401
f 5401 5418 5417
f 5401 5417 5402
f 5402 5417 5403
f 5417 5416 5403
f 5403 5416 5404
f 5416 5415 5404
f 5404 5415 5405
f 5415 5414 5405
f 5405 5414 5406
f 5414 5413 5406
f 5406 5413 5407
f 5413 5412 5407
f 5407 5412 5408
f 5412 5411 5408
f 5408 5411 5409
f 5411 5410 5409
f 5409 5410 5348
f 5425 5426 4056
f 5426 5427 4056
f 5427 5428 4056
f 5428 5429 4056
f 4056 5429 5430
f 4056 5430 5431
f 4056 5431 5432
f 4056 5432 5433
f 5433 5434 4056
f 5434 5435 4056
f 5435 5436 4056
f 5436 5437 4056
f 4056 5437 5438
f 4056 5438 5439
f 4056 5439 5440
f 4056 5440 5425
f 5425 5441 5426
f 5441 5442 5426
f 5426 5442 5427
f 5442 5443 5427
f 5427 5443 5428
f 5443 5444 5428
f 5428 5444 5429
f 5444 5445 5429
f 5429 5445 5446
f 5429 5446 5430
f 5430 5446 5447
f 5430 5447 5431
f 5431 5447 5448
f 5431 5448 5432
f 5432 5448 5449
f 5432 5449 5433
f 5433 5449 5434
f 5449 5450 5434
f 5434 5450 5435
f 5450 5451 5435
f 5435 5451 5436
f 5451 5452 5436
f 5436 5452 5437
f 5452 5453 5437
f 5437 5453 5454
f 5437 5454 5438
f 5438 5454 5455
f 5438 5455 5439
f 5439 5455 5456
f 5439 5456 5440
f 5440 5456 5441
f 5440 5441 5425
f 5441 5457 5442
f 5457 5458 5442
f 5442 5458 5443
f 5458 5459 5443
f 5443 5459 5444
f 5459 5460 5444
f 5444 5460 5445
f 5460 5461 5445
f 5445 5461 5462
f 5445 5462 5446
f 5446 5462 5463
f 5446 5463 5447
f 5447 5463 5464
f 5447 5464 5448
f 5448 5464 5465
f 5448 5465 5449
f 5449 5465 5450
f 5465 5466 5450
f 5450 5466 5451
f 5466 5467 5451
f 5451 5467 5452
f 5467 5468 5452
f 5452 5468 5453
f 5468 5469 5453
f 5453 5469 5470
f 5453 5470 5454
f 5454 5470 5471
f 5454 5471 5455
f 5455 5471 5472
f 5455 5472 5456
f 5456 5472 5457
f 5456 5457 5441
f 5457 5473 5458
f 5473 5474 5458
f 5458 5474 5459
f 5474 5475 5459
f 5459 5475 5460
f 5475 5476 5460
f 5460 5476 5461
f 5476 5477 5461
f 5461 5477 5478
f 5461 5478 5462
f 5462 5478 5479
f 5462 5479 5463
f 5463 5479 5480
f 5463 5480 5464
f 5464 5480 5481
f 5464 5481 5465
f 5465 5481 5466
f 5481 5482 5466
f 5466 5482 5467
f 5482 5483 5467
f 5467 5483 5468
f 5483 5484 5468
f 5468 5484 5469
f 5484 5485 5469
f 5469 5485 5486
f 5469 5486 5470
f 5470 5486 5487
f 5470 5487 5471
f 5471 5487 5488
f 5471 5488 5472
f 5472 5488 5473
f 5472 5473 5457
f 5473 5489 5474
f 5489 5490 5474
f 5474 5490 5475
f 5490 5491 5475
f 5475 5491 5476
f 5491 5492 5476
f 5476 5492 5477
f 5492 5493 5477
f 5477 5493 5494
f 5477 5494 5478
f 5478 5494 5495
f 5478 5495 5479
f 5479 5495 5496
f 5479 5496 5480
f 5480 5496 5497
f 5480 5497 5481
f 5481 5497 5482
f 5497 5498 5482
f 5482 5498 5483
f 5498 5499 5483
f 5483 5499 5484
f 5499 5500 5484
f 5484 5500 5485
f 5500 5501 5485
f 5485 5501 5502
f 5485 5502 5486
f 5486 5502 5503
f 5486 5503 5487
f 5487 5503 5504
f 5487 5504 5488
f 5488 5504 5489
f 5488 5489 5473
f 5489 5505 5490
f 5505 5506 5490
f 5490 5506 5491
f 5506 5507 5491
f 5491 5507 5492
f 5507 5508 5492
f 5492 5508 5493
f 5508 5509 5493
f 5493 5509 5510
f 5493 5510 5494
f 5494 5510 5511
f 5494 5511 5495
f 5495 5511 5512
f 5495 5512 5496
f 5496 5512 5513
f 5496 5513 5497
f 5497 5513 5498
f 5513 5514 5498
f 5498 5514 5499
f 5514 5515 5499
f 5499 5515 5500
f 5515 5516 5500
f 5500 5516 5501
f 5516 5517 5501
f 5501 5517 5518
f 5501 5518 5502
f 5502 5518 5519
f 5502 5519 5503
f 5503 5519 5520
f 5503 5520 5504
f 5504 5520 5505
f 5504 5505 5489
f 5505 5521 5506
f 5521 5522 5506
f 5506 5522 5507
f 5522 5523 5507
f 5507 5523 5508
f 5523 5524 5508
f 5508 5524 5509
f 5524 5525 5509
f 5509 5525 5526
f 5509 5526 5510
f 5510 5526 5527
f 5510 5527 5511
f 5511 5527 5528
f 5511 5528 5512
f 5512 5528 5529
f 5512 5529 5513
f 5513 5529 5514
f 5529 5530 5514
f 5514 5530 5515
f 5530 5531 5515
f 5515 5531 5516
f 5531 5532 5516
f 5516 5532 5517
f 5532 5533 5517
f 5517 5533 5534
f 5517 5534 5518
f 5518 5534 5535
f 5518 5535 5519
f 5519 5535 5536
f 5519 5536 5520
f 5520 5536 5521
f 5520 5521 5505
f 5521 5537 5522
f 5537 5538 5522
f 5522 5538 5523
f 5538 5539 5523
f 5523 5539 5524
f 5539 5540 5524
f 5524 5540 5525
f 5540 5541 5525
f 5525 5541 5542
f 5525 5542 5526
f 5526 5542 5543
f 5526 5543 5527
f 5527 5543 5544
f 5527 5544 5528
f 5528 5544 5545
f 5528 5545 5529
f 5529 5545 5530
f 5545 5546 5530
f 5530 5546 5531
f 5546 5547 5531
f 5531 5547 5532
f 5547 5548 5532
f 5532 5548 5533
f 5548 5549 5533
f 5533 5549 5550
f 5533 5550 5534
f 5534 5550 5551
f 5534 5551 5535
f 5535 5551 5552
f 5535 5552 5536
f 5536 5552 5537
f 5536 5537 5521
f 5537 5553 5538
f 5553 5554 5538
f 5538 5554 5539
f 5554 5555 5539
f 5539 5555 5540
f 5555 5556 5540
f 5540 5556 5541
f 5556 5557 5541
f 5541 5557 5558
f 5541 5558 5542
f 5542 5558 5559
f 5542 5559 5543
f 5543 5559 5560
f 5543 5560 5544
f 5544 5560 5561
f 5544 5561 5545
f 5545 5561 5546
f 5561 5562 5546
f 5546 5562 5547
f 5562 5563 5547
f 5547 5563 5548
f 5563 5564 5548
f 5548 5564 5549
f 5564 5565 5549
f 5549 5565 5566
f 5549 5566 5550
f 5550 5566 5567
f 5550 5567 5551
f 5551 5567 5568
f 5551 5568 5552
f 5552 5568 5553
f 5552 5553 5537
f 5553 5569 5554
f 5569 5570 5554
f 5554 5570 5555
f 5570 5571 5555
f 5555 5571 5556
f 5571 5572 5556
f 5556 5572 5557
f 5572 5573 5557
f 5557 5573 5574
f 5557 5574 5558
f 5558 5574 5575
f 5558 5575 5559
f 5559 5575 5576
f 5559 5576 5560
f 5560 5576 5577
f 5560 5577 5561
f 5561 5577 5562
f 5577 5578 5562
f 5562 5578 5563
f 5578 5579 5563
f 5563 5579 5564
f 5579 5580 5564
f 5564 5580 5565
f 5580 5581 5565
f 5565 5581 5582
f 5565 5582 5566
f 5566 5582 5583
f 5566 5583 5567
f 5567 5583 5584
f 5567 5584 5568
f 5568 5584 5569
f 5568 5569 5553
f 5569 5585 5586
f 5569 5586 5570
f 5570 5586 5587
f 5570 5587 5571
f 5571 5587 5588
f 5571 5588 5572
f 5572 5588 5589
f 5572 5589 5573
f 5573 5589 5574
f 5589 5590 5574
f 5574 5590 5575
f 5590 5591 5575
f 5575 5591 5576
f 5591 5592 5576
f 5576 5592 5577
f 5592 5593 5577
f 5577 5593 5594
f 5577 5594 5578
f 5578 5594 5595
f 5578 5595 5579
f 5579 5595 5596
f 5579 5596 5580
f 5580 5596 5597
f 5580 5597 5581
f 5581 5597 5582
f 5597 5598 5582
f 5582 5598 5583
f 5598 5599 5583
f 5583 5599 5584
f 5599 5600 5584
f 5584 5600 5569
f 5600 5585 5569
f 5585 5601 5602
f 5585 5602 5586
f 5586 5602 5603
f 5586 5603 5587
f 5587 5603 5604
f 5587 5604 5588
f 5588 5604 5605
f 5588 5605 5589
f 5589 5605 5590
f 5605 5606 5590
f 5590 5606 5591
f 5606 5607 5591
f 5591 5607 5592
f 5607 5608 5592
f 5592 5608 5593
f 5608 5609 5593
f 5593 5609 5610
f 5593 5610 5594
f 5594 5610 5611
f 5594 5611 5595
f 5595 5611 5612
f 5595 5612 5596
f 5596 5612 5613
f 5596 5613 5597
f 5597 5613 5598
f 5613 5614 5598
f 5598 5614 5599
f 5614 5615 5599
f 5599 5615 5600
f 5615 5616 5600
f 5600 5616 5585
f 5616 5601 5585
f 5601 5617 5618
f 5601 5618 5602
f 5602 5618 5619
f 5602 5619 5603
f 5603 5619 5620
f 5603 5620 5604
f 5604 5620 5621
f 5604 5621 5605
f 5605 5621 5606
f 5621 5622 5606
f 5606 5622 5607
f 5622 5623 5607
f 5607 5623 5608
f 5623 5624 5608
f 5608 5624 5609
f 5624 5625 5609
f 5609 5625 5626
f 5609 5626 5610
f 5610 5626 5627
f 5610 5627 5611
f 5611 5627 5628
f 5611 5628 5612
f 5612 5628 5629
f 5612 5629 5613
f 5613 5629 5614
f 5629 5630 5614
f 5614 5630 5615
f 5630 5631 5615
f 5615 5631 5616
f 5631 5632 5616
f 5616 5632 5601
f 5632 5617 5601
f 5617 5633 5634
f 5617 5634 5618
f 5618 5634 5635
f 5618 5635 5619
f 5619 5635 5636
f 5619 5636 5620
f 5620 5636 5637
f 5620 5637 5621
f 5621 5637 5622
f 5637 5638 5622
f 5622 5638 5623
f 5638 5639 5623
f 5623 5639 5624
f 5639 5640 5624
f 5624 5640 5625
f 5640 5641 5625
f 5625 5641 5642
f 5625 5642 5626
f 5626 5642 5643
f 5626 5643 5627
f 5627 5643 5644
f 5627 5644 5628
f 5628 5644 5645
f 5628 5645 5629
f 5629 5645 5630
f 5645 5646 5630
f 5630 5646 5631
f 5646 5647 5631
f 5631 5647 5632
f 5647 5648 5632
f 5632 5648 5617
f 5648 5633 5617
f 5633 5649 5650
f 5633 5650 5634
f 5634 5650 5651
f 5634 5651 5635
f 5635 5651 5652
f 5635 5652 5636
f 5636 5652 5653
f 5636 5653 5637
f 5637 5653 5638
f 5653 5654 5638
f 5638 5654 5639
f 5654 5655 5639
f 5639 5655 5640
f 5655 5656 5640
f 5640 5656 5641
f 5656 5657 5641
f 5641 5657 5658
f 5641 5658 5642
f 5642 5658 5659
f 5642 5659 5643
f 5643 5659 5660
f 5643 5660 5644
f 5644 5660 5661
f 5644 5661 5645
f 5645 5661 5646
f 5661 5662 5646
f 5646 5662 5647
f 5662 5663 5647
f 5647 5663 5648
f 5663 5664 5648
f 5648 5664 5633
f 5664 5649 5633
f 5649 5665 5666
f 5649 5666 5650
f 5650 5666 5667
f 5650 5667 5651
f 5651 5667 5668
f 5651 5668 5652
f 5652 5668 5669
f 5652 5669 5653
f 5653 5669 5654
f 5669 5670 5654
f 5654 5670 5655
f 5670 5671 5655
f 5655 5671 5656
f 5671 5672 5656
f 5656 5672 5657
f 5672 5673 5657
f 5657 5673 5674
f 5657 5674 5658
f 5658 5674 5675
f 5658 5675 5659
f 5659 5675 5676
f 5659 5676 5660
f 5660 5676 5677
f 5660 5677 5661
f 5661 5677 5662
f 5677 5678 5662
f 5662 5678 5663
f 5678 5679 5663
f 5663 5679 5664
f 5679 5680 5664
f 5664 5680 5649
f 5680 5665 5649
f 5665 5681 5682
f 5665 5682 5666
f 5666 5682 5683
f 5666 5683 5667
f 5667 5683 5684
f 5667 5684 5668
f 5668 5684 5685
f 5668 5685 5669
f 5669 5685 5670
f 5685 5686 5670
f 5670 5686 5671
f 5686 5687 5671
f 5671 5687 5672
f 5687 5688 5672
f 5672 5688 5673
f 5688 5689 5673
f 5673 5689 5690
f 5673 5690 5674
f 5674 5690 5691
f 5674 5691 5675
f 5675 5691 5692
f 5675 5692 5676
f 5676 5692 5693
f 5676 5693 5677
f 5677 5693 5678
f 5693 5694 5678
f 5678 5694 5679
f 5694 5695 5679
f 5679 5695 5680
f 5695 5696 5680
f 5680 5696 5665
f 5696 5681 5665
f 5681 5697 5698
f 5681 5698 5682
f 5682 5698 5699
f 5682 5699 5683
f 5683 5699 5700
f 5683 5700 5684
f 5684 5700 5701
f 5684 5701 5685
f 5685 5701 5686
f 5701 5702 5686
f 5686 5702 5687
f 5702 5703 5687
f 5687 5703 5688
f 5703 5704 5688
f 5688 5704 5689
f 5704 5705 5689
f 5689 5705 5706
f 5689 5706 5690
f 5690 5706 5707
f 5690 5707 5691
f 5691 5707 5708
f 5691 5708 5692
f 5692 5708 5709
f 5692 5709 5693
f 5693 5709 5694
f 5709 5710 5694
f 5694 5710 5695
f 5710 5711 5695
f 5695 5711 5696
f 5711 5712 5696
f 5696 5712 5681
f 5712 5697 5681
f 5697 5713 5714
f 5697 5714 5698
f 5698 5714 5715
f 5698 5715 5699
f 5699 5715 5716
f 5699 5716 5700
f 5700 5716 5717
f 5700 5717 5701
f 5701 5717 5702
f 5717 5718 5702
f 5702 5718 5703
f 5718 5719 5703
f 5703 5719 5704
f 5719 5720 5704
f 5704 5720 5705
f 5720 5721 5705
f 5705 5721 5722
f 5705 5722 5706
f 5706 5722 5723
f 5706 5723 5707
f 5707 5723 5724
f 5707 5724 5708
f 5708 5724 5725
f 5708 5725 5709
f 5709 5725 5710
f 5725 5726 5710
f 5710 5726 5711
f 5726 5727 5711
f 5711 5727 5712
f 5727 5728 5712
f 5712 5728 5697
f 5728 5713 5697
f 5713 5729 5714
f 5714 5729 5715
f 5715 5729 5716
f 5716 5729 5717
f 5717 5729 5718
f 5718 5729 5719
f 5719 5729 5720
f 5720 5729 5721
f 5721 5729 5722
f 5722 5729 5723
f 5723 5729 5724
f 5724 5729 5725
f 5725 5729 5726
f 5726 5729 5727
f 5727 5729 5728
f 5728 5729 5713
f 5730 5731 5732
f 5731 5733 5732
f 5732 5733 5734
f 5733 5735 5734
f 5734 5735 5736
f 5735 5737 5736
f 5736 5737 5738
f 5737 5739 5738
f 5738 5739 5740
f 5739 5741 5740
f 5740 5741 5742
f 5741 5743 5742
f 5742 5743 5744
f 5743 5745 5744
f 5744 5745 5746
f 5745 5747 5746
f 5745 5748 5747
f 5748 5749 5747
f 5748 5750 5749
f 5750 5751 5749
f 5750 5752 5751
f 5752 5753 5751
f 5752 5754 5753
f 5754 5755 5753
f 5754 5756 5755
f 5756 5757 5755
f 5756 5758 5757
f 5758 5759 5757
f 5758 5760 5759
f 5760 4056 5759
f 4056 5760 5761
f 5760 5758 5761
f 5761 5758 5762
f 5758 5756 5762
f 5762 5756 5763
f 5756 5754 5763
f 5763 5754 5764
f 5754 5752 5764
f 5764 5752 5765
f 5752 5750 5765
f 5765 5750 5766
f 5750 5748 5766
f 5766 5748 5767
f 5748 5745 5767
f 5767 5745 5768
f 5745 5769 5768
f 5745 5743 5769
f 5743 5770 5769
f 5743 5741 5770
f 5741 5771 5770
f 5741 5739 5771
f 5739 5772 5771
f 5739 5737 5772
f 5737 5773 5772
f 5737 5735 5773
f 5735 5774 5773
f 5735 5733 5774
f 5733 5775 5774
f 5733 5731 5775
f 5731 5730 5775
f 5730 5732 5776
f 5732 5734 5776
f 5776 5734 5777
f 5734 5736 5777
f 5777 5736 5778
f 5736 5738 5778
f 5778 5738 5779
f 5738 5740 5779
f 5779 5740 5780
f 5740 5742 5780
f 5780 5742 5781
f 5742 5744 5781
f 5781 5744 5782
f 5744 5746 5782
f 5782 5746 5783
f 5746 5784 5783
f 5746 5747 5784
f 5747 5785 5784
f 5747 5749 5785
f 5749 5786 5785
f 5749 5751 5786
f 5751 5787 5786
f 5751 5753 5787
f 5753 5788 5787
f 5753 5755 5788
f 5755 5789 5788
f 5755 5757 5789
f 5757 5790 5789
f 5757 5759 5790
f 5759 4056 5790
f 4056 5761 5791
f 5761 5762 5791
f 5791 5762 5792
f 5762 5763 5792
f 5792 5763 5793
f 5763 5764 5793
f 5793 5764 5794
f 5764 5765 5794
f 5794 5765 5795
f 5765 5766 5795
f 5795 5766 5796
f 5766 5767 5796
f 5796 5767 5797
f 5767 5768 5797
f 5797 5768 5798
f 5768 5799 5798
f 5768 5769 5799
f 5769 5800 5799
f 5769 5770 5800
f 5770 5801 5800
f 5770 5771 5801
f 5771 5802 5801
f 5771 5772 5802
f 5772 5803 5802
f 5772 5773 5803
f 5773 5804 5803
f 5773 5774 5804
f 5774 5805 5804
f 5774 5775 5805
f 5775 5730 5805
f 5730 5776 5806
f 5806 5776 5807
f 5776 5777 5807
f 5807 5777 5808
f 5777 5778 5808
f 5808 5778 5809
f 5778 5779 5809
f 5809 5779 5810
f 5779 5780 5810
f 5810 5780 5811
f 5780 5781 5811
f 5811 5781 5812
f 5781 5782 5812
f 5812 5782 5813
f 5782 5783 5813
f 5813 5783 5814
f 5783 5815 5814
f 5783 5784 5815
f 5784 5816 5815
f 5784 5785 5816
f 5785 5817 5816
f 5785 5786 5817
f 5786 5818 5817
f 5786 5787 5818
f 5787 5819 5818
f 5787 5788 5819
f 5788 5820 5819
f 5788 5789 5820
f 5789 5821 5820
f 5789 5790 5821
f 5790 5822 5821
f 5790 4056 5822
f 4056 5791 5822
f 5822 5791 5823
f 5791 5792 5823
f 5823 5792 5824
f 5792 5793 5824
f 5824 5793 5825
f 5793 5794 5825
f 5825 5794 5826
f 5794 5795 5826
f 5826 5795 5827
f 5795 5796 5827
f 5827 5796 5828
f 5796 5797 5828
f 5828 5797 5829
f 5797 5798 5829
f 5829 5798 5830
f 5798 5831 5830
f 5798 5799 5831
f 5799 5832 5831
f 5799 5800 5832
f 5800 5833 5832
f 5800 5801 5833
f 5801 5834 5833
f 5801 5802 5834
f 5802 5835 5834
f 5802 5803 5835
f 5803 5836 5835
f 5803 5804 5836
f 5804 5837 5836
f 5804 5805 5837
f 5805 5806 5837
f 5805 5730 5806
f 5806 5807 5838
f 5838 5807 5839
f 5807 5808 5839
f 5839 5808 5840
f 5808 5809 5840
f 5840 5809 5841
f 5809 5810 5841
f 5841 5810 5842
f 5810 5811 5842
f 5842 5811 5843
f 5811 5812 5843
f 5843 5812 5844
f 5812 5813 5844
f 5844 5813 5845
f 5813 5814 5845
f 5845 5814 5846
f 5814 5847 5846
f 5814 5815 5847
f 5815 5848 5847
f 5815 5816 5848
f 5816 5849 5848
f 5816 5817 5849
f 5817 5850 5849
f 5817 5818 5850
f 5818 5851 5850
f 5818 5819 5851
f 5819 5852 5851
f 5819 5820 5852
f 5820 5853 5852
f 5820 5821 5853
f 5821 5854 5853
f 5821 5822 5854
f 5822 5823 5854
f 5854 5823 5855
f 5823 5824 5855
f 5855 5824 5856
f 5824 5825 5856
f 5856 5825 5857
f 5825 5826 5857
f 5857 5826 5858
f 5826 5827 5858
f 5858 5827 5859
f 5827 5828 5859
f 5859 5828 5860
f 5828 5829 5860
f 5860 5829 5861
f 5829 5830 5861
f 5861 5830 5862
f 5830 5863 5862
f 5830 5831 5863
f 5831 5864 5863
f 5831 5832 5864
f 5832 5865 5864
f 5832 5833 5865
f 5833 5866 5865
f 5833 5834 5866
f 5834 5867 5866
f 5834 5835 5867
f 5835 5868 5867
f 5835 5836 5868
f 5836 5869 5868
f 5836 5837 5869
f 5837 5838 5869
f 5837 5806 5838
f 5838 5839 5870
f 5870 5839 5871
f 5839 5840 5871
f 5871 5840 5872
f 5840 5841 5872
f 5872 5841 5873
f 5841 5842 5873
f 5873 5842 5874
f 5842 5843 5874
f 5874 5843 5875
f 5843 5844 5875
f 5875 5844 5876
f 5844 5845 5876
f 5876 5845 5877
f 5845 5846 5877
f 5877 5846 5878
f 5846 5879 5878
f 5846 5847 5879
f 5847 5880 5879
f 5847 5848 5880
f 5848 5881 5880
f 5848 5849 5881
f 5849 5882 5881
f 5849 5850 5882
f 5850 5883 5882
f 5850 5851 5883
f 5851 5884 5883
f 5851 5852 5884
f 5852 5885 5884
f 5852 5853 5885
f 5853 5886 5885
f 5853 5854 5886
f 5854 5855 5886
f 5886 5855 5887
f 5855 5856 5887
f 5887 5856 5888
f 5856 5857 5888
f 5888 5857 5889
f 5857 5858 5889
f 5889 5858 5890
f 5858 5859 5890
f 5890 5859 5891
f 5859 5860 5891
f 5891 5860 5892
f 5860 5861 5892
f 5892 5861 5893
f 5861 5862 5893
f 5893 5862 5894
f 5862 5895 5894
f 5862 5863 5895
f 5863 5896 5895
f 5863 5864 5896
f 5864 5897 5896
f 5864 5865 5897
f 5865 5898 5897
f 5865 5866 5898
f 5866 5899 5898
f 5866 5867 5899
f 5867 5900 5899
f 5867 5868 5900
f 5868 5901 5900
f 5868 5869 5901
f 5869 5870 5901
f 5869 5838 5870
f 5870 5902 5903
f 5870 5871 5902
f 5871 5904 5902
f 5871 5872 5904
f 5872 5905 5904
f 5872 5873 5905
f 5873 5906 5905
f 5873 5874 5906
f 5874 5907 5906
f 5874 5875 5907
f 5875 5908 5907
f 5875 5876 5908
f 5876 5909 5908
f 5876 5877 5909
f 5877 5910 5909
f 5877 5878 5910
f 5878 5879 5910
f 5910 5879 5911
f 5879 5880 5911
f 5911 5880 5912
f 5880 5881 5912
f 5912 5881 5913
f 5881 5882 5913
f 5913 5882 5914
f 5882 5883 5914
f 5914 5883 5915
f 5883 5884 5915
f 5915 5884 5916
f 5884 5885 5916
f 5916 5885 5917
f 5885 5886 5917
f 5917 5886 5918
f 5886 5919 5918
f 5886 5887 5919
f 5887 5920 5919
f 5887 5888 5920
f 5888 5921 5920
f 5888 5889 5921
f 5889 5922 5921
f 5889 5890 5922
f 5890 5923 5922
f 5890 5891 5923
f 5891 5924 5923
f 5891 5892 5924
f 5892 5925 5924
f 5892 5893 5925
f 5893 5926 5925
f 5893 5894 5926
f 5894 5895 5926
f 5926 5895 5927
f 5895 5896 5927
f 5927 5896 5928
f 5896 5897 5928
f 5928 5897 5929
f 5897 5898 5929
f 5929 5898 5930
f 5898 5899 5930
f 5930 5899 5931
f 5899 5900 5931
f 5931 5900 5932
f 5900 5901 5932
f 5932 5901 5933
f 5901 5870 5933
f 5933 5870 5903
f 5903 5934 5935
f 5903 5902 5934
f 5902 5936 5934
f 5902 5904 5936
f 5904 5937 5936
f 5904 5905 5937
f 5905 5938 5937
f 5905 5906 5938
f 5906 5939 5938
f 5906 5907 5939
f 5907 5940 5939
f 5907 5908 5940
f 5908 5941 5940
f 5908 5909 5941
f 5909 5942 5941
f 5909 5910 5942
f 5910 5911 5942
f 5942 5911 5943
f 5911 5912 5943
f 5943 5912 5944
f 5912 5913 5944
f 5944 5913 5945
f 5913 5914 5945
f 5945 5914 5946
f 5914 5915 5946
f 5946 5915 5947
f 5915 5916 5947
f 5947 5916 5948
f 5916 5917 5948
f 5948 5917 5949
f 5917 5918 5949
f 5949 5918 5950
f 5918 5951 5950
f 5918 5919 5951
f 5919 5952 5951
f 5919 5920 5952
f 5920 5953 5952
f 5920 5921 5953
f 5921 5954 5953
f 5921 5922 5954
f 5922 5955 5954
f 5922 5923 5955
f 5923 5956 5955
f 5923 5924 5956
f 5924 5957 5956
f 5924 5925 5957
f 5925 5958 5957
f 5925 5926 5958
f 5926 5927 5958
f 5958 5927 5959
f 5927 5928 5959
f 5959 5928 5960
f 5928 5929 5960
f 5960 5929 5961
f 5929 5930 5961
f 5961 5930 5962
f 5930 5931 5962
f 5962 5931 5963
f 5931 5932 5963
f 5963 5932 5964
f 5932 5933 5964
f 5964 5933 5965
f 5933 5903 5965
f 5965 5903 5935
f 5935 5934 5966
f 5934 5967 5966
f 5934 5936 5967
f 5936 5968 5967
f 5936 5937 5968
f 5937 5969 5968
f 5937 5938 5969
f 5938 5970 5969
f 5938 5939 5970
f 5939 5971 5970
f 5939 5940 5971
f 5940 5972 5971
f 5940 5941 5972
f 5941 5973 5972
f 5941 5942 5973
f 5942 5943 5973
f 5973 5943 5974
f 5943 5944 5974
f 5974 5944 5975
f 5944 5945 5975
f 5975 5945 5976
f 5945 5946 5976
f 5976 5946 5977
f 5946 5947 5977
f 5977 5947 5978
f 5947 5948 5978
f 5978 5948 5979
f 5948 5949 5979
f 5979 5949 5980
f 5949 5950 5980
f 5950 5951 5981
f 5951 5982 5981
f 5951 5952 5982
f 5952 5983 5982
f 5952 5953 5983
f 5953 5984 5983
f 5953 5954 5984
f 5954 5985 5984
f 5954 5955 5985
f 5955 5986 5985
f 5955 5956 5986
f 5956 5987 5986
f 5956 5957 5987
f 5957 5988 5987
f 5957 5958 5988
f 5958 5959 5988
f 5988 5959 5989
f 5959 5960 5989
f 5989 5960 5990
f 5960 5961 5990
f 5990 5961 5991
f 5961 5962 5991
f 5991 5962 5992
f 5962 5963 5992
f 5992 5963 5993
f 5963 5964 5993
f 5993 5964 5994
f 5964 5965 5994
f 5994 5965 5995
f 5965 5935 5995
f 5935 5966 5996
f 5966 5997 5996
f 5966 5967 5997
f 5967 5998 5997
f 5967 5968 5998
f 5968 5999 5998
f 5968 5969 5999
f 5969 6000 5999
f 5969 5970 6000
f 5970 6001 6000
f 5970 5971 6001
f 5971 6002 6001
f 5971 5972 6002
f 5972 6003 6002
f 5972 5973 6003
f 5973 5974 6003
f 6003 5974 6004
f 5974 5975 6004
f 6004 5975 6005
f 5975 5976 6005
f 6005 5976 6006
f 5976 5977 6006
f 6006 5977 6007
f 5977 5978 6007
f 6007 5978 6008
f 5978 5979 6008
f 6008 5979 6009
f 5979 5980 6009
f 6009 5980 6010
f 5980 5950 6010
f 5950 5981 6010
f 5981 6009 6010
f 5981 5982 6009
f 5982 6008 6009
f 5982 5983 6008
f 5983 6007 6008
f 5983 5984 6007
f 5984 6006 6007
f 5984 5985 6006
f 5985 6005 6006
f 5985 5986 6005
f 5986 6004 6005
f 5986 5987 6004
f 5987 6003 6004
f 5987 5988 6003
f 5988 5989 6003
f 6003 5989 6002
f 5989 5990 6002
f 6002 5990 6001
f 5990 5991 6001
f 6001 5991 6000
f 5991 5992 6000
f 6000 5992 5999
f 5992 5993 5999
f 5999 5993 5998
f 5993 5994 5998
f 5998 5994 5997
f 5994 5995 5997
f 5997 5995 5996
f 5995 5935 5996
f 5730 5775 5731
f 5731 5775 5733
f 5775 5774 5733
f 5733 5774 5735
f 5774 5773 5735
f 5735 5773 5737
f 5773 5772 5737
f 5737 5772 5739
f 5772 5771 5739
f 5739 5771 5741
f 5771 5770 5741
f 5741 5770 5743
f 5770 5769 5743
f 5743 5769 5745
f 5769 5768 5745
f 5745 5768 5767
f 5745 5767 5748
f 5748 5767 5766
f 5748 5766 5750
f 5750 5766 5765
f 5750 5765 5752
f 5752 5765 5764
f 5752 5764 5754
f 5754 5764 5763
f 5754 5763 5756
f 5756 5763 5762
f 5756 5762 5758
f 5758 5762 5761
f 5758 5761 5760
f 5760 5761 4056
f 4056 5759 5760
f 5760 5759 5758
f 5759 5757 5758
f 5758 5757 5756
f 5757 5755 5756
f 5756 5755 5754
f 5755 5753 5754
f 5754 5753 5752
f 5753 5751 5752
f 5752 5751 5750
f 5751 5749 5750
f 5750 5749 5748
f 5749 5747 5748
f 5748 5747 5745
f 5747 5746 5745
f 5745 5746 5744
f 5745 5744 5743
f 5743 5744 5742
f 5743 5742 5741
f 5741 5742 5740
f 5741 5740 5739
f 5739 5740 5738
f 5739 5738 5737
f 5737 5738 5736
f 5737 5736 5735
f 5735 5736 5734
f 5735 5734 5733
f 5733 5734 5732
f 5733 5732 5731
f 5731 5732 5730
f 5730 5805 5775
f 5775 5805 5774
f 5805 5804 5774
f 5774 5804 5773
f 5804 5803 5773
f 5773 5803 5772
f 5803 5802 5772
f 5772 5802 5771
f 5802 5801 5771
f 5771 5801 5770
f 5801 5800 5770
f 5770 5800 5769
f 5800 5799 5769
f 5769 5799 5768
f 5799 5798 5768
f 5768 5798 5797
f 5768 5797 5767
f 5767 5797 5796
f 5767 5796 5766
f 5766 5796 5795
f 5766 5795 5765
f 5765 5795 5794
f 5765 5794 5764
f 5764 5794 5793
f 5764 5793 5763
f 5763 5793 5792
f 5763 5792 5762
f 5762 5792 5791
f 5762 5791 5761
f 5761 5791 4056
f 4056 5790 5759
f 5759 5790 5757
f 5790 5789 5757
f 5757 5789 5755
f 5789 5788 5755
f 5755 5788 5753
f 5788 5787 5753
f 5753 5787 5751
f 5787 5786 5751
f 5751 5786 5749
f 5786 5785 5749
f 5749 5785 5747
f 5785 5784 5747
f 5747 5784 5746
f 5784 5783 5746
f 5746 5783 5782
f 5746 5782 5744
f 5744 5782 5781
f 5744 5781 5742
f 5742 5781 5780
f 5742 5780 5740
f 5740 5780 5779
f 5740 5779 5738
f 5738 5779 5778
f 5738 5778 5736
f 5736 5778 5777
f 5736 5777 5734
f 5734 5777 5776
f 5734 5776 5732
f 5732 5776 5730
f 5730 5806 5805
f 5806 5837 5805
f 5805 5837 5804
f 5837 5836 5804
f 5804 5836 5803
f 5836 5835 5803
f 5803 5835 5802
f 5835 5834 5802
f 5802 5834 5801
f 5834 5833 5801
f 5801 5833 5800
f 5833 5832 5800
f 5800 5832 5799
f 5832 5831 5799
f 5799 5831 5798
f 5831 5830 5798
f 5798 5830 5829
f 5798 5829 5797
f 5797 5829 5828
f 5797 5828 5796
f 5796 5828 5827
f 5796 5827 5795
f 5795 5827 5826
f 5795 5826 5794
f 5794 5826 5825
f 5794 5825 5793
f 5793 5825 5824
f 5793 5824 5792
f 5792 5824 5823
f 5792 5823 5791
f 5791 5823 5822
f 5791 5822 4056
f 4056 5822 5790
f 5822 5821 5790
f 5790 5821 5789
f 5821 5820 5789
f 5789 5820 5788
f 5820 5819 5788
f 5788 5819 5787
f 5819 5818 5787
f 5787 5818 5786
f 5818 5817 5786
f 5786 5817 5785
f 5817 5816 5785
f 5785 5816 5784
f 5816 5815 5784
f 5784 5815 5783
f 5815 5814 5783
f 5783 5814 5813
f 5783 5813 5782
f 5782 5813 5812
f 5782 5812 5781
f 5781 5812 5811
f 5781 5811 5780
f 5780 5811 5810
f 5780 5810 5779
f 5779 5810 5809
f 5779 5809 5778
f 5778 5809 5808
f 5778 5808 5777
f 5777 5808 5807
f 5777 5807 5776
f 5776 5807 5806
f 5776 5806 5730
f 5806 5838 5837
f 5838 5869 5837
f 5837 5869 5836
f 5869 5868 5836
f 5836 5868 5835
f 5868 5867 5835
f 5835 5867 5834
f 5867 5866 5834
f 5834 5866 5833
f 5866 5865 5833
f 5833 5865 5832
f 5865 5864 5832
f 5832 5864 5831
f 5864 5863 5831
f 5831 5863 5830
f 5863 5862 5830
f 5830 5862 5861
f 5830 5861 5829
f 5829 5861 5860
f 5829 5860 5828
f 5828 5860 5859
f 5828 5859 5827
f 5827 5859 5858
f 5827 5858 5826
f 5826 5858 5857
f 5826 5857 5825
f 5825 5857 5856
f 5825 5856 5824
f 5824 5856 5855
f 5824 5855 5823
f 5823 5855 5854
f 5823 5854 5822
f 5822 5854 5821
f 5854 5853 5821
f 5821 5853 5820
f 5853 5852 5820
f 5820 5852 5819
f 5852 5851 5819
f 5819 5851 5818
f 5851 5850 5818
f 5818 5850 5817
f 5850 5849 5817
f 5817 5849 5816
f 5849 5848 5816
f 5816 5848 5815
f 5848 5847 5815
f 5815 5847 5814
f 5847 5846 5814
f 5814 5846 5845
f 5814 5845 5813
f 5813 5845 5844
f 5813 5844 5812
f 5812 5844 5843
f 5812 5843 5811
f 5811 5843 5842
f 5811 5842 5810
f 5810 5842 5841
f 5810 5841 5809
f 5809 5841 5840
f 5809 5840 5808
f 5808 5840 5839
f 5808 5839 5807
f 5807 5839 5838
f 5807 5838 5806
f 5838 5870 5869
f 5870 5901 5869
f 5869 5901 5868
f 5901 5900 5868
f 5868 5900 5867
f 5900 5899 5867
f 5867 5899 5866
f 5899 5898 5866
f 5866 5898 5865
f 5898 5897 5865
f 5865 5897 5864
f 5897 5896 5864
f 5864 5896 5863
f 5896 5895 5863
f 5863 5895 5862
f 5895 5894 5862
f 5862 5894 5893
f 5862 5893 5861
f 5861 5893 5892
f 5861 5892 5860
f 5860 5892 5891
f 5860 5891 5859
f 5859 5891 5890
f 5859 5890 5858
f 5858 5890 5889
f 5858 5889 5857
f 5857 5889 5888
f 5857 5888 5856
f 5856 5888 5887
f 5856 5887 5855
f 5855 5887 5886
f 5855 5886 5854
f 5854 5886 5853
f 5886 5885 5853
f 5853 5885 5852
f 5885 5884 5852
f 5852 5884 5851
f 5884 5883 5851
f 5851 5883 5850
f 5883 5882 5850
f 5850 5882 5849
f 5882 5881 5849
f 5849 5881 5848
f 5881 5880 5848
f 5848 5880 5847
f 5880 5879 5847
f 5847 5879 5846
f 5879 5878 5846
f 5846 5878 5877
f 5846 5877 5845
f 5845 5877 5876
f 5845 5876 5844
f 5844 5876 5875
f 5844 5875 5843
f 5843 5875 5874
f 5843 5874 5842
f 5842 5874 5873
f 5842 5873 5841
f 5841 5873 5872
f 5841 5872 5840
f 5840 5872 5871
f 5840 5871 5839
f 5839 5871 5870
f 5839 5870 5838
f 5870 5903 5933
f 5870 5933 5901
f 5901 5933 5932
f 5901 5932 5900
f 5900 5932 5931
f 5900 5931 5899
f 5899 5931 5930
f 5899 5930 5898
f 5898 5930 5929
f 5898 5929 5897
f 5897 5929 5928
f 5897 5928 5896
f 5896 5928 5927
f 5896 5927 5895
f 5895 5927 5926
f 5895 5926 5894
f 5894 5926 5893
f 5926 5925 5893
f 5893 5925 5892
f 5925 5924 5892
f 5892 5924 5891
f 5924 5923 5891
f 5891 5923 5890
f 5923 5922 5890
f 5890 5922 5889
f 5922 5921 5889
f 5889 5921 5888
f 5921 5920 5888
f 5888 5920 5887
f 5920 5919 5887
f 5887 5919 5886
f 5919 5918 5886
f 5886 5918 5917
f 5886 5917 5885
f 5885 5917 5916
f 5885 5916 5884
f 5884 5916 5915
f 5884 5915 5883
f 5883 5915 5914
f 5883 5914 5882
f 5882 5914 5913
f 5882 5913 5881
f 5881 5913 5912
f 5881 5912 5880
f 5880 5912 5911
f 5880 5911 5879
f 5879 5911 5910
f 5879 5910 5878
f 5878 5910 5877
f 5910 5909 5877
f 5877 5909 5876
f 5909 5908 5876
f 5876 5908 5875
f 5908 5907 5875
f 5875 5907 5874
f 5907 5906 5874
f 5874 5906 5873
f 5906 5905 5873
f 5873 5905 5872
f 5905 5904 5872
f 5872 5904 5871
f 5904 5902 5871
f 5871 5902 5870
f 5902 5903 5870
f 5903 5935 5965
f 5903 5965 5933
f 5933 5965 5964
f 5933 5964 5932
f 5932 5964 5963
f 5932 5963 5931
f 5931 5963 5962
f 5931 5962 5930
f 5930 5962 5961
f 5930 5961 5929
f 5929 5961 5960
f 5929 5960 5928
f 5928 5960 5959
f 5928 5959 5927
f 5927 5959 5958
f 5927 5958 5926
f 5926 5958 5925
f 5958 5957 5925
f 5925 5957 5924
f 5957 5956 5924
f 5924 5956 5923
f 5956 5955 5923
f 5923 5955 5922
f 5955 5954 5922
f 5922 5954 5921
f 5954 5953 5921
f 5921 5953 5920
f 5953 5952 5920
f 5920 5952 5919
f 5952 5951 5919
f 5919 5951 5918
f 5951 5950 5918
f 5918 5950 5949
f 5918 5949 5917
f 5917 5949 5948
f 5917 5948 5916
f 5916 5948 5947
f 5916 5947 5915
f 5915 5947 5946
f 5915 5946 5914
f 5914 5946 5945
f 5914 5945 5913
f 5913 5945 5944
f 5913 5944 5912
f 5912 5944 5943
f 5912 5943 5911
f 5911 5943 5942
f 5911 5942 5910
f 5910 5942 5909
f 5942 5941 5909
f 5909 5941 5908
f 5941 5940 5908
f 5908 5940 5907
f 5940 5939 5907
f 5907 5939 5906
f 5939 5938 5906
f 5906 5938 5905
f 5938 5937 5905
f 5905 5937 5904
f 5937 5936 5904
f 5904 5936 5902
f 5936 5934 5902
f 5902 5934 5903
f 5934 5935 5903
f 5935 5995 5965
f 5965 5995 5994
f 5965 5994 5964
f 5964 5994 5993
f 5964 5993 5963
f 5963 5993 5992
f 5963 5992 5962
f 5962 5992 5991
f 5962 5991 5961
f 5961 5991 5990
f 5961 5990 5960
f 5960 5990 5989
f 5960 5989 5959
f 5959 5989 5988
f 5959 5988 5958
f 5958 5988 5957
f 5988 5987 5957
f 5957 5987 5956
f 5987 5986 5956
f 5956 5986 5955
f 5986 5985 5955
f 5955 5985 5954
f 5985 5984 5954
f 5954 5984 5953
f 5984 5983 5953
f 5953 5983 5952
f 5983 5982 5952
f 5952 5982 5951
f 5982 5981 5951
f 5951 5981 5950
f 5950 5980 5949
f 5949 5980 5979
f 5949 5979 5948
f 5948 5979 5978
f 5948 5978 5947
f 5947 5978 5977
f 5947 5977 5946
f 5946 5977 5976
f 5946 5976 5945
f 5945 5976 5975
f 5945 5975 5944
f 5944 5975 5974
f 5944 5974 5943
f 5943 5974 5973
f 5943 5973 5942
f 5942 5973 5941
f 5973 5972 5941
f 5941 5972 5940
f 5972 5971 5940
f 5940 5971 5939
f 5971 5970 5939
f 5939 5970 5938
f 5970 5969 5938
f 5938 5969 5937
f 5969 5968 5937
f 5937 5968 5936
f 5968 5967 5936
f 5936 5967 5934
f 5967 5966 5934
f 5934 5966 5935
f 5935 5996 5995
f 5995 5996 5997
f 5995 5997 5994
f 5994 5997 5998
f 5994 5998 5993
f 5993 5998 5999
f 5993 5999 5992
f 5992 5999 6000
f 5992 6000 5991
f 5991 6000 6001
f 5991 6001 5990
f 5990 6001 6002
f 5990 6002 5989
f 5989 6002 6003
f 5989 6003 5988
f 5988 6003 5987
f 6003 6004 5987
f 5987 6004 5986
f 6004 6005 5986
f 5986 6005 5985
f 6005 6006 5985
f 5985 6006 5984
f 6006 6007 5984
f 5984 6007 5983
f 6007 6008 5983
f 5983 6008 5982
f 6008 6009 5982
f 5982 6009 5981
f 6009 6010 5981
f 5981 6010 5950
f 5950 6010 5980
f 5980 6010 6009
f 5980 6009 5979
f 5979 6009 6008
f 5979 6008 5978
f 5978 6008 6007
f 5978 6007 5977
f 5977 6007 6006
f 5977 6006 5976
f 5976 6006 6005
f 5976 6005 5975
f 5975 6005 6004
f 5975 6004 5974
f 5974 6004 6003
f 5974 6003 5973
f 5973 6003 5972
f 6003 6002 5972
f 5972 6002 5971
f 6002 6001 5971
f 5971 6001 5970
f 6001 6000 5970
f 5970 6000 5969
f 6000 5999 5969
f 5969 5999 5968
f 5999 5998 5968
f 5968 5998 5967
f 5998 5997 5967
f 5967 5997 5966
f 5997 5996 5966
f 5966 5996 5935
f 5425 5426 4056
f 5426 5427 4056
f 5427 5428 4056
f 5428 5429 4056
f 4056 5429 5430
f 4056 5430 5431
f 4056 5431 5432
f 4056 5432 5433
f 5433 5434 4056
f 5434 5435 4056
f 5435 5436 4056
f 5436 5437 4056
f 4056 5437 5438
f 4056 5438 5439
f 4056 5439 5440
f 4056 5440 5425
f 5425 5441 5426
f 5441 5442 5426
f 5426 5442 5427
f 5442 5443 5427
f 5427 5443 5428
f 5443 5444 5428
f 5428 5444 5429
f 5444 5445 5429
f 5429 5445 5446
f 5429 5446 5430
f 5430 5446 5447
f 5430 5447 5431
f 5431 5447 5448
f 5431 5448 5432
f 5432 5448 5449
f 5432 5449 5433
f 5433 5449 5434
f 5449 5450 5434
f 5434 5450 5435
f 5450 5451 5435
f 5435 5451 5436
f 5451 5452 5436
f 5436 5452 5437
f 5452 5453 5437
f 5437 5453 5454
f 5437 5454 5438
f 5438 5454 5455
f 5438 5455 5439
f 5439 5455 5456
f 5439 5456 5440
f 5440 5456 5441
f 5440 5441 5425
f 5441 5457 5442
f 5457 5458 5442
f 5442 5458 5443
f 5458 5459 5443
f 5443 5459 5444
f 5459 5460 5444
f 5444 5460 5445
f 5460 5461 5445
f 5445 5461 5462
f 5445 5462 5446
f 5446 5462 5463
f 5446 5463 5447
f 5447 5463 5464
f 5447 5464 5448
f 5448 5464 5465
f 5448 5465 5449
f 5449 5465 5450
f 5465 5466 5450
f 5450 5466 5451
f 5466 5467 5451
f 5451 5467 5452
f 5467 5468 5452
f 5452 5468 5453
f 5468 5469 5453
f 5453 5469 5470
f 5453 5470 5454
f 5454 5470 5471
f 5454 5471 5455
f 5455 5471 5472
f 5455 5472 5456
f 5456 5472 5457
f 5456 5457 5441
f 5457 5473 5458
f 5473 5474 5458
f 5458 5474 5459
f 5474 5475 5459
f 5459 5475 5460
f 5475 5476 5460
f 5460 5476 5461
f 5476 5477 5461
f 5461 5477 5478
f 5461 5478 5462
f 5462 5478 5479
f 5462 5479 5463
f 5463 5479 5480
f 5463 5480 5464
f 5464 5480 5481
f 5464 5481 5465
f 5465 5481 5466
f 5481 5482 5466
f 5466 5482 5467
f 5482 5483 5467
f 5467 5483 5468
f 5483 5484 5468
f 5468 5484 5469
f 5484 5485 5469
f 5469 5485 5486
f 5469 5486 5470
f 5470 5486 5487
f 5470 5487 5471
f 5471 5487 5488
f 5471 5488 5472
f 5472 5488 5473
f 5472 5473 5457
f 5473 5489 5474
f 5489 5490 5474
f 5474 5490 5475
f 5490 5491 5475
f 5475 5491 5476
f 5491 5492 5476
f 5476 5492 5477
f 5492 5493 5477
f 5477 5493 5494
f 5477 5494 5478
f 5478 5494 5495
f 5478 5495 5479
f 5479 5495 5496
f 5479 5496 5480
f 5480 5496 5497
f 5480 5497 5481
f 5481 5497 5482
f 5497 5498 5482
f 5482 5498 5483
f 5498 5499 5483
f 5483 5499 5484
f 5499 5500 5484
f 5484 5500 5485
f 5500 5501 5485
f 5485 5501 5502
f 5485 5502 5486
f 5486 5502 5503
f 5486 5503 5487
f 5487 5503 5504
f 5487 5504 5488
f 5488 5504 5489
f 5488 5489 5473
f 5489 5505 5490
f 5505 5506 5490
f 5490 5506 5491
f 5506 5507 5491
f 5491 5507 5492
f 5507 5508 5492
f 5492 5508 5493
f 5508 5509 5493
f 5493 5509 5510
f 5493 5510 5494
f 5494 5510 5511
f 5494 5511 5495
f 5495 5511 5512
f 5495 5512 5496
f 5496 5512 5513
f 5496 5513 5497
f 5497 5513 5498
f 5513 5514 5498
f 5498 5514 5499
f 5514 5515 5499
f 5499 5515 5500
f 5515 5516 5500
f 5500 5516 5501
f 5516 5517 5501
f 5501 5517 5518
f 5501 5518 5502
f 5502 5518 5519
f 5502 5519 5503
f 5503 5519 5520
f 5503 5520 5504
f 5504 5520 5505
f 5504 5505 5489
f 5505 5521 5506
f 5521 5522 5506
f 5506 5522 5507
f 5522 5523 5507
f 5507 5523 5508
f 5523 5524 5508
f 5508 5524 5509
f 5524 5525 5509
f 5509 5525 5526
f 5509 5526 5510
f 5510 5526 5527
f 5510 5527 5511
f 5511 5527 5528
f 5511 5528 5512
f 5512 5528 5529
f 5512 5529 5513
f 5513 5529 5514
f 5529 5530 5514
f 5514 5530 5515
f 5530 5531 5515
f 5515 5531 5516
f 5531 5532 5516
f 5516 5532 5517
f 5532 5533 5517
f 5517 5533 5534
f 5517 5534 5518
f 5518 5534 5535
f 5518 5535 5519
f 5519 5535 5536
f 5519 5536 5520
f 5520 5536 5521
f 5520 5521 5505
f 5521 5537 5522
f 5537 5538 5522
f 5522 5538 5523
f 5538 5539 5523
f 5523 5539 5524
f 5539 5540 5524
f 5524 5540 5525
f 5540 5541 5525
f 5525 5541 5542
f 5525 5542 5526
f 5526 5542 5543
f 5526 5543 5527
f 5527 5543 5544
f 5527 5544 5528
f 5528 5544 5545
f 5528 5545 5529
f 5529 5545 5530
f 5545 5546 5530
f 5530 5546 5531
f 5546 5547 5531
f 5531 5547 5532
f 5547 5548 5532
f 5532 5548 5533
f 5548 5549 5533
f 5533 5549 5550
f 5533 5550 5534
f 5534 5550 5551
f 5534 5551 5535
f 5535 5551 5552
f 5535 5552 5536
f 5536 5552 5537
f 5536 5537 5521
f 5537 5553 5538
f 5553 5554 5538
f 5538 5554 5539
f 5554 5555 5539
f 5539 5555 5540
f 5555 5556 5540
f 5540 5556 5541
f 5556 5557 5541
f 5541 5557 5558
f 5541 5558 5542
f 5542 5558 5559
f 5542 5559 5543
f 5543 5559 5560
f 5543 5560 5544
f 5544 5560 5561
f 5544 5561 5545
f 5545 5561 5546
f 5561 5562 5546
f 5546 5562 5547
f 5562 5563 5547
f 5547 5563 5548
f 5563 5564 5548
f 5548 5564 5549
f 5564 5565 5549
f 5549 5565 5566
f 5549 5566 5550
f 5550 5566 5567
f 5550 5567 5551
f 5551 5567 5568
f 5551 5568 5552
f 5552 5568 5553
f 5552 5553 5537
f 5553 5569 5554
f 5569 5570 5554
f 5554 5570 5555
f 5570 5571 5555
f 5555 5571 5556
f 5571 5572 5556
f 5556 5572 5557
f 5572 5573 5557
f 5557 5573 5574
f 5557 5574 5558
f 5558 5574 5575
f 5558 5575 5559
f 5559 5575 5576
f 5559 5576 5560
f 5560 5576 5577
f 5560 5577 5561
f 5561 5577 5562
f 5577 5578 5562
f 5562 5578 5563
f 5578 5579 5563
f 5563 5579 5564
f 5579 5580 5564
f 5564 5580 5565
f 5580 5581 5565
f 5565 5581 5582
f 5565 5582 5566
f 5566 5582 5583
f 5566 5583 5567
f 5567 5583 5584
f 5567 5584 5568
f 5568 5584 5569
f 5568 5569 5553
f 5569 5585 5586
f 5569 5586 5570
f 5570 5586 5587
f 5570 5587 5571
f 5571 5587 5588
f 5571 5588 5572
f 5572 5588 5589
f 5572 5589 5573
f 5573 5589 5574
f 5589 5590 5574
f 5574 5590 5575
f 5590 5591 5575
f 5575 5591 5576
f 5591 5592 5576
f 5576 5592 5577
f 5592 5593 5577
f 5577 5593 5594
f 5577 5594 5578
f 5578 5594 5595
f 5578 5595 5579
f 5579 5595 5596
f 5579 5596 5580
f 5580 5596 5597
f 5580 5597 5581
f 5581 5597 5582
f 5597 5598 5582
f 5582 5598 5583
f 5598 5599 5583
f 5583 5599 5584
f 5599 5600 5584
f 5584 5600 5569
f 5600 5585 5569
f 5585 5601 5602
f 5585 5602 5586
f 5586 5602 5603
f 5586 5603 5587
f 5587 5603 5604
f 5587 5604 5588
f 5588 5604 5605
f 5588 5605 5589
f 5589 5605 5590
f 5605 5606 5590
f 5590 5606 5591
f 5606 5607 5591
f 5591 5607 5592
f 5607 5608 5592
f 5592 5608 5593
f 5608 5609 5593
f 5593 5609 5610
f 5593 5610 5594
f 5594 5610 5611
f 5594 5611 5595
f 5595 5611 5612
f 5595 5612 5596
f 5596 5612 5613
f 5596 5613 5597
f 5597 5613 5598
f 5613 5614 5598
f 5598 5614 5599
f 5614 5615 5599
f 5599 5615 5600
f 5615 5616 5600
f 5600 5616 5585
f 5616 5601 5585
f 5601 5617 5618
f 5601 5618 5602
f 5602 5618 5619
f 5602 5619 5603
f 5603 5619 5620
f 5603 5620 5604
f 5604 5620 5621
f 5604 5621 5605
f 5605 5621 5606
f 5621 5622 5606
f 5606 5622 5607
f 5622 5623 5607
f 5607 5623 5608
f 5623 5624 5608
f 5608 5624 5609
f 5624 5625 5609
f 5609 5625 5626
f 5609 5626 5610
f 5610 5626 5627
f 5610 5627 5611
f 5611 5627 5628
f 5611 5628 5612
f 5612 5628 5629
f 5612 5629 5613
f 5613 5629 5614
f 5629 5630 5614
f 5614 5630 5615
f 5630 5631 5615
f 5615 5631 5616
f 5631 5632 5616
f 5616 5632 5601
f 5632 5617 5601
f 5617 5633 5634
f 5617 5634 5618
f 5618 5634 5635
f 5618 5635 5619
f 5619 5635 5636
f 5619 5636 5620
f 5620 5636 5637
f 5620 5637 5621
f 5621 5637 5622
f 5637 5638 5622
f 5622 5638 5623
f 5638 5639 5623
f 5623 5639 5624
f 5639 5640 5624
f 5624 5640 5625
f 5640 5641 5625
f 5625 5641 5642
f 5625 5642 5626
f 5626 5642 5643
f 5626 5643 5627
f 5627 5643 5644
f 5627 5644 5628
f 5628 5644 5645
f 5628 5645 5629
f 5629 5645 5630
f 5645 5646 5630
f 5630 5646 5631
f 5646 5647 5631
f 5631 5647 5632
f 5647 5648 5632
f 5632 5648 5617
f 5648 5633 5617
f 5633 5649 5650
f 5633 5650 5634
f 5634 5650 5651
f 5634 5651 5635
f 5635 5651 5652
f 5635 5652 5636
f 5636 5652 5653
f 5636 5653 5637
f 5637 5653 5638
f 5653 5654 5638
f 5638 5654 5639
f 5654 5655 5639
f 5639 5655 5640
f 5655 5656 5640
f 5640 5656 5641
f 5656 5657 5641
f 5641 5657 5658
f 5641 5658 5642
f 5642 5658 5659
f 5642 5659 5643
f 5643 5659 5660
f 5643 5660 5644
f 5644 5660 5661
f 5644 5661 5645
f 5645 5661 5646
f 5661 5662 5646
f 5646 5662 5647
f 5662 5663 5647
f 5647 5663 5648
f 5663 5664 5648
f 5648 5664 5633
f 5664 5649 5633
f 5649 5665 5666
f 5649 5666 5650
f 5650 5666 5667
f 5650 5667 5651
f 5651 5667 5668
f 5651 5668 5652
f 5652 5668 5669
f 5652 5669 5653
f 5653 5669 5654
f 5669 5670 5654
f 5654 5670 5655
f 5670 5671 5655
f 5655 5671 5656
f 5671 5672 5656
f 5656 5672 5657
f 5672 5673 5657
f 5657 5673 5674
f 5657 5674 5658
f 5658 5674 5675
f 5658 5675 5659
f 5659 5675 5676
f 5659 5676 5660
f 5660 5676 5677
f 5660 5677 5661
f 5661 5677 5662
f 5677 5678 5662
f 5662 5678 5663
f 5678 5679 5663
f 5663 5679 5664
f 5679 5680 5664
f 5664 5680 5649
f 5680 5665 5649
f 5665 5681 5682
f 5665 5682 5666
f 5666 5682 5683
f 5666 5683 5667
f 5667 5683 5684
f 5667 5684 5668
f 5668 5684 5685
f 5668 5685 5669
f 5669 5685 5670
f 5685 5686 5670
f 5670 5686 5671
f 5686 5687 5671
f 5671 5687 5672
f 5687 5688 5672
f 5672 5688 5673
f 5688 5689 5673
f 5673 5689 5690
f 5673 5690 5674
f 5674 5690 5691
f 5674 5691 5675
f 5675 5691 5692
f 5675 5692 5676
f 5676 5692 5693
f 5676 5693 5677
f 5677 5693 5678
f 5693 5694 5678
f 5678 5694 5679
f 5694 5695 5679
f 5679 5695 5680
f 5695 5696 5680
f 5680 5696 5665
f 5696 5681 5665
f 5681 5697 5698
f 5681 5698 5682
f 5682 5698 5699
f 5682 5699 5683
f 5683 5699 5700
f 5683 5700 5684
f 5684 5700 5701
f 5684 5701 5685
f 5685 5701 5686
f 5701 5702 5686
f 5686 5702 5687
f 5702 5703 5687
f 5687 5703 5688
f 5703 5704 5688
f 5688 5704 5689
f 5704 5705 5689
f 5689 5705 5706
f 5689 5706 5690
f 5690 5706 5707
f 5690 5707 5691
f 5691 5707 5708
f 5691 5708 5692
f 5692 5708 5709
f 5692 5709 5693
f 5693 5709 5694
f 5709 5710 5694
f 5694 5710 5695
f 5710 5711 5695
f 5695 5711 5696
f 5711 5712 5696
f 5696 5712 5681
f 5712 5697 5681
f 5697 5713 5714
f 5697 5714 5698
f 5698 5714 5715
f 5698 5715 5699
f 5699 5715 5716
f 5699 5716 5700
f 5700 5716 5717
f 5700 5717 5701
f 5701 5717 5702
f 5717 5718 5702
f 5702 5718 5703
f 5718 5719 5703
f 5703 5719 5704
f 5719 5720 5704
f 5704 5720 5705
f 5720 5721 5705
f 5705 5721 5722
f 5705 5722 5706
f 5706 5722 5723
f 5706 5723 5707
f 5707 5723 5724
f 5707 5724 5708
f 5708 5724 5725
f 5708 5725 5709
f 5709 5725 5710
f 5725 5726 5710
f 5710 5726 5711
f 5726 5727 5711
f 5711 5727 5712
f 5727 5728 5712
f 5712 5728 5697
f 5728 5713 5697
f 5713 5729 5714
f 5714 5729 5715
f 5715 5729 5716
f 5716 5729 5717
f 5717 5729 5718
f 5718 5729 5719
f 5719 5729 5720
f 5720 5729 5721
f 5721 5729 5722
f 5722 5729 5723
f 5723 5729 5724
f 5724 5729 5725
f 5725 5729 5726
f 5726 5729 5727
f 5727 5729 5728
f 5728 5729 5713
f 5730 5731 5775
f 5731 5733 5775
f 5775 5733 5774
f 5733 5735 5774
f 5774 5735 5773
f 5735 5737 5773
f 5773 5737 5772
f 5737 5739 5772
f 5772 5739 5771
f 5739 5741 5771
f 5771 5741 5770
f 5741 5743 5770
f 5770 5743 5769
f 5743 5745 5769
f 5769 5745 5768
f 5745 5767 5768
f 5745 5748 5767
f 5748 5766 5767
f 5748 5750 5766
f 5750 5765 5766
f 5750 5752 5765
f 5752 5764 5765
f 5752 5754 5764
f 5754 5763 5764
f 5754 5756 5763
f 5756 5762 5763
f 5756 5758 5762
f 5758 5761 5762
f 5758 5760 5761
f 5760 4056 5761
f 4056 5760 5759
f 5760 5758 5759
f 5759 5758 5757
f 5758 5756 5757
f 5757 5756 5755
f 5756 5754 5755
f 5755 5754 5753
f 5754 5752 5753
f 5753 5752 5751
f 5752 5750 5751
f 5751 5750 5749
f 5750 5748 5749
f 5749 5748 5747
f 5748 5745 5747
f 5747 5745 5746
f 5745 5744 5746
f 5745 5743 5744
f 5743 5742 5744
f 5743 5741 5742
f 5741 5740 5742
f 5741 5739 5740
f 5739 5738 5740
f 5739 5737 5738
f 5737 5736 5738
f 5737 5735 5736
f 5735 5734 5736
f 5735 5733 5734
f 5733 5732 5734
f 5733 5731 5732
f 5731 5730 5732
f 5730 5775 5805
f 5775 5774 5805
f 5805 5774 5804
f 5774 5773 5804
f 5804 5773 5803
f 5773 5772 5803
f 5803 5772 5802
f 5772 5771 5802
f 5802 5771 5801
f 5771 5770 5801
f 5801 5770 5800
f 5770 5769 5800
f 5800 5769 5799
f 5769 5768 5799
f 5799 5768 5798
f 5768 5797 5798
f 5768 5767 5797
f 5767 5796 5797
f 5767 5766 5796
f 5766 5795 5796
f 5766 5765 5795
f 5765 5794 5795
f 5765 5764 5794
f 5764 5793 5794
f 5764 5763 5793
f 5763 5792 5793
f 5763 5762 5792
f 5762 5791 5792
f 5762 5761 5791
f 5761 4056 5791
f 4056 5759 5790
f 5759 5757 5790
f 5790 5757 5789
f 5757 5755 5789
f 5789 5755 5788
f 5755 5753 5788
f 5788 5753 5787
f 5753 5751 5787
f 5787 5751 5786
f 5751 5749 5786
f 5786 5749 5785
f 5749 5747 5785
f 5785 5747 5784
f 5747 5746 5784
f 5784 5746 5783
f 5746 5782 5783
f 5746 5744 5782
f 5744 5781 5782
f 5744 5742 5781
f 5742 5780 5781
f 5742 5740 5780
f 5740 5779 5780
f 5740 5738 5779
f 5738 5778 5779
f 5738 5736 5778
f 5736 5777 5778
f 5736 5734 5777
f 5734 5776 5777
f 5734 5732 5776
f 5732 5730 5776
f 5730 5805 6011
f 6011 5805 6012
f 5805 5804 6012
f 6012 5804 6013
f 5804 5803 6013
f 6013 5803 6014
f 5803 5802 6014
f 6014 5802 6015
f 5802 5801 6015
f 6015 5801 6016
f 5801 5800 6016
f 6016 5800 6017
f 5800 5799 6017
f 6017 5799 6018
f 5799 5798 6018
f 6018 5798 6019
f 5798 6020 6019
f 5798 5797 6020
f 5797 6021 6020
f 5797 5796 6021
f 5796 6022 6021
f 5796 5795 6022
f 5795 6023 6022
f 5795 5794 6023
f 5794 6024 6023
f 5794 5793 6024
f 5793 6025 6024
f 5793 5792 6025
f 5792 6026 6025
f 5792 5791 6026
f 5791 6027 6026
f 5791 4056 6027
f 4056 5790 6027
f 6027 5790 6028
f 5790 5789 6028
f 6028 5789 6029
f 5789 5788 6029
f 6029 5788 6030
f 5788 5787 6030
f 6030 5787 6031
f 5787 5786 6031
f 6031 5786 6032
f 5786 5785 6032
f 6032 5785 6033
f 5785 5784 6033
f 6033 5784 6034
f 5784 5783 6034
f 6034 5783 6035
f 5783 6036 6035
f 5783 5782 6036
f 5782 6037 6036
f 5782 5781 6037
f 5781 6038 6037
f 5781 5780 6038
f 5780 6039 6038
f 5780 5779 6039
f 5779 6040 6039
f 5779 5778 6040
f 5778 6041 6040
f 5778 5777 6041
f 5777 6042 6041
f 5777 5776 6042
f 5776 6011 6042
f 5776 5730 6011
f 6011 6012 6043
f 6043 6012 6044
f 6012 6013 6044
f 6044 6013 6045
f 6013 6014 6045
f 6045 6014 6046
f 6014 6015 6046
f 6046 6015 6047
f 6015 6016 6047
f 6047 6016 6048
f 6016 6017 6048
f 6048 6017 6049
f 6017 6018 6049
f 6049 6018 6050
f 6018 6019 6050
f 6050 6019 6051
f 6019 6052 6051
f 6019 6020 6052
f 6020 6053 6052
f 6020 6021 6053
f 6021 6054 6053
f 6021 6022 6054
f 6022 6055 6054
f 6022 6023 6055
f 6023 6056 6055
f 6023 6024 6056
f 6024 6057 6056
f 6024 6025 6057
f 6025 6058 6057
f 6025 6026 6058
f 6026 6059 6058
f 6026 6027 6059
f 6027 6028 6059
f 6059 6028 6060
f 6028 6029 6060
f 6060 6029 6061
f 6029 6030 6061
f 6061 6030 6062
f 6030 6031 6062
f 6062 6031 6063
f 6031 6032 6063
f 6063 6032 6064
f 6032 6033 6064
f 6064 6033 6065
f 6033 6034 6065
f 6065 6034 6066
f 6034 6035 6066
f 6066 6035 6067
f 6035 6068 6067
f 6035 6036 6068
f 6036 6069 6068
f 6036 6037 6069
f 6037 6070 6069
f 6037 6038 6070
f 6038 6071 6070
f 6038 6039 6071
f 6039 6072 6071
f 6039 6040 6072
f 6040 6073 6072
f 6040 6041 6073
f 6041 6074 6073
f 6041 6042 6074
f 6042 6043 6074
f 6042 6011 6043
f 6043 6044 6075
f 6075 6044 6076
f 6044 6045 6076
f 6076 6045 6077
f 6045 6046 6077
f 6077 6046 6078
f 6046 6047 6078
f 6078 6047 6079
f 6047 6048 6079
f 6079 6048 6080
f 6048 6049 6080
f 6080 6049 6081
f 6049 6050 6081
f 6081 6050 6082
f 6050 6051 6082
f 6082 6051 6083
f 6051 6084 6083
f 6051 6052 6084
f 6052 6085 6084
f 6052 6053 6085
f 6053 6086 6085
f 6053 6054 6086
f 6054 6087 6086
f 6054 6055 6087
f 6055 6088 6087
f 6055 6056 6088
f 6056 6089 6088
f 6056 6057 6089
f 6057 6090 6089
f 6057 6058 6090
f 6058 6091 6090
f 6058 6059 6091
f 6059 6060 6091
f 6091 6060 6092
f 6060 6061 6092
f 6092 6061 6093
f 6061 6062 6093
f 6093 6062 6094
f 6062 6063 6094
f 6094 6063 6095
f 6063 6064 6095
f 6095 6064 6096
f 6064 6065 6096
f 6096 6065 6097
f 6065 6066 6097
f 6097 6066 6098
f 6066 6067 6098
f 6098 6067 6099
f 6067 6100 6099
f 6067 6068 6100
f 6068 6101 6100
f 6068 6069 6101
f 6069 6102 6101
f 6069 6070 6102
f 6070 6103 6102
f 6070 6071 6103
f 6071 6104 6103
f 6071 6072 6104
f 6072 6105 6104
f 6072 6073 6105
f 6073 6106 6105
f 6073 6074 6106
f 6074 6075 6106
f 6074 6043 6075
f 6075 6107 6108
f 6075 6076 6107
f 6076 6109 6107
f 6076 6077 6109
f 6077 6110 6109
f 6077 6078 6110
f 6078 6111 6110
f 6078 6079 6111
f 6079 6112 6111
f 6079 6080 6112
f 6080 6113 6112
f 6080 6081 6113
f 6081 6114 6113
f 6081 6082 6114
f 6082 6115 6114
f 6082 6083 6115
f 6083 6084 6115
f 6115 6084 6116
f 6084 6085 6116
f 6116 6085 6117
f 6085 6086 6117
f 6117 6086 6118
f 6086 6087 6118
f 6118 6087 6119
f 6087 6088 6119
f 6119 6088 6120
f 6088 6089 6120
f 6120 6089 6121
f 6089 6090 6121
f 6121 6090 6122
f 6090 6091 6122
f 6122 6091 6123
f 6091 6124 6123
f 6091 6092 6124
f 6092 6125 6124
f 6092 6093 6125
f 6093 6126 6125
f 6093 6094 6126
f 6094 6127 6126
f 6094 6095 6127
f 6095 6128 6127
f 6095 6096 6128
f 6096 6129 6128
f 6096 6097 6129
f 6097 6130 6129
f 6097 6098 6130
f 6098 6131 6130
f 6098 6099 6131
f 6099 6100 6131
f 6131 6100 6132
f 6100 6101 6132
f 6132 6101 6133
f 6101 6102 6133
f 6133 6102 6134
f 6102 6103 6134
f 6134 6103 6135
f 6103 6104 6135
f 6135 6104 6136
f 6104 6105 6136
f 6136 6105 6137
f 6105 6106 6137
f 6137 6106 6138
f 6106 6075 6138
f 6138 6075 6108
f 6108 6139 6140
f 6108 6107 6139
f 6107 6141 6139
f 6107 6109 6141
f 6109 6142 6141
f 6109 6110 6142
f 6110 6143 6142
f 6110 6111 6143
f 6111 6144 6143
f 6111 6112 6144
f 6112 6145 6144
f 6112 6113 6145
f 6113 6146 6145
f 6113 6114 6146
f 6114 6147 6146
f 6114 6115 6147
f 6115 6116 6147
f 6147 6116 6148
f 6116 6117 6148
f 6148 6117 6149
f 6117 6118 6149
f 6149 6118 6150
f 6118 6119 6150
f 6150 6119 6151
f 6119 6120 6151
f 6151 6120 6152
f 6120 6121 6152
f 6152 6121 6153
f 6121 6122 6153
f 6153 6122 6154
f 6122 6123 6154
f 6154 6123 6155
f 6123 6156 6155
f 6123 6124 6156
f 6124 6157 6156
f 6124 6125 6157
f 6125 6158 6157
f 6125 6126 6158
f 6126 6159 6158
f 6126 6127 6159
f 6127 6160 6159
f 6127 6128 6160
f 6128 6161 6160
f 6128 6129 6161
f 6129 6162 6161
f 6129 6130 6162
f 6130 6163 6162
f 6130 6131 6163
f 6131 6132 6163
f 6163 6132 6164
f 6132 6133 6164
f 6164 6133 6165
f 6133 6134 6165
f 6165 6134 6166
f 6134 6135 6166
f 6166 6135 6167
f 6135 6136 6167
f 6167 6136 6168
f 6136 6137 6168
f 6168 6137 6169
f 6137 6138 6169
f 6169 6138 6170
f 6138 6108 6170
f 6170 6108 6140
f 6140 6139 6171
f 6139 6172 6171
f 6139 6141 6172
f 6141 6173 6172
f 6141 6142 6173
f 6142 6174 6173
f 6142 6143 6174
f 6143 6175 6174
f 6143 6144 6175
f 6144 6176 6175
f 6144 6145 6176
f 6145 6177 6176
f 6145 6146 6177
f 6146 6178 6177
f 6146 6147 6178
f 6147 6148 6178
f 6178 6148 6179
f 6148 6149 6179
f 6179 6149 6180
f 6149 6150 6180
f 6180 6150 6181
f 6150 6151 6181
f 6181 6151 6182
f 6151 6152 6182
f 6182 6152 6183
f 6152 6153 6183
f 6183 6153 6184
f 6153 6154 6184
f 6184 6154 6185
f 6154 6155 6185
f 6155 6156 6186
f 6156 6187 6186
f 6156 6157 6187
f 6157 6188 6187
f 6157 6158 6188
f 6158 6189 6188
f 6158 6159 6189
f 6159 6190 6189
f 6159 6160 6190
f 6160 6191 6190
f 6160 6161 6191
f 6161 6192 6191
f 6161 6162 6192
f 6162 6193 6192
f 6162 6163 6193
f 6163 6164 6193
f 6193 6164 6194
f 6164 6165 6194
f 6194 6165 6195
f 6165 6166 6195
f 6195 6166 6196
f 6166 6167 6196
f 6196 6167 6197
f 6167 6168 6197
f 6197 6168 6198
f 6168 6169 6198
f 6198 6169 6199
f 6169 6170 6199
f 6199 6170 6200
f 6170 6140 6200
f 6140 6171 6201
f 6171 6202 6201
f 6171 6172 6202
f 6172 6203 6202
f 6172 6173 6203
f 6173 6204 6203
f 6173 6174 6204
f 6174 6205 6204
f 6174 6175 6205
f 6175 6206 6205
f 6175 6176 6206
f 6176 6207 6206
f 6176 6177 6207
f 6177 6208 6207
f 6177 6178 6208
f 6178 6179 6208
f 6208 6179 6209
f 6179 6180 6209
f 6209 6180 6210
f 6180 6181 6210
f 6210 6181 6211
f 6181 6182 6211
f 6211 6182 6212
f 6182 6183 6212
f 6212 6183 6213
f 6183 6184 6213
f 6213 6184 6214
f 6184 6185 6214
f 6214 6185 6215
f 6185 6155 6215
f 6155 6186 6215
f 6186 6214 6215
f 6186 6187 6214
f 6187 6213 6214
f 6187 6188 6213
f 6188 6212 6213
f 6188 6189 6212
f 6189 6211 6212
f 6189 6190 6211
f 6190 6210 6211
f 6190 6191 6210
f 6191 6209 6210
f 6191 6192 6209
f 6192 6208 6209
f 6192 6193 6208
f 6193 6194 6208
f 6208 6194 6207
f 6194 6195 6207
f 6207 6195 6206
f 6195 6196 6206
f 6206 6196 6205
f 6196 6197 6205
f 6205 6197 6204
f 6197 6198 6204
f 6204 6198 6203
f 6198 6199 6203
f 6203 6199 6202
f 6199 6200 6202
f 6202 6200 6201
f 6200 6140 6201
f 5730 5732 5731
f 5731 5732 5733
f 5732 5734 5733
f 5733 5734 5735
f 5734 5736 5735
f 5735 5736 5737
f 5736 5738 5737
f 5737 5738 5739
f 5738 5740 5739
f 5739 5740 5741
f 5740 5742 5741
f 5741 5742 5743
f 5742 5744 5743
f 5743 5744 5745
f 5744 5746 5745
f 5745 5746 5747
f 5745 5747 5748
f 5748 5747 5749
f 5748 5749 5750
f 5750 5749 5751
f 5750 5751 5752
f 5752 5751 5753
f 5752 5753 5754
f 5754 5753 5755
f 5754 5755 5756
f 5756 5755 5757
f 5756 5757 5758
f 5758 5757 5759
f 5758 5759 5760
f 5760 5759 4056
f 4056 5761 5760
f 5760 5761 5758
f 5761 5762 5758
f 5758 5762 5756
f 5762 5763 5756
f 5756 5763 5754
f 5763 5764 5754
f 5754 5764 5752
f 5764 5765 5752
f 5752 5765 5750
f 5765 5766 5750
f 5750 5766 5748
f 5766 5767 5748
f 5748 5767 5745
f 5767 5768 5745
f 5745 5768 5769
f 5745 5769 5743
f 5743 5769 5770
f 5743 5770 5741
f 5741 5770 5771
f 5741 5771 5739
f 5739 5771 5772
f 5739 5772 5737
f 5737 5772 5773
f 5737 5773 5735
f 5735 5773 5774
f 5735 5774 5733
f 5733 5774 5775
f 5733 5775 5731
f 5731 5775 5730
f 5730 5776 5732
f 5732 5776 5734
f 5776 5777 5734
f 5734 5777 5736
f 5777 5778 5736
f 5736 5778 5738
f 5778 5779 5738
f 5738 5779 5740
f 5779 5780 5740
f 5740 5780 5742
f 5780 5781 5742
f 5742 5781 5744
f 5781 5782 5744
f 5744 5782 5746
f 5782 5783 5746
f 5746 5783 5784
f 5746 5784 5747
f 5747 5784 5785
f 5747 5785 5749
f 5749 5785 5786
f 5749 5786 5751
f 5751 5786 5787
f 5751 5787 5753
f 5753 5787 5788
f 5753 5788 5755
f 5755 5788 5789
f 5755 5789 5757
f 5757 5789 5790
f 5757 5790 5759
f 5759 5790 4056
f 4056 5791 5761
f 5761 5791 5762
f 5791 5792 5762
f 5762 5792 5763
f 5792 5793 5763
f 5763 5793 5764
f 5793 5794 5764
f 5764 5794 5765
f 5794 5795 5765
f 5765 5795 5766
f 5795 5796 5766
f 5766 5796 5767
f 5796 5797 5767
f 5767 5797 5768
f 5797 5798 5768
f 5768 5798 5799
f 5768 5799 5769
f 5769 5799 5800
f 5769 5800 5770
f 5770 5800 5801
f 5770 5801 5771
f 5771 5801 5802
f 5771 5802 5772
f 5772 5802 5803
f 5772 5803 5773
f 5773 5803 5804
f 5773 5804 5774
f 5774 5804 5805
f 5774 5805 5775
f 5775 5805 5730
f 5730 6011 5776
f 6011 6042 5776
f 5776 6042 5777
f 6042 6041 5777
f 5777 6041 5778
f 6041 6040 5778
f 5778 6040 5779
f 6040 6039 5779
f 5779 6039 5780
f 6039 6038 5780
f 5780 6038 5781
f 6038 6037 5781
f 5781 6037 5782
f 6037 6036 5782
f 5782 6036 5783
f 6036 6035 5783
f 5783 6035 6034
f 5783 6034 5784
f 5784 6034 6033
f 5784 6033 5785
f 5785 6033 6032
f 5785 6032 5786
f 5786 6032 6031
f 5786 6031 5787
f 5787 6031 6030
f 5787 6030 5788
f 5788 6030 6029
f 5788 6029 5789
f 5789 6029 6028
f 5789 6028 5790
f 5790 6028 6027
f 5790 6027 4056
f 4056 6027 5791
f 6027 6026 5791
f 5791 6026 5792
f 6026 6025 5792
f 5792 6025 5793
f 6025 6024 5793
f 5793 6024 5794
f 6024 6023 5794
f 5794 6023 5795
f 6023 6022 5795
f 5795 6022 5796
f 6022 6021 5796
f 5796 6021 5797
f 6021 6020 5797
f 5797 6020 5798
f 6020 6019 5798
f 5798 6019 6018
f 5798 6018 5799
f 5799 6018 6017
f 5799 6017 5800
f 5800 6017 6016
f 5800 6016 5801
f 5801 6016 6015
f 5801 6015 5802
f 5802 6015 6014
f 5802 6014 5803
f 5803 6014 6013
f 5803 6013 5804
f 5804 6013 6012
f 5804 6012 5805
f 5805 6012 6011
f 5805 6011 5730
f 6011 6043 6042
f 6043 6074 6042
f 6042 6074 6041
f 6074 6073 6041
f 6041 6073 6040
f 6073 6072 6040
f 6040 6072 6039
f 6072 6071 6039
f 6039 6071 6038
f 6071 6070 6038
f 6038 6070 6037
f 6070 6069 6037
f 6037 6069 6036
f 6069 6068 6036
f 6036 6068 6035
f 6068 6067 6035
f 6035 6067 6066
f 6035 6066 6034
f 6034 6066 6065
f 6034 6065 6033
f 6033 6065 6064
f 6033 6064 6032
f 6032 6064 6063
f 6032 6063 6031
f 6031 6063 6062
f 6031 6062 6030
f 6030 6062 6061
f 6030 6061 6029
f 6029 6061 6060
f 6029 6060 6028
f 6028 6060 6059
f 6028 6059 6027
f 6027 6059 6026
f 6059 6058 6026
f 6026 6058 6025
f 6058 6057 6025
f 6025 6057 6024
f 6057 6056 6024
f 6024 6056 6023
f 6056 6055 6023
f 6023 6055 6022
f 6055 6054 6022
f 6022 6054 6021
f 6054 6053 6021
f 6021 6053 6020
f 6053 6052 6020
f 6020 6052 6019
f 6052 6051 6019
f 6019 6051 6050
f 6019 6050 6018
f 6018 6050 6049
f 6018 6049 6017
f 6017 6049 6048
f 6017 6048 6016
f 6016 6048 6047
f 6016 6047 6015
f 6015 6047 6046
f 6015 6046 6014
f 6014 6046 6045
f 6014 6045 6013
f 6013 6045 6044
f 6013 6044 6012
f 6012 6044 6043
f 6012 6043 6011
f 6043 6075 6074
f 6075 6106 6074
f 6074 6106 6073
f 6106 6105 6073
f 6073 6105 6072
f 6105 6104 6072
f 6072 6104 6071
f 6104 6103 6071
f 6071 6103 6070
f 6103 6102 6070
f 6070 6102 6069
f 6102 6101 6069
f 6069 6101 6068
f 6101 6100 6068
f 6068 6100 6067
f 6100 6099 6067
f 6067 6099 6098
f 6067 6098 6066
f 6066 6098 6097
f 6066 6097 6065
f 6065 6097 6096
f 6065 6096 6064
f 6064 6096 6095
f 6064 6095 6063
f 6063 6095 6094
f 6063 6094 6062
f 6062 6094 6093
f 6062 6093 6061
f 6061 6093 6092
f 6061 6092 6060
f 6060 6092 6091
f 6060 6091 6059
f 6059 6091 6058
f 6091 6090 6058
f 6058 6090 6057
f 6090 6089 6057
f 6057 6089 6056
f 6089 6088 6056
f 6056 6088 6055
f 6088 6087 6055
f 6055 6087 6054
f 6087 6086 6054
f 6054 6086 6053
f 6086 6085 6053
f 6053 6085 6052
f 6085 6084 6052
f 6052 6084 6051
f 6084 6083 6051
f 6051 6083 6082
f 6051 6082 6050
f 6050 6082 6081
f 6050 6081 6049
f 6049 6081 6080
f 6049 6080 6048
f 6048 6080 6079
f 6048 6079 6047
f 6047 6079 6078
f 6047 6078 6046
f 6046 6078 6077
f 6046 6077 6045
f 6045 6077 6076
f 6045 6076 6044
f 6044 6076 6075
f 6044 6075 6043
f 6075 6108 6138
f 6075 6138 6106
f 6106 6138 6137
f 6106 6137 6105
f 6105 6137 6136
f 6105 6136 6104
f 6104 6136 6135
f 6104 6135 6103
f 6103 6135 6134
f 6103 6134 6102
f 6102 6134 6133
f 6102 6133 6101
f 6101 6133 6132
f 6101 6132 6100
f 6100 6132 6131
f 6100 6131 6099
f 6099 6131 6098
f 6131 6130 6098
f 6098 6130 6097
f 6130 6129 6097
f 6097 6129 6096
f 6129 6128 6096
f 6096 6128 6095
f 6128 6127 6095
f 6095 6127 6094
f 6127 6126 6094
f 6094 6126 6093
f 6126 6125 6093
f 6093 6125 6092
f 6125 6124 6092
f 6092 6124 6091
f 6124 6123 6091
f 6091 6123 6122
f 6091 6122 6090
f 6090 6122 6121
f 6090 6121 6089
f 6089 6121 6120
f 6089 6120 6088
f 6088 6120 6119
f 6088 6119 6087
f 6087 6119 6118
f 6087 6118 6086
f 6086 6118 6117
f 6086 6117 6085
f 6085 6117 6116
f 6085 6116 6084
f 6084 6116 6115
f 6084 6115 6083
f 6083 6115 6082
f 6115 6114 6082
f 6082 6114 6081
f 6114 6113 6081
f 6081 6113 6080
f 6113 6112 6080
f 6080 6112 6079
f 6112 6111 6079
f 6079 6111 6078
f 6111 6110 6078
f 6078 6110 6077
f 6110 6109 6077
f 6077 6109 6076
f 6109 6107 6076
f 6076 6107 6075
f 6107 6108 6075
f 6108 6140 6170
f 6108 6170 6138
f 6138 6170 6169
f 6138 6169 6137
f 6137 6169 6168
f 6137 6168 6136
f 6136 6168 6167
f 6136 6167 6135
f 6135 6167 6166
f 6135 6166 6134
f 6134 6166 6165
f 6134 6165 6133
f 6133 6165 6164
f 6133 6164 6132
f 6132 6164 6163
f 6132 6163 6131
f 6131 6163 6130
f 6163 6162 6130
f 6130 6162 6129
f 6162 6161 6129
f 6129 6161 6128
f 6161 6160 6128
f 6128 6160 6127
f 6160 6159 6127
f 6127 6159 6126
f 6159 6158 6126
f 6126 6158 6125
f 6158 6157 6125
f 6125 6157 6124
f 6157 6156 6124
f 6124 6156 6123
f 6156 6155 6123
f 6123 6155 6154
f 6123 6154 6122
f 6122 6154 6153
f 6122 6153 6121
f 6121 6153 6152
f 6121 6152 6120
f 6120 6152 6151
f 6120 6151 6119
f 6119 6151 6150
f 6119 6150 6118
f 6118 6150 6149
f 6118 6149 6117
f 6117 6149 6148
f 6117 6148 6116
f 6116 6148 6147
f 6116 6147 6115
f 6115 6147 6114
f 6147 6146 6114
f 6114 6146 6113
f 6146 6145 6113
f 6113 6145 6112
f 6145 6144 6112
f 6112 6144 6111
f 6144 6143 6111
f 6111 6143 6110
f 6143 6142 6110
f 6110 6142 6109
f 6142 6141 6109
f 6109 6141 6107
f 6141 6139 6107
f 6107 6139 6108
f 6139 6140 6108
f 6140 6200 6170
f 6170 6200 6199
f 6170 6199 6169
f 6169 6199 6198
f 6169 6198 6168
f 6168 6198 6197
f 6168 6197 6167
f 6167 6197 6196
f 6167 6196 6166
f 6166 6196 6195
f 6166 6195 6165
f 6165 6195 6194
f 6165 6194 6164
f 6164 6194 6193
f 6164 6193 6163
f 6163 6193 6162
f 6193 6192 6162
f 6162 6192 6161
f 6192 6191 6161
f 6161 6191 6160
f 6191 6190 6160
f 6160 6190 6159
f 6190 6189 6159
f 6159 6189 6158
f 6189 6188 6158
f 6158 6188 6157
f 6188 6187 6157
f 6157 6187 6156
f 6187 6186 6156
f 6156 6186 6155
f 6155 6185 6154
f 6154 6185 6184
f 6154 6184 6153
f 6153 6184 6183
f 6153 6183 6152
f 6152 6183 6182
f 6152 6182 6151
f 6151 6182 6181
f 6151 6181 6150
f 6150 6181 6180
f 6150 6180 6149
f 6149 6180 6179
f 6149 6179 6148
f 6148 6179 6178
f 6148 6178 6147
f 6147 6178 6146
f 6178 6177 6146
f 6146 6177 6145
f 6177 6176 6145
f 6145 6176 6144
f 6176 6175 6144
f 6144 6175 6143
f 6175 6174 6143
f 6143 6174 6142
f 6174 6173 6142
f 6142 6173 6141
f 6173 6172 6141
f 6141 6172 6139
f 6172 6171 6139
f 6139 6171 6140
f 6140 6201 6200
f 6200 6201 6202
f 6200 6202 6199
f 6199 6202 6203
f 6199 6203 6198
f 6198 6203 6204
f 6198 6204 6197
f 6197 6204 6205
f 6197 6205 6196
f 6196 6205 6206
f 6196 6206 6195
f 6195 6206 6207
f 6195 6207 6194
f 6194 6207 6208
f 6194 6208 6193
f 6193 6208 6192
f 6208 6209 6192
f 6192 6209 6191
f 6209 6210 6191
f 6191 6210 6190
f 6210 6211 6190
f 6190 6211 6189
f 6211 6212 6189
f 6189 6212 6188
f 6212 6213 6188
f 6188 6213 6187
f 6213 6214 6187
f 6187 6214 6186
f 6214 6215 6186
f 6186 6215 6155
f 6155 6215 6185
f 6185 6215 6214
f 6185 6214 6184
f 6184 6214 6213
f 6184 6213 6183
f 6183 6213 6212
f 6183 6212 6182
f 6182 6212 6211
f 6182 6211 6181
f 6181 6211 6210
f 6181 6210 6180
f 6180 6210 6209
f 6180 6209 6179
f 6179 6209 6208
f 6179 6208 6178
f 6178 6208 6177
f 6208 6207 6177
f 6177 6207 6176
f 6207 6206 6176
f 6176 6206 6175
f 6206 6205 6175
f 6175 6205 6174
f 6205 6204 6174
f 6174 6204 6173
f 6204 6203 6173
f 6173 6203 6172
f 6203 6202 6172
f 6172 6202 6171
f 6202 6201 6171
f 6171 6201 6140
g MeshGeom
f 6216 6217 6218
f 6217 6219 6218
f 6219 6220 6218
f 6220 6221 6218
f 6218 6221 6222
f 6218 6222 6223
f 6218 6223 6224
f 6218 6224 6225
f 6225 6226 6218
f 6226 6227 6218
f 6227 6228 6218
f 6228 6229 6218
f 6218 6229 6230
f 6218 6230 6231
f 6218 6231 6232
f 6218 6232 6216
f 6216 6233 6217
f 6233 6234 6217
f 6217 6234 6219
f 6234 6235 6219
f 6219 6235 6220
f 6235 6236 6220
f 6220 6236 6221
f 6236 6237 6221
f 6221 6237 6238
f 6221 6238 6222
f 6222 6238 6239
f 6222 6239 6223
f 6223 6239 6240
f 6223 6240 6224
f 6224 6240 6241
f 6224 6241 6225
f 6225 6241 6226
f 6241 6242 6226
f 6226 6242 6227
f 6242 6243 6227
f 6227 6243 6228
f 6243 6244 6228
f 6228 6244 6229
f 6244 6245 6229
f 6229 6245 6246
f 6229 6246 6230
f 6230 6246 6247
f 6230 6247 6231
f 6231 6247 6248
f 6231 6248 6232
f 6232 6248 6233
f 6232 6233 6216
f 6233 6249 6234
f 6249 6250 6234
f 6234 6250 6235
f 6250 6251 6235
f 6235 6251 6236
f 6251 6252 6236
f 6236 6252 6237
f 6252 6253 6237
f 6237 6253 6254
f 6237 6254 6238
f 6238 6254 6255
f 6238 6255 6239
f 6239 6255 6256
f 6239 6256 6240
f 6240 6256 6257
f 6240 6257 6241
f 6241 6257 6242
f 6257 6258 6242
f 6242 6258 6243
f 6258 6259 6243
f 6243 6259 6244
f 6259 6260 6244
f 6244 6260 6245
f 6260 6261 6245
f 6245 6261 6262
f 6245 6262 6246
f 6246 6262 6263
f 6246 6263 6247
f 6247 6263 6264
f 6247 6264 6248
f 6248 6264 6249
f 6248 6249 6233
f 6249 6265 6250
f 6265 6266 6250
f 6250 6266 6251
f 6266 6267 6251
f 6251 6267 6252
f 6267 6268 6252
f 6252 6268 6253
f 6268 6269 6253
f 6253 6269 6270
f 6253 6270 6254
f 6254 6270 6271
f 6254 6271 6255
f 6255 6271 6272
f 6255 6272 6256
f 6256 6272 6273
f 6256 6273 6257
f 6257 6273 6258
f 6273 6274 6258
f 6258 6274 6259
f 6274 6275 6259
f 6259 6275 6260
f 6275 6276 6260
f 6260 6276 6261
f 6276 6277 6261
f 6261 6277 6278
f 6261 6278 6262
f 6262 6278 6279
f 6262 6279 6263
f 6263 6279 6280
f 6263 6280 6264
f 6264 6280 6265
f 6264 6265 6249
f 6265 6281 6266
f 6281 6282 6266
f 6266 6282 6267
f 6282 6283 6267
f 6267 6283 6268
f 6283 6284 6268
f 6268 6284 6269
f 6284 6285 6269
f 6269 6285 6286
f 6269 6286 6270
f 6270 6286 6287
f 6270 6287 6271
f 6271 6287 6288
f 6271 6288 6272
f 6272 6288 6289
f 6272 6289 6273
f 6273 6289 6274
f 6289 6290 6274
f 6274 6290 6275
f 6290 6291 6275
f 6275 6291 6276
f 6291 6292 6276
f 6276 6292 6277
f 6292 6293 6277
f 6277 6293 6294
f 6277 6294 6278
f 6278 6294 6295
f 6278 6295 6279
f 6279 6295 6296
f 6279 6296 6280
f 6280 6296 6281
f 6280 6281 6265
f 6281 6297 6282
f 6297 6298 6282
f 6282 6298 6283
f 6298 6299 6283
f 6283 6299 6284
f 6299 6300 6284
f 6284 6300 6285
f 6300 6301 6285
f 6285 6301 6302
f 6285 6302 6286
f 6286 6302 6303
f 6286 6303 6287
f 6287 6303 6304
f 6287 6304 6288
f 6288 6304 6305
f 6288 6305 6289
f 6289 6305 6290
f 6305 6306 6290
f 6290 6306 6291
f 6306 6307 6291
f 6291 6307 6292
f 6307 6308 6292
f 6292 6308 6293
f 6308 6309 6293
f 6293 6309 6310
f 6293 6310 6294
f 6294 6310 6311
f 6294 6311 6295
f 6295 6311 6312
f 6295 6312 6296
f 6296 6312 6297
f 6296 6297 6281
f 6297 6313 6298
f 6313 6314 6298
f 6298 6314 6299
f 6314 6315 6299
f 6299 6315 6300
f 6315 6316 6300
f 6300 6316 6301
f 6316 6317 6301
f 6301 6317 6318
f 6301 6318 6302
f 6302 6318 6319
f 6302 6319 6303
f 6303 6319 6320
f 6303 6320 6304
f 6304 6320 6321
f 6304 6321 6305
f 6305 6321 6306
f 6321 6322 6306
f 6306 6322 6307
f 6322 6323 6307
f 6307 6323 6308
f 6323 6324 6308
f 6308 6324 6309
f 6324 6325 6309
f 6309 6325 6326
f 6309 6326 6310
f 6310 6326 6327
f 6310 6327 6311
f 6311 6327 6328
f 6311 6328 6312
f 6312 6328 6313
f 6312 6313 6297
f 6313 6329 6314
f 6329 6330 6314
f 6314 6330 6315
f 6330 6331 6315
f 6315 6331 6316
f 6331 6332 6316
f 6316 6332 6317
f 6332 6333 6317
f 6317 6333 6334
f 6317 6334 6318
f 6318 6334 6335
f 6318 6335 6319
f 6319 6335 6336
f 6319 6336 6320
f 6320 6336 6337
f 6320 6337 6321
f 6321 6337 6322
f 6337 6338 6322
f 6322 6338 6323
f 6338 6339 6323
f 6323 6339 6324
f 6339 6340 6324
f 6324 6340 6325
f 6340 6341 6325
f 6325 6341 6342
f 6325 6342 6326
f 6326 6342 6343
f 6326 6343 6327
f 6327 6343 6344
f 6327 6344 6328
f 6328 6344 6329
f 6328 6329 6313
f 6329 6345 6330
f 6345 6346 6330
f 6330 6346 6331
f 6346 6347 6331
f 6331 6347 6332
f 6347 6348 6332
f 6332 6348 6333
f 6348 6349 6333
f 6333 6349 6350
f 6333 6350 6334
f 6334 6350 6351
f 6334 6351 6335
f 6335 6351 6352
f 6335 6352 6336
f 6336 6352 6353
f 6336 6353 6337
f 6337 6353 6338
f 6353 6354 6338
f 6338 6354 6339
f 6354 6355 6339
f 6339 6355 6340
f 6355 6356 6340
f 6340 6356 6341
f 6356 6357 6341
f 6341 6357 6358
f 6341 6358 6342
f 6342 6358 6359
f 6342 6359 6343
f 6343 6359 6360
f 6343 6360 6344
f 6344 6360 6345
f 6344 6345 6329
f 6345 6361 6346
f 6361 6362 6346
f 6346 6362 6347
f 6362 6363 6347
f 6347 6363 6348
f 6363 6364 6348
f 6348 6364 6349
f 6364 6365 6349
f 6349 6365 6366
f 6349 6366 6350
f 6350 6366 6367
f 6350 6367 6351
f 6351 6367 6368
f 6351 6368 6352
f 6352 6368 6369
f 6352 6369 6353
f 6353 6369 6354
f 6369 6370 6354
f 6354 6370 6355
f 6370 6371 6355
f 6355 6371 6356
f 6371 6372 6356
f 6356 6372 6357
f 6372 6373 6357
f 6357 6373 6374
f 6357 6374 6358
f 6358 6374 6375
f 6358 6375 6359
f 6359 6375 6376
f 6359 6376 6360
f 6360 6376 6361
f 6360 6361 6345
f 6361 6377 6378
f 6361 6378 6362
f 6362 6378 6379
f 6362 6379 6363
f 6363 6379 6380
f 6363 6380 6364
f 6364 6380 6381
f 6364 6381 6365
f 6365 6381 6366
f 6381 6382 6366
f 6366 6382 6367
f 6382 6383 6367
f 6367 6383 6368
f 6383 6384 6368
f 6368 6384 6369
f 6384 6385 6369
f 6369 6385 6386
f 6369 6386 6370
f 6370 6386 6387
f 6370 6387 6371
f 6371 6387 6388
f 6371 6388 6372
f 6372 6388 6389
f 6372 6389 6373
f 6373 6389 6374
f 6389 6390 6374
f 6374 6390 6375
f 6390 6391 6375
f 6375 6391 6376
f 6391 6392 6376
f 6376 6392 6361
f 6392 6377 6361
f 6377 6393 6394
f 6377 6394 6378
f 6378 6394 6395
f 6378 6395 6379
f 6379 6395 6396
f 6379 6396 6380
f 6380 6396 6397
f 6380 6397 6381
f 6381 6397 6382
f 6397 6398 6382
f 6382 6398 6383
f 6398 6399 6383
f 6383 6399 6384
f 6399 6400 6384
f 6384 6400 6385
f 6400 6401 6385
f 6385 6401 6402
f 6385 6402 6386
f 6386 6402 6403
f 6386 6403 6387
f 6387 6403 6404
f 6387 6404 6388
f 6388 6404 6405
f 6388 6405 6389
f 6389 6405 6390
f 6405 6406 6390
f 6390 6406 6391
f 6406 6407 6391
f 6391 6407 6392
f 6407 6408 6392
f 6392 6408 6377
f 6408 6393 6377
f 6393 6409 6410
f 6393 6410 6394
f 6394 6410 6411
f 6394 6411 6395
f 6395 6411 6412
f 6395 6412 6396
f 6396 6412 6413
f 6396 6413 6397
f 6397 6413 6398
f 6413 6414 6398
f 6398 6414 6399
f 6414 6415 6399
f 6399 6415 6400
f 6415 6416 6400
f 6400 6416 6401
f 6416 6417 6401
f 6401 6417 6418
f 6401 6418 6402
f 6402 6418 6419
f 6402 6419 6403
f 6403 6419 6420
f 6403 6420 6404
f 6404 6420 6421
f 6404 6421 6405
f 6405 6421 6406
f 6421 6422 6406
f 6406 6422 6407
f 6422 6423 6407
f 6407 6423 6408
f 6423 6424 6408
f 6408 6424 6393
f 6424 6409 6393
f 6409 6425 6426
f 6409 6426 6410
f 6410 6426 6427
f 6410 6427 6411
f 6411 6427 6428
f 6411 6428 6412
f 6412 6428 6429
f 6412 6429 6413
f 6413 6429 6414
f 6429 6430 6414
f 6414 6430 6415
f 6430 6431 6415
f 6415 6431 6416
f 6431 6432 6416
f 6416 6432 6417
f 6432 6433 6417
f 6417 6433 6434
f 6417 6434 6418
f 6418 6434 6435
f 6418 6435 6419
f 6419 6435 6436
f 6419 6436 6420
f 6420 6436 6437
f 6420 6437 6421
f 6421 6437 6422
f 6437 6438 6422
f 6422 6438 6423
f 6438 6439 6423
f 6423 6439 6424
f 6439 6440 6424
f 6424 6440 6409
f 6440 6425 6409
f 6425 6441 6442
f 6425 6442 6426
f 6426 6442 6443
f 6426 6443 6427
f 6427 6443 6444
f 6427 6444 6428
f 6428 6444 6445
f 6428 6445 6429
f 6429 6445 6430
f 6445 6446 6430
f 6430 6446 6431
f 6446 6447 6431
f 6431 6447 6432
f 6447 6448 6432
f 6432 6448 6433
f 6448 6449 6433
f 6433 6449 6450
f 6433 6450 6434
f 6434 6450 6451
f 6434 6451 6435
f 6435 6451 6452
f 6435 6452 6436
f 6436 6452 6453
f 6436 6453 6437
f 6437 6453 6438
f 6453 6454 6438
f 6438 6454 6439
f 6454 6455 6439
f 6439 6455 6440
f 6455 6456 6440
f 6440 6456 6425
f 6456 6441 6425
f 6441 6457 6458
f 6441 6458 6442
f 6442 6458 6459
f 6442 6459 6443
f 6443 6459 6460
f 6443 6460 6444
f 6444 6460 6461
f 6444 6461 6445
f 6445 6461 6446
f 6461 6462 6446
f 6446 6462 6447
f 6462 6463 6447
f 6447 6463 6448
f 6463 6464 6448
f 6448 6464 6449
f 6464 6465 6449
f 6449 6465 6466
f 6449 6466 6450
f 6450 6466 6467
f 6450 6467 6451
f 6451 6467 6468
f 6451 6468 6452
f 6452 6468 6469
f 6452 6469 6453
f 6453 6469 6454
f 6469 6470 6454
f 6454 6470 6455
f 6470 6471 6455
f 6455 6471 6456
f 6471 6472 6456
f 6456 6472 6441
f 6472 6457 6441
f 6457 6473 6474
f 6457 6474 6458
f 6458 6474 6475
f 6458 6475 6459
f 6459 6475 6476
f 6459 6476 6460
f 6460 6476 6477
f 6460 6477 6461
f 6461 6477 6462
f 6477 6478 6462
f 6462 6478 6463
f 6478 6479 6463
f 6463 6479 6464
f 6479 6480 6464
f 6464 6480 6465
f 6480 6481 6465
f 6465 6481 6482
f 6465 6482 6466
f 6466 6482 6483
f 6466 6483 6467
f 6467 6483 6484
f 6467 6484 6468
f 6468 6484 6485
f 6468 6485 6469
f 6469 6485 6470
f 6485 6486 6470
f 6470 6486 6471
f 6486 6487 6471
f 6471 6487 6472
f 6487 6488 6472
f 6472 6488 6457
f 6488 6473 6457
f 6473 6489 6490
f 6473 6490 6474
f 6474 6490 6491
f 6474 6491 6475
f 6475 6491 6492
f 6475 6492 6476
f 6476 6492 6493
f 6476 6493 6477
f 6477 6493 6478
f 6493 6494 6478
f 6478 6494 6479
f 6494 6495 6479
f 6479 6495 6480
f 6495 6496 6480
f 6480 6496 6481
f 6496 6497 6481
f 6481 6497 6498
f 6481 6498 6482
f 6482 6498 6499
f 6482 6499 6483
f 6483 6499 6500
f 6483 6500 6484
f 6484 6500 6501
f 6484 6501 6485
f 6485 6501 6486
f 6501 6502 6486
f 6486 6502 6487
f 6502 6503 6487
f 6487 6503 6488
f 6503 6504 6488
f 6488 6504 6473
f 6504 6489 6473
f 6489 6505 6506
f 6489 6506 6490
f 6490 6506 6507
f 6490 6507 6491
f 6491 6507 6508
f 6491 6508 6492
f 6492 6508 6509
f 6492 6509 6493
f 6493 6509 6494
f 6509 6510 6494
f 6494 6510 6495
f 6510 6511 6495
f 6495 6511 6496
f 6511 6512 6496
f 6496 6512 6497
f 6512 6513 6497
f 6497 6513 6514
f 6497 6514 6498
f 6498 6514 6515
f 6498 6515 6499
f 6499 6515 6516
f 6499 6516 6500
f 6500 6516 6517
f 6500 6517 6501
f 6501 6517 6502
f 6517 6518 6502
f 6502 6518 6503
f 6518 6519 6503
f 6503 6519 6504
f 6519 6520 6504
f 6504 6520 6489
f 6520 6505 6489
f 6505 6521 6506
f 6506 6521 6507
f 6507 6521 6508
f 6508 6521 6509
f 6509 6521 6510
f 6510 6521 6511
f 6511 6521 6512
f 6512 6521 6513
f 6513 6521 6514
f 6514 6521 6515
f 6515 6521 6516
f 6516 6521 6517
f 6517 6521 6518
f 6518 6521 6519
f 6519 6521 6520
f 6520 6521 6505
f 6522 6523 6218
f 6523 6524 6218
f 6524 6525 6218
f 6525 6526 6218
f 6218 6526 6527
f 6218 6527 6528
f 6218 6528 6529
f 6218 6529 6530
f 6530 6531 6218
f 6531 6532 6218
f 6532 6533 6218
f 6533 6534 6218
f 6218 6534 6535
f 6218 6535 6536
f 6218 6536 6537
f 6218 6537 6522
f 6522 6538 6523
f 6538 6539 6523
f 6523 6539 6524
f 6539 6540 6524
f 6524 6540 6525
f 6540 6541 6525
f 6525 6541 6526
f 6541 6542 6526
f 6526 6542 6543
f 6526 6543 6527
f 6527 6543 6544
f 6527 6544 6528
f 6528 6544 6545
f 6528 6545 6529
f 6529 6545 6546
f 6529 6546 6530
f 6530 6546 6531
f 6546 6547 6531
f 6531 6547 6532
f 6547 6548 6532
f 6532 6548 6533
f 6548 6549 6533
f 6533 6549 6534
f 6549 6550 6534
f 6534 6550 6551
f 6534 6551 6535
f 6535 6551 6552
f 6535 6552 6536
f 6536 6552 6553
f 6536 6553 6537
f 6537 6553 6538
f 6537 6538 6522
f 6538 6554 6539
f 6554 6555 6539
f 6539 6555 6540
f 6555 6556 6540
f 6540 6556 6541
f 6556 6557 6541
f 6541 6557 6542
f 6557 6558 6542
f 6542 6558 6559
f 6542 6559 6543
f 6543 6559 6560
f 6543 6560 6544
f 6544 6560 6561
f 6544 6561 6545
f 6545 6561 6562
f 6545 6562 6546
f 6546 6562 6547
f 6562 6563 6547
f 6547 6563 6548
f 6563 6564 6548
f 6548 6564 6549
f 6564 6565 6549
f 6549 6565 6550
f 6565 6566 6550
f 6550 6566 6567
f 6550 6567 6551
f 6551 6567 6568
f 6551 6568 6552
f 6552 6568 6569
f 6552 6569 6553
f 6553 6569 6554
f 6553 6554 6538
f 6554 6570 6555
f 6570 6571 6555
f 6555 6571 6556
f 6571 6572 6556
f 6556 6572 6557
f 6572 6573 6557
f 6557 6573 6558
f 6573 6574 6558
f 6558 6574 6575
f 6558 6575 6559
f 6559 6575 6576
f 6559 6576 6560
f 6560 6576 6577
f 6560 6577 6561
f 6561 6577 6578
f 6561 6578 6562
f 6562 6578 6563
f 6578 6579 6563
f 6563 6579 6564
f 6579 6580 6564
f 6564 6580 6565
f 6580 6581 6565
f 6565 6581 6566
f 6581 6582 6566
f 6566 6582 6583
f 6566 6583 6567
f 6567 6583 6584
f 6567 6584 6568
f 6568 6584 6585
f 6568 6585 6569
f 6569 6585 6570
f 6569 6570 6554
f 6570 6586 6571
f 6586 6587 6571
f 6571 6587 6572
f 6587 6588 6572
f 6572 6588 6573
f 6588 6589 6573
f 6573 6589 6574
f 6589 6590 6574
f 6574 6590 6591
f 6574 6591 6575
f 6575 6591 6592
f 6575 6592 6576
f 6576 6592 6593
f 6576 6593 6577
f 6577 6593 6594
f 6577 6594 6578
f 6578 6594 6579
f 6594 6595 6579
f 6579 6595 6580
f 6595 6596 6580
f 6580 6596 6581
f 6596 6597 6581
f 6581 6597 6582
f 6597 6598 6582
f 6582 6598 6599
f 6582 6599 6583
f 6583 6599 6600
f 6583 6600 6584
f 6584 6600 6601
f 6584 6601 6585
f 6585 6601 6586
f 6585 6586 6570
f 6586 6602 6587
f 6602 6603 6587
f 6587 6603 6588
f 6603 6604 6588
f 6588 6604 6589
f 6604 6605 6589
f 6589 6605 6590
f 6605 6606 6590
f 6590 6606 6607
f 6590 6607 6591
f 6591 6607 6608
f 6591 6608 6592
f 6592 6608 6609
f 6592 6609 6593
f 6593 6609 6610
f 6593 6610 6594
f 6594 6610 6595
f 6610 6611 6595
f 6595 6611 6596
f 6611 6612 6596
f 6596 6612 6597
f 6612 6613 6597
f 6597 6613 6598
f 6613 6614 6598
f 6598 6614 6615
f 6598 6615 6599
f 6599 6615 6616
f 6599 6616 6600
f 6600 6616 6617
f 6600 6617 6601
f 6601 6617 6602
f 6601 6602 6586
f 6602 6618 6603
f 6618 6619 6603
f 6603 6619 6604
f 6619 6620 6604
f 6604 6620 6605
f 6620 6621 6605
f 6605 6621 6606
f 6621 6622 6606
f 6606 6622 6623
f 6606 6623 6607
f 6607 6623 6624
f 6607 6624 6608
f 6608 6624 6625
f 6608 6625 6609
f 6609 6625 6626
f 6609 6626 6610
f 6610 6626 6611
f 6626 6627 6611
f 6611 6627 6612
f 6627 6628 6612
f 6612 6628 6613
f 6628 6629 6613
f 6613 6629 6614
f 6629 6630 6614
f 6614 6630 6631
f 6614 6631 6615
f 6615 6631 6632
f 6615 6632 6616
f 6616 6632 6633
f 6616 6633 6617
f 6617 6633 6618
f 6617 6618 6602
f 6618 6634 6619
f 6634 6635 6619
f 6619 6635 6620
f 6635 6636 6620
f 6620 6636 6621
f 6636 6637 6621
f 6621 6637 6622
f 6637 6638 6622
f 6622 6638 6639
f 6622 6639 6623
f 6623 6639 6640
f 6623 6640 6624
f 6624 6640 6641
f 6624 6641 6625
f 6625 6641 6642
f 6625 6642 6626
f 6626 6642 6627
f 6642 6643 6627
f 6627 6643 6628
f 6643 6644 6628
f 6628 6644 6629
f 6644 6645 6629
f 6629 6645 6630
f 6645 6646 6630
f 6630 6646 6647
f 6630 6647 6631
f 6631 6647 6648
f 6631 6648 6632
f 6632 6648 6649
f 6632 6649 6633
f 6633 6649 6634
f 6633 6634 6618
f 6634 6650 6635
f 6650 6651 6635
f 6635 6651 6636
f 6651 6652 6636
f 6636 6652 6637
f 6652 6653 6637
f 6637 6653 6638
f 6653 6654 6638
f 6638 6654 6655
f 6638 6655 6639
f 6639 6655 6656
f 6639 6656 6640
f 6640 6656 6657
f 6640 6657 6641
f 6641 6657 6658
f 6641 6658 6642
f 6642 6658 6643
f 6658 6659 6643
f 6643 6659 6644
f 6659 6660 6644
f 6644 6660 6645
f 6660 6661 6645
f 6645 6661 6646
f 6661 6662 6646
f 6646 6662 6663
f 6646 6663 6647
f 6647 6663 6664
f 6647 6664 6648
f 6648 6664 6665
f 6648 6665 6649
f 6649 6665 6650
f 6649 6650 6634
f 6650 6666 6651
f 6666 6667 6651
f 6651 6667 6652
f 6667 6668 6652
f 6652 6668 6653
f 6668 6669 6653
f 6653 6669 6654
f 6669 6670 6654
f 6654 6670 6671
f 6654 6671 6655
f 6655 6671 6672
f 6655 6672 6656
f 6656 6672 6673
f 6656 6673 6657
f 6657 6673 6674
f 6657 6674 6658
f 6658 6674 6659
f 6674 6675 6659
f 6659 6675 6660
f 6675 6676 6660
f 6660 6676 6661
f 6676 6677 6661
f 6661 6677 6662
f 6677 6678 6662
f 6662 6678 6679
f 6662 6679 6663
f 6663 6679 6680
f 6663 6680 6664
f 6664 6680 6681
f 6664 6681 6665
f 6665 6681 6666
f 6665 6666 6650
f 6666 6682 6683
f 6666 6683 6667
f 6667 6683 6684
f 6667 6684 6668
f 6668 6684 6685
f 6668 6685 6669
f 6669 6685 6686
f 6669 6686 6670
f 6670 6686 6671
f 6686 6687 6671
f 6671 6687 6672
f 6687 6688 6672
f 6672 6688 6673
f 6688 6689 6673
f 6673 6689 6674
f 6689 6690 6674
f 6674 6690 6691
f 6674 6691 6675
f 6675 6691 6692
f 6675 6692 6676
f 6676 6692 6693
f 6676 6693 6677
f 6677 6693 6694
f 6677 6694 6678
f 6678 6694 6679
f 6694 6695 6679
f 6679 6695 6680
f 6695 6696 6680
f 6680 6696 6681
f 6696 6697 6681
f 6681 6697 6666
f 6697 6682 6666
f 6682 6698 6699
f 6682 6699 6683
f 6683 6699 6700
f 6683 6700 6684
f 6684 6700 6701
f 6684 6701 6685
f 6685 6701 6702
f 6685 6702 6686
f 6686 6702 6687
f 6702 6703 6687
f 6687 6703 6688
f 6703 6704 6688
f 6688 6704 6689
f 6704 6705 6689
f 6689 6705 6690
f 6705 6706 6690
f 6690 6706 6707
f 6690 6707 6691
f 6691 6707 6708
f 6691 6708 6692
f 6692 6708 6709
f 6692 6709 6693
f 6693 6709 6710
f 6693 6710 6694
f 6694 6710 6695
f 6710 6711 6695
f 6695 6711 6696
f 6711 6712 6696
f 6696 6712 6697
f 6712 6713 6697
f 6697 6713 6682
f 6713 6698 6682
f 6698 6714 6715
f 6698 6715 6699
f 6699 6715 6716
f 6699 6716 6700
f 6700 6716 6717
f 6700 6717 6701
f 6701 6717 6718
f 6701 6718 6702
f 6702 6718 6703
f 6718 6719 6703
f 6703 6719 6704
f 6719 6720 6704
f 6704 6720 6705
f 6720 6721 6705
f 6705 6721 6706
f 6721 6722 6706
f 6706 6722 6723
f 6706 6723 6707
f 6707 6723 6724
f 6707 6724 6708
f 6708 6724 6725
f 6708 6725 6709
f 6709 6725 6726
f 6709 6726 6710
f 6710 6726 6711
f 6726 6727 6711
f 6711 6727 6712
f 6727 6728 6712
f 6712 6728 6713
f 6728 6729 6713
f 6713 6729 6698
f 6729 6714 6698
f 6714 6730 6731
f 6714 6731 6715
f 6715 6731 6732
f 6715 6732 6716
f 6716 6732 6733
f 6716 6733 6717
f 6717 6733 6734
f 6717 6734 6718
f 6718 6734 6719
f 6734 6735 6719
f 6719 6735 6720
f 6735 6736 6720
f 6720 6736 6721
f 6736 6737 6721
f 6721 6737 6722
f 6737 6738 6722
f 6722 6738 6739
f 6722 6739 6723
f 6723 6739 6740
f 6723 6740 6724
f 6724 6740 6741
f 6724 6741 6725
f 6725 6741 6742
f 6725 6742 6726
f 6726 6742 6727
f 6742 6743 6727
f 6727 6743 6728
f 6743 6744 6728
f 6728 6744 6729
f 6744 6745 6729
f 6729 6745 6714
f 6745 6730 6714
f 6730 6746 6747
f 6730 6747 6731
f 6731 6747 6748
f 6731 6748 6732
f 6732 6748 6749
f 6732 6749 6733
f 6733 6749 6750
f 6733 6750 6734
f 6734 6750 6735
f 6750 6751 6735
f 6735 6751 6736
f 6751 6752 6736
f 6736 6752 6737
f 6752 6753 6737
f 6737 6753 6738
f 6753 6754 6738
f 6738 6754 6755
f 6738 6755 6739
f 6739 6755 6756
f 6739 6756 6740
f 6740 6756 6757
f 6740 6757 6741
f 6741 6757 6758
f 6741 6758 6742
f 6742 6758 6743
f 6758 6759 6743
f 6743 6759 6744
f 6759 6760 6744
f 6744 6760 6745
f 6760 6761 6745
f 6745 6761 6730
f 6761 6746 6730
f 6746 6762 6763
f 6746 6763 6747
f 6747 6763 6764
f 6747 6764 6748
f 6748 6764 6765
f 6748 6765 6749
f 6749 6765 6766
f 6749 6766 6750
f 6750 6766 6751
f 6766 6767 6751
f 6751 6767 6752
f 6767 6768 6752
f 6752 6768 6753
f 6768 6769 6753
f 6753 6769 6754
f 6769 6770 6754
f 6754 6770 6771
f 6754 6771 6755
f 6755 6771 6772
f 6755 6772 6756
f 6756 6772 6773
f 6756 6773 6757
f 6757 6773 6774
f 6757 6774 6758
f 6758 6774 6759
f 6774 6775 6759
f 6759 6775 6760
f 6775 6776 6760
f 6760 6776 6761
f 6776 6777 6761
f 6761 6777 6746
f 6777 6762 6746
f 6762 6778 6779
f 6762 6779 6763
f 6763 6779 6780
f 6763 6780 6764
f 6764 6780 6781
f 6764 6781 6765
f 6765 6781 6782
f 6765 6782 6766
f 6766 6782 6767
f 6782 6783 6767
f 6767 6783 6768
f 6783 6784 6768
f 6768 6784 6769
f 6784 6785 6769
f 6769 6785 6770
f 6785 6786 6770
f 6770 6786 6787
f 6770 6787 6771
f 6771 6787 6788
f 6771 6788 6772
f 6772 6788 6789
f 6772 6789 6773
f 6773 6789 6790
f 6773 6790 6774
f 6774 6790 6775
f 6790 6791 6775
f 6775 6791 6776
f 6791 6792 6776
f 6776 6792 6777
f 6792 6793 6777
f 6777 6793 6762
f 6793 6778 6762
f 6778 6794 6795
f 6778 6795 6779
f 6779 6795 6796
f 6779 6796 6780
f 6780 6796 6797
f 6780 6797 6781
f 6781 6797 6798
f 6781 6798 6782
f 6782 6798 6783
f 6798 6799 6783
f 6783 6799 6784
f 6799 6800 6784
f 6784 6800 6785
f 6800 6801 6785
f 6785 6801 6786
f 6801 6802 6786
f 6786 6802 6803
f 6786 6803 6787
f 6787 6803 6804
f 6787 6804 6788
f 6788 6804 6805
f 6788 6805 6789
f 6789 6805 6806
f 6789 6806 6790
f 6790 6806 6791
f 6806 6807 6791
f 6791 6807 6792
f 6807 6808 6792
f 6792 6808 6793
f 6808 6809 6793
f 6793 6809 6778
f 6809 6794 6778
f 6794 6810 6811
f 6794 6811 6795
f 6795 6811 6812
f 6795 6812 6796
f 6796 6812 6813
f 6796 6813 6797
f 6797 6813 6814
f 6797 6814 6798
f 6798 6814 6799
f 6814 6815 6799
f 6799 6815 6800
f 6815 6816 6800
f 6800 6816 6801
f 6816 6817 6801
f 6801 6817 6802
f 6817 6818 6802
f 6802 6818 6819
f 6802 6819 6803
f 6803 6819 6820
f 6803 6820 6804
f 6804 6820 6821
f 6804 6821 6805
f 6805 6821 6822
f 6805 6822 6806
f 6806 6822 6807
f 6822 6823 6807
f 6807 6823 6808
f 6823 6824 6808
f 6808 6824 6809
f 6824 6825 6809
f 6809 6825 6794
f 6825 6810 6794
f 6810 6826 6811
f 6811 6826 6812
f 6812 6826 6813
f 6813 6826 6814
f 6814 6826 6815
f 6815 6826 6816
f 6816 6826 6817
f 6817 6826 6818
f 6818 6826 6819
f 6819 6826 6820
f 6820 6826 6821
f 6821 6826 6822
f 6822 6826 6823
f 6823 6826 6824
f 6824 6826 6825
f 6825 6826 6810
f 6522 6523 6218
f 6523 6524 6218
f 6524 6525 6218
f 6525 6526 6218
f 6218 6526 6527
f 6218 6527 6528
f 6218 6528 6529
f 6218 6529 6530
f 6530 6531 6218
f 6531 6532 6218
f 6532 6533 6218
f 6533 6534 6218
f 6218 6534 6535
f 6218 6535 6536
f 6218 6536 6537
f 6218 6537 6522
f 6522 6538 6523
f 6538 6539 6523
f 6523 6539 6524
f 6539 6540 6524
f 6524 6540 6525
f 6540 6541 6525
f 6525 6541 6526
f 6541 6542 6526
f 6526 6542 6543
f 6526 6543 6527
f 6527 6543 6544
f 6527 6544 6528
f 6528 6544 6545
f 6528 6545 6529
f 6529 6545 6546
f 6529 6546 6530
f 6530 6546 6531
f 6546 6547 6531
f 6531 6547 6532
f 6547 6548 6532
f 6532 6548 6533
f 6548 6549 6533
f 6533 6549 6534
f 6549 6550 6534
f 6534 6550 6551
f 6534 6551 6535
f 6535 6551 6552
f 6535 6552 6536
f 6536 6552 6553
f 6536 6553 6537
f 6537 6553 6538
f 6537 6538 6522
f 6538 6554 6539
f 6554 6555 6539
f 6539 6555 6540
f 6555 6556 6540
f 6540 6556 6541
f 6556 6557 6541
f 6541 6557 6542
f 6557 6558 6542
f 6542 6558 6559
f 6542 6559 6543
f 6543 6559 6560
f 6543 6560 6544
f 6544 6560 6561
f 6544 6561 6545
f 6545 6561 6562
f 6545 6562 6546
f 6546 6562 6547
f 6562 6563 6547
f 6547 6563 6548
f 6563 6564 6548
f 6548 6564 6549
f 6564 6565 6549
f 6549 6565 6550
f 6565 6566 6550
f 6550 6566 6567
f 6550 6567 6551
f 6551 6567 6568
f 6551 6568 6552
f 6552 6568 6569
f 6552 6569 6553
f 6553 6569 6554
f 6553 6554 6538
f 6554 6570 6555
f 6570 6571 6555
f 6555 6571 6556
f 6571 6572 6556
f 6556 6572 6557
f 6572 6573 6557
f 6557 6573 6558
f 6573 6574 6558
f 6558 6574 6575
f 6558 6575 6559
f 6559 6575 6576
f 6559 6576 6560
f 6560 6576 6577
f 6560 6577 6561
f 6561 6577 6578
f 6561 6578 6562
f 6562 6578 6563
f 6578 6579 6563
f 6563 6579 6564
f 6579 6580 6564
f 6564 6580 6565
f 6580 6581 6565
f 6565 6581 6566
f 6581 6582 6566
f 6566 6582 6583
f 6566 6583 6567
f 6567 6583 6584
f 6567 6584 6568
f 6568 6584 6585
f 6568 6585 6569
f 6569 6585 6570
f 6569 6570 6554
f 6570 6586 6571
f 6586 6587 6571
f 6571 6587 6572
f 6587 6588 6572
f 6572 6588 6573
f 6588 6589 6573
f 6573 6589 6574
f 6589 6590 6574
f 6574 6590 6591
f 6574 6591 6575
f 6575 6591 6592
f 6575 6592 6576
f 6576 6592 6593
f 6576 6593 6577
f 6577 6593 6594
f 6577 6594 6578
f 6578 6594 6579
f 6594 6595 6579
f 6579 6595 6580
f 6595 6596 6580
f 6580 6596 6581
f 6596 6597 6581
f 6581 6597 6582
f 6597 6598 6582
f 6582 6598 6599
f 6582 6599 6583
f 6583 6599 6600
f 6583 6600 6584
f 6584 6600 6601
f 6584 6601 6585
f 6585 6601 6586
f 6585 6586 6570
f 6586 6602 6587
f 6602 6603 6587
f 6587 6603 6588
f 6603 6604 6588
f 6588 6604 6589
f 6604 6605 6589
f 6589 6605 6590
f 6605 6606 6590
f 6590 6606 6607
f 6590 6607 6591
f 6591 6607 6608
f 6591 6608 6592
f 6592 6608 6609
f 6592 6609 6593
f 6593 6609 6610
f 6593 6610 6594
f 6594 6610 6595
f 6610 6611 6595
f 6595 6611 6596
f 6611 6612 6596
f 6596 6612 6597
f 6612 6613 6597
f 6597 6613 6598
f 6613 6614 6598
f 6598 6614 6615
f 6598 6615 6599
f 6599 6615 6616
f 6599 6616 6600
f 6600 6616 6617
f 6600 6617 6601
f 6601 6617 6602
f 6601 6602 6586
f 6602 6618 6603
f 6618 6619 6603
f 6603 6619 6604
f 6619 6620 6604
f 6604 6620 6605
f 6620 6621 6605
f 6605 6621 6606
f 6621 6622 6606
f 6606 6622 6623
f 6606 6623 6607
f 6607 6623 6624
f 6607 6624 6608
f 6608 6624 6625
f 6608 6625 6609
f 6609 6625 6626
f 6609 6626 6610
f 6610 6626 6611
f 6626 6627 6611
f 6611 6627 6612
f 6627 6628 6612
f 6612 6628 6613
f 6628 6629 6613
f 6613 6629 6614
f 6629 6630 6614
f 6614 6630 6631
f 6614 6631 6615
f 6615 6631 6632
f 6615 6632 6616
f 6616 6632 6633
f 6616 6633 6617
f 6617 6633 6618
f 6617 6618 6602
f 6618 6634 6619
f 6634 6635 6619
f 6619 6635 6620
f 6635 6636 6620
f 6620 6636 6621
f 6636 6637 6621
f 6621 6637 6622
f 6637 6638 6622
f 6622 6638 6639
f 6622 6639 6623
f 6623 6639 6640
f 6623 6640 6624
f 6624 6640 6641
f 6624 6641 6625
f 6625 6641 6642
f 6625 6642 6626
f 6626 6642 6627
f 6642 6643 6627
f 6627 6643 6628
f 6643 6644 6628
f 6628 6644 6629
f 6644 6645 6629
f 6629 6645 6630
f 6645 6646 6630
f 6630 6646 6647
f 6630 6647 6631
f 6631 6647 6648
f 6631 6648 6632
f 6632 6648 6649
f 6632 6649 6633
f 6633 6649 6634
f 6633 6634 6618
f 6634 6650 6635
f 6650 6651 6635
f 6635 6651 6636
f 6651 6652 6636
f 6636 6652 6637
f 6652 6653 6637
f 6637 6653 6638
f 6653 6654 6638
f 6638 6654 6655
f 6638 6655 6639
f 6639 6655 6656
f 6639 6656 6640
f 6640 6656 6657
f 6640 6657 6641
f 6641 6657 6658
f 6641 6658 6642
f 6642 6658 6643
f 6658 6659 6643
f 6643 6659 6644
f 6659 6660 6644
f 6644 6660 6645
f 6660 6661 6645
f 6645 6661 6646
f 6661 6662 6646
f 6646 6662 6663
f 6646 6663 6647
f 6647 6663 6664
f 6647 6664 6648
f 6648 6664 6665
f 6648 6665 6649
f 6649 6665 6650
f 6649 6650 6634
f 6650 6666 6651
f 6666 6667 6651
f 6651 6667 6652
f 6667 6668 6652
f 6652 6668 6653
f 6668 6669 6653
f 6653 6669 6654
f 6669 6670 6654
f 6654 6670 6671
f 6654 6671 6655
f 6655 6671 6672
f 6655 6672 6656
f 6656 6672 6673
f 6656 6673 6657
f 6657 6673 6674
f 6657 6674 6658
f 6658 6674 6659
f 6674 6675 6659
f 6659 6675 6660
f 6675 6676 6660
f 6660 6676 6661
f 6676 6677 6661
f 6661 6677 6662
f 6677 6678 6662
f 6662 6678 6679
f 6662 6679 6663
f 6663 6679 6680
f 6663 6680 6664
f 6664 6680 6681
f 6664 6681 6665
f 6665 6681 6666
f 6665 6666 6650
f 6666 6682 6683
f 6666 6683 6667
f 6667 6683 6684
f 6667 6684 6668
f 6668 6684 6685
f 6668 6685 6669
f 6669 6685 6686
f 6669 6686 6670
f 6670 6686 6671
f 6686 6687 6671
f 6671 6687 6672
f 6687 6688 6672
f 6672 6688 6673
f 6688 6689 6673
f 6673 6689 6674
f 6689 6690 6674
f 6674 6690 6691
f 6674 6691 6675
f 6675 6691 6692
f 6675 6692 6676
f 6676 6692 6693
f 6676 6693 6677
f 6677 6693 6694
f 6677 6694 6678
f 6678 6694 6679
f 6694 6695 6679
f 6679 6695 6680
f 6695 6696 6680
f 6680 6696 6681
f 6696 6697 6681
f 6681 6697 6666
f 6697 6682 6666
f 6682 6698 6699
f 6682 6699 6683
f 6683 6699 6700
f 6683 6700 6684
f 6684 6700 6701
f 6684 6701 6685
f 6685 6701 6702
f 6685 6702 6686
f 6686 6702 6687
f 6702 6703 6687
f 6687 6703 6688
f 6703 6704 6688
f 6688 6704 6689
f 6704 6705 6689
f 6689 6705 6690
f 6705 6706 6690
f 6690 6706 6707
f 6690 6707 6691
f 6691 6707 6708
f 6691 6708 6692
f 6692 6708 6709
f 6692 6709 6693
f 6693 6709 6710
f 6693 6710 6694
f 6694 6710 6695
f 6710 6711 6695
f 6695 6711 6696
f 6711 6712 6696
f 6696 6712 6697
f 6712 6713 6697
f 6697 6713 6682
f 6713 6698 6682
f 6698 6714 6715
f 6698 6715 6699
f 6699 6715 6716
f 6699 6716 6700
f 6700 6716 6717
f 6700 6717 6701
f 6701 6717 6718
f 6701 6718 6702
f 6702 6718 6703
f 6718 6719 6703
f 6703 6719 6704
f 6719 6720 6704
f 6704 6720 6705
f 6720 6721 6705
f 6705 6721 6706
f 6721 6722 6706
f 6706 6722 6723
f 6706 6723 6707
f 6707 6723 6724
f 6707 6724 6708
f 6708 6724 6725
f 6708 6725 6709
f 6709 6725 6726
f 6709 6726 6710
f 6710 6726 6711
f 6726 6727 6711
f 6711 6727 6712
f 6727 6728 6712
f 6712 6728 6713
f 6728 6729 6713
f 6713 6729 6698
f 6729 6714 6698
f 6714 6730 6731
f 6714 6731 6715
f 6715 6731 6732
f 6715 6732 6716
f 6716 6732 6733
f 6716 6733 6717
f 6717 6733 6734
f 6717 6734 6718
f 6718 6734 6719
f 6734 6735 6719
f 6719 6735 6720
f 6735 6736 6720
f 6720 6736 6721
f 6736 6737 6721
f 6721 6737 6722
f 6737 6738 6722
f 6722 6738 6739
f 6722 6739 6723
f 6723 6739 6740
f 6723 6740 6724
f 6724 6740 6741
f 6724 6741 6725
f 6725 6741 6742
f 6725 6742 6726
f 6726 6742 6727
f 6742 6743 6727
f 6727 6743 6728
f 6743 6744 6728
f 6728 6744 6729
f 6744 6745 6729
f 6729 6745 6714
f 6745 6730 6714
f 6730 6746 6747
f 6730 6747 6731
f 6731 6747 6748
f 6731 6748 6732
f 6732 6748 6749
f 6732 6749 6733
f 6733 6749 6750
f 6733 6750 6734
f 6734 6750 6735
f 6750 6751 6735
f 6735 6751 6736
f 6751 6752 6736
f 6736 6752 6737
f 6752 6753 6737
f 6737 6753 6738
f 6753 6754 6738
f 6738 6754 6755
f 6738 6755 6739
f 6739 6755 6756
f 6739 6756 6740
f 6740 6756 6757
f 6740 6757 6741
f 6741 6757 6758
f 6741 6758 6742
f 6742 6758 6743
f 6758 6759 6743
f 6743 6759 6744
f 6759 6760 6744
f 6744 6760 6745
f 6760 6761 6745
f 6745 6761 6730
f 6761 6746 6730
f 6746 6762 6763
f 6746 6763 6747
f 6747 6763 6764
f 6747 6764 6748
f 6748 6764 6765
f 6748 6765 6749
f 6749 6765 6766
f 6749 6766 6750
f 6750 6766 6751
f 6766 6767 6751
f 6751 6767 6752
f 6767 6768 6752
f 6752 6768 6753
f 6768 6769 6753
f 6753 6769 6754
f 6769 6770 6754
f 6754 6770 6771
f 6754 6771 6755
f 6755 6771 6772
f 6755 6772 6756
f 6756 6772 6773
f 6756 6773 6757
f 6757 6773 6774
f 6757 6774 6758
f 6758 6774 6759
f 6774 6775 6759
f 6759 6775 6760
f 6775 6776 6760
f 6760 6776 6761
f 6776 6777 6761
f 6761 6777 6746
f 6777 6762 6746
f 6762 6778 6779
f 6762 6779 6763
f 6763 6779 6780
f 6763 6780 6764
f 6764 6780 6781
f 6764 6781 6765
f 6765 6781 6782
f 6765 6782 6766
f 6766 6782 6767
f 6782 6783 6767
f 6767 6783 6768
f 6783 6784 6768
f 6768 6784 6769
f 6784 6785 6769
f 6769 6785 6770
f 6785 6786 6770
f 6770 6786 6787
f 6770 6787 6771
f 6771 6787 6788
f 6771 6788 6772
f 6772 6788 6789
f 6772 6789 6773
f 6773 6789 6790
f 6773 6790 6774
f 6774 6790 6775
f 6790 6791 6775
f 6775 6791 6776
f 6791 6792 6776
f 6776 6792 6777
f 6792 6793 6777
f 6777 6793 6762
f 6793 6778 6762
f 6778 6794 6795
f 6778 6795 6779
f 6779 6795 6796
f 6779 6796 6780
f 6780 6796 6797
f 6780 6797 6781
f 6781 6797 6798
f 6781 6798 6782
f 6782 6798 6783
f 6798 6799 6783
f 6783 6799 6784
f 6799 6800 6784
f 6784 6800 6785
f 6800 6801 6785
f 6785 6801 6786
f 6801 6802 6786
f 6786 6802 6803
f 6786 6803 6787
f 6787 6803 6804
f 6787 6804 6788
f 6788 6804 6805
f 6788 6805 6789
f 6789 6805 6806
f 6789 6806 6790
f 6790 6806 6791
f 6806 6807 6791
f 6791 6807 6792
f 6807 6808 6792
f 6792 6808 6793
f 6808 6809 6793
f 6793 6809 6778
f 6809 6794 6778
f 6794 6810 6811
f 6794 6811 6795
f 6795 6811 6812
f 6795 6812 6796
f 6796 6812 6813
f 6796 6813 6797
f 6797 6813 6814
f 6797 6814 6798
f 6798 6814 6799
f 6814 6815 6799
f 6799 6815 6800
f 6815 6816 6800
f 6800 6816 6801
f 6816 6817 6801
f 6801 6817 6802
f 6817 6818 6802
f 6802 6818 6819
f 6802 6819 6803
f 6803 6819 6820
f 6803 6820 6804
f 6804 6820 6821
f 6804 6821 6805
f 6805 6821 6822
f 6805 6822 6806
f 6806 6822 6807
f 6822 6823 6807
f 6807 6823 6808
f 6823 6824 6808
f 6808 6824 6809
f 6824 6825 6809
f 6809 6825 6794
f 6825 6810 6794
f 6810 6826 6811
f 6811 6826 6812
f 6812 6826 6813
f 6813 6826 6814
f 6814 6826 6815
f 6815 6826 6816
f 6816 6826 6817
f 6817 6826 6818
f 6818 6826 6819
f 6819 6826 6820
f 6820 6826 6821
f 6821 6826 6822
f 6822 6826 6823
f 6823 6826 6824
f 6824 6826 6825
f 6825 6826 6810
f 6827 6828 6218
f 6828 6829 6218
f 6829 6830 6218
f 6830 6831 6218
f 6218 6831 6832
f 6218 6832 6833
f 6218 6833 6834
f 6218 6834 6835
f 6835 6836 6218
f 6836 6837 6218
f 6837 6838 6218
f 6838 6839 6218
f 6218 6839 6840
f 6218 6840 6841
f 6218 6841 6842
f 6218 6842 6827
f 6827 6843 6828
f 6843 6844 6828
f 6828 6844 6829
f 6844 6845 6829
f 6829 6845 6830
f 6845 6846 6830
f 6830 6846 6831
f 6846 6847 6831
f 6831 6847 6848
f 6831 6848 6832
f 6832 6848 6849
f 6832 6849 6833
f 6833 6849 6850
f 6833 6850 6834
f 6834 6850 6851
f 6834 6851 6835
f 6835 6851 6836
f 6851 6852 6836
f 6836 6852 6837
f 6852 6853 6837
f 6837 6853 6838
f 6853 6854 6838
f 6838 6854 6839
f 6854 6855 6839
f 6839 6855 6856
f 6839 6856 6840
f 6840 6856 6857
f 6840 6857 6841
f 6841 6857 6858
f 6841 6858 6842
f 6842 6858 6843
f 6842 6843 6827
f 6843 6859 6844
f 6859 6860 6844
f 6844 6860 6845
f 6860 6861 6845
f 6845 6861 6846
f 6861 6862 6846
f 6846 6862 6847
f 6862 6863 6847
f 6847 6863 6864
f 6847 6864 6848
f 6848 6864 6865
f 6848 6865 6849
f 6849 6865 6866
f 6849 6866 6850
f 6850 6866 6867
f 6850 6867 6851
f 6851 6867 6852
f 6867 6868 6852
f 6852 6868 6853
f 6868 6869 6853
f 6853 6869 6854
f 6869 6870 6854
f 6854 6870 6855
f 6870 6871 6855
f 6855 6871 6872
f 6855 6872 6856
f 6856 6872 6873
f 6856 6873 6857
f 6857 6873 6874
f 6857 6874 6858
f 6858 6874 6859
f 6858 6859 6843
f 6859 6875 6860
f 6875 6876 6860
f 6860 6876 6861
f 6876 6877 6861
f 6861 6877 6862
f 6877 6878 6862
f 6862 6878 6863
f 6878 6879 6863
f 6863 6879 6880
f 6863 6880 6864
f 6864 6880 6881
f 6864 6881 6865
f 6865 6881 6882
f 6865 6882 6866
f 6866 6882 6883
f 6866 6883 6867
f 6867 6883 6868
f 6883 6884 6868
f 6868 6884 6869
f 6884 6885 6869
f 6869 6885 6870
f 6885 6886 6870
f 6870 6886 6871
f 6886 6887 6871
f 6871 6887 6888
f 6871 6888 6872
f 6872 6888 6889
f 6872 6889 6873
f 6873 6889 6890
f 6873 6890 6874
f 6874 6890 6875
f 6874 6875 6859
f 6875 6891 6876
f 6891 6892 6876
f 6876 6892 6877
f 6892 6893 6877
f 6877 6893 6878
f 6893 6894 6878
f 6878 6894 6879
f 6894 6895 6879
f 6879 6895 6896
f 6879 6896 6880
f 6880 6896 6897
f 6880 6897 6881
f 6881 6897 6898
f 6881 6898 6882
f 6882 6898 6899
f 6882 6899 6883
f 6883 6899 6884
f 6899 6900 6884
f 6884 6900 6885
f 6900 6901 6885
f 6885 6901 6886
f 6901 6902 6886
f 6886 6902 6887
f 6902 6903 6887
f 6887 6903 6904
f 6887 6904 6888
f 6888 6904 6905
f 6888 6905 6889
f 6889 6905 6906
f 6889 6906 6890
f 6890 6906 6891
f 6890 6891 6875
f 6891 6907 6892
f 6907 6908 6892
f 6892 6908 6893
f 6908 6909 6893
f 6893 6909 6894
f 6909 6910 6894
f 6894 6910 6895
f 6910 6911 6895
f 6895 6911 6912
f 6895 6912 6896
f 6896 6912 6913
f 6896 6913 6897
f 6897 6913 6914
f 6897 6914 6898
f 6898 6914 6915
f 6898 6915 6899
f 6899 6915 6900
f 6915 6916 6900
f 6900 6916 6901
f 6916 6917 6901
f 6901 6917 6902
f 6917 6918 6902
f 6902 6918 6903
f 6918 6919 6903
f 6903 6919 6920
f 6903 6920 6904
f 6904 6920 6921
f 6904 6921 6905
f 6905 6921 6922
f 6905 6922 6906
f 6906 6922 6907
f 6906 6907 6891
f 6907 6923 6908
f 6923 6924 6908
f 6908 6924 6909
f 6924 6925 6909
f 6909 6925 6910
f 6925 6926 6910
f 6910 6926 6911
f 6926 6927 6911
f 6911 6927 6928
f 6911 6928 6912
f 6912 6928 6929
f 6912 6929 6913
f 6913 6929 6930
f 6913 6930 6914
f 6914 6930 6931
f 6914 6931 6915
f 6915 6931 6916
f 6931 6932 6916
f 6916 6932 6917
f 6932 6933 6917
f 6917 6933 6918
f 6933 6934 6918
f 6918 6934 6919
f 6934 6935 6919
f 6919 6935 6936
f 6919 6936 6920
f 6920 6936 6937
f 6920 6937 6921
f 6921 6937 6938
f 6921 6938 6922
f 6922 6938 6923
f 6922 6923 6907
f 6923 6939 6924
f 6939 6940 6924
f 6924 6940 6925
f 6940 6941 6925
f 6925 6941 6926
f 6941 6942 6926
f 6926 6942 6927
f 6942 6943 6927
f 6927 6943 6944
f 6927 6944 6928
f 6928 6944 6945
f 6928 6945 6929
f 6929 6945 6946
f 6929 6946 6930
f 6930 6946 6947
f 6930 6947 6931
f 6931 6947 6932
f 6947 6948 6932
f 6932 6948 6933
f 6948 6949 6933
f 6933 6949 6934
f 6949 6950 6934
f 6934 6950 6935
f 6950 6951 6935
f 6935 6951 6952
f 6935 6952 6936
f 6936 6952 6953
f 6936 6953 6937
f 6937 6953 6954
f 6937 6954 6938
f 6938 6954 6939
f 6938 6939 6923
f 6939 6955 6940
f 6955 6956 6940
f 6940 6956 6941
f 6956 6957 6941
f 6941 6957 6942
f 6957 6958 6942
f 6942 6958 6943
f 6958 6959 6943
f 6943 6959 6960
f 6943 6960 6944
f 6944 6960 6961
f 6944 6961 6945
f 6945 6961 6962
f 6945 6962 6946
f 6946 6962 6963
f 6946 6963 6947
f 6947 6963 6948
f 6963 6964 6948
f 6948 6964 6949
f 6964 6965 6949
f 6949 6965 6950
f 6965 6966 6950
f 6950 6966 6951
f 6966 6967 6951
f 6951 6967 6968
f 6951 6968 6952
f 6952 6968 6969
f 6952 6969 6953
f 6953 6969 6970
f 6953 6970 6954
f 6954 6970 6955
f 6954 6955 6939
f 6955 6971 6956
f 6971 6972 6956
f 6956 6972 6957
f 6972 6973 6957
f 6957 6973 6958
f 6973 6974 6958
f 6958 6974 6959
f 6974 6975 6959
f 6959 6975 6976
f 6959 6976 6960
f 6960 6976 6977
f 6960 6977 6961
f 6961 6977 6978
f 6961 6978 6962
f 6962 6978 6979
f 6962 6979 6963
f 6963 6979 6964
f 6979 6980 6964
f 6964 6980 6965
f 6980 6981 6965
f 6965 6981 6966
f 6981 6982 6966
f 6966 6982 6967
f 6982 6983 6967
f 6967 6983 6984
f 6967 6984 6968
f 6968 6984 6985
f 6968 6985 6969
f 6969 6985 6986
f 6969 6986 6970
f 6970 6986 6971
f 6970 6971 6955
f 6971 6987 6988
f 6971 6988 6972
f 6972 6988 6989
f 6972 6989 6973
f 6973 6989 6990
f 6973 6990 6974
f 6974 6990 6991
f 6974 6991 6975
f 6975 6991 6976
f 6991 6992 6976
f 6976 6992 6977
f 6992 6993 6977
f 6977 6993 6978
f 6993 6994 6978
f 6978 6994 6979
f 6994 6995 6979
f 6979 6995 6996
f 6979 6996 6980
f 6980 6996 6997
f 6980 6997 6981
f 6981 6997 6998
f 6981 6998 6982
f 6982 6998 6999
f 6982 6999 6983
f 6983 6999 6984
f 6999 7000 6984
f 6984 7000 6985
f 7000 7001 6985
f 6985 7001 6986
f 7001 7002 6986
f 6986 7002 6971
f 7002 6987 6971
f 6987 7003 7004
f 6987 7004 6988
f 6988 7004 7005
f 6988 7005 6989
f 6989 7005 7006
f 6989 7006 6990
f 6990 7006 7007
f 6990 7007 6991
f 6991 7007 6992
f 7007 7008 6992
f 6992 7008 6993
f 7008 7009 6993
f 6993 7009 6994
f 7009 7010 6994
f 6994 7010 6995
f 7010 7011 6995
f 6995 7011 7012
f 6995 7012 6996
f 6996 7012 7013
f 6996 7013 6997
f 6997 7013 7014
f 6997 7014 6998
f 6998 7014 7015
f 6998 7015 6999
f 6999 7015 7000
f 7015 7016 7000
f 7000 7016 7001
f 7016 7017 7001
f 7001 7017 7002
f 7017 7018 7002
f 7002 7018 6987
f 7018 7003 6987
f 7003 7019 7020
f 7003 7020 7004
f 7004 7020 7021
f 7004 7021 7005
f 7005 7021 7022
f 7005 7022 7006
f 7006 7022 7023
f 7006 7023 7007
f 7007 7023 7008
f 7023 7024 7008
f 7008 7024 7009
f 7024 7025 7009
f 7009 7025 7010
f 7025 7026 7010
f 7010 7026 7011
f 7026 7027 7011
f 7011 7027 7028
f 7011 7028 7012
f 7012 7028 7029
f 7012 7029 7013
f 7013 7029 7030
f 7013 7030 7014
f 7014 7030 7031
f 7014 7031 7015
f 7015 7031 7016
f 7031 7032 7016
f 7016 7032 7017
f 7032 7033 7017
f 7017 7033 7018
f 7033 7034 7018
f 7018 7034 7003
f 7034 7019 7003
f 7019 7035 7036
f 7019 7036 7020
f 7020 7036 7037
f 7020 7037 7021
f 7021 7037 7038
f 7021 7038 7022
f 7022 7038 7039
f 7022 7039 7023
f 7023 7039 7024
f 7039 7040 7024
f 7024 7040 7025
f 7040 7041 7025
f 7025 7041 7026
f 7041 7042 7026
f 7026 7042 7027
f 7042 7043 7027
f 7027 7043 7044
f 7027 7044 7028
f 7028 7044 7045
f 7028 7045 7029
f 7029 7045 7046
f 7029 7046 7030
f 7030 7046 7047
f 7030 7047 7031
f 7031 7047 7032
f 7047 7048 7032
f 7032 7048 7033
f 7048 7049 7033
f 7033 7049 7034
f 7049 7050 7034
f 7034 7050 7019
f 7050 7035 7019
f 7035 7051 7052
f 7035 7052 7036
f 7036 7052 7053
f 7036 7053 7037
f 7037 7053 7054
f 7037 7054 7038
f 7038 7054 7055
f 7038 7055 7039
f 7039 7055 7040
f 7055 7056 7040
f 7040 7056 7041
f 7056 7057 7041
f 7041 7057 7042
f 7057 7058 7042
f 7042 7058 7043
f 7058 7059 7043
f 7043 7059 7060
f 7043 7060 7044
f 7044 7060 7061
f 7044 7061 7045
f 7045 7061 7062
f 7045 7062 7046
f 7046 7062 7063
f 7046 7063 7047
f 7047 7063 7048
f 7063 7064 7048
f 7048 7064 7049
f 7064 7065 7049
f 7049 7065 7050
f 7065 7066 7050
f 7050 7066 7035
f 7066 7051 7035
f 7051 7067 7068
f 7051 7068 7052
f 7052 7068 7069
f 7052 7069 7053
f 7053 7069 7070
f 7053 7070 7054
f 7054 7070 7071
f 7054 7071 7055
f 7055 7071 7056
f 7071 7072 7056
f 7056 7072 7057
f 7072 7073 7057
f 7057 7073 7058
f 7073 7074 7058
f 7058 7074 7059
f 7074 7075 7059
f 7059 7075 7076
f 7059 7076 7060
f 7060 7076 7077
f 7060 7077 7061
f 7061 7077 7078
f 7061 7078 7062
f 7062 7078 7079
f 7062 7079 7063
f 7063 7079 7064
f 7079 7080 7064
f 7064 7080 7065
f 7080 7081 7065
f 7065 7081 7066
f 7081 7082 7066
f 7066 7082 7051
f 7082 7067 7051
f 7067 7083 7084
f 7067 7084 7068
f 7068 7084 7085
f 7068 7085 7069
f 7069 7085 7086
f 7069 7086 7070
f 7070 7086 7087
f 7070 7087 7071
f 7071 7087 7072
f 7087 7088 7072
f 7072 7088 7073
f 7088 7089 7073
f 7073 7089 7074
f 7089 7090 7074
f 7074 7090 7075
f 7090 7091 7075
f 7075 7091 7092
f 7075 7092 7076
f 7076 7092 7093
f 7076 7093 7077
f 7077 7093 7094
f 7077 7094 7078
f 7078 7094 7095
f 7078 7095 7079
f 7079 7095 7080
f 7095 7096 7080
f 7080 7096 7081
f 7096 7097 7081
f 7081 7097 7082
f 7097 7098 7082
f 7082 7098 7067
f 7098 7083 7067
f 7083 7099 7100
f 7083 7100 7084
f 7084 7100 7101
f 7084 7101 7085
f 7085 7101 7102
f 7085 7102 7086
f 7086 7102 7103
f 7086 7103 7087
f 7087 7103 7088
f 7103 7104 7088
f 7088 7104 7089
f 7104 7105 7089
f 7089 7105 7090
f 7105 7106 7090
f 7090 7106 7091
f 7106 7107 7091
f 7091 7107 7108
f 7091 7108 7092
f 7092 7108 7109
f 7092 7109 7093
f 7093 7109 7110
f 7093 7110 7094
f 7094 7110 7111
f 7094 7111 7095
f 7095 7111 7096
f 7111 7112 7096
f 7096 7112 7097
f 7112 7113 7097
f 7097 7113 7098
f 7113 7114 7098
f 7098 7114 7083
f 7114 7099 7083
f 7099 7115 7116
f 7099 7116 7100
f 7100 7116 7117
f 7100 7117 7101
f 7101 7117 7118
f 7101 7118 7102
f 7102 7118 7119
f 7102 7119 7103
f 7103 7119 7104
f 7119 7120 7104
f 7104 7120 7105
f 7120 7121 7105
f 7105 7121 7106
f 7121 7122 7106
f 7106 7122 7107
f 7122 7123 7107
f 7107 7123 7124
f 7107 7124 7108
f 7108 7124 7125
f 7108 7125 7109
f 7109 7125 7126
f 7109 7126 7110
f 7110 7126 7127
f 7110 7127 7111
f 7111 7127 7112
f 7127 7128 7112
f 7112 7128 7113
f 7128 7129 7113
f 7113 7129 7114
f 7129 7130 7114
f 7114 7130 7099
f 7130 7115 7099
f 7115 7131 7116
f 7116 7131 7117
f 7117 7131 7118
f 7118 7131 7119
f 7119 7131 7120
f 7120 7131 7121
f 7121 7131 7122
f 7122 7131 7123
f 7123 7131 7124
f 7124 7131 7125
f 7125 7131 7126
f 7126 7131 7127
f 7127 7131 7128
f 7128 7131 7129
f 7129 7131 7130
f 7130 7131 7115
f 6827 6828 6218
f 6828 6829 6218
f 6829 6830 6218
f 6830 6831 6218
f 6218 6831 6832
f 6218 6832 6833
f 6218 6833 6834
f 6218 6834 6835
f 6835 6836 6218
f 6836 6837 6218
f 6837 6838 6218
f 6838 6839 6218
f 6218 6839 6840
f 6218 6840 6841
f 6218 6841 6842
f 6218 6842 6827
f 6827 6843 6828
f 6843 6844 6828
f 6828 6844 6829
f 6844 6845 6829
f 6829 6845 6830
f 6845 6846 6830
f 6830 6846 6831
f 6846 6847 6831
f 6831 6847 6848
f 6831 6848 6832
f 6832 6848 6849
f 6832 6849 6833
f 6833 6849 6850
f 6833 6850 6834
f 6834 6850 6851
f 6834 6851 6835
f 6835 6851 6836
f 6851 6852 6836
f 6836 6852 6837
f 6852 6853 6837
f 6837 6853 6838
f 6853 6854 6838
f 6838 6854 6839
f 6854 6855 6839
f 6839 6855 6856
f 6839 6856 6840
f 6840 6856 6857
f 6840 6857 6841
f 6841 6857 6858
f 6841 6858 6842
f 6842 6858 6843
f 6842 6843 6827
f 6843 6859 6844
f 6859 6860 6844
f 6844 6860 6845
f 6860 6861 6845
f 6845 6861 6846
f 6861 6862 6846
f 6846 6862 6847
f 6862 6863 6847
f 6847 6863 6864
f 6847 6864 6848
f 6848 6864 6865
f 6848 6865 6849
f 6849 6865 6866
f 6849 6866 6850
f 6850 6866 6867
f 6850 6867 6851
f 6851 6867 6852
f 6867 6868 6852
f 6852 6868 6853
f 6868 6869 6853
f 6853 6869 6854
f 6869 6870 6854
f 6854 6870 6855
f 6870 6871 6855
f 6855 6871 6872
f 6855 6872 6856
f 6856 6872 6873
f 6856 6873 6857
f 6857 6873 6874
f 6857 6874 6858
f 6858 6874 6859
f 6858 6859 6843
f 6859 6875 6860
f 6875 6876 6860
f 6860 6876 6861
f 6876 6877 6861
f 6861 6877 6862
f 6877 6878 6862
f 6862 6878 6863
f 6878 6879 6863
f 6863 6879 6880
f 6863 6880 6864
f 6864 6880 6881
f 6864 6881 6865
f 6865 6881 6882
f 6865 6882 6866
f 6866 6882 6883
f 6866 6883 6867
f 6867 6883 6868
f 6883 6884 6868
f 6868 6884 6869
f 6884 6885 6869
f 6869 6885 6870
f 6885 6886 6870
f 6870 6886 6871
f 6886 6887 6871
f 6871 6887 6888
f 6871 6888 6872
f 6872 6888 6889
f 6872 6889 6873
f 6873 6889 6890
f 6873 6890 6874
f 6874 6890 6875
f 6874 6875 6859
f 6875 6891 6876
f 6891 6892 6876
f 6876 6892 6877
f 6892 6893 6877
f 6877 6893 6878
f 6893 6894 6878
f 6878 6894 6879
f 6894 6895 6879
f 6879 6895 6896
f 6879 6896 6880
f 6880 6896 6897
f 6880 6897 6881
f 6881 6897 6898
f 6881 6898 6882
f 6882 6898 6899
f 6882 6899 6883
f 6883 6899 6884
f 6899 6900 6884
f 6884 6900 6885
f 6900 6901 6885
f 6885 6901 6886
f 6901 6902 6886
f 6886 6902 6887
f 6902 6903 6887
f 6887 6903 6904
f 6887 6904 6888
f 6888 6904 6905
f 6888 6905 6889
f 6889 6905 6906
f 6889 6906 6890
f 6890 6906 6891
f 6890 6891 6875
f 6891 6907 6892
f 6907 6908 6892
f 6892 6908 6893
f 6908 6909 6893
f 6893 6909 6894
f 6909 6910 6894
f 6894 6910 6895
f 6910 6911 6895
f 6895 6911 6912
f 6895 6912 6896
f 6896 6912 6913
f 6896 6913 6897
f 6897 6913 6914
f 6897 6914 6898
f 6898 6914 6915
f 6898 6915 6899
f 6899 6915 6900
f 6915 6916 6900
f 6900 6916 6901
f 6916 6917 6901
f 6901 6917 6902
f 6917 6918 6902
f 6902 6918 6903
f 6918 6919 6903
f 6903 6919 6920
f 6903 6920 6904
f 6904 6920 6921
f 6904 6921 6905
f 6905 6921 6922
f 6905 6922 6906
f 6906 6922 6907
f 6906 6907 6891
f 6907 6923 6908
f 6923 6924 6908
f 6908 6924 6909
f 6924 6925 6909
f 6909 6925 6910
f 6925 6926 6910
f 6910 6926 6911
f 6926 6927 6911
f 6911 6927 6928
f 6911 6928 6912
f 6912 6928 6929
f 6912 6929 6913
f 6913 6929 6930
f 6913 6930 6914
f 6914 6930 6931
f 6914 6931 6915
f 6915 6931 6916
f 6931 6932 6916
f 6916 6932 6917
f 6932 6933 6917
f 6917 6933 6918
f 6933 6934 6918
f 6918 6934 6919
f 6934 6935 6919
f 6919 6935 6936
f 6919 6936 6920
f 6920 6936 6937
f 6920 6937 6921
f 6921 6937 6938
f 6921 6938 6922
f 6922 6938 6923
f 6922 6923 6907
f 6923 6939 6924
f 6939 6940 6924
f 6924 6940 6925
f 6940 6941 6925
f 6925 6941 6926
f 6941 6942 6926
f 6926 6942 6927
f 6942 6943 6927
f 6927 6943 6944
f 6927 6944 6928
f 6928 6944 6945
f 6928 6945 6929
f 6929 6945 6946
f 6929 6946 6930
f 6930 6946 6947
f 6930 6947 6931
f 6931 6947 6932
f 6947 6948 6932
f 6932 6948 6933
f 6948 6949 6933
f 6933 6949 6934
f 6949 6950 6934
f 6934 6950 6935
f 6950 6951 6935
f 6935 6951 6952
f 6935 6952 6936
f 6936 6952 6953
f 6936 6953 6937
f 6937 6953 6954
f 6937 6954 6938
f 6938 6954 6939
f 6938 6939 6923
f 6939 6955 6940
f 6955 6956 6940
f 6940 6956 6941
f 6956 6957 6941
f 6941 6957 6942
f 6957 6958 6942
f 6942 6958 6943
f 6958 6959 6943
f 6943 6959 6960
f 6943 6960 6944
f 6944 6960 6961
f 6944 6961 6945
f 6945 6961 6962
f 6945 6962 6946
f 6946 6962 6963
f 6946 6963 6947
f 6947 6963 6948
f 6963 6964 6948
f 6948 6964 6949
f 6964 6965 6949
f 6949 6965 6950
f 6965 6966 6950
f 6950 6966 6951
f 6966 6967 6951
f 6951 6967 6968
f 6951 6968 6952
f 6952 6968 6969
f 6952 6969 6953
f 6953 6969 6970
f 6953 6970 6954
f 6954 6970 6955
f 6954 6955 6939
f 6955 6971 6956
f 6971 6972 6956
f 6956 6972 6957
f 6972 6973 6957
f 6957 6973 6958
f 6973 6974 6958
f 6958 6974 6959
f 6974 6975 6959
f 6959 6975 6976
f 6959 6976 6960
f 6960 6976 6977
f 6960 6977 6961
f 6961 6977 6978
f 6961 6978 6962
f 6962 6978 6979
f 6962 6979 6963
f 6963 6979 6964
f 6979 6980 6964
f 6964 6980 6965
f 6980 6981 6965
f 6965 6981 6966
f 6981 6982 6966
f 6966 6982 6967
f 6982 6983 6967
f 6967 6983 6984
f 6967 6984 6968
f 6968 6984 6985
f 6968 6985 6969
f 6969 6985 6986
f 6969 6986 6970
f 6970 6986 6971
f 6970 6971 6955
f 6971 6987 6988
f 6971 6988 6972
f 6972 6988 6989
f 6972 6989 6973
f 6973 6989 6990
f 6973 6990 6974
f 6974 6990 6991
f 6974 6991 6975
f 6975 6991 6976
f 6991 6992 6976
f 6976 6992 6977
f 6992 6993 6977
f 6977 6993 6978
f 6993 6994 6978
f 6978 6994 6979
f 6994 6995 6979
f 6979 6995 6996
f 6979 6996 6980
f 6980 6996 6997
f 6980 6997 6981
f 6981 6997 6998
f 6981 6998 6982
f 6982 6998 6999
f 6982 6999 6983
f 6983 6999 6984
f 6999 7000 6984
f 6984 7000 6985
f 7000 7001 6985
f 6985 7001 6986
f 7001 7002 6986
f 6986 7002 6971
f 7002 6987 6971
f 6987 7003 7004
f 6987 7004 6988
f 6988 7004 7005
f 6988 7005 6989
f 6989 7005 7006
f 6989 7006 6990
f 6990 7006 7007
f 6990 7007 6991
f 6991 7007 6992
f 7007 7008 6992
f 6992 7008 6993
f 7008 7009 6993
f 6993 7009 6994
f 7009 7010 6994
f 6994 7010 6995
f 7010 7011 6995
f 6995 7011 7012
f 6995 7012 6996
f 6996 7012 7013
f 6996 7013 6997
f 6997 7013 7014
f 6997 7014 6998
f 6998 7014 7015
f 6998 7015 6999
f 6999 7015 7000
f 7015 7016 7000
f 7000 7016 7001
f 7016 7017 7001
f 7001 7017 7002
f 7017 7018 7002
f 7002 7018 6987
f 7018 7003 6987
f 7003 7019 7020
f 7003 7020 7004
f 7004 7020 7021
f 7004 7021 7005
f 7005 7021 7022
f 7005 7022 7006
f 7006 7022 7023
f 7006 7023 7007
f 7007 7023 7008
f 7023 7024 7008
f 7008 7024 7009
f 7024 7025 7009
f 7009 7025 7010
f 7025 7026 7010
f 7010 7026 7011
f 7026 7027 7011
f 7011 7027 7028
f 7011 7028 7012
f 7012 7028 7029
f 7012 7029 7013
f 7013 7029 7030
f 7013 7030 7014
f 7014 7030 7031
f 7014 7031 7015
f 7015 7031 7016
f 7031 7032 7016
f 7016 7032 7017
f 7032 7033 7017
f 7017 7033 7018
f 7033 7034 7018
f 7018 7034 7003
f 7034 7019 7003
f 7019 7035 7036
f 7019 7036 7020
f 7020 7036 7037
f 7020 7037 7021
f 7021 7037 7038
f 7021 7038 7022
f 7022 7038 7039
f 7022 7039 7023
f 7023 7039 7024
f 7039 7040 7024
f 7024 7040 7025
f 7040 7041 7025
f 7025 7041 7026
f 7041 7042 7026
f 7026 7042 7027
f 7042 7043 7027
f 7027 7043 7044
f 7027 7044 7028
f 7028 7044 7045
f 7028 7045 7029
f 7029 7045 7046
f 7029 7046 7030
f 7030 7046 7047
f 7030 7047 7031
f 7031 7047 7032
f 7047 7048 7032
f 7032 7048 7033
f 7048 7049 7033
f 7033 7049 7034
f 7049 7050 7034
f 7034 7050 7019
f 7050 7035 7019
f 7035 7051 7052
f 7035 7052 7036
f 7036 7052 7053
f 7036 7053 7037
f 7037 7053 7054
f 7037 7054 7038
f 7038 7054 7055
f 7038 7055 7039
f 7039 7055 7040
f 7055 7056 7040
f 7040 7056 7041
f 7056 7057 7041
f 7041 7057 7042
f 7057 7058 7042
f 7042 7058 7043
f 7058 7059 7043
f 7043 7059 7060
f 7043 7060 7044
f 7044 7060 7061
f 7044 7061 7045
f 7045 7061 7062
f 7045 7062 7046
f 7046 7062 7063
f 7046 7063 7047
f 7047 7063 7048
f 7063 7064 7048
f 7048 7064 7049
f 7064 7065 7049
f 7049 7065 7050
f 7065 7066 7050
f 7050 7066 7035
f 7066 7051 7035
f 7051 7067 7068
f 7051 7068 7052
f 7052 7068 7069
f 7052 7069 7053
f 7053 7069 7070
f 7053 7070 7054
f 7054 7070 7071
f 7054 7071 7055
f 7055 7071 7056
f 7071 7072 7056
f 7056 7072 7057
f 7072 7073 7057
f 7057 7073 7058
f 7073 7074 7058
f 7058 7074 7059
f 7074 7075 7059
f 7059 7075 7076
f 7059 7076 7060
f 7060 7076 7077
f 7060 7077 7061
f 7061 7077 7078
f 7061 7078 7062
f 7062 7078 7079
f 7062 7079 7063
f 7063 7079 7064
f 7079 7080 7064
f 7064 7080 7065
f 7080 7081 7065
f 7065 7081 7066
f 7081 7082 7066
f 7066 7082 7051
f 7082 7067 7051
f 7067 7083 7084
f 7067 7084 7068
f 7068 7084 7085
f 7068 7085 7069
f 7069 7085 7086
f 7069 7086 7070
f 7070 7086 7087
f 7070 7087 7071
f 7071 7087 7072
f 7087 7088 7072
f 7072 7088 7073
f 7088 7089 7073
f 7073 7089 7074
f 7089 7090 7074
f 7074 7090 7075
f 7090 7091 7075
f 7075 7091 7092
f 7075 7092 7076
f 7076 7092 7093
f 7076 7093 7077
f 7077 7093 7094
f 7077 7094 7078
f 7078 7094 7095
f 7078 7095 7079
f 7079 7095 7080
f 7095 7096 7080
f 7080 7096 7081
f 7096 7097 7081
f 7081 7097 7082
f 7097 7098 7082
f 7082 7098 7067
f 7098 7083 7067
f 7083 7099 7100
f 7083 7100 7084
f 7084 7100 7101
f 7084 7101 7085
f 7085 7101 7102
f 7085 7102 7086
f 7086 7102 7103
f 7086 7103 7087
f 7087 7103 7088
f 7103 7104 7088
f 7088 7104 7089
f 7104 7105 7089
f 7089 7105 7090
f 7105 7106 7090
f 7090 7106 7091
f 7106 7107 7091
f 7091 7107 7108
f 7091 7108 7092
f 7092 7108 7109
f 7092 7109 7093
f 7093 7109 7110
f 7093 7110 7094
f 7094 7110 7111
f 7094 7111 7095
f 7095 7111 7096
f 7111 7112 7096
f 7096 7112 7097
f 7112 7113 7097
f 7097 7113 7098
f 7113 7114 7098
f 7098 7114 7083
f 7114 7099 7083
f 7099 7115 7116
f 7099 7116 7100
f 7100 7116 7117
f 7100 7117 7101
f 7101 7117 7118
f 7101 7118 7102
f 7102 7118 7119
f 7102 7119 7103
f 7103 7119 7104
f 7119 7120 7104
f 7104 7120 7105
f 7120 7121 7105
f 7105 7121 7106
f 7121 7122 7106
f 7106 7122 7107
f 7122 7123 7107
f 7107 7123 7124
f 7107 7124 7108
f 7108 7124 7125
f 7108 7125 7109
f 7109 7125 7126
f 7109 7126 7110
f 7110 7126 7127
f 7110 7127 7111
f 7111 7127 7112
f 7127 7128 7112
f 7112 7128 7113
f 7128 7129 7113
f 7113 7129 7114
f 7129 7130 7114
f 7114 7130 7099
f 7130 7115 7099
f 7115 7131 7116
f 7116 7131 7117
f 7117 7131 7118
f 7118 7131 7119
f 7119 7131 7120
f 7120 7131 7121
f 7121 7131 7122
f 7122 7131 7123
f 7123 7131 7124
f 7124 7131 7125
f 7125 7131 7126
f 7126 7131 7127
f 7127 7131 7128
f 7128 7131 7129
f 7129 7131 7130
f 7130 7131 7115
f 7132 7133 6218
f 7133 7134 6218
f 7134 7135 6218
f 7135 7136 6218
f 6218 7136 7137
f 6218 7137 7138
f 6218 7138 7139
f 6218 7139 7140
f 7140 7141 6218
f 7141 7142 6218
f 7142 7143 6218
f 7143 7144 6218
f 6218 7144 7145
f 6218 7145 7146
f 6218 7146 7147
f 6218 7147 7132
f 7132 7148 7133
f 7148 7149 7133
f 7133 7149 7134
f 7149 7150 7134
f 7134 7150 7135
f 7150 7151 7135
f 7135 7151 7136
f 7151 7152 7136
f 7136 7152 7153
f 7136 7153 7137
f 7137 7153 7154
f 7137 7154 7138
f 7138 7154 7155
f 7138 7155 7139
f 7139 7155 7156
f 7139 7156 7140
f 7140 7156 7141
f 7156 7157 7141
f 7141 7157 7142
f 7157 7158 7142
f 7142 7158 7143
f 7158 7159 7143
f 7143 7159 7144
f 7159 7160 7144
f 7144 7160 7161
f 7144 7161 7145
f 7145 7161 7162
f 7145 7162 7146
f 7146 7162 7163
f 7146 7163 7147
f 7147 7163 7148
f 7147 7148 7132
f 7148 7164 7149
f 7164 7165 7149
f 7149 7165 7150
f 7165 7166 7150
f 7150 7166 7151
f 7166 7167 7151
f 7151 7167 7152
f 7167 7168 7152
f 7152 7168 7169
f 7152 7169 7153
f 7153 7169 7170
f 7153 7170 7154
f 7154 7170 7171
f 7154 7171 7155
f 7155 7171 7172
f 7155 7172 7156
f 7156 7172 7157
f 7172 7173 7157
f 7157 7173 7158
f 7173 7174 7158
f 7158 7174 7159
f 7174 7175 7159
f 7159 7175 7160
f 7175 7176 7160
f 7160 7176 7177
f 7160 7177 7161
f 7161 7177 7178
f 7161 7178 7162
f 7162 7178 7179
f 7162 7179 7163
f 7163 7179 7164
f 7163 7164 7148
f 7164 7180 7165
f 7180 7181 7165
f 7165 7181 7166
f 7181 7182 7166
f 7166 7182 7167
f 7182 7183 7167
f 7167 7183 7168
f 7183 7184 7168
f 7168 7184 7185
f 7168 7185 7169
f 7169 7185 7186
f 7169 7186 7170
f 7170 7186 7187
f 7170 7187 7171
f 7171 7187 7188
f 7171 7188 7172
f 7172 7188 7173
f 7188 7189 7173
f 7173 7189 7174
f 7189 7190 7174
f 7174 7190 7175
f 7190 7191 7175
f 7175 7191 7176
f 7191 7192 7176
f 7176 7192 7193
f 7176 7193 7177
f 7177 7193 7194
f 7177 7194 7178
f 7178 7194 7195
f 7178 7195 7179
f 7179 7195 7180
f 7179 7180 7164
f 7180 7196 7181
f 7196 7197 7181
f 7181 7197 7182
f 7197 7198 7182
f 7182 7198 7183
f 7198 7199 7183
f 7183 7199 7184
f 7199 7200 7184
f 7184 7200 7201
f 7184 7201 7185
f 7185 7201 7202
f 7185 7202 7186
f 7186 7202 7203
f 7186 7203 7187
f 7187 7203 7204
f 7187 7204 7188
f 7188 7204 7189
f 7204 7205 7189
f 7189 7205 7190
f 7205 7206 7190
f 7190 7206 7191
f 7206 7207 7191
f 7191 7207 7192
f 7207 7208 7192
f 7192 7208 7209
f 7192 7209 7193
f 7193 7209 7210
f 7193 7210 7194
f 7194 7210 7211
f 7194 7211 7195
f 7195 7211 7196
f 7195 7196 7180
f 7196 7212 7197
f 7212 7213 7197
f 7197 7213 7198
f 7213 7214 7198
f 7198 7214 7199
f 7214 7215 7199
f 7199 7215 7200
f 7215 7216 7200
f 7200 7216 7217
f 7200 7217 7201
f 7201 7217 7218
f 7201 7218 7202
f 7202 7218 7219
f 7202 7219 7203
f 7203 7219 7220
f 7203 7220 7204
f 7204 7220 7205
f 7220 7221 7205
f 7205 7221 7206
f 7221 7222 7206
f 7206 7222 7207
f 7222 7223 7207
f 7207 7223 7208
f 7223 7224 7208
f 7208 7224 7225
f 7208 7225 7209
f 7209 7225 7226
f 7209 7226 7210
f 7210 7226 7227
f 7210 7227 7211
f 7211 7227 7212
f 7211 7212 7196
f 7212 7228 7213
f 7228 7229 7213
f 7213 7229 7214
f 7229 7230 7214
f 7214 7230 7215
f 7230 7231 7215
f 7215 7231 7216
f 7231 7232 7216
f 7216 7232 7233
f 7216 7233 7217
f 7217 7233 7234
f 7217 7234 7218
f 7218 7234 7235
f 7218 7235 7219
f 7219 7235 7236
f 7219 7236 7220
f 7220 7236 7221
f 7236 7237 7221
f 7221 7237 7222
f 7237 7238 7222
f 7222 7238 7223
f 7238 7239 7223
f 7223 7239 7224
f 7239 7240 7224
f 7224 7240 7241
f 7224 7241 7225
f 7225 7241 7242
f 7225 7242 7226
f 7226 7242 7243
f 7226 7243 7227
f 7227 7243 7228
f 7227 7228 7212
f 7228 7244 7229
f 7244 7245 7229
f 7229 7245 7230
f 7245 7246 7230
f 7230 7246 7231
f 7246 7247 7231
f 7231 7247 7232
f 7247 7248 7232
f 7232 7248 7249
f 7232 7249 7233
f 7233 7249 7250
f 7233 7250 7234
f 7234 7250 7251
f 7234 7251 7235
f 7235 7251 7252
f 7235 7252 7236
f 7236 7252 7237
f 7252 7253 7237
f 7237 7253 7238
f 7253 7254 7238
f 7238 7254 7239
f 7254 7255 7239
f 7239 7255 7240
f 7255 7256 7240
f 7240 7256 7257
f 7240 7257 7241
f 7241 7257 7258
f 7241 7258 7242
f 7242 7258 7259
f 7242 7259 7243
f 7243 7259 7244
f 7243 7244 7228
f 7244 7260 7245
f 7260 7261 7245
f 7245 7261 7246
f 7261 7262 7246
f 7246 7262 7247
f 7262 7263 7247
f 7247 7263 7248
f 7263 7264 7248
f 7248 7264 7265
f 7248 7265 7249
f 7249 7265 7266
f 7249 7266 7250
f 7250 7266 7267
f 7250 7267 7251
f 7251 7267 7268
f 7251 7268 7252
f 7252 7268 7253
f 7268 7269 7253
f 7253 7269 7254
f 7269 7270 7254
f 7254 7270 7255
f 7270 7271 7255
f 7255 7271 7256
f 7271 7272 7256
f 7256 7272 7273
f 7256 7273 7257
f 7257 7273 7274
f 7257 7274 7258
f 7258 7274 7275
f 7258 7275 7259
f 7259 7275 7260
f 7259 7260 7244
f 7260 7276 7261
f 7276 7277 7261
f 7261 7277 7262
f 7277 7278 7262
f 7262 7278 7263
f 7278 7279 7263
f 7263 7279 7264
f 7279 7280 7264
f 7264 7280 7281
f 7264 7281 7265
f 7265 7281 7282
f 7265 7282 7266
f 7266 7282 7283
f 7266 7283 7267
f 7267 7283 7284
f 7267 7284 7268
f 7268 7284 7269
f 7284 7285 7269
f 7269 7285 7270
f 7285 7286 7270
f 7270 7286 7271
f 7286 7287 7271
f 7271 7287 7272
f 7287 7288 7272
f 7272 7288 7289
f 7272 7289 7273
f 7273 7289 7290
f 7273 7290 7274
f 7274 7290 7291
f 7274 7291 7275
f 7275 7291 7276
f 7275 7276 7260
f 7276 7292 7293
f 7276 7293 7277
f 7277 7293 7294
f 7277 7294 7278
f 7278 7294 7295
f 7278 7295 7279
f 7279 7295 7296
f 7279 7296 7280
f 7280 7296 7281
f 7296 7297 7281
f 7281 7297 7282
f 7297 7298 7282
f 7282 7298 7283
f 7298 7299 7283
f 7283 7299 7284
f 7299 7300 7284
f 7284 7300 7301
f 7284 7301 7285
f 7285 7301 7302
f 7285 7302 7286
f 7286 7302 7303
f 7286 7303 7287
f 7287 7303 7304
f 7287 7304 7288
f 7288 7304 7289
f 7304 7305 7289
f 7289 7305 7290
f 7305 7306 7290
f 7290 7306 7291
f 7306 7307 7291
f 7291 7307 7276
f 7307 7292 7276
f 7292 7308 7309
f 7292 7309 7293
f 7293 7309 7310
f 7293 7310 7294
f 7294 7310 7311
f 7294 7311 7295
f 7295 7311 7312
f 7295 7312 7296
f 7296 7312 7297
f 7312 7313 7297
f 7297 7313 7298
f 7313 7314 7298
f 7298 7314 7299
f 7314 7315 7299
f 7299 7315 7300
f 7315 7316 7300
f 7300 7316 7317
f 7300 7317 7301
f 7301 7317 7318
f 7301 7318 7302
f 7302 7318 7319
f 7302 7319 7303
f 7303 7319 7320
f 7303 7320 7304
f 7304 7320 7305
f 7320 7321 7305
f 7305 7321 7306
f 7321 7322 7306
f 7306 7322 7307
f 7322 7323 7307
f 7307 7323 7292
f 7323 7308 7292
f 7308 7324 7325
f 7308 7325 7309
f 7309 7325 7326
f 7309 7326 7310
f 7310 7326 7327
f 7310 7327 7311
f 7311 7327 7328
f 7311 7328 7312
f 7312 7328 7313
f 7328 7329 7313
f 7313 7329 7314
f 7329 7330 7314
f 7314 7330 7315
f 7330 7331 7315
f 7315 7331 7316
f 7331 7332 7316
f 7316 7332 7333
f 7316 7333 7317
f 7317 7333 7334
f 7317 7334 7318
f 7318 7334 7335
f 7318 7335 7319
f 7319 7335 7336
f 7319 7336 7320
f 7320 7336 7321
f 7336 7337 7321
f 7321 7337 7322
f 7337 7338 7322
f 7322 7338 7323
f 7338 7339 7323
f 7323 7339 7308
f 7339 7324 7308
f 7324 7340 7341
f 7324 7341 7325
f 7325 7341 7342
f 7325 7342 7326
f 7326 7342 7343
f 7326 7343 7327
f 7327 7343 7344
f 7327 7344 7328
f 7328 7344 7329
f 7344 7345 7329
f 7329 7345 7330
f 7345 7346 7330
f 7330 7346 7331
f 7346 7347 7331
f 7331 7347 7332
f 7347 7348 7332
f 7332 7348 7349
f 7332 7349 7333
f 7333 7349 7350
f 7333 7350 7334
f 7334 7350 7351
f 7334 7351 7335
f 7335 7351 7352
f 7335 7352 7336
f 7336 7352 7337
f 7352 7353 7337
f 7337 7353 7338
f 7353 7354 7338
f 7338 7354 7339
f 7354 7355 7339
f 7339 7355 7324
f 7355 7340 7324
f 7340 7356 7357
f 7340 7357 7341
f 7341 7357 7358
f 7341 7358 7342
f 7342 7358 7359
f 7342 7359 7343
f 7343 7359 7360
f 7343 7360 7344
f 7344 7360 7345
f 7360 7361 7345
f 7345 7361 7346
f 7361 7362 7346
f 7346 7362 7347
f 7362 7363 7347
f 7347 7363 7348
f 7363 7364 7348
f 7348 7364 7365
f 7348 7365 7349
f 7349 7365 7366
f 7349 7366 7350
f 7350 7366 7367
f 7350 7367 7351
f 7351 7367 7368
f 7351 7368 7352
f 7352 7368 7353
f 7368 7369 7353
f 7353 7369 7354
f 7369 7370 7354
f 7354 7370 7355
f 7370 7371 7355
f 7355 7371 7340
f 7371 7356 7340
f 7356 7372 7373
f 7356 7373 7357
f 7357 7373 7374
f 7357 7374 7358
f 7358 7374 7375
f 7358 7375 7359
f 7359 7375 7376
f 7359 7376 7360
f 7360 7376 7361
f 7376 7377 7361
f 7361 7377 7362
f 7377 7378 7362
f 7362 7378 7363
f 7378 7379 7363
f 7363 7379 7364
f 7379 7380 7364
f 7364 7380 7381
f 7364 7381 7365
f 7365 7381 7382
f 7365 7382 7366
f 7366 7382 7383
f 7366 7383 7367
f 7367 7383 7384
f 7367 7384 7368
f 7368 7384 7369
f 7384 7385 7369
f 7369 7385 7370
f 7385 7386 7370
f 7370 7386 7371
f 7386 7387 7371
f 7371 7387 7356
f 7387 7372 7356
f 7372 7388 7389
f 7372 7389 7373
f 7373 7389 7390
f 7373 7390 7374
f 7374 7390 7391
f 7374 7391 7375
f 7375 7391 7392
f 7375 7392 7376
f 7376 7392 7377
f 7392 7393 7377
f 7377 7393 7378
f 7393 7394 7378
f 7378 7394 7379
f 7394 7395 7379
f 7379 7395 7380
f 7395 7396 7380
f 7380 7396 7397
f 7380 7397 7381
f 7381 7397 7398
f 7381 7398 7382
f 7382 7398 7399
f 7382 7399 7383
f 7383 7399 7400
f 7383 7400 7384
f 7384 7400 7385
f 7400 7401 7385
f 7385 7401 7386
f 7401 7402 7386
f 7386 7402 7387
f 7402 7403 7387
f 7387 7403 7372
f 7403 7388 7372
f 7388 7404 7405
f 7388 7405 7389
f 7389 7405 7406
f 7389 7406 7390
f 7390 7406 7407
f 7390 7407 7391
f 7391 7407 7408
f 7391 7408 7392
f 7392 7408 7393
f 7408 7409 7393
f 7393 7409 7394
f 7409 7410 7394
f 7394 7410 7395
f 7410 7411 7395
f 7395 7411 7396
f 7411 7412 7396
f 7396 7412 7413
f 7396 7413 7397
f 7397 7413 7414
f 7397 7414 7398
f 7398 7414 7415
f 7398 7415 7399
f 7399 7415 7416
f 7399 7416 7400
f 7400 7416 7401
f 7416 7417 7401
f 7401 7417 7402
f 7417 7418 7402
f 7402 7418 7403
f 7418 7419 7403
f 7403 7419 7388
f 7419 7404 7388
f 7404 7420 7421
f 7404 7421 7405
f 7405 7421 7422
f 7405 7422 7406
f 7406 7422 7423
f 7406 7423 7407
f 7407 7423 7424
f 7407 7424 7408
f 7408 7424 7409
f 7424 7425 7409
f 7409 7425 7410
f 7425 7426 7410
f 7410 7426 7411
f 7426 7427 7411
f 7411 7427 7412
f 7427 7428 7412
f 7412 7428 7429
f 7412 7429 7413
f 7413 7429 7430
f 7413 7430 7414
f 7414 7430 7431
f 7414 7431 7415
f 7415 7431 7432
f 7415 7432 7416
f 7416 7432 7417
f 7432 7433 7417
f 7417 7433 7418
f 7433 7434 7418
f 7418 7434 7419
f 7434 7435 7419
f 7419 7435 7404
f 7435 7420 7404
f 7420 7436 7421
f 7421 7436 7422
f 7422 7436 7423
f 7423 7436 7424
f 7424 7436 7425
f 7425 7436 7426
f 7426 7436 7427
f 7427 7436 7428
f 7428 7436 7429
f 7429 7436 7430
f 7430 7436 7431
f 7431 7436 7432
f 7432 7436 7433
f 7433 7436 7434
f 7434 7436 7435
f 7435 7436 7420
f 7132 7133 6218
f 7133 7134 6218
f 7134 7135 6218
f 7135 7136 6218
f 6218 7136 7137
f 6218 7137 7138
f 6218 7138 7139
f 6218 7139 7140
f 7140 7141 6218
f 7141 7142 6218
f 7142 7143 6218
f 7143 7144 6218
f 6218 7144 7145
f 6218 7145 7146
f 6218 7146 7147
f 6218 7147 7132
f 7132 7148 7133
f 7148 7149 7133
f 7133 7149 7134
f 7149 7150 7134
f 7134 7150 7135
f 7150 7151 7135
f 7135 7151 7136
f 7151 7152 7136
f 7136 7152 7153
f 7136 7153 7137
f 7137 7153 7154
f 7137 7154 7138
f 7138 7154 7155
f 7138 7155 7139
f 7139 7155 7156
f 7139 7156 7140
f 7140 7156 7141
f 7156 7157 7141
f 7141 7157 7142
f 7157 7158 7142
f 7142 7158 7143
f 7158 7159 7143
f 7143 7159 7144
f 7159 7160 7144
f 7144 7160 7161
f 7144 7161 7145
f 7145 7161 7162
f 7145 7162 7146
f 7146 7162 7163
f 7146 7163 7147
f 7147 7163 7148
f 7147 7148 7132
f 7148 7164 7149
f 7164 7165 7149
f 7149 7165 7150
f 7165 7166 7150
f 7150 7166 7151
f 7166 7167 7151
f 7151 7167 7152
f 7167 7168 7152
f 7152 7168 7169
f 7152 7169 7153
f 7153 7169 7170
f 7153 7170 7154
f 7154 7170 7171
f 7154 7171 7155
f 7155 7171 7172
f 7155 7172 7156
f 7156 7172 7157
f 7172 7173 7157
f 7157 7173 7158
f 7173 7174 7158
f 7158 7174 7159
f 7174 7175 7159
f 7159 7175 7160
f 7175 7176 7160
f 7160 7176 7177
f 7160 7177 7161
f 7161 7177 7178
f 7161 7178 7162
f 7162 7178 7179
f 7162 7179 7163
f 7163 7179 7164
f 7163 7164 7148
f 7164 7180 7165
f 7180 7181 7165
f 7165 7181 7166
f 7181 7182 7166
f 7166 7182 7167
f 7182 7183 7167
f 7167 7183 7168
f 7183 7184 7168
f 7168 7184 7185
f 7168 7185 7169
f 7169 7185 7186
f 7169 7186 7170
f 7170 7186 7187
f 7170 7187 7171
f 7171 7187 7188
f 7171 7188 7172
f 7172 7188 7173
f 7188 7189 7173
f 7173 7189 7174
f 7189 7190 7174
f 7174 7190 7175
f 7190 7191 7175
f 7175 7191 7176
f 7191 7192 7176
f 7176 7192 7193
f 7176 7193 7177
f 7177 7193 7194
f 7177 7194 7178
f 7178 7194 7195
f 7178 7195 7179
f 7179 7195 7180
f 7179 7180 7164
f 7180 7196 7181
f 7196 7197 7181
f 7181 7197 7182
f 7197 7198 7182
f 7182 7198 7183
f 7198 7199 7183
f 7183 7199 7184
f 7199 7200 7184
f 7184 7200 7201
f 7184 7201 7185
f 7185 7201 7202
f 7185 7202 7186
f 7186 7202 7203
f 7186 7203 7187
f 7187 7203 7204
f 7187 7204 7188
f 7188 7204 7189
f 7204 7205 7189
f 7189 7205 7190
f 7205 7206 7190
f 7190 7206 7191
f 7206 7207 7191
f 7191 7207 7192
f 7207 7208 7192
f 7192 7208 7209
f 7192 7209 7193
f 7193 7209 7210
f 7193 7210 7194
f 7194 7210 7211
f 7194 7211 7195
f 7195 7211 7196
f 7195 7196 7180
f 7196 7212 7197
f 7212 7213 7197
f 7197 7213 7198
f 7213 7214 7198
f 7198 7214 7199
f 7214 7215 7199
f 7199 7215 7200
f 7215 7216 7200
f 7200 7216 7217
f 7200 7217 7201
f 7201 7217 7218
f 7201 7218 7202
f 7202 7218 7219
f 7202 7219 7203
f 7203 7219 7220
f 7203 7220 7204
f 7204 7220 7205
f 7220 7221 7205
f 7205 7221 7206
f 7221 7222 7206
f 7206 7222 7207
f 7222 7223 7207
f 7207 7223 7208
f 7223 7224 7208
f 7208 7224 7225
f 7208 7225 7209
f 7209 7225 7226
f 7209 7226 7210
f 7210 7226 7227
f 7210 7227 7211
f 7211 7227 7212
f 7211 7212 7196
f 7212 7228 7213
f 7228 7229 7213
f 7213 7229 7214
f 7229 7230 7214
f 7214 7230 7215
f 7230 7231 7215
f 7215 7231 7216
f 7231 7232 7216
f 7216 7232 7233
f 7216 7233 7217
f 7217 7233 7234
f 7217 7234 7218
f 7218 7234 7235
f 7218 7235 7219
f 7219 7235 7236
f 7219 7236 7220
f 7220 7236 7221
f 7236 7237 7221
f 7221 7237 7222
f 7237 7238 7222
f 7222 7238 7223
f 7238 7239 7223
f 7223 7239 7224
f 7239 7240 7224
f 7224 7240 7241
f 7224 7241 7225
f 7225 7241 7242
f 7225 7242 7226
f 7226 7242 7243
f 7226 7243 7227
f 7227 7243 7228
f 7227 7228 7212
f 7228 7244 7229
f 7244 7245 7229
f 7229 7245 7230
f 7245 7246 7230
f 7230 7246 7231
f 7246 7247 7231
f 7231 7247 7232
f 7247 7248 7232
f 7232 7248 7249
f 7232 7249 7233
f 7233 7249 7250
f 7233 7250 7234
f 7234 7250 7251
f 7234 7251 7235
f 7235 7251 7252
f 7235 7252 7236
f 7236 7252 7237
f 7252 7253 7237
f 7237 7253 7238
f 7253 7254 7238
f 7238 7254 7239
f 7254 7255 7239
f 7239 7255 7240
f 7255 7256 7240
f 7240 7256 7257
f 7240 7257 7241
f 7241 7257 7258
f 7241 7258 7242
f 7242 7258 7259
f 7242 7259 7243
f 7243 7259 7244
f 7243 7244 7228
f 7244 7260 7245
f 7260 7261 7245
f 7245 7261 7246
f 7261 7262 7246
f 7246 7262 7247
f 7262 7263 7247
f 7247 7263 7248
f 7263 7264 7248
f 7248 7264 7265
f 7248 7265 7249
f 7249 7265 7266
f 7249 7266 7250
f 7250 7266 7267
f 7250 7267 7251
f 7251 7267 7268
f 7251 7268 7252
f 7252 7268 7253
f 7268 7269 7253
f 7253 7269 7254
f 7269 7270 7254
f 7254 7270 7255
f 7270 7271 7255
f 7255 7271 7256
f 7271 7272 7256
f 7256 7272 7273
f 7256 7273 7257
f 7257 7273 7274
f 7257 7274 7258
f 7258 7274 7275
f 7258 7275 7259
f 7259 7275 7260
f 7259 7260 7244
f 7260 7276 7261
f 7276 7277 7261
f 7261 7277 7262
f 7277 7278 7262
f 7262 7278 7263
f 7278 7279 7263
f 7263 7279 7264
f 7279 7280 7264
f 7264 7280 7281
f 7264 7281 7265
f 7265 7281 7282
f 7265 7282 7266
f 7266 7282 7283
f 7266 7283 7267
f 7267 7283 7284
f 7267 7284 7268
f 7268 7284 7269
f 7284 7285 7269
f 7269 7285 7270
f 7285 7286 7270
f 7270 7286 7271
f 7286 7287 7271
f 7271 7287 7272
f 7287 7288 7272
f 7272 7288 7289
f 7272 7289 7273
f 7273 7289 7290
f 7273 7290 7274
f 7274 7290 7291
f 7274 7291 7275
f 7275 7291 7276
f 7275 7276 7260
f 7276 7292 7293
f 7276 7293 7277
f 7277 7293 7294
f 7277 7294 7278
f 7278 7294 7295
f 7278 7295 7279
f 7279 7295 7296
f 7279 7296 7280
f 7280 7296 7281
f 7296 7297 7281
f 7281 7297 7282
f 7297 7298 7282
f 7282 7298 7283
f 7298 7299 7283
f 7283 7299 7284
f 7299 7300 7284
f 7284 7300 7301
f 7284 7301 7285
f 7285 7301 7302
f 7285 7302 7286
f 7286 7302 7303
f 7286 7303 7287
f 7287 7303 7304
f 7287 7304 7288
f 7288 7304 7289
f 7304 7305 7289
f 7289 7305 7290
f 7305 7306 7290
f 7290 7306 7291
f 7306 7307 7291
f 7291 7307 7276
f 7307 7292 7276
f 7292 7308 7309
f 7292 7309 7293
f 7293 7309 7310
f 7293 7310 7294
f 7294 7310 7311
f 7294 7311 7295
f 7295 7311 7312
f 7295 7312 7296
f 7296 7312 7297
f 7312 7313 7297
f 7297 7313 7298
f 7313 7314 7298
f 7298 7314 7299
f 7314 7315 7299
f 7299 7315 7300
f 7315 7316 7300
f 7300 7316 7317
f 7300 7317 7301
f 7301 7317 7318
f 7301 7318 7302
f 7302 7318 7319
f 7302 7319 7303
f 7303 7319 7320
f 7303 7320 7304
f 7304 7320 7305
f 7320 7321 7305
f 7305 7321 7306
f 7321 7322 7306
f 7306 7322 7307
f 7322 7323 7307
f 7307 7323 7292
f 7323 7308 7292
f 7308 7324 7325
f 7308 7325 7309
f 7309 7325 7326
f 7309 7326 7310
f 7310 7326 7327
f 7310 7327 7311
f 7311 7327 7328
f 7311 7328 7312
f 7312 7328 7313
f 7328 7329 7313
f 7313 7329 7314
f 7329 7330 7314
f 7314 7330 7315
f 7330 7331 7315
f 7315 7331 7316
f 7331 7332 7316
f 7316 7332 7333
f 7316 7333 7317
f 7317 7333 7334
f 7317 7334 7318
f 7318 7334 7335
f 7318 7335 7319
f 7319 7335 7336
f 7319 7336 7320
f 7320 7336 7321
f 7336 7337 7321
f 7321 7337 7322
f 7337 7338 7322
f 7322 7338 7323
f 7338 7339 7323
f 7323 7339 7308
f 7339 7324 7308
f 7324 7340 7341
f 7324 7341 7325
f 7325 7341 7342
f 7325 7342 7326
f 7326 7342 7343
f 7326 7343 7327
f 7327 7343 7344
f 7327 7344 7328
f 7328 7344 7329
f 7344 7345 7329
f 7329 7345 7330
f 7345 7346 7330
f 7330 7346 7331
f 7346 7347 7331
f 7331 7347 7332
f 7347 7348 7332
f 7332 7348 7349
f 7332 7349 7333
f 7333 7349 7350
f 7333 7350 7334
f 7334 7350 7351
f 7334 7351 7335
f 7335 7351 7352
f 7335 7352 7336
f 7336 7352 7337
f 7352 7353 7337
f 7337 7353 7338
f 7353 7354 7338
f 7338 7354 7339
f 7354 7355 7339
f 7339 7355 7324
f 7355 7340 7324
f 7340 7356 7357
f 7340 7357 7341
f 7341 7357 7358
f 7341 7358 7342
f 7342 7358 7359
f 7342 7359 7343
f 7343 7359 7360
f 7343 7360 7344
f 7344 7360 7345
f 7360 7361 7345
f 7345 7361 7346
f 7361 7362 7346
f 7346 7362 7347
f 7362 7363 7347
f 7347 7363 7348
f 7363 7364 7348
f 7348 7364 7365
f 7348 7365 7349
f 7349 7365 7366
f 7349 7366 7350
f 7350 7366 7367
f 7350 7367 7351
f 7351 7367 7368
f 7351 7368 7352
f 7352 7368 7353
f 7368 7369 7353
f 7353 7369 7354
f 7369 7370 7354
f 7354 7370 7355
f 7370 7371 7355
f 7355 7371 7340
f 7371 7356 7340
f 7356 7372 7373
f 7356 7373 7357
f 7357 7373 7374
f 7357 7374 7358
f 7358 7374 7375
f 7358 7375 7359
f 7359 7375 7376
f 7359 7376 7360
f 7360 7376 7361
f 7376 7377 7361
f 7361 7377 7362
f 7377 7378 7362
f 7362 7378 7363
f 7378 7379 7363
f 7363 7379 7364
f 7379 7380 7364
f 7364 7380 7381
f 7364 7381 7365
f 7365 7381 7382
f 7365 7382 7366
f 7366 7382 7383
f 7366 7383 7367
f 7367 7383 7384
f 7367 7384 7368
f 7368 7384 7369
f 7384 7385 7369
f 7369 7385 7370
f 7385 7386 7370
f 7370 7386 7371
f 7386 7387 7371
f 7371 7387 7356
f 7387 7372 7356
f 7372 7388 7389
f 7372 7389 7373
f 7373 7389 7390
f 7373 7390 7374
f 7374 7390 7391
f 7374 7391 7375
f 7375 7391 7392
f 7375 7392 7376
f 7376 7392 7377
f 7392 7393 7377
f 7377 7393 7378
f 7393 7394 7378
f 7378 7394 7379
f 7394 7395 7379
f 7379 7395 7380
f 7395 7396 7380
f 7380 7396 7397
f 7380 7397 7381
f 7381 7397 7398
f 7381 7398 7382
f 7382 7398 7399
f 7382 7399 7383
f 7383 7399 7400
f 7383 7400 7384
f 7384 7400 7385
f 7400 7401 7385
f 7385 7401 7386
f 7401 7402 7386
f 7386 7402 7387
f 7402 7403 7387
f 7387 7403 7372
f 7403 7388 7372
f 7388 7404 7405
f 7388 7405 7389
f 7389 7405 7406
f 7389 7406 7390
f 7390 7406 7407
f 7390 7407 7391
f 7391 7407 7408
f 7391 7408 7392
f 7392 7408 7393
f 7408 7409 7393
f 7393 7409 7394
f 7409 7410 7394
f 7394 7410 7395
f 7410 7411 7395
f 7395 7411 7396
f 7411 7412 7396
f 7396 7412 7413
f 7396 7413 7397
f 7397 7413 7414
f 7397 7414 7398
f 7398 7414 7415
f 7398 7415 7399
f 7399 7415 7416
f 7399 7416 7400
f 7400 7416 7401
f 7416 7417 7401
f 7401 7417 7402
f 7417 7418 7402
f 7402 7418 7403
f 7418 7419 7403
f 7403 7419 7388
f 7419 7404 7388
f 7404 7420 7421
f 7404 7421 7405
f 7405 7421 7422
f 7405 7422 7406
f 7406 7422 7423
f 7406 7423 7407
f 7407 7423 7424
f 7407 7424 7408
f 7408 7424 7409
f 7424 7425 7409
f 7409 7425 7410
f 7425 7426 7410
f 7410 7426 7411
f 7426 7427 7411
f 7411 7427 7412
f 7427 7428 7412
f 7412 7428 7429
f 7412 7429 7413
f 7413 7429 7430
f 7413 7430 7414
f 7414 7430 7431
f 7414 7431 7415
f 7415 7431 7432
f 7415 7432 7416
f 7416 7432 7417
f 7432 7433 7417
f 7417 7433 7418
f 7433 7434 7418
f 7418 7434 7419
f 7434 7435 7419
f 7419 7435 7404
f 7435 7420 7404
f 7420 7436 7421
f 7421 7436 7422
f 7422 7436 7423
f 7423 7436 7424
f 7424 7436 7425
f 7425 7436 7426
f 7426 7436 7427
f 7427 7436 7428
f 7428 7436 7429
f 7429 7436 7430
f 7430 7436 7431
f 7431 7436 7432
f 7432 7436 7433
f 7433 7436 7434
f 7434 7436 7435
f 7435 7436 7420
