v      1.162146904     0.8308893145                0
v      1.162146904     0.8227220985    -0.1063428227
v -1.425471538e-16 -7.401486831e-17  1.867504779e-17
v      1.162146904     0.7990921418    -0.2102982759
v      1.162146904     0.7613069814    -0.3105588223
v      1.162146904     0.7106741546    -0.4058169248
v      1.162146904     0.6485011985    -0.4947650465
v      1.162146904       0.57609565      -0.57609565
v      1.162146904     0.4947650465    -0.6485011985
v      1.162146904     0.4058169248    -0.7106741546
v      1.162146904     0.3105588223    -0.7613069814
v      1.162146904     0.2102982759    -0.7990921418
v      1.162146904     0.1063428227    -0.8227220985
v      1.162146904 -8.526512829e-17    -0.8308893145
v      1.162146904    -0.1063428227    -0.8227220985
v      1.162146904    -0.2102982759    -0.7990921418
v      1.162146904    -0.3105588223    -0.7613069814
v      1.162146904    -0.4058169248    -0.7106741546
v      1.162146904    -0.4947650465    -0.6485011985
v      1.162146904      -0.57609565      -0.57609565
v      1.162146904    -0.6485011985    -0.4947650465
v      1.162146904    -0.7106741546    -0.4058169248
v      1.162146904    -0.7613069814    -0.3105588223
v      1.162146904    -0.7990921418    -0.2102982759
v      1.162146904    -0.8227220985    -0.1063428227
v      1.162146904    -0.8308893145 -8.091966464e-17
v      1.162146904    -0.8227220985     0.1063428227
v      1.162146904    -0.7990921418     0.2102982759
v      1.162146904    -0.7613069814     0.3105588223
v      1.162146904    -0.7106741546     0.4058169248
v      1.162146904    -0.6485011985     0.4947650465
v      1.162146904      -0.57609565       0.57609565
v      1.162146904    -0.4947650465     0.6485011985
v      1.162146904    -0.4058169248     0.7106741546
v      1.162146904    -0.3105588223     0.7613069814
v      1.162146904    -0.2102982759     0.7990921418
v      1.162146904    -0.1063428227     0.8227220985
v      1.162146904 -1.372113318e-16     0.8308893145
v      1.162146904     0.1063428227     0.8227220985
v      1.162146904     0.2102982759     0.7990921418
v      1.162146904     0.3105588223     0.7613069814
v      1.162146904     0.4058169248     0.7106741546
v      1.162146904     0.4947650465     0.6485011985
v      1.162146904       0.57609565       0.57609565
v      1.162146904     0.6485011985     0.4947650465
v      1.162146904     0.7106741546     0.4058169248
v      1.162146904     0.7613069814     0.3105588223
v      1.162146904     0.7990921418     0.2102982759
v      1.162146904     0.8227220985     0.1063428227
v      2.725323247      1.498750479                0
v      2.725323247      1.484409723      -0.19612333
v      2.725323247      1.442817553    -0.3864466971
v      2.725323247      1.376119114    -0.5688249562
v      2.725323247      1.286459551    -0.7411129621
v      2.725323247       1.17598401    -0.9011655698
v      2.725323247      1.046837634     -1.046837634
v      2.725323247     0.9011655698      -1.17598401
v      2.725323247     0.7411129621     -1.286459551
v      2.725323247     0.5688249562     -1.376119114
v      2.725323247     0.3864466971     -1.442817553
v      2.725323247       0.19612333     -1.484409723
v      2.725323247 -9.592326933e-17     -1.498750479
v      2.725323247      -0.19612333     -1.484409723
v      2.725323247    -0.3864466971     -1.442817553
v      2.725323247    -0.5688249562     -1.376119114
v      2.725323247    -0.7411129621     -1.286459551
v      2.725323247    -0.9011655698      -1.17598401
v      2.725323247     -1.046837634     -1.046837634
v      2.725323247      -1.17598401    -0.9011655698
v      2.725323247     -1.286459551    -0.7411129621
v      2.725323247     -1.376119114    -0.5688249562
v      2.725323247     -1.442817553    -0.3864466971
v      2.725323247     -1.484409723      -0.19612333
v      2.725323247     -1.498750479 -9.103462272e-17
v      2.725323247     -1.484409723       0.19612333
v      2.725323247     -1.442817553     0.3864466971
v      2.725323247     -1.376119114     0.5688249562
v      2.725323247     -1.286459551     0.7411129621
v      2.725323247      -1.17598401     0.9011655698
v      2.725323247     -1.046837634      1.046837634
v      2.725323247    -0.9011655698       1.17598401
v      2.725323247    -0.7411129621      1.286459551
v      2.725323247    -0.5688249562      1.376119114
v      2.725323247    -0.3864466971      1.442817553
v      2.725323247      -0.19612333      1.484409723
v      2.725323247 -1.543627483e-16      1.498750479
v      2.725323247       0.19612333      1.484409723
v      2.725323247     0.3864466971      1.442817553
v      2.725323247     0.5688249562      1.376119114
v      2.725323247     0.7411129621      1.286459551
v      2.725323247     0.9011655698       1.17598401
v      2.725323247      1.046837634      1.046837634
v      2.725323247       1.17598401     0.9011655698
v      2.725323247      1.286459551     0.7411129621
v      2.725323247      1.376119114     0.5688249562
v      2.725323247      1.442817553     0.3864466971
v      2.725323247      1.484409723       0.19612333
v      4.529426137      1.991166986                0
v      4.529426137      1.972543687    -0.2652803639
v      4.529426137        1.9184177    -0.5212166769
v      4.529426137      1.831404889    -0.7651930752
v      4.529426137      1.714121117    -0.9945936952
v      4.529426137      1.569182248     -1.206802673
v      4.529426137      1.399204145     -1.399204145
v      4.529426137      1.206802673     -1.569182248
v      4.529426137     0.9945936952     -1.714121117
v      4.529426137     0.7651930752     -1.831404889
v      4.529426137     0.5212166769       -1.9184177
v      4.529426137     0.2652803639     -1.972543687
v      4.529426137 -6.394884622e-17     -1.991166986
v      4.529426137    -0.2652803639     -1.972543687
v      4.529426137    -0.5212166769       -1.9184177
v      4.529426137    -0.7651930752     -1.831404889
v      4.529426137    -0.9945936952     -1.714121117
v      4.529426137     -1.206802673     -1.569182248
v      4.529426137     -1.399204145     -1.399204145
v      4.529426137     -1.569182248     -1.206802673
v      4.529426137     -1.714121117    -0.9945936952
v      4.529426137     -1.831404889    -0.7651930752
v      4.529426137       -1.9184177    -0.5212166769
v      4.529426137     -1.972543687    -0.2652803639
v      4.529426137     -1.991166986 -6.068974848e-17
v      4.529426137     -1.972543687     0.2652803639
v      4.529426137       -1.9184177     0.5212166769
v      4.529426137     -1.831404889     0.7651930752
v      4.529426137     -1.714121117     0.9945936952
v      4.529426137     -1.569182248      1.206802673
v      4.529426137     -1.399204145      1.399204145
v      4.529426137     -1.206802673      1.569182248
v      4.529426137    -0.9945936952      1.714121117
v      4.529426137    -0.7651930752      1.831404889
v      4.529426137    -0.5212166769        1.9184177
v      4.529426137    -0.2652803639      1.972543687
v      4.529426137 -1.029084989e-16      1.991166986
v      4.529426137     0.2652803639      1.972543687
v      4.529426137     0.5212166769        1.9184177
v      4.529426137     0.7651930752      1.831404889
v      4.529426137     0.9945936952      1.714121117
v      4.529426137      1.206802673      1.569182248
v      4.529426137      1.399204145      1.399204145
v      4.529426137      1.569182248      1.206802673
v      4.529426137      1.714121117     0.9945936952
v      4.529426137      1.831404889     0.7651930752
v      4.529426137        1.9184177     0.5212166769
v      4.529426137      1.972543687     0.2652803639
v      6.414352686      2.295722329                0
v      6.414352686      2.274604803    -0.3097527666
v      6.414352686      2.213134047    -0.6073796284
v      6.414352686      2.114132794    -0.8900578528
v      6.414352686      1.980423777     -1.154964707
v      6.414352686      1.814829727     -1.399277459
v      6.414352686      1.620173377     -1.620173377
v      6.414352686      1.399277459     -1.814829727
v      6.414352686      1.154964707     -1.980423777
v      6.414352686     0.8900578528     -2.114132794
v      6.414352686     0.6073796284     -2.213134047
v      6.414352686     0.3097527666     -2.274604803
v      6.414352686 -2.131628207e-17     -2.295722329
v      6.414352686    -0.3097527666     -2.274604803
v      6.414352686    -0.6073796284     -2.213134047
v      6.414352686    -0.8900578528     -2.114132794
v      6.414352686     -1.154964707     -1.980423777
v      6.414352686     -1.399277459     -1.814829727
v      6.414352686     -1.620173377     -1.620173377
v      6.414352686     -1.814829727     -1.399277459
v      6.414352686     -1.980423777     -1.154964707
v      6.414352686     -2.114132794    -0.8900578528
v      6.414352686     -2.213134047    -0.6073796284
v      6.414352686     -2.274604803    -0.3097527666
v      6.414352686     -2.295722329 -2.022991616e-17
v      6.414352686     -2.274604803     0.3097527666
v      6.414352686     -2.213134047     0.6073796284
v      6.414352686     -2.114132794     0.8900578528
v      6.414352686     -1.980423777      1.154964707
v      6.414352686     -1.814829727      1.399277459
v      6.414352686     -1.620173377      1.620173377
v      6.414352686     -1.399277459      1.814829727
v      6.414352686     -1.154964707      1.980423777
v      6.414352686    -0.8900578528      2.114132794
v      6.414352686    -0.6073796284      2.213134047
v      6.414352686    -0.3097527666      2.274604803
v      6.414352686 -3.430283296e-17      2.295722329
v      6.414352686     0.3097527666      2.274604803
v      6.414352686     0.6073796284      2.213134047
v      6.414352686     0.8900578528      2.114132794
v      6.414352686      1.154964707      1.980423777
v      6.414352686      1.399277459      1.814829727
v      6.414352686      1.620173377      1.620173377
v      6.414352686      1.814829727      1.399277459
v      6.414352686      1.980423777      1.154964707
v      6.414352686      2.114132794     0.8900578528
v      6.414352686      2.213134047     0.6073796284
v      6.414352686      2.274604803     0.3097527666
v             8.22              2.4                0
v             8.22      2.378073883    -0.3254793804
v             8.22       2.31420806    -0.6377069649
v             8.22      2.211271321    -0.9338139623
v             8.22      2.072132458     -1.210931582
v             8.22      1.899660261     -1.466191032
v             8.22      1.696723522     -1.696723522
v             8.22      1.466191032     -1.899660261
v             8.22      1.210931582     -2.072132458
v             8.22     0.9338139623     -2.211271321
v             8.22     0.6377069649      -2.31420806
v             8.22     0.3254793804     -2.378073883
v             8.22                0             -2.4
v             8.22    -0.3254793804     -2.378073883
v             8.22    -0.6377069649      -2.31420806
v             8.22    -0.9338139623     -2.211271321
v             8.22     -1.210931582     -2.072132458
v             8.22     -1.466191032     -1.899660261
v             8.22     -1.696723522     -1.696723522
v             8.22     -1.899660261     -1.466191032
v             8.22     -2.072132458     -1.210931582
v             8.22     -2.211271321    -0.9338139623
v             8.22      -2.31420806    -0.6377069649
v             8.22     -2.378073883    -0.3254793804
v             8.22             -2.4                0
v             8.22     -2.378073883     0.3254793804
v             8.22      -2.31420806     0.6377069649
v             8.22     -2.211271321     0.9338139623
v             8.22     -2.072132458      1.210931582
v             8.22     -1.899660261      1.466191032
v             8.22     -1.696723522      1.696723522
v             8.22     -1.466191032      1.899660261
v             8.22     -1.210931582      2.072132458
v             8.22    -0.9338139623      2.211271321
v             8.22    -0.6377069649       2.31420806
v             8.22    -0.3254793804      2.378073883
v             8.22                0              2.4
v             8.22     0.3254793804      2.378073883
v             8.22     0.6377069649       2.31420806
v             8.22     0.9338139623      2.211271321
v             8.22      1.210931582      2.072132458
v             8.22      1.466191032      1.899660261
v             8.22      1.696723522      1.696723522
v             8.22      1.899660261      1.466191032
v             8.22      2.072132458      1.210931582
v             8.22      2.211271321     0.9338139623
v             8.22       2.31420806     0.6377069649
v             8.22      2.378073883     0.3254793804
v      11.25552763           2.4728                0
v      11.25552763      2.450208791    -0.3297106123
v      11.25552763      2.384405704    -0.6459971554
v      11.25552763      2.278346551    -0.9459535438
v      11.25552763      2.134987142     -1.226673692
v      11.25552763      1.957283289     -1.485251515
v      11.25552763      1.748190802     -1.718780928
v      11.25552763      1.510665493     -1.924355844
v      11.25552763      1.247663173     -2.099070179
v      11.25552763     0.9621396525     -2.240017848
v      11.25552763     0.6570507428     -2.344292764
v      11.25552763     0.3353522549     -2.408988844
v      11.25552763                0          -2.4312
v      11.25552763    -0.3353522549     -2.408988844
v      11.25552763    -0.6570507428     -2.344292764
v      11.25552763    -0.9621396525     -2.240017848
v      11.25552763     -1.247663173     -2.099070179
v      11.25552763     -1.510665493     -1.924355844
v      11.25552763     -1.748190802     -1.718780928
v      11.25552763     -1.957283289     -1.485251515
v      11.25552763     -2.134987142     -1.226673692
v      11.25552763     -2.278346551    -0.9459535438
v      11.25552763     -2.384405704    -0.6459971554
v      11.25552763     -2.450208791    -0.3297106123
v      11.25552763          -2.4728                0
v      11.25552763     -2.450208791     0.3297106123
v      11.25552763     -2.384405704     0.6459971554
v      11.25552763     -2.278346551     0.9459535438
v      11.25552763     -2.134987142      1.226673692
v      11.25552763     -1.957283289      1.485251515
v      11.25552763     -1.748190802      1.718780928
v      11.25552763     -1.510665493      1.924355844
v      11.25552763     -1.247663173      2.099070179
v      11.25552763    -0.9621396525      2.240017848
v      11.25552763    -0.6570507428      2.344292764
v      11.25552763    -0.3353522549      2.408988844
v      11.25552763                0           2.4312
v      11.25552763     0.3353522549      2.408988844
v      11.25552763     0.6570507428      2.344292764
v      11.25552763     0.9621396525      2.240017848
v      11.25552763      1.247663173      2.099070179
v      11.25552763      1.510665493      1.924355844
v      11.25552763      1.748190802      1.718780928
v      11.25552763      1.957283289      1.485251515
v      11.25552763      2.134987142      1.226673692
v      11.25552763      2.278346551     0.9459535438
v      11.25552763      2.384405704     0.6459971554
v      11.25552763      2.450208791     0.3297106123
v       16.3126148           2.6464                0
v       16.3126148      2.622222802    -0.3398004731
v       16.3126148      2.551800087    -0.6657660713
v       16.3126148      2.438295176    -0.9749017766
v       16.3126148       2.28487139     -1.264212571
v       16.3126148      2.094692048     -1.530703437
v       16.3126148       1.87092047     -1.771379357
v       16.3126148      1.616719978     -1.983245312
v       16.3126148      1.335253891     -2.163306286
v       16.3126148      1.029685529     -2.308567259
v       16.3126148     0.7031782132     -2.416033214
v       16.3126148     0.3588952635     -2.482709134
v       16.3126148                0          -2.5056
v       16.3126148    -0.3588952635     -2.482709134
v       16.3126148    -0.7031782132     -2.416033214
v       16.3126148     -1.029685529     -2.308567259
v       16.3126148     -1.335253891     -2.163306286
v       16.3126148     -1.616719978     -1.983245312
v       16.3126148      -1.87092047     -1.771379357
v       16.3126148     -2.094692048     -1.530703437
v       16.3126148      -2.28487139     -1.264212571
v       16.3126148     -2.438295176    -0.9749017766
v       16.3126148     -2.551800087    -0.6657660713
v       16.3126148     -2.622222802    -0.3398004731
v       16.3126148          -2.6464                0
v       16.3126148     -2.622222802     0.3398004731
v       16.3126148     -2.551800087     0.6657660713
v       16.3126148     -2.438295176     0.9749017766
v       16.3126148      -2.28487139      1.264212571
v       16.3126148     -2.094692048      1.530703437
v       16.3126148      -1.87092047      1.771379357
v       16.3126148     -1.616719978      1.983245312
v       16.3126148     -1.335253891      2.163306286
v       16.3126148     -1.029685529      2.308567259
v       16.3126148    -0.7031782132      2.416033214
v       16.3126148    -0.3588952635      2.482709134
v       16.3126148                0           2.5056
v       16.3126148     0.3588952635      2.482709134
v       16.3126148     0.7031782132      2.416033214
v       16.3126148      1.029685529      2.308567259
v       16.3126148      1.335253891      2.163306286
v       16.3126148      1.616719978      1.983245312
v       16.3126148       1.87092047      1.771379357
v       16.3126148      2.094692048      1.530703437
v       16.3126148       2.28487139      1.264212571
v       16.3126148      2.438295176     0.9749017766
v       16.3126148      2.551800087     0.6657660713
v       16.3126148      2.622222802     0.3398004731
v      22.45493815           2.8536                0
v      22.45493815      2.827529847    -0.3518432102
v      22.45493815      2.751593383     -0.689361229
v      22.45493815        2.6292016     -1.009452893
v      22.45493815      2.463765492      -1.30901704
v      22.45493815       2.25869605     -1.584952506
v      22.45493815      2.017404268     -1.834158127
v      22.45493815      1.743301137     -2.053532742
v      22.45493815      1.439797651     -2.239975187
v      22.45493815      1.110304801     -2.390384298
v      22.45493815     0.7582335812     -2.501658912
v      22.45493815     0.3869949833     -2.570697868
v      22.45493815                0          -2.5944
v      22.45493815    -0.3869949833     -2.570697868
v      22.45493815    -0.7582335812     -2.501658912
v      22.45493815     -1.110304801     -2.390384298
v      22.45493815     -1.439797651     -2.239975187
v      22.45493815     -1.743301137     -2.053532742
v      22.45493815     -2.017404268     -1.834158127
v      22.45493815      -2.25869605     -1.584952506
v      22.45493815     -2.463765492      -1.30901704
v      22.45493815       -2.6292016     -1.009452893
v      22.45493815     -2.751593383     -0.689361229
v      22.45493815     -2.827529847    -0.3518432102
v      22.45493815          -2.8536                0
v      22.45493815     -2.827529847     0.3518432102
v      22.45493815     -2.751593383      0.689361229
v      22.45493815       -2.6292016      1.009452893
v      22.45493815     -2.463765492       1.30901704
v      22.45493815      -2.25869605      1.584952506
v      22.45493815     -2.017404268      1.834158127
v      22.45493815     -1.743301137      2.053532742
v      22.45493815     -1.439797651      2.239975187
v      22.45493815     -1.110304801      2.390384298
v      22.45493815    -0.7582335812      2.501658912
v      22.45493815    -0.3869949833      2.570697868
v      22.45493815                0           2.5944
v      22.45493815     0.3869949833      2.570697868
v      22.45493815     0.7582335812      2.501658912
v      22.45493815      1.110304801      2.390384298
v      22.45493815      1.439797651      2.239975187
v      22.45493815      1.743301137      2.053532742
v      22.45493815      2.017404268      1.834158127
v      22.45493815       2.25869605      1.584952506
v      22.45493815      2.463765492       1.30901704
v      22.45493815        2.6292016      1.009452893
v      22.45493815      2.751593383      0.689361229
v      22.45493815      2.827529847     0.3518432102
v      28.74617434           3.0272                0
v      28.74617434      2.999543858     -0.361933071
v      28.74617434      2.918987766    -0.7091301449
v      28.74617434      2.789150226     -1.038401126
v      28.74617434       2.61364974     -1.346555919
v      28.74617434      2.396104809     -1.630404428
v      28.74617434      2.140133936     -1.886756557
v      28.74617434      1.849355622      -2.11242221
v      28.74617434      1.527388368     -2.304211293
v      28.74617434      1.177850678     -2.458933709
v      28.74617434     0.8043610517     -2.573399362
v      28.74617434     0.4105379918     -2.644418158
v      28.74617434                0          -2.6688
v      28.74617434    -0.4105379918     -2.644418158
v      28.74617434    -0.8043610517     -2.573399362
v      28.74617434     -1.177850678     -2.458933709
v      28.74617434     -1.527388368     -2.304211293
v      28.74617434     -1.849355622      -2.11242221
v      28.74617434     -2.140133936     -1.886756557
v      28.74617434     -2.396104809     -1.630404428
v      28.74617434      -2.61364974     -1.346555919
v      28.74617434     -2.789150226     -1.038401126
v      28.74617434     -2.918987766    -0.7091301449
v      28.74617434     -2.999543858     -0.361933071
v      28.74617434          -3.0272                0
v      28.74617434     -2.999543858      0.361933071
v      28.74617434     -2.918987766     0.7091301449
v      28.74617434     -2.789150226      1.038401126
v      28.74617434      -2.61364974      1.346555919
v      28.74617434     -2.396104809      1.630404428
v      28.74617434     -2.140133936      1.886756557
v      28.74617434     -1.849355622       2.11242221
v      28.74617434     -1.527388368      2.304211293
v      28.74617434     -1.177850678      2.458933709
v      28.74617434    -0.8043610517      2.573399362
v      28.74617434    -0.4105379918      2.644418158
v      28.74617434                0           2.6688
v      28.74617434     0.4105379918      2.644418158
v      28.74617434     0.8043610517      2.573399362
v      28.74617434      1.177850678      2.458933709
v      28.74617434      1.527388368      2.304211293
v      28.74617434      1.849355622       2.11242221
v      28.74617434      2.140133936      1.886756557
v      28.74617434      2.396104809      1.630404428
v      28.74617434       2.61364974      1.346555919
v      28.74617434      2.789150226      1.038401126
v      28.74617434      2.918987766     0.7091301449
v      28.74617434      2.999543858      0.361933071
v            34.25              3.1                0
v            34.25      3.071678766     -0.366164303
v            34.25       2.98918541    -0.7174203355
v            34.25      2.856225456     -1.050540708
v            34.25      2.676504424     -1.362298029
v            34.25      2.453727837     -1.649464911
v            34.25      2.191601216     -1.908813962
v            34.25      1.893830083     -2.137117794
v            34.25       1.56411996     -2.331149015
v            34.25      1.206176368     -2.487680236
v            34.25     0.8237048296     -2.603484067
v            34.25     0.4204108664     -2.675333118
v            34.25                0             -2.7
v            34.25    -0.4204108664     -2.675333118
v            34.25    -0.8237048296     -2.603484067
v            34.25     -1.206176368     -2.487680236
v            34.25      -1.56411996     -2.331149015
v            34.25     -1.893830083     -2.137117794
v            34.25     -2.191601216     -1.908813962
v            34.25     -2.453727837     -1.649464911
v            34.25     -2.676504424     -1.362298029
v            34.25     -2.856225456     -1.050540708
v            34.25      -2.98918541    -0.7174203355
v            34.25     -3.071678766     -0.366164303
v            34.25             -3.1                0
v            34.25     -3.071678766      0.366164303
v            34.25      -2.98918541     0.7174203355
v            34.25     -2.856225456      1.050540708
v            34.25     -2.676504424      1.362298029
v            34.25     -2.453727837      1.649464911
v            34.25     -2.191601216      1.908813962
v            34.25     -1.893830083      2.137117794
v            34.25      -1.56411996      2.331149015
v            34.25     -1.206176368      2.487680236
v            34.25    -0.8237048296      2.603484067
v            34.25    -0.4204108664      2.675333118
v            34.25                0              2.7
v            34.25     0.4204108664      2.675333118
v            34.25     0.8237048296      2.603484067
v            34.25      1.206176368      2.487680236
v            34.25       1.56411996      2.331149015
v            34.25      1.893830083      2.137117794
v            34.25      2.191601216      1.908813962
v            34.25      2.453727837      1.649464911
v            34.25      2.676504424      1.362298029
v            34.25      2.856225456      1.050540708
v            34.25       2.98918541     0.7174203355
v            34.25      3.071678766      0.366164303
v      39.47753716           3.0116                0
v      39.47753716      2.984086378     -0.359817455
v      39.47753716      2.903945414    -0.7049850496
v      39.47753716      2.774776962     -1.032331335
v      39.47753716      2.600180879     -1.338684864
v      39.47753716      2.383757017     -1.620874186
v      39.47753716      2.129105233     -1.875727854
v      39.47753716       1.83982538     -2.100074418
v      39.47753716      1.519517313     -2.290742432
v      39.47753716      1.171780887     -2.444560445
v      39.47753716     0.8002159564      -2.55835701
v      39.47753716     0.4084223758     -2.628960678
v      39.47753716                0          -2.6532
v      39.47753716    -0.4084223758     -2.628960678
v      39.47753716    -0.8002159564      -2.55835701
v      39.47753716     -1.171780887     -2.444560445
v      39.47753716     -1.519517313     -2.290742432
v      39.47753716      -1.83982538     -2.100074418
v      39.47753716     -2.129105233     -1.875727854
v      39.47753716     -2.383757017     -1.620874186
v      39.47753716     -2.600180879     -1.338684864
v      39.47753716     -2.774776962     -1.032331335
v      39.47753716     -2.903945414    -0.7049850496
v      39.47753716     -2.984086378     -0.359817455
v      39.47753716          -3.0116                0
v      39.47753716     -2.984086378      0.359817455
v      39.47753716     -2.903945414     0.7049850496
v      39.47753716     -2.774776962      1.032331335
v      39.47753716     -2.600180879      1.338684864
v      39.47753716     -2.383757017      1.620874186
v      39.47753716     -2.129105233      1.875727854
v      39.47753716      -1.83982538      2.100074418
v      39.47753716     -1.519517313      2.290742432
v      39.47753716     -1.171780887      2.444560445
v      39.47753716    -0.8002159564       2.55835701
v      39.47753716    -0.4084223758      2.628960678
v      39.47753716                0           2.6532
v      39.47753716     0.4084223758      2.628960678
v      39.47753716     0.8002159564       2.55835701
v      39.47753716      1.171780887      2.444560445
v      39.47753716      1.519517313      2.290742432
v      39.47753716       1.83982538      2.100074418
v      39.47753716      2.129105233      1.875727854
v      39.47753716      2.383757017      1.620874186
v      39.47753716      2.600180879      1.338684864
v      39.47753716      2.774776962      1.032331335
v      39.47753716      2.903945414     0.7049850496
v      39.47753716      2.984086378      0.359817455
v      45.13399635           2.8008                0
v      45.13399635      2.775212222    -0.3446826638
v      45.13399635      2.700680806    -0.6753316758
v      45.13399635      2.580553631    -0.9889089861
v      45.13399635      2.418178578     -1.282376545
v      45.13399635      2.216903524     -1.552696303
v      45.13399635       1.98007635      -1.79683021
v      45.13399635      1.711044934     -2.011740216
v      45.13399635      1.413157156     -2.194388273
v      45.13399635      1.089760894     -2.341736329
v      45.13399635      0.744204028     -2.450746335
v      45.13399635     0.3798344369     -2.518380242
v      45.13399635                0          -2.5416
v      45.13399635    -0.3798344369     -2.518380242
v      45.13399635     -0.744204028     -2.450746335
v      45.13399635     -1.089760894     -2.341736329
v      45.13399635     -1.413157156     -2.194388273
v      45.13399635     -1.711044934     -2.011740216
v      45.13399635      -1.98007635      -1.79683021
v      45.13399635     -2.216903524     -1.552696303
v      45.13399635     -2.418178578     -1.282376545
v      45.13399635     -2.580553631    -0.9889089861
v      45.13399635     -2.700680806    -0.6753316758
v      45.13399635     -2.775212222    -0.3446826638
v      45.13399635          -2.8008                0
v      45.13399635     -2.775212222     0.3446826638
v      45.13399635     -2.700680806     0.6753316758
v      45.13399635     -2.580553631     0.9889089861
v      45.13399635     -2.418178578      1.282376545
v      45.13399635     -2.216903524      1.552696303
v      45.13399635      -1.98007635       1.79683021
v      45.13399635     -1.711044934      2.011740216
v      45.13399635     -1.413157156      2.194388273
v      45.13399635     -1.089760894      2.341736329
v      45.13399635     -0.744204028      2.450746335
v      45.13399635    -0.3798344369      2.518380242
v      45.13399635                0           2.5416
v      45.13399635     0.3798344369      2.518380242
v      45.13399635      0.744204028      2.450746335
v      45.13399635      1.089760894      2.341736329
v      45.13399635      1.413157156      2.194388273
v      45.13399635      1.711044934      2.011740216
v      45.13399635       1.98007635       1.79683021
v      45.13399635      2.216903524      1.552696303
v      45.13399635      2.418178578      1.282376545
v      45.13399635      2.580553631     0.9889089861
v      45.13399635      2.700680806     0.6753316758
v      45.13399635      2.775212222     0.3446826638
v      50.57418696           2.5492                0
v      50.57418696      2.525910809    -0.3266185582
v      50.57418696      2.458074661    -0.6399389392
v      50.57418696      2.348738688    -0.9370823112
v      50.57418696      2.200950025     -1.215169842
v      50.57418696      2.017755807     -1.471322701
v      50.57418696      1.802203168     -1.702662054
v      50.57418696      1.557339241     -1.906309072
v      50.57418696      1.286211162     -2.079384921
v      50.57418696     0.9918660636      -2.21901077
v      50.57418696     0.6773510812     -2.322307788
v      50.57418696     0.3457133486     -2.386397142
v      50.57418696                0          -2.4084
v      50.57418696    -0.3457133486     -2.386397142
v      50.57418696    -0.6773510812     -2.322307788
v      50.57418696    -0.9918660636      -2.21901077
v      50.57418696     -1.286211162     -2.079384921
v      50.57418696     -1.557339241     -1.906309072
v      50.57418696     -1.802203168     -1.702662054
v      50.57418696     -2.017755807     -1.471322701
v      50.57418696     -2.200950025     -1.215169842
v      50.57418696     -2.348738688    -0.9370823112
v      50.57418696     -2.458074661    -0.6399389392
v      50.57418696     -2.525910809    -0.3266185582
v      50.57418696          -2.5492                0
v      50.57418696     -2.525910809     0.3266185582
v      50.57418696     -2.458074661     0.6399389392
v      50.57418696     -2.348738688     0.9370823112
v      50.57418696     -2.200950025      1.215169842
v      50.57418696     -2.017755807      1.471322701
v      50.57418696     -1.802203168      1.702662054
v      50.57418696     -1.557339241      1.906309072
v      50.57418696     -1.286211162      2.079384921
v      50.57418696    -0.9918660636       2.21901077
v      50.57418696    -0.6773510812      2.322307788
v      50.57418696    -0.3457133486      2.386397142
v      50.57418696                0           2.4084
v      50.57418696     0.3457133486      2.386397142
v      50.57418696     0.6773510812      2.322307788
v      50.57418696     0.9918660636       2.21901077
v      50.57418696      1.286211162      2.079384921
v      50.57418696      1.557339241      1.906309072
v      50.57418696      1.802203168      1.702662054
v      50.57418696      2.017755807      1.471322701
v      50.57418696      2.200950025      1.215169842
v      50.57418696      2.348738688     0.9370823112
v      50.57418696      2.458074661     0.6399389392
v      50.57418696      2.525910809     0.3266185582
v      55.15291838           2.3384                0
v      55.15291838      2.317036653     -0.311483767
v      55.15291838      2.254810053    -0.6102855654
v      55.15291838      2.154515357    -0.8936599619
v      55.15291838      2.018947724     -1.158861524
v      55.15291838      1.850902314     -1.403144818
v      55.15291838      1.653174285     -1.623764411
v      55.15291838      1.428558795      -1.81797487
v      55.15291838      1.179851004     -1.983030762
v      55.15291838     0.9098460706     -2.116186654
v      55.15291838     0.6213391528     -2.214697113
v      55.15291838     0.3171254096     -2.275816706
v      55.15291838                0          -2.2968
v      55.15291838    -0.3171254096     -2.275816706
v      55.15291838    -0.6213391528     -2.214697113
v      55.15291838    -0.9098460706     -2.116186654
v      55.15291838     -1.179851004     -1.983030762
v      55.15291838     -1.428558795      -1.81797487
v      55.15291838     -1.653174285     -1.623764411
v      55.15291838     -1.850902314     -1.403144818
v      55.15291838     -2.018947724     -1.158861524
v      55.15291838     -2.154515357    -0.8936599619
v      55.15291838     -2.254810053    -0.6102855654
v      55.15291838     -2.317036653     -0.311483767
v      55.15291838          -2.3384                0
v      55.15291838     -2.317036653      0.311483767
v      55.15291838     -2.254810053     0.6102855654
v      55.15291838     -2.154515357     0.8936599619
v      55.15291838     -2.018947724      1.158861524
v      55.15291838     -1.850902314      1.403144818
v      55.15291838     -1.653174285      1.623764411
v      55.15291838     -1.428558795       1.81797487
v      55.15291838     -1.179851004      1.983030762
v      55.15291838    -0.9098460706      2.116186654
v      55.15291838    -0.6213391528      2.214697113
v      55.15291838    -0.3171254096      2.275816706
v      55.15291838                0           2.2968
v      55.15291838     0.3171254096      2.275816706
v      55.15291838     0.6213391528      2.214697113
v      55.15291838     0.9098460706      2.116186654
v      55.15291838      1.179851004      1.983030762
v      55.15291838      1.428558795       1.81797487
v      55.15291838      1.653174285      1.623764411
v      55.15291838      1.850902314      1.403144818
v      55.15291838      2.018947724      1.158861524
v      55.15291838      2.154515357     0.8936599619
v      55.15291838      2.254810053     0.6102855654
v      55.15291838      2.317036653      0.311483767
v           58.225             2.25                0
v           58.225      2.229444265    -0.3051369191
v           58.225      2.169570056    -0.5978502796
v           58.225      2.073066863    -0.8754505897
v           58.225      1.942624179     -1.135248358
v           58.225      1.780931495     -1.374554092
v           58.225      1.590678302     -1.590678302
v           58.225      1.374554092     -1.780931495
v           58.225      1.135248358     -1.942624179
v           58.225     0.8754505897     -2.073066863
v           58.225     0.5978502796     -2.169570056
v           58.225     0.3051369191     -2.229444265
v           58.225                0            -2.25
v           58.225    -0.3051369191     -2.229444265
v           58.225    -0.5978502796     -2.169570056
v           58.225    -0.8754505897     -2.073066863
v           58.225     -1.135248358     -1.942624179
v           58.225     -1.374554092     -1.780931495
v           58.225     -1.590678302     -1.590678302
v           58.225     -1.780931495     -1.374554092
v           58.225     -1.942624179     -1.135248358
v           58.225     -2.073066863    -0.8754505897
v           58.225     -2.169570056    -0.5978502796
v           58.225     -2.229444265    -0.3051369191
v           58.225            -2.25                0
v           58.225     -2.229444265     0.3051369191
v           58.225     -2.169570056     0.5978502796
v           58.225     -2.073066863     0.8754505897
v           58.225     -1.942624179      1.135248358
v           58.225     -1.780931495      1.374554092
v           58.225     -1.590678302      1.590678302
v           58.225     -1.374554092      1.780931495
v           58.225     -1.135248358      1.942624179
v           58.225    -0.8754505897      2.073066863
v           58.225    -0.5978502796      2.169570056
v           58.225    -0.3051369191      2.229444265
v           58.225                0             2.25
v           58.225     0.3051369191      2.229444265
v           58.225     0.5978502796      2.169570056
v           58.225     0.8754505897      2.073066863
v           58.225      1.135248358      1.942624179
v           58.225      1.374554092      1.780931495
v           58.225      1.590678302      1.590678302
v           58.225      1.780931495      1.374554092
v           58.225      1.942624179      1.135248358
v           58.225      2.073066863     0.8754505897
v           58.225      2.169570056     0.5978502796
v           58.225      2.229444265     0.3051369191
v      60.46145935      2.194504286                0
v      60.46145935      2.174278578    -0.2956640647
v      60.46145935      2.115414582    -0.5798867175
v      60.46145935      2.020631983    -0.8499482707
v      60.46145935      1.892650471     -1.103129037
v      60.46145935      1.734189732     -1.336709327
v      60.46145935      1.547969455     -1.547969455
v      60.46145935      1.336709327     -1.734189732
v      60.46145935      1.103129037     -1.892650471
v      60.46145935     0.8499482707     -2.020631983
v      60.46145935     0.5798867175     -2.115414582
v      60.46145935     0.2956640647     -2.174278578
v      60.46145935 -3.552713679e-17     -2.194504286
v      60.46145935    -0.2956640647     -2.174278578
v      60.46145935    -0.5798867175     -2.115414582
v      60.46145935    -0.8499482707     -2.020631983
v      60.46145935     -1.103129037     -1.892650471
v      60.46145935     -1.336709327     -1.734189732
v      60.46145935     -1.547969455     -1.547969455
v      60.46145935     -1.734189732     -1.336709327
v      60.46145935     -1.892650471     -1.103129037
v      60.46145935     -2.020631983    -0.8499482707
v      60.46145935     -2.115414582    -0.5798867175
v      60.46145935     -2.174278578    -0.2956640647
v      60.46145935     -2.194504286  -2.97913017e-17
v      60.46145935     -2.174278578     0.2956640647
v      60.46145935     -2.115414582     0.5798867175
v      60.46145935     -2.020631983     0.8499482707
v      60.46145935     -1.892650471      1.103129037
v      60.46145935     -1.734189732      1.336709327
v      60.46145935     -1.547969455      1.547969455
v      60.46145935     -1.336709327      1.734189732
v      60.46145935     -1.103129037      1.892650471
v      60.46145935    -0.8499482707      2.020631983
v      60.46145935    -0.5798867175      2.115414582
v      60.46145935    -0.2956640647      2.174278578
v      60.46145935 -4.518028478e-17      2.194504286
v      60.46145935     0.2956640647      2.174278578
v      60.46145935     0.5798867175      2.115414582
v      60.46145935     0.8499482707      2.020631983
v      60.46145935      1.103129037      1.892650471
v      60.46145935      1.336709327      1.734189732
v      60.46145935      1.547969455      1.547969455
v      60.46145935      1.734189732      1.336709327
v      60.46145935      1.892650471      1.103129037
v      60.46145935      2.020631983     0.8499482707
v      60.46145935      2.115414582     0.5798867175
v      60.46145935      2.174278578     0.2956640647
v      62.82094623      1.993512857                0
v      62.82094623      1.974769434    -0.2645128791
v      62.82094623      1.920320831    -0.5200455823
v      62.82094623      1.832839548    -0.7639256093
v      62.82094623      1.714998087    -0.9934804596
v      62.82094623      1.569468947     -1.206037633
v      62.82094623      1.398924629     -1.398924629
v      62.82094623      1.206037633     -1.569468947
v      62.82094623     0.9934804596     -1.714998087
v      62.82094623     0.7639256093     -1.832839548
v      62.82094623     0.5200455823     -1.920320831
v      62.82094623     0.2645128791     -1.974769434
v      62.82094623 -1.065814104e-16     -1.993512857
v      62.82094623    -0.2645128791     -1.974769434
v      62.82094623    -0.5200455823     -1.920320831
v      62.82094623    -0.7639256093     -1.832839548
v      62.82094623    -0.9934804596     -1.714998087
v      62.82094623     -1.206037633     -1.569468947
v      62.82094623     -1.398924629     -1.398924629
v      62.82094623     -1.569468947     -1.206037633
v      62.82094623     -1.714998087    -0.9934804596
v      62.82094623     -1.832839548    -0.7639256093
v      62.82094623     -1.920320831    -0.5200455823
v      62.82094623     -1.974769434    -0.2645128791
v      62.82094623     -1.993512857 -8.937390509e-17
v      62.82094623     -1.974769434     0.2645128791
v      62.82094623     -1.920320831     0.5200455823
v      62.82094623     -1.832839548     0.7639256093
v      62.82094623     -1.714998087     0.9934804596
v      62.82094623     -1.569468947      1.206037633
v      62.82094623     -1.398924629      1.398924629
v      62.82094623     -1.206037633      1.569468947
v      62.82094623    -0.9934804596      1.714998087
v      62.82094623    -0.7639256093      1.832839548
v      62.82094623    -0.5200455823      1.920320831
v      62.82094623    -0.2645128791      1.974769434
v      62.82094623 -1.355408543e-16      1.993512857
v      62.82094623     0.2645128791      1.974769434
v      62.82094623     0.5200455823      1.920320831
v      62.82094623     0.7639256093      1.832839548
v      62.82094623     0.9934804596      1.714998087
v      62.82094623      1.206037633      1.569468947
v      62.82094623      1.398924629      1.398924629
v      62.82094623      1.569468947      1.206037633
v      62.82094623      1.714998087     0.9934804596
v      62.82094623      1.832839548     0.7639256093
v      62.82094623      1.920320831     0.5200455823
v      62.82094623      1.974769434     0.2645128791
v      65.08970344      1.595269285                0
v      65.08970344      1.579898706    -0.2075844288
v      65.08970344      1.535347811    -0.4094012001
v      65.08970344      1.463957867    -0.6031090483
v      65.08970344      1.368070139    -0.7863667076
v      65.08970344      1.250025894    -0.9568329121
v      65.08970344      1.112166396     -1.112166396
v      65.08970344     0.9568329121     -1.250025894
v      65.08970344     0.7863667076     -1.368070139
v      65.08970344     0.6031090483     -1.463957867
v      65.08970344     0.4094012001     -1.535347811
v      65.08970344     0.2075844288     -1.579898706
v      65.08970344 -1.598721155e-16     -1.595269285
v      65.08970344    -0.2075844288     -1.579898706
v      65.08970344    -0.4094012001     -1.535347811
v      65.08970344    -0.6031090483     -1.463957867
v      65.08970344    -0.7863667076     -1.368070139
v      65.08970344    -0.9568329121     -1.250025894
v      65.08970344     -1.112166396     -1.112166396
v      65.08970344     -1.250025894    -0.9568329121
v      65.08970344     -1.368070139    -0.7863667076
v      65.08970344     -1.463957867    -0.6031090483
v      65.08970344     -1.535347811    -0.4094012001
v      65.08970344     -1.579898706    -0.2075844288
v      65.08970344     -1.595269285 -1.340608576e-16
v      65.08970344     -1.579898706     0.2075844288
v      65.08970344     -1.535347811     0.4094012001
v      65.08970344     -1.463957867     0.6031090483
v      65.08970344     -1.368070139     0.7863667076
v      65.08970344     -1.250025894     0.9568329121
v      65.08970344     -1.112166396      1.112166396
v      65.08970344    -0.9568329121      1.250025894
v      65.08970344    -0.7863667076      1.368070139
v      65.08970344    -0.6031090483      1.463957867
v      65.08970344    -0.4094012001      1.535347811
v      65.08970344    -0.2075844288      1.579898706
v      65.08970344 -2.033112815e-16      1.595269285
v      65.08970344     0.2075844288      1.579898706
v      65.08970344     0.4094012001      1.535347811
v      65.08970344     0.6031090483      1.463957867
v      65.08970344     0.7863667076      1.368070139
v      65.08970344     0.9568329121      1.250025894
v      65.08970344      1.112166396      1.112166396
v      65.08970344      1.250025894     0.9568329121
v      65.08970344      1.368070139     0.7863667076
v      65.08970344      1.463957867     0.6031090483
v      65.08970344      1.535347811     0.4094012001
v      65.08970344      1.579898706     0.2075844288
v      67.05397377     0.9480171427                0
v      67.05397377     0.9386482699    -0.1207797802
v      67.05397377     0.9115545316    -0.2390278973
v      67.05397377     0.8682552482    -0.3532250309
v      67.05397377     0.8102697398    -0.4618518609
v      67.05397377     0.7391173267     -0.563389067
v      67.05397377      0.656317329     -0.656317329
v      67.05397377      0.563389067    -0.7391173267
v      67.05397377     0.4618518609    -0.8102697398
v      67.05397377     0.3532250309    -0.8682552482
v      67.05397377     0.2390278973    -0.9115545316
v      67.05397377     0.1207797802    -0.9386482699
v      67.05397377 -1.421085472e-16    -0.9480171427
v      67.05397377    -0.1207797802    -0.9386482699
v      67.05397377    -0.2390278973    -0.9115545316
v      67.05397377    -0.3532250309    -0.8682552482
v      67.05397377    -0.4618518609    -0.8102697398
v      67.05397377     -0.563389067    -0.7391173267
v      67.05397377     -0.656317329     -0.656317329
v      67.05397377    -0.7391173267     -0.563389067
v      67.05397377    -0.8102697398    -0.4618518609
v      67.05397377    -0.8682552482    -0.3532250309
v      67.05397377    -0.9115545316    -0.2390278973
v      67.05397377    -0.9386482699    -0.1207797802
v      67.05397377    -0.9480171427 -1.191652068e-16
v      67.05397377    -0.9386482699     0.1207797802
v      67.05397377    -0.9115545316     0.2390278973
v      67.05397377    -0.8682552482     0.3532250309
v      67.05397377    -0.8102697398     0.4618518609
v      67.05397377    -0.7391173267      0.563389067
v      67.05397377     -0.656317329      0.656317329
v      67.05397377     -0.563389067     0.7391173267
v      67.05397377    -0.4618518609     0.8102697398
v      67.05397377    -0.3532250309     0.8682552482
v      67.05397377    -0.2390278973     0.9115545316
v      67.05397377    -0.1207797802     0.9386482699
v      67.05397377 -1.807211391e-16     0.9480171427
v      67.05397377     0.1207797802     0.9386482699
v      67.05397377     0.2390278973     0.9115545316
v      67.05397377     0.3532250309     0.8682552482
v      67.05397377     0.4618518609     0.8102697398
v      67.05397377      0.563389067     0.7391173267
v      67.05397377      0.656317329      0.656317329
v      67.05397377     0.7391173267      0.563389067
v      67.05397377     0.8102697398     0.4618518609
v      67.05397377     0.8682552482     0.3532250309
v      67.05397377     0.9115545316     0.2390278973
v      67.05397377     0.9386482699     0.1207797802
v             68.5                0                0
v      7.657438195     0.3955781953             2.15
v      7.657438195     0.3627573854      2.001226057
v              7.2 -4.163336342e-17             2.15
v      7.657438195     0.2750911861      1.874908814
v      7.657438195     0.1487739425      1.787242615
v      7.657438195 -3.552713679e-17      1.754421805
v      7.657438195    -0.1487739425      1.787242615
v      7.657438195    -0.2750911861      1.874908814
v      7.657438195    -0.3627573854      2.001226057
v      7.657438195    -0.3955781953             2.15
v      7.657438195    -0.3627573854      2.298773943
v      7.657438195    -0.2750911861      2.425091186
v      7.657438195    -0.1487739425      2.512757385
v      7.657438195  -4.26817327e-17      2.545578195
v      7.657438195     0.1487739425      2.512757385
v      7.657438195     0.2750911861      2.425091186
v      7.657438195     0.3627573854      2.298773943
v       8.25589297     0.8084529697             2.15
v       8.25589297     0.7429507286      1.841223617
v       8.25589297     0.5664092459      1.583590754
v       8.25589297     0.3087763827      1.407049271
v       8.25589297 -3.996802889e-17       1.34154703
v       8.25589297    -0.3087763827      1.407049271
v       8.25589297    -0.5664092459      1.583590754
v       8.25589297    -0.7429507286      1.841223617
v       8.25589297    -0.8084529697             2.15
v       8.25589297    -0.7429507286      2.458776383
v       8.25589297    -0.5664092459      2.716409246
v       8.25589297    -0.3087763827      2.892950729
v       8.25589297 -4.801694928e-17       2.95845297
v       8.25589297     0.3087763827      2.892950729
v       8.25589297     0.5664092459      2.716409246
v       8.25589297     0.7429507286      2.458776383
v      8.934928646      1.178188646             2.15
v      8.934928646      1.084254175      1.695435511
v      8.934928646     0.8295143347      1.320485665
v      8.934928646     0.4545644889      1.065745825
v      8.934928646 -2.664535259e-17     0.9718113535
v      8.934928646    -0.4545644889      1.065745825
v      8.934928646    -0.8295143347      1.320485665
v      8.934928646     -1.084254175      1.695435511
v      8.934928646     -1.178188646             2.15
v      8.934928646     -1.084254175      2.604564489
v      8.934928646    -0.8295143347      2.979514335
v      8.934928646    -0.4545644889      3.234254175
v      8.934928646 -3.201129952e-17      3.328188646
v      8.934928646     0.4545644889      3.234254175
v      8.934928646     0.8295143347      2.979514335
v      8.934928646      1.084254175      2.604564489
v      9.634109549      1.444349549             2.15
v      9.634109549      1.330341869      1.589304571
v      9.634109549      1.019966607      1.130033393
v      9.634109549     0.5606954292     0.8196581308
v      9.634109549 -8.881784197e-18     0.7056504512
v      9.634109549    -0.5606954292     0.8196581308
v      9.634109549     -1.019966607      1.130033393
v      9.634109549     -1.330341869      1.589304571
v      9.634109549     -1.444349549             2.15
v      9.634109549     -1.330341869      2.710695429
v      9.634109549     -1.019966607      3.169966607
v      9.634109549    -0.5606954292      3.480341869
v      9.634109549 -1.067043317e-17      3.594349549
v      9.634109549     0.5606954292      3.480341869
v      9.634109549      1.019966607      3.169966607
v      9.634109549      1.330341869      2.710695429
v           10.293           1.5465             2.15
v           10.293      1.424887957      1.548273628
v           10.293       1.09332622       1.05667378
v           10.293      0.601726372     0.7251120427
v           10.293                0           0.6035
v           10.293     -0.601726372     0.7251120427
v           10.293      -1.09332622       1.05667378
v           10.293     -1.424887957      1.548273628
v           10.293          -1.5465             2.15
v           10.293     -1.424887957      2.751726372
v           10.293      -1.09332622       3.24332622
v           10.293     -0.601726372      3.574887957
v           10.293                0           3.6965
v           10.293      0.601726372      3.574887957
v           10.293       1.09332622       3.24332622
v           10.293      1.424887957      2.751726372
v          10.9116           1.5465             2.15
v          10.9116      1.424887957      1.548273628
v          10.9116       1.09332622       1.05667378
v          10.9116      0.601726372     0.7251120427
v          10.9116                0           0.6035
v          10.9116     -0.601726372     0.7251120427
v          10.9116      -1.09332622       1.05667378
v          10.9116     -1.424887957      1.548273628
v          10.9116          -1.5465             2.15
v          10.9116     -1.424887957      2.751726372
v          10.9116      -1.09332622       3.24332622
v          10.9116     -0.601726372      3.574887957
v          10.9116                0           3.6965
v          10.9116      0.601726372      3.574887957
v          10.9116       1.09332622       3.24332622
v          10.9116      1.424887957      2.751726372
v          11.5302           1.5465             2.15
v          11.5302      1.424887957      1.548273628
v          11.5302       1.09332622       1.05667378
v          11.5302      0.601726372     0.7251120427
v          11.5302                0           0.6035
v          11.5302     -0.601726372     0.7251120427
v          11.5302      -1.09332622       1.05667378
v          11.5302     -1.424887957      1.548273628
v          11.5302          -1.5465             2.15
v          11.5302     -1.424887957      2.751726372
v          11.5302      -1.09332622       3.24332622
v          11.5302     -0.601726372      3.574887957
v          11.5302                0           3.6965
v          11.5302      0.601726372      3.574887957
v          11.5302       1.09332622       3.24332622
v          11.5302      1.424887957      2.751726372
v          12.1488           1.5465             2.15
v          12.1488      1.424887957      1.548273628
v          12.1488       1.09332622       1.05667378
v          12.1488      0.601726372     0.7251120427
v          12.1488                0           0.6035
v          12.1488     -0.601726372     0.7251120427
v          12.1488      -1.09332622       1.05667378
v          12.1488     -1.424887957      1.548273628
v          12.1488          -1.5465             2.15
v          12.1488     -1.424887957      2.751726372
v          12.1488      -1.09332622       3.24332622
v          12.1488     -0.601726372      3.574887957
v          12.1488                0           3.6965
v          12.1488      0.601726372      3.574887957
v          12.1488       1.09332622       3.24332622
v          12.1488      1.424887957      2.751726372
v          12.7674           1.5465             2.15
v          12.7674      1.424887957      1.548273628
v          12.7674       1.09332622       1.05667378
v          12.7674      0.601726372     0.7251120427
v          12.7674                0           0.6035
v          12.7674     -0.601726372     0.7251120427
v          12.7674      -1.09332622       1.05667378
v          12.7674     -1.424887957      1.548273628
v          12.7674          -1.5465             2.15
v          12.7674     -1.424887957      2.751726372
v          12.7674      -1.09332622       3.24332622
v          12.7674     -0.601726372      3.574887957
v          12.7674                0           3.6965
v          12.7674      0.601726372      3.574887957
v          12.7674       1.09332622       3.24332622
v          12.7674      1.424887957      2.751726372
v           13.386           1.5465             2.15
v           13.386      1.424887957      1.548273628
v           13.386       1.09332622       1.05667378
v           13.386      0.601726372     0.7251120427
v           13.386                0           0.6035
v           13.386     -0.601726372     0.7251120427
v           13.386      -1.09332622       1.05667378
v           13.386     -1.424887957      1.548273628
v           13.386          -1.5465             2.15
v           13.386     -1.424887957      2.751726372
v           13.386      -1.09332622       3.24332622
v           13.386     -0.601726372      3.574887957
v           13.386                0           3.6965
v           13.386      0.601726372      3.574887957
v           13.386       1.09332622       3.24332622
v           13.386      1.424887957      2.751726372
v          14.0046           1.5465             2.15
v          14.0046      1.424887957      1.548273628
v          14.0046       1.09332622       1.05667378
v          14.0046      0.601726372     0.7251120427
v          14.0046                0           0.6035
v          14.0046     -0.601726372     0.7251120427
v          14.0046      -1.09332622       1.05667378
v          14.0046     -1.424887957      1.548273628
v          14.0046          -1.5465             2.15
v          14.0046     -1.424887957      2.751726372
v          14.0046      -1.09332622       3.24332622
v          14.0046     -0.601726372      3.574887957
v          14.0046                0           3.6965
v          14.0046      0.601726372      3.574887957
v          14.0046       1.09332622       3.24332622
v          14.0046      1.424887957      2.751726372
v          14.6232           1.5465             2.15
v          14.6232      1.424887957      1.548273628
v          14.6232       1.09332622       1.05667378
v          14.6232      0.601726372     0.7251120427
v          14.6232                0           0.6035
v          14.6232     -0.601726372     0.7251120427
v          14.6232      -1.09332622       1.05667378
v          14.6232     -1.424887957      1.548273628
v          14.6232          -1.5465             2.15
v          14.6232     -1.424887957      2.751726372
v          14.6232      -1.09332622       3.24332622
v          14.6232     -0.601726372      3.574887957
v          14.6232                0           3.6965
v          14.6232      0.601726372      3.574887957
v          14.6232       1.09332622       3.24332622
v          14.6232      1.424887957      2.751726372
v          15.2418           1.5465             2.15
v          15.2418      1.424887957      1.548273628
v          15.2418       1.09332622       1.05667378
v          15.2418      0.601726372     0.7251120427
v          15.2418                0           0.6035
v          15.2418     -0.601726372     0.7251120427
v          15.2418      -1.09332622       1.05667378
v          15.2418     -1.424887957      1.548273628
v          15.2418          -1.5465             2.15
v          15.2418     -1.424887957      2.751726372
v          15.2418      -1.09332622       3.24332622
v          15.2418     -0.601726372      3.574887957
v          15.2418                0           3.6965
v          15.2418      0.601726372      3.574887957
v          15.2418       1.09332622       3.24332622
v          15.2418      1.424887957      2.751726372
v          15.8604           1.5465             2.15
v          15.8604      1.424887957      1.548273628
v          15.8604       1.09332622       1.05667378
v          15.8604      0.601726372     0.7251120427
v          15.8604                0           0.6035
v          15.8604     -0.601726372     0.7251120427
v          15.8604      -1.09332622       1.05667378
v          15.8604     -1.424887957      1.548273628
v          15.8604          -1.5465             2.15
v          15.8604     -1.424887957      2.751726372
v          15.8604      -1.09332622       3.24332622
v          15.8604     -0.601726372      3.574887957
v          15.8604                0           3.6965
v          15.8604      0.601726372      3.574887957
v          15.8604       1.09332622       3.24332622
v          15.8604      1.424887957      2.751726372
v           16.479           1.5465             2.15
v           16.479      1.424887957      1.548273628
v           16.479       1.09332622       1.05667378
v           16.479      0.601726372     0.7251120427
v           16.479                0           0.6035
v           16.479     -0.601726372     0.7251120427
v           16.479      -1.09332622       1.05667378
v           16.479     -1.424887957      1.548273628
v           16.479          -1.5465             2.15
v           16.479     -1.424887957      2.751726372
v           16.479      -1.09332622       3.24332622
v           16.479     -0.601726372      3.574887957
v           16.479                0           3.6965
v           16.479      0.601726372      3.574887957
v           16.479       1.09332622       3.24332622
v           16.479      1.424887957      2.751726372
v      17.13789045      1.444349549             2.15
v      17.13789045      1.330341869      1.589304571
v      17.13789045      1.019966607      1.130033393
v      17.13789045     0.5606954292     0.8196581308
v      17.13789045 -8.881784197e-18     0.7056504512
v      17.13789045    -0.5606954292     0.8196581308
v      17.13789045     -1.019966607      1.130033393
v      17.13789045     -1.330341869      1.589304571
v      17.13789045     -1.444349549             2.15
v      17.13789045     -1.330341869      2.710695429
v      17.13789045     -1.019966607      3.169966607
v      17.13789045    -0.5606954292      3.480341869
v      17.13789045 -1.067043317e-17      3.594349549
v      17.13789045     0.5606954292      3.480341869
v      17.13789045      1.019966607      3.169966607
v      17.13789045      1.330341869      2.710695429
v      17.83707135      1.178188646             2.15
v      17.83707135      1.084254175      1.695435511
v      17.83707135     0.8295143347      1.320485665
v      17.83707135     0.4545644889      1.065745825
v      17.83707135 -2.664535259e-17     0.9718113535
v      17.83707135    -0.4545644889      1.065745825
v      17.83707135    -0.8295143347      1.320485665
v      17.83707135     -1.084254175      1.695435511
v      17.83707135     -1.178188646             2.15
v      17.83707135     -1.084254175      2.604564489
v      17.83707135    -0.8295143347      2.979514335
v      17.83707135    -0.4545644889      3.234254175
v      17.83707135 -3.201129952e-17      3.328188646
v      17.83707135     0.4545644889      3.234254175
v      17.83707135     0.8295143347      2.979514335
v      17.83707135      1.084254175      2.604564489
v      18.51610703     0.8084529697             2.15
v      18.51610703     0.7429507286      1.841223617
v      18.51610703     0.5664092459      1.583590754
v      18.51610703     0.3087763827      1.407049271
v      18.51610703 -3.996802889e-17       1.34154703
v      18.51610703    -0.3087763827      1.407049271
v      18.51610703    -0.5664092459      1.583590754
v      18.51610703    -0.7429507286      1.841223617
v      18.51610703    -0.8084529697             2.15
v      18.51610703    -0.7429507286      2.458776383
v      18.51610703    -0.5664092459      2.716409246
v      18.51610703    -0.3087763827      2.892950729
v      18.51610703 -4.801694928e-17       2.95845297
v      18.51610703     0.3087763827      2.892950729
v      18.51610703     0.5664092459      2.716409246
v      18.51610703     0.7429507286      2.458776383
v       19.1145618     0.3955781953             2.15
v       19.1145618     0.3627573854      2.001226057
v       19.1145618     0.2750911861      1.874908814
v       19.1145618     0.1487739425      1.787242615
v       19.1145618 -3.552713679e-17      1.754421805
v       19.1145618    -0.1487739425      1.787242615
v       19.1145618    -0.2750911861      1.874908814
v       19.1145618    -0.3627573854      2.001226057
v       19.1145618    -0.3955781953             2.15
v       19.1145618    -0.3627573854      2.298773943
v       19.1145618    -0.2750911861      2.425091186
v       19.1145618    -0.1487739425      2.512757385
v       19.1145618  -4.26817327e-17      2.545578195
v       19.1145618     0.1487739425      2.512757385
v       19.1145618     0.2750911861      2.425091186
v       19.1145618     0.3627573854      2.298773943
v           19.572                0             2.15
v       20.0574382     0.3955781953             2.15
v       20.0574382     0.3627573854      2.001226057
v             19.6 -4.163336342e-17             2.15
v       20.0574382     0.2750911861      1.874908814
v       20.0574382     0.1487739425      1.787242615
v       20.0574382 -3.552713679e-17      1.754421805
v       20.0574382    -0.1487739425      1.787242615
v       20.0574382    -0.2750911861      1.874908814
v       20.0574382    -0.3627573854      2.001226057
v       20.0574382    -0.3955781953             2.15
v       20.0574382    -0.3627573854      2.298773943
v       20.0574382    -0.2750911861      2.425091186
v       20.0574382    -0.1487739425      2.512757385
v       20.0574382  -4.26817327e-17      2.545578195
v       20.0574382     0.1487739425      2.512757385
v       20.0574382     0.2750911861      2.425091186
v       20.0574382     0.3627573854      2.298773943
v      20.65589297     0.8084529697             2.15
v      20.65589297     0.7429507286      1.841223617
v      20.65589297     0.5664092459      1.583590754
v      20.65589297     0.3087763827      1.407049271
v      20.65589297 -3.996802889e-17       1.34154703
v      20.65589297    -0.3087763827      1.407049271
v      20.65589297    -0.5664092459      1.583590754
v      20.65589297    -0.7429507286      1.841223617
v      20.65589297    -0.8084529697             2.15
v      20.65589297    -0.7429507286      2.458776383
v      20.65589297    -0.5664092459      2.716409246
v      20.65589297    -0.3087763827      2.892950729
v      20.65589297 -4.801694928e-17       2.95845297
v      20.65589297     0.3087763827      2.892950729
v      20.65589297     0.5664092459      2.716409246
v      20.65589297     0.7429507286      2.458776383
v      21.33492865      1.178188646             2.15
v      21.33492865      1.084254175      1.695435511
v      21.33492865     0.8295143347      1.320485665
v      21.33492865     0.4545644889      1.065745825
v      21.33492865 -2.664535259e-17     0.9718113535
v      21.33492865    -0.4545644889      1.065745825
v      21.33492865    -0.8295143347      1.320485665
v      21.33492865     -1.084254175      1.695435511
v      21.33492865     -1.178188646             2.15
v      21.33492865     -1.084254175      2.604564489
v      21.33492865    -0.8295143347      2.979514335
v      21.33492865    -0.4545644889      3.234254175
v      21.33492865 -3.201129952e-17      3.328188646
v      21.33492865     0.4545644889      3.234254175
v      21.33492865     0.8295143347      2.979514335
v      21.33492865      1.084254175      2.604564489
v      22.03410955      1.444349549             2.15
v      22.03410955      1.330341869      1.589304571
v      22.03410955      1.019966607      1.130033393
v      22.03410955     0.5606954292     0.8196581308
v      22.03410955 -8.881784197e-18     0.7056504512
v      22.03410955    -0.5606954292     0.8196581308
v      22.03410955     -1.019966607      1.130033393
v      22.03410955     -1.330341869      1.589304571
v      22.03410955     -1.444349549             2.15
v      22.03410955     -1.330341869      2.710695429
v      22.03410955     -1.019966607      3.169966607
v      22.03410955    -0.5606954292      3.480341869
v      22.03410955 -1.067043317e-17      3.594349549
v      22.03410955     0.5606954292      3.480341869
v      22.03410955      1.019966607      3.169966607
v      22.03410955      1.330341869      2.710695429
v           22.693           1.5465             2.15
v           22.693      1.424887957      1.548273628
v           22.693       1.09332622       1.05667378
v           22.693      0.601726372     0.7251120427
v           22.693                0           0.6035
v           22.693     -0.601726372     0.7251120427
v           22.693      -1.09332622       1.05667378
v           22.693     -1.424887957      1.548273628
v           22.693          -1.5465             2.15
v           22.693     -1.424887957      2.751726372
v           22.693      -1.09332622       3.24332622
v           22.693     -0.601726372      3.574887957
v           22.693                0           3.6965
v           22.693      0.601726372      3.574887957
v           22.693       1.09332622       3.24332622
v           22.693      1.424887957      2.751726372
v          23.3116           1.5465             2.15
v          23.3116      1.424887957      1.548273628
v          23.3116       1.09332622       1.05667378
v          23.3116      0.601726372     0.7251120427
v          23.3116                0           0.6035
v          23.3116     -0.601726372     0.7251120427
v          23.3116      -1.09332622       1.05667378
v          23.3116     -1.424887957      1.548273628
v          23.3116          -1.5465             2.15
v          23.3116     -1.424887957      2.751726372
v          23.3116      -1.09332622       3.24332622
v          23.3116     -0.601726372      3.574887957
v          23.3116                0           3.6965
v          23.3116      0.601726372      3.574887957
v          23.3116       1.09332622       3.24332622
v          23.3116      1.424887957      2.751726372
v          23.9302           1.5465             2.15
v          23.9302      1.424887957      1.548273628
v          23.9302       1.09332622       1.05667378
v          23.9302      0.601726372     0.7251120427
v          23.9302                0           0.6035
v          23.9302     -0.601726372     0.7251120427
v          23.9302      -1.09332622       1.05667378
v          23.9302     -1.424887957      1.548273628
v          23.9302          -1.5465             2.15
v          23.9302     -1.424887957      2.751726372
v          23.9302      -1.09332622       3.24332622
v          23.9302     -0.601726372      3.574887957
v          23.9302                0           3.6965
v          23.9302      0.601726372      3.574887957
v          23.9302       1.09332622       3.24332622
v          23.9302      1.424887957      2.751726372
v          24.5488           1.5465             2.15
v          24.5488      1.424887957      1.548273628
v          24.5488       1.09332622       1.05667378
v          24.5488      0.601726372     0.7251120427
v          24.5488                0           0.6035
v          24.5488     -0.601726372     0.7251120427
v          24.5488      -1.09332622       1.05667378
v          24.5488     -1.424887957      1.548273628
v          24.5488          -1.5465             2.15
v          24.5488     -1.424887957      2.751726372
v          24.5488      -1.09332622       3.24332622
v          24.5488     -0.601726372      3.574887957
v          24.5488                0           3.6965
v          24.5488      0.601726372      3.574887957
v          24.5488       1.09332622       3.24332622
v          24.5488      1.424887957      2.751726372
v          25.1674           1.5465             2.15
v          25.1674      1.424887957      1.548273628
v          25.1674       1.09332622       1.05667378
v          25.1674      0.601726372     0.7251120427
v          25.1674                0           0.6035
v          25.1674     -0.601726372     0.7251120427
v          25.1674      -1.09332622       1.05667378
v          25.1674     -1.424887957      1.548273628
v          25.1674          -1.5465             2.15
v          25.1674     -1.424887957      2.751726372
v          25.1674      -1.09332622       3.24332622
v          25.1674     -0.601726372      3.574887957
v          25.1674                0           3.6965
v          25.1674      0.601726372      3.574887957
v          25.1674       1.09332622       3.24332622
v          25.1674      1.424887957      2.751726372
v           25.786           1.5465             2.15
v           25.786      1.424887957      1.548273628
v           25.786       1.09332622       1.05667378
v           25.786      0.601726372     0.7251120427
v           25.786                0           0.6035
v           25.786     -0.601726372     0.7251120427
v           25.786      -1.09332622       1.05667378
v           25.786     -1.424887957      1.548273628
v           25.786          -1.5465             2.15
v           25.786     -1.424887957      2.751726372
v           25.786      -1.09332622       3.24332622
v           25.786     -0.601726372      3.574887957
v           25.786                0           3.6965
v           25.786      0.601726372      3.574887957
v           25.786       1.09332622       3.24332622
v           25.786      1.424887957      2.751726372
v          26.4046           1.5465             2.15
v          26.4046      1.424887957      1.548273628
v          26.4046       1.09332622       1.05667378
v          26.4046      0.601726372     0.7251120427
v          26.4046                0           0.6035
v          26.4046     -0.601726372     0.7251120427
v          26.4046      -1.09332622       1.05667378
v          26.4046     -1.424887957      1.548273628
v          26.4046          -1.5465             2.15
v          26.4046     -1.424887957      2.751726372
v          26.4046      -1.09332622       3.24332622
v          26.4046     -0.601726372      3.574887957
v          26.4046                0           3.6965
v          26.4046      0.601726372      3.574887957
v          26.4046       1.09332622       3.24332622
v          26.4046      1.424887957      2.751726372
v          27.0232           1.5465             2.15
v          27.0232      1.424887957      1.548273628
v          27.0232       1.09332622       1.05667378
v          27.0232      0.601726372     0.7251120427
v          27.0232                0           0.6035
v          27.0232     -0.601726372     0.7251120427
v          27.0232      -1.09332622       1.05667378
v          27.0232     -1.424887957      1.548273628
v          27.0232          -1.5465             2.15
v          27.0232     -1.424887957      2.751726372
v          27.0232      -1.09332622       3.24332622
v          27.0232     -0.601726372      3.574887957
v          27.0232                0           3.6965
v          27.0232      0.601726372      3.574887957
v          27.0232       1.09332622       3.24332622
v          27.0232      1.424887957      2.751726372
v          27.6418           1.5465             2.15
v          27.6418      1.424887957      1.548273628
v          27.6418       1.09332622       1.05667378
v          27.6418      0.601726372     0.7251120427
v          27.6418                0           0.6035
v          27.6418     -0.601726372     0.7251120427
v          27.6418      -1.09332622       1.05667378
v          27.6418     -1.424887957      1.548273628
v          27.6418          -1.5465             2.15
v          27.6418     -1.424887957      2.751726372
v          27.6418      -1.09332622       3.24332622
v          27.6418     -0.601726372      3.574887957
v          27.6418                0           3.6965
v          27.6418      0.601726372      3.574887957
v          27.6418       1.09332622       3.24332622
v          27.6418      1.424887957      2.751726372
v          28.2604           1.5465             2.15
v          28.2604      1.424887957      1.548273628
v          28.2604       1.09332622       1.05667378
v          28.2604      0.601726372     0.7251120427
v          28.2604                0           0.6035
v          28.2604     -0.601726372     0.7251120427
v          28.2604      -1.09332622       1.05667378
v          28.2604     -1.424887957      1.548273628
v          28.2604          -1.5465             2.15
v          28.2604     -1.424887957      2.751726372
v          28.2604      -1.09332622       3.24332622
v          28.2604     -0.601726372      3.574887957
v          28.2604                0           3.6965
v          28.2604      0.601726372      3.574887957
v          28.2604       1.09332622       3.24332622
v          28.2604      1.424887957      2.751726372
v           28.879           1.5465             2.15
v           28.879      1.424887957      1.548273628
v           28.879       1.09332622       1.05667378
v           28.879      0.601726372     0.7251120427
v           28.879                0           0.6035
v           28.879     -0.601726372     0.7251120427
v           28.879      -1.09332622       1.05667378
v           28.879     -1.424887957      1.548273628
v           28.879          -1.5465             2.15
v           28.879     -1.424887957      2.751726372
v           28.879      -1.09332622       3.24332622
v           28.879     -0.601726372      3.574887957
v           28.879                0           3.6965
v           28.879      0.601726372      3.574887957
v           28.879       1.09332622       3.24332622
v           28.879      1.424887957      2.751726372
v      29.53789045      1.444349549             2.15
v      29.53789045      1.330341869      1.589304571
v      29.53789045      1.019966607      1.130033393
v      29.53789045     0.5606954292     0.8196581308
v      29.53789045 -8.881784197e-18     0.7056504512
v      29.53789045    -0.5606954292     0.8196581308
v      29.53789045     -1.019966607      1.130033393
v      29.53789045     -1.330341869      1.589304571
v      29.53789045     -1.444349549             2.15
v      29.53789045     -1.330341869      2.710695429
v      29.53789045     -1.019966607      3.169966607
v      29.53789045    -0.5606954292      3.480341869
v      29.53789045 -1.067043317e-17      3.594349549
v      29.53789045     0.5606954292      3.480341869
v      29.53789045      1.019966607      3.169966607
v      29.53789045      1.330341869      2.710695429
v      30.23707135      1.178188646             2.15
v      30.23707135      1.084254175      1.695435511
v      30.23707135     0.8295143347      1.320485665
v      30.23707135     0.4545644889      1.065745825
v      30.23707135 -2.664535259e-17     0.9718113535
v      30.23707135    -0.4545644889      1.065745825
v      30.23707135    -0.8295143347      1.320485665
v      30.23707135     -1.084254175      1.695435511
v      30.23707135     -1.178188646             2.15
v      30.23707135     -1.084254175      2.604564489
v      30.23707135    -0.8295143347      2.979514335
v      30.23707135    -0.4545644889      3.234254175
v      30.23707135 -3.201129952e-17      3.328188646
v      30.23707135     0.4545644889      3.234254175
v      30.23707135     0.8295143347      2.979514335
v      30.23707135      1.084254175      2.604564489
v      30.91610703     0.8084529697             2.15
v      30.91610703     0.7429507286      1.841223617
v      30.91610703     0.5664092459      1.583590754
v      30.91610703     0.3087763827      1.407049271
v      30.91610703 -3.996802889e-17       1.34154703
v      30.91610703    -0.3087763827      1.407049271
v      30.91610703    -0.5664092459      1.583590754
v      30.91610703    -0.7429507286      1.841223617
v      30.91610703    -0.8084529697             2.15
v      30.91610703    -0.7429507286      2.458776383
v      30.91610703    -0.5664092459      2.716409246
v      30.91610703    -0.3087763827      2.892950729
v      30.91610703 -4.801694928e-17       2.95845297
v      30.91610703     0.3087763827      2.892950729
v      30.91610703     0.5664092459      2.716409246
v      30.91610703     0.7429507286      2.458776383
v       31.5145618     0.3955781953             2.15
v       31.5145618     0.3627573854      2.001226057
v       31.5145618     0.2750911861      1.874908814
v       31.5145618     0.1487739425      1.787242615
v       31.5145618 -3.552713679e-17      1.754421805
v       31.5145618    -0.1487739425      1.787242615
v       31.5145618    -0.2750911861      1.874908814
v       31.5145618    -0.3627573854      2.001226057
v       31.5145618    -0.3955781953             2.15
v       31.5145618    -0.3627573854      2.298773943
v       31.5145618    -0.2750911861      2.425091186
v       31.5145618    -0.1487739425      2.512757385
v       31.5145618  -4.26817327e-17      2.545578195
v       31.5145618     0.1487739425      2.512757385
v       31.5145618     0.2750911861      2.425091186
v       31.5145618     0.3627573854      2.298773943
v           31.972                0             2.15
v       32.4574382     0.3955781953             2.15
v       32.4574382     0.3627573854      2.001226057
v               32 -4.163336342e-17             2.15
v       32.4574382     0.2750911861      1.874908814
v       32.4574382     0.1487739425      1.787242615
v       32.4574382 -3.552713679e-17      1.754421805
v       32.4574382    -0.1487739425      1.787242615
v       32.4574382    -0.2750911861      1.874908814
v       32.4574382    -0.3627573854      2.001226057
v       32.4574382    -0.3955781953             2.15
v       32.4574382    -0.3627573854      2.298773943
v       32.4574382    -0.2750911861      2.425091186
v       32.4574382    -0.1487739425      2.512757385
v       32.4574382  -4.26817327e-17      2.545578195
v       32.4574382     0.1487739425      2.512757385
v       32.4574382     0.2750911861      2.425091186
v       32.4574382     0.3627573854      2.298773943
v      33.05589297     0.8084529697             2.15
v      33.05589297     0.7429507286      1.841223617
v      33.05589297     0.5664092459      1.583590754
v      33.05589297     0.3087763827      1.407049271
v      33.05589297 -3.996802889e-17       1.34154703
v      33.05589297    -0.3087763827      1.407049271
v      33.05589297    -0.5664092459      1.583590754
v      33.05589297    -0.7429507286      1.841223617
v      33.05589297    -0.8084529697             2.15
v      33.05589297    -0.7429507286      2.458776383
v      33.05589297    -0.5664092459      2.716409246
v      33.05589297    -0.3087763827      2.892950729
v      33.05589297 -4.801694928e-17       2.95845297
v      33.05589297     0.3087763827      2.892950729
v      33.05589297     0.5664092459      2.716409246
v      33.05589297     0.7429507286      2.458776383
v      33.73492865      1.178188646             2.15
v      33.73492865      1.084254175      1.695435511
v      33.73492865     0.8295143347      1.320485665
v      33.73492865     0.4545644889      1.065745825
v      33.73492865 -2.664535259e-17     0.9718113535
v      33.73492865    -0.4545644889      1.065745825
v      33.73492865    -0.8295143347      1.320485665
v      33.73492865     -1.084254175      1.695435511
v      33.73492865     -1.178188646             2.15
v      33.73492865     -1.084254175      2.604564489
v      33.73492865    -0.8295143347      2.979514335
v      33.73492865    -0.4545644889      3.234254175
v      33.73492865 -3.201129952e-17      3.328188646
v      33.73492865     0.4545644889      3.234254175
v      33.73492865     0.8295143347      2.979514335
v      33.73492865      1.084254175      2.604564489
v      34.43410955      1.444349549             2.15
v      34.43410955      1.330341869      1.589304571
v      34.43410955      1.019966607      1.130033393
v      34.43410955     0.5606954292     0.8196581308
v      34.43410955 -8.881784197e-18     0.7056504512
v      34.43410955    -0.5606954292     0.8196581308
v      34.43410955     -1.019966607      1.130033393
v      34.43410955     -1.330341869      1.589304571
v      34.43410955     -1.444349549             2.15
v      34.43410955     -1.330341869      2.710695429
v      34.43410955     -1.019966607      3.169966607
v      34.43410955    -0.5606954292      3.480341869
v      34.43410955 -1.067043317e-17      3.594349549
v      34.43410955     0.5606954292      3.480341869
v      34.43410955      1.019966607      3.169966607
v      34.43410955      1.330341869      2.710695429
v           35.093           1.5465             2.15
v           35.093      1.424887957      1.548273628
v           35.093       1.09332622       1.05667378
v           35.093      0.601726372     0.7251120427
v           35.093                0           0.6035
v           35.093     -0.601726372     0.7251120427
v           35.093      -1.09332622       1.05667378
v           35.093     -1.424887957      1.548273628
v           35.093          -1.5465             2.15
v           35.093     -1.424887957      2.751726372
v           35.093      -1.09332622       3.24332622
v           35.093     -0.601726372      3.574887957
v           35.093                0           3.6965
v           35.093      0.601726372      3.574887957
v           35.093       1.09332622       3.24332622
v           35.093      1.424887957      2.751726372
v          35.7116           1.5465             2.15
v          35.7116      1.424887957      1.548273628
v          35.7116       1.09332622       1.05667378
v          35.7116      0.601726372     0.7251120427
v          35.7116                0           0.6035
v          35.7116     -0.601726372     0.7251120427
v          35.7116      -1.09332622       1.05667378
v          35.7116     -1.424887957      1.548273628
v          35.7116          -1.5465             2.15
v          35.7116     -1.424887957      2.751726372
v          35.7116      -1.09332622       3.24332622
v          35.7116     -0.601726372      3.574887957
v          35.7116                0           3.6965
v          35.7116      0.601726372      3.574887957
v          35.7116       1.09332622       3.24332622
v          35.7116      1.424887957      2.751726372
v          36.3302           1.5465             2.15
v          36.3302      1.424887957      1.548273628
v          36.3302       1.09332622       1.05667378
v          36.3302      0.601726372     0.7251120427
v          36.3302                0           0.6035
v          36.3302     -0.601726372     0.7251120427
v          36.3302      -1.09332622       1.05667378
v          36.3302     -1.424887957      1.548273628
v          36.3302          -1.5465             2.15
v          36.3302     -1.424887957      2.751726372
v          36.3302      -1.09332622       3.24332622
v          36.3302     -0.601726372      3.574887957
v          36.3302                0           3.6965
v          36.3302      0.601726372      3.574887957
v          36.3302       1.09332622       3.24332622
v          36.3302      1.424887957      2.751726372
v          36.9488           1.5465             2.15
v          36.9488      1.424887957      1.548273628
v          36.9488       1.09332622       1.05667378
v          36.9488      0.601726372     0.7251120427
v          36.9488                0           0.6035
v          36.9488     -0.601726372     0.7251120427
v          36.9488      -1.09332622       1.05667378
v          36.9488     -1.424887957      1.548273628
v          36.9488          -1.5465             2.15
v          36.9488     -1.424887957      2.751726372
v          36.9488      -1.09332622       3.24332622
v          36.9488     -0.601726372      3.574887957
v          36.9488                0           3.6965
v          36.9488      0.601726372      3.574887957
v          36.9488       1.09332622       3.24332622
v          36.9488      1.424887957      2.751726372
v          37.5674           1.5465             2.15
v          37.5674      1.424887957      1.548273628
v          37.5674       1.09332622       1.05667378
v          37.5674      0.601726372     0.7251120427
v          37.5674                0           0.6035
v          37.5674     -0.601726372     0.7251120427
v          37.5674      -1.09332622       1.05667378
v          37.5674     -1.424887957      1.548273628
v          37.5674          -1.5465             2.15
v          37.5674     -1.424887957      2.751726372
v          37.5674      -1.09332622       3.24332622
v          37.5674     -0.601726372      3.574887957
v          37.5674                0           3.6965
v          37.5674      0.601726372      3.574887957
v          37.5674       1.09332622       3.24332622
v          37.5674      1.424887957      2.751726372
v           38.186           1.5465             2.15
v           38.186      1.424887957      1.548273628
v           38.186       1.09332622       1.05667378
v           38.186      0.601726372     0.7251120427
v           38.186                0           0.6035
v           38.186     -0.601726372     0.7251120427
v           38.186      -1.09332622       1.05667378
v           38.186     -1.424887957      1.548273628
v           38.186          -1.5465             2.15
v           38.186     -1.424887957      2.751726372
v           38.186      -1.09332622       3.24332622
v           38.186     -0.601726372      3.574887957
v           38.186                0           3.6965
v           38.186      0.601726372      3.574887957
v           38.186       1.09332622       3.24332622
v           38.186      1.424887957      2.751726372
v          38.8046           1.5465             2.15
v          38.8046      1.424887957      1.548273628
v          38.8046       1.09332622       1.05667378
v          38.8046      0.601726372     0.7251120427
v          38.8046                0           0.6035
v          38.8046     -0.601726372     0.7251120427
v          38.8046      -1.09332622       1.05667378
v          38.8046     -1.424887957      1.548273628
v          38.8046          -1.5465             2.15
v          38.8046     -1.424887957      2.751726372
v          38.8046      -1.09332622       3.24332622
v          38.8046     -0.601726372      3.574887957
v          38.8046                0           3.6965
v          38.8046      0.601726372      3.574887957
v          38.8046       1.09332622       3.24332622
v          38.8046      1.424887957      2.751726372
v          39.4232           1.5465             2.15
v          39.4232      1.424887957      1.548273628
v          39.4232       1.09332622       1.05667378
v          39.4232      0.601726372     0.7251120427
v          39.4232                0           0.6035
v          39.4232     -0.601726372     0.7251120427
v          39.4232      -1.09332622       1.05667378
v          39.4232     -1.424887957      1.548273628
v          39.4232          -1.5465             2.15
v          39.4232     -1.424887957      2.751726372
v          39.4232      -1.09332622       3.24332622
v          39.4232     -0.601726372      3.574887957
v          39.4232                0           3.6965
v          39.4232      0.601726372      3.574887957
v          39.4232       1.09332622       3.24332622
v          39.4232      1.424887957      2.751726372
v          40.0418           1.5465             2.15
v          40.0418      1.424887957      1.548273628
v          40.0418       1.09332622       1.05667378
v          40.0418      0.601726372     0.7251120427
v          40.0418                0           0.6035
v          40.0418     -0.601726372     0.7251120427
v          40.0418      -1.09332622       1.05667378
v          40.0418     -1.424887957      1.548273628
v          40.0418          -1.5465             2.15
v          40.0418     -1.424887957      2.751726372
v          40.0418      -1.09332622       3.24332622
v          40.0418     -0.601726372      3.574887957
v          40.0418                0           3.6965
v          40.0418      0.601726372      3.574887957
v          40.0418       1.09332622       3.24332622
v          40.0418      1.424887957      2.751726372
v          40.6604           1.5465             2.15
v          40.6604      1.424887957      1.548273628
v          40.6604       1.09332622       1.05667378
v          40.6604      0.601726372     0.7251120427
v          40.6604                0           0.6035
v          40.6604     -0.601726372     0.7251120427
v          40.6604      -1.09332622       1.05667378
v          40.6604     -1.424887957      1.548273628
v          40.6604          -1.5465             2.15
v          40.6604     -1.424887957      2.751726372
v          40.6604      -1.09332622       3.24332622
v          40.6604     -0.601726372      3.574887957
v          40.6604                0           3.6965
v          40.6604      0.601726372      3.574887957
v          40.6604       1.09332622       3.24332622
v          40.6604      1.424887957      2.751726372
v           41.279           1.5465             2.15
v           41.279      1.424887957      1.548273628
v           41.279       1.09332622       1.05667378
v           41.279      0.601726372     0.7251120427
v           41.279                0           0.6035
v           41.279     -0.601726372     0.7251120427
v           41.279      -1.09332622       1.05667378
v           41.279     -1.424887957      1.548273628
v           41.279          -1.5465             2.15
v           41.279     -1.424887957      2.751726372
v           41.279      -1.09332622       3.24332622
v           41.279     -0.601726372      3.574887957
v           41.279                0           3.6965
v           41.279      0.601726372      3.574887957
v           41.279       1.09332622       3.24332622
v           41.279      1.424887957      2.751726372
v      41.93789045      1.444349549             2.15
v      41.93789045      1.330341869      1.589304571
v      41.93789045      1.019966607      1.130033393
v      41.93789045     0.5606954292     0.8196581308
v      41.93789045 -8.881784197e-18     0.7056504512
v      41.93789045    -0.5606954292     0.8196581308
v      41.93789045     -1.019966607      1.130033393
v      41.93789045     -1.330341869      1.589304571
v      41.93789045     -1.444349549             2.15
v      41.93789045     -1.330341869      2.710695429
v      41.93789045     -1.019966607      3.169966607
v      41.93789045    -0.5606954292      3.480341869
v      41.93789045 -1.067043317e-17      3.594349549
v      41.93789045     0.5606954292      3.480341869
v      41.93789045      1.019966607      3.169966607
v      41.93789045      1.330341869      2.710695429
v      42.63707135      1.178188646             2.15
v      42.63707135      1.084254175      1.695435511
v      42.63707135     0.8295143347      1.320485665
v      42.63707135     0.4545644889      1.065745825
v      42.63707135 -2.664535259e-17     0.9718113535
v      42.63707135    -0.4545644889      1.065745825
v      42.63707135    -0.8295143347      1.320485665
v      42.63707135     -1.084254175      1.695435511
v      42.63707135     -1.178188646             2.15
v      42.63707135     -1.084254175      2.604564489
v      42.63707135    -0.8295143347      2.979514335
v      42.63707135    -0.4545644889      3.234254175
v      42.63707135 -3.201129952e-17      3.328188646
v      42.63707135     0.4545644889      3.234254175
v      42.63707135     0.8295143347      2.979514335
v      42.63707135      1.084254175      2.604564489
v      43.31610703     0.8084529697             2.15
v      43.31610703     0.7429507286      1.841223617
v      43.31610703     0.5664092459      1.583590754
v      43.31610703     0.3087763827      1.407049271
v      43.31610703 -3.996802889e-17       1.34154703
v      43.31610703    -0.3087763827      1.407049271
v      43.31610703    -0.5664092459      1.583590754
v      43.31610703    -0.7429507286      1.841223617
v      43.31610703    -0.8084529697             2.15
v      43.31610703    -0.7429507286      2.458776383
v      43.31610703    -0.5664092459      2.716409246
v      43.31610703    -0.3087763827      2.892950729
v      43.31610703 -4.801694928e-17       2.95845297
v      43.31610703     0.3087763827      2.892950729
v      43.31610703     0.5664092459      2.716409246
v      43.31610703     0.7429507286      2.458776383
v       43.9145618     0.3955781953             2.15
v       43.9145618     0.3627573854      2.001226057
v       43.9145618     0.2750911861      1.874908814
v       43.9145618     0.1487739425      1.787242615
v       43.9145618 -3.552713679e-17      1.754421805
v       43.9145618    -0.1487739425      1.787242615
v       43.9145618    -0.2750911861      1.874908814
v       43.9145618    -0.3627573854      2.001226057
v       43.9145618    -0.3955781953             2.15
v       43.9145618    -0.3627573854      2.298773943
v       43.9145618    -0.2750911861      2.425091186
v       43.9145618    -0.1487739425      2.512757385
v       43.9145618  -4.26817327e-17      2.545578195
v       43.9145618     0.1487739425      2.512757385
v       43.9145618     0.2750911861      2.425091186
v       43.9145618     0.3627573854      2.298773943
v           44.372                0             2.15
v       44.8574382     0.3955781953             2.15
v       44.8574382     0.3627573854      2.001226057
v             44.4 -4.163336342e-17             2.15
v       44.8574382     0.2750911861      1.874908814
v       44.8574382     0.1487739425      1.787242615
v       44.8574382 -3.552713679e-17      1.754421805
v       44.8574382    -0.1487739425      1.787242615
v       44.8574382    -0.2750911861      1.874908814
v       44.8574382    -0.3627573854      2.001226057
v       44.8574382    -0.3955781953             2.15
v       44.8574382    -0.3627573854      2.298773943
v       44.8574382    -0.2750911861      2.425091186
v       44.8574382    -0.1487739425      2.512757385
v       44.8574382  -4.26817327e-17      2.545578195
v       44.8574382     0.1487739425      2.512757385
v       44.8574382     0.2750911861      2.425091186
v       44.8574382     0.3627573854      2.298773943
v      45.45589297     0.8084529697             2.15
v      45.45589297     0.7429507286      1.841223617
v      45.45589297     0.5664092459      1.583590754
v      45.45589297     0.3087763827      1.407049271
v      45.45589297 -3.996802889e-17       1.34154703
v      45.45589297    -0.3087763827      1.407049271
v      45.45589297    -0.5664092459      1.583590754
v      45.45589297    -0.7429507286      1.841223617
v      45.45589297    -0.8084529697             2.15
v      45.45589297    -0.7429507286      2.458776383
v      45.45589297    -0.5664092459      2.716409246
v      45.45589297    -0.3087763827      2.892950729
v      45.45589297 -4.801694928e-17       2.95845297
v      45.45589297     0.3087763827      2.892950729
v      45.45589297     0.5664092459      2.716409246
v      45.45589297     0.7429507286      2.458776383
v      46.13492865      1.178188646             2.15
v      46.13492865      1.084254175      1.695435511
v      46.13492865     0.8295143347      1.320485665
v      46.13492865     0.4545644889      1.065745825
v      46.13492865 -2.664535259e-17     0.9718113535
v      46.13492865    -0.4545644889      1.065745825
v      46.13492865    -0.8295143347      1.320485665
v      46.13492865     -1.084254175      1.695435511
v      46.13492865     -1.178188646             2.15
v      46.13492865     -1.084254175      2.604564489
v      46.13492865    -0.8295143347      2.979514335
v      46.13492865    -0.4545644889      3.234254175
v      46.13492865 -3.201129952e-17      3.328188646
v      46.13492865     0.4545644889      3.234254175
v      46.13492865     0.8295143347      2.979514335
v      46.13492865      1.084254175      2.604564489
v      46.83410955      1.444349549             2.15
v      46.83410955      1.330341869      1.589304571
v      46.83410955      1.019966607      1.130033393
v      46.83410955     0.5606954292     0.8196581308
v      46.83410955 -8.881784197e-18     0.7056504512
v      46.83410955    -0.5606954292     0.8196581308
v      46.83410955     -1.019966607      1.130033393
v      46.83410955     -1.330341869      1.589304571
v      46.83410955     -1.444349549             2.15
v      46.83410955     -1.330341869      2.710695429
v      46.83410955     -1.019966607      3.169966607
v      46.83410955    -0.5606954292      3.480341869
v      46.83410955 -1.067043317e-17      3.594349549
v      46.83410955     0.5606954292      3.480341869
v      46.83410955      1.019966607      3.169966607
v      46.83410955      1.330341869      2.710695429
v           47.493           1.5465             2.15
v           47.493      1.424887957      1.548273628
v           47.493       1.09332622       1.05667378
v           47.493      0.601726372     0.7251120427
v           47.493                0           0.6035
v           47.493     -0.601726372     0.7251120427
v           47.493      -1.09332622       1.05667378
v           47.493     -1.424887957      1.548273628
v           47.493          -1.5465             2.15
v           47.493     -1.424887957      2.751726372
v           47.493      -1.09332622       3.24332622
v           47.493     -0.601726372      3.574887957
v           47.493                0           3.6965
v           47.493      0.601726372      3.574887957
v           47.493       1.09332622       3.24332622
v           47.493      1.424887957      2.751726372
v          48.1116           1.5465             2.15
v          48.1116      1.424887957      1.548273628
v          48.1116       1.09332622       1.05667378
v          48.1116      0.601726372     0.7251120427
v          48.1116                0           0.6035
v          48.1116     -0.601726372     0.7251120427
v          48.1116      -1.09332622       1.05667378
v          48.1116     -1.424887957      1.548273628
v          48.1116          -1.5465             2.15
v          48.1116     -1.424887957      2.751726372
v          48.1116      -1.09332622       3.24332622
v          48.1116     -0.601726372      3.574887957
v          48.1116                0           3.6965
v          48.1116      0.601726372      3.574887957
v          48.1116       1.09332622       3.24332622
v          48.1116      1.424887957      2.751726372
v          48.7302           1.5465             2.15
v          48.7302      1.424887957      1.548273628
v          48.7302       1.09332622       1.05667378
v          48.7302      0.601726372     0.7251120427
v          48.7302                0           0.6035
v          48.7302     -0.601726372     0.7251120427
v          48.7302      -1.09332622       1.05667378
v          48.7302     -1.424887957      1.548273628
v          48.7302          -1.5465             2.15
v          48.7302     -1.424887957      2.751726372
v          48.7302      -1.09332622       3.24332622
v          48.7302     -0.601726372      3.574887957
v          48.7302                0           3.6965
v          48.7302      0.601726372      3.574887957
v          48.7302       1.09332622       3.24332622
v          48.7302      1.424887957      2.751726372
v          49.3488           1.5465             2.15
v          49.3488      1.424887957      1.548273628
v          49.3488       1.09332622       1.05667378
v          49.3488      0.601726372     0.7251120427
v          49.3488                0           0.6035
v          49.3488     -0.601726372     0.7251120427
v          49.3488      -1.09332622       1.05667378
v          49.3488     -1.424887957      1.548273628
v          49.3488          -1.5465             2.15
v          49.3488     -1.424887957      2.751726372
v          49.3488      -1.09332622       3.24332622
v          49.3488     -0.601726372      3.574887957
v          49.3488                0           3.6965
v          49.3488      0.601726372      3.574887957
v          49.3488       1.09332622       3.24332622
v          49.3488      1.424887957      2.751726372
v          49.9674           1.5465             2.15
v          49.9674      1.424887957      1.548273628
v          49.9674       1.09332622       1.05667378
v          49.9674      0.601726372     0.7251120427
v          49.9674                0           0.6035
v          49.9674     -0.601726372     0.7251120427
v          49.9674      -1.09332622       1.05667378
v          49.9674     -1.424887957      1.548273628
v          49.9674          -1.5465             2.15
v          49.9674     -1.424887957      2.751726372
v          49.9674      -1.09332622       3.24332622
v          49.9674     -0.601726372      3.574887957
v          49.9674                0           3.6965
v          49.9674      0.601726372      3.574887957
v          49.9674       1.09332622       3.24332622
v          49.9674      1.424887957      2.751726372
v           50.586           1.5465             2.15
v           50.586      1.424887957      1.548273628
v           50.586       1.09332622       1.05667378
v           50.586      0.601726372     0.7251120427
v           50.586                0           0.6035
v           50.586     -0.601726372     0.7251120427
v           50.586      -1.09332622       1.05667378
v           50.586     -1.424887957      1.548273628
v           50.586          -1.5465             2.15
v           50.586     -1.424887957      2.751726372
v           50.586      -1.09332622       3.24332622
v           50.586     -0.601726372      3.574887957
v           50.586                0           3.6965
v           50.586      0.601726372      3.574887957
v           50.586       1.09332622       3.24332622
v           50.586      1.424887957      2.751726372
v          51.2046           1.5465             2.15
v          51.2046      1.424887957      1.548273628
v          51.2046       1.09332622       1.05667378
v          51.2046      0.601726372     0.7251120427
v          51.2046                0           0.6035
v          51.2046     -0.601726372     0.7251120427
v          51.2046      -1.09332622       1.05667378
v          51.2046     -1.424887957      1.548273628
v          51.2046          -1.5465             2.15
v          51.2046     -1.424887957      2.751726372
v          51.2046      -1.09332622       3.24332622
v          51.2046     -0.601726372      3.574887957
v          51.2046                0           3.6965
v          51.2046      0.601726372      3.574887957
v          51.2046       1.09332622       3.24332622
v          51.2046      1.424887957      2.751726372
v          51.8232           1.5465             2.15
v          51.8232      1.424887957      1.548273628
v          51.8232       1.09332622       1.05667378
v          51.8232      0.601726372     0.7251120427
v          51.8232                0           0.6035
v          51.8232     -0.601726372     0.7251120427
v          51.8232      -1.09332622       1.05667378
v          51.8232     -1.424887957      1.548273628
v          51.8232          -1.5465             2.15
v          51.8232     -1.424887957      2.751726372
v          51.8232      -1.09332622       3.24332622
v          51.8232     -0.601726372      3.574887957
v          51.8232                0           3.6965
v          51.8232      0.601726372      3.574887957
v          51.8232       1.09332622       3.24332622
v          51.8232      1.424887957      2.751726372
v          52.4418           1.5465             2.15
v          52.4418      1.424887957      1.548273628
v          52.4418       1.09332622       1.05667378
v          52.4418      0.601726372     0.7251120427
v          52.4418                0           0.6035
v          52.4418     -0.601726372     0.7251120427
v          52.4418      -1.09332622       1.05667378
v          52.4418     -1.424887957      1.548273628
v          52.4418          -1.5465             2.15
v          52.4418     -1.424887957      2.751726372
v          52.4418      -1.09332622       3.24332622
v          52.4418     -0.601726372      3.574887957
v          52.4418                0           3.6965
v          52.4418      0.601726372      3.574887957
v          52.4418       1.09332622       3.24332622
v          52.4418      1.424887957      2.751726372
v          53.0604           1.5465             2.15
v          53.0604      1.424887957      1.548273628
v          53.0604       1.09332622       1.05667378
v          53.0604      0.601726372     0.7251120427
v          53.0604                0           0.6035
v          53.0604     -0.601726372     0.7251120427
v          53.0604      -1.09332622       1.05667378
v          53.0604     -1.424887957      1.548273628
v          53.0604          -1.5465             2.15
v          53.0604     -1.424887957      2.751726372
v          53.0604      -1.09332622       3.24332622
v          53.0604     -0.601726372      3.574887957
v          53.0604                0           3.6965
v          53.0604      0.601726372      3.574887957
v          53.0604       1.09332622       3.24332622
v          53.0604      1.424887957      2.751726372
v           53.679           1.5465             2.15
v           53.679      1.424887957      1.548273628
v           53.679       1.09332622       1.05667378
v           53.679      0.601726372     0.7251120427
v           53.679                0           0.6035
v           53.679     -0.601726372     0.7251120427
v           53.679      -1.09332622       1.05667378
v           53.679     -1.424887957      1.548273628
v           53.679          -1.5465             2.15
v           53.679     -1.424887957      2.751726372
v           53.679      -1.09332622       3.24332622
v           53.679     -0.601726372      3.574887957
v           53.679                0           3.6965
v           53.679      0.601726372      3.574887957
v           53.679       1.09332622       3.24332622
v           53.679      1.424887957      2.751726372
v      54.33789045      1.444349549             2.15
v      54.33789045      1.330341869      1.589304571
v      54.33789045      1.019966607      1.130033393
v      54.33789045     0.5606954292     0.8196581308
v      54.33789045 -8.881784197e-18     0.7056504512
v      54.33789045    -0.5606954292     0.8196581308
v      54.33789045     -1.019966607      1.130033393
v      54.33789045     -1.330341869      1.589304571
v      54.33789045     -1.444349549             2.15
v      54.33789045     -1.330341869      2.710695429
v      54.33789045     -1.019966607      3.169966607
v      54.33789045    -0.5606954292      3.480341869
v      54.33789045 -1.067043317e-17      3.594349549
v      54.33789045     0.5606954292      3.480341869
v      54.33789045      1.019966607      3.169966607
v      54.33789045      1.330341869      2.710695429
v      55.03707135      1.178188646             2.15
v      55.03707135      1.084254175      1.695435511
v      55.03707135     0.8295143347      1.320485665
v      55.03707135     0.4545644889      1.065745825
v      55.03707135 -2.664535259e-17     0.9718113535
v      55.03707135    -0.4545644889      1.065745825
v      55.03707135    -0.8295143347      1.320485665
v      55.03707135     -1.084254175      1.695435511
v      55.03707135     -1.178188646             2.15
v      55.03707135     -1.084254175      2.604564489
v      55.03707135    -0.8295143347      2.979514335
v      55.03707135    -0.4545644889      3.234254175
v      55.03707135 -3.201129952e-17      3.328188646
v      55.03707135     0.4545644889      3.234254175
v      55.03707135     0.8295143347      2.979514335
v      55.03707135      1.084254175      2.604564489
v      55.71610703     0.8084529697             2.15
v      55.71610703     0.7429507286      1.841223617
v      55.71610703     0.5664092459      1.583590754
v      55.71610703     0.3087763827      1.407049271
v      55.71610703 -3.996802889e-17       1.34154703
v      55.71610703    -0.3087763827      1.407049271
v      55.71610703    -0.5664092459      1.583590754
v      55.71610703    -0.7429507286      1.841223617
v      55.71610703    -0.8084529697             2.15
v      55.71610703    -0.7429507286      2.458776383
v      55.71610703    -0.5664092459      2.716409246
v      55.71610703    -0.3087763827      2.892950729
v      55.71610703 -4.801694928e-17       2.95845297
v      55.71610703     0.3087763827      2.892950729
v      55.71610703     0.5664092459      2.716409246
v      55.71610703     0.7429507286      2.458776383
v       56.3145618     0.3955781953             2.15
v       56.3145618     0.3627573854      2.001226057
v       56.3145618     0.2750911861      1.874908814
v       56.3145618     0.1487739425      1.787242615
v       56.3145618 -3.552713679e-17      1.754421805
v       56.3145618    -0.1487739425      1.787242615
v       56.3145618    -0.2750911861      1.874908814
v       56.3145618    -0.3627573854      2.001226057
v       56.3145618    -0.3955781953             2.15
v       56.3145618    -0.3627573854      2.298773943
v       56.3145618    -0.2750911861      2.425091186
v       56.3145618    -0.1487739425      2.512757385
v       56.3145618  -4.26817327e-17      2.545578195
v       56.3145618     0.1487739425      2.512757385
v       56.3145618     0.2750911861      2.425091186
v       56.3145618     0.3627573854      2.298773943
v           56.772                0             2.15
v       57.2574382     0.3955781953             2.15
v       57.2574382     0.3627573854      2.001226057
v             56.8 -4.163336342e-17             2.15
v       57.2574382     0.2750911861      1.874908814
v       57.2574382     0.1487739425      1.787242615
v       57.2574382 -3.552713679e-17      1.754421805
v       57.2574382    -0.1487739425      1.787242615
v       57.2574382    -0.2750911861      1.874908814
v       57.2574382    -0.3627573854      2.001226057
v       57.2574382    -0.3955781953             2.15
v       57.2574382    -0.3627573854      2.298773943
v       57.2574382    -0.2750911861      2.425091186
v       57.2574382    -0.1487739425      2.512757385
v       57.2574382  -4.26817327e-17      2.545578195
v       57.2574382     0.1487739425      2.512757385
v       57.2574382     0.2750911861      2.425091186
v       57.2574382     0.3627573854      2.298773943
v      57.85589297     0.8084529697             2.15
v      57.85589297     0.7429507286      1.841223617
v      57.85589297     0.5664092459      1.583590754
v      57.85589297     0.3087763827      1.407049271
v      57.85589297 -3.996802889e-17       1.34154703
v      57.85589297    -0.3087763827      1.407049271
v      57.85589297    -0.5664092459      1.583590754
v      57.85589297    -0.7429507286      1.841223617
v      57.85589297    -0.8084529697             2.15
v      57.85589297    -0.7429507286      2.458776383
v      57.85589297    -0.5664092459      2.716409246
v      57.85589297    -0.3087763827      2.892950729
v      57.85589297 -4.801694928e-17       2.95845297
v      57.85589297     0.3087763827      2.892950729
v      57.85589297     0.5664092459      2.716409246
v      57.85589297     0.7429507286      2.458776383
v      58.53492865      1.178188646             2.15
v      58.53492865      1.084254175      1.695435511
v      58.53492865     0.8295143347      1.320485665
v      58.53492865     0.4545644889      1.065745825
v      58.53492865 -2.664535259e-17     0.9718113535
v      58.53492865    -0.4545644889      1.065745825
v      58.53492865    -0.8295143347      1.320485665
v      58.53492865     -1.084254175      1.695435511
v      58.53492865     -1.178188646             2.15
v      58.53492865     -1.084254175      2.604564489
v      58.53492865    -0.8295143347      2.979514335
v      58.53492865    -0.4545644889      3.234254175
v      58.53492865 -3.201129952e-17      3.328188646
v      58.53492865     0.4545644889      3.234254175
v      58.53492865     0.8295143347      2.979514335
v      58.53492865      1.084254175      2.604564489
v      59.23410955      1.444349549             2.15
v      59.23410955      1.330341869      1.589304571
v      59.23410955      1.019966607      1.130033393
v      59.23410955     0.5606954292     0.8196581308
v      59.23410955 -8.881784197e-18     0.7056504512
v      59.23410955    -0.5606954292     0.8196581308
v      59.23410955     -1.019966607      1.130033393
v      59.23410955     -1.330341869      1.589304571
v      59.23410955     -1.444349549             2.15
v      59.23410955     -1.330341869      2.710695429
v      59.23410955     -1.019966607      3.169966607
v      59.23410955    -0.5606954292      3.480341869
v      59.23410955 -1.067043317e-17      3.594349549
v      59.23410955     0.5606954292      3.480341869
v      59.23410955      1.019966607      3.169966607
v      59.23410955      1.330341869      2.710695429
v           59.893           1.5465             2.15
v           59.893      1.424887957      1.548273628
v           59.893       1.09332622       1.05667378
v           59.893      0.601726372     0.7251120427
v           59.893                0           0.6035
v           59.893     -0.601726372     0.7251120427
v           59.893      -1.09332622       1.05667378
v           59.893     -1.424887957      1.548273628
v           59.893          -1.5465             2.15
v           59.893     -1.424887957      2.751726372
v           59.893      -1.09332622       3.24332622
v           59.893     -0.601726372      3.574887957
v           59.893                0           3.6965
v           59.893      0.601726372      3.574887957
v           59.893       1.09332622       3.24332622
v           59.893      1.424887957      2.751726372
v          60.5116           1.5465             2.15
v          60.5116      1.424887957      1.548273628
v          60.5116       1.09332622       1.05667378
v          60.5116      0.601726372     0.7251120427
v          60.5116                0           0.6035
v          60.5116     -0.601726372     0.7251120427
v          60.5116      -1.09332622       1.05667378
v          60.5116     -1.424887957      1.548273628
v          60.5116          -1.5465             2.15
v          60.5116     -1.424887957      2.751726372
v          60.5116      -1.09332622       3.24332622
v          60.5116     -0.601726372      3.574887957
v          60.5116                0           3.6965
v          60.5116      0.601726372      3.574887957
v          60.5116       1.09332622       3.24332622
v          60.5116      1.424887957      2.751726372
v          61.1302           1.5465             2.15
v          61.1302      1.424887957      1.548273628
v          61.1302       1.09332622       1.05667378
v          61.1302      0.601726372     0.7251120427
v          61.1302                0           0.6035
v          61.1302     -0.601726372     0.7251120427
v          61.1302      -1.09332622       1.05667378
v          61.1302     -1.424887957      1.548273628
v          61.1302          -1.5465             2.15
v          61.1302     -1.424887957      2.751726372
v          61.1302      -1.09332622       3.24332622
v          61.1302     -0.601726372      3.574887957
v          61.1302                0           3.6965
v          61.1302      0.601726372      3.574887957
v          61.1302       1.09332622       3.24332622
v          61.1302      1.424887957      2.751726372
v          61.7488           1.5465             2.15
v          61.7488      1.424887957      1.548273628
v          61.7488       1.09332622       1.05667378
v          61.7488      0.601726372     0.7251120427
v          61.7488                0           0.6035
v          61.7488     -0.601726372     0.7251120427
v          61.7488      -1.09332622       1.05667378
v          61.7488     -1.424887957      1.548273628
v          61.7488          -1.5465             2.15
v          61.7488     -1.424887957      2.751726372
v          61.7488      -1.09332622       3.24332622
v          61.7488     -0.601726372      3.574887957
v          61.7488                0           3.6965
v          61.7488      0.601726372      3.574887957
v          61.7488       1.09332622       3.24332622
v          61.7488      1.424887957      2.751726372
v          62.3674           1.5465             2.15
v          62.3674      1.424887957      1.548273628
v          62.3674       1.09332622       1.05667378
v          62.3674      0.601726372     0.7251120427
v          62.3674                0           0.6035
v          62.3674     -0.601726372     0.7251120427
v          62.3674      -1.09332622       1.05667378
v          62.3674     -1.424887957      1.548273628
v          62.3674          -1.5465             2.15
v          62.3674     -1.424887957      2.751726372
v          62.3674      -1.09332622       3.24332622
v          62.3674     -0.601726372      3.574887957
v          62.3674                0           3.6965
v          62.3674      0.601726372      3.574887957
v          62.3674       1.09332622       3.24332622
v          62.3674      1.424887957      2.751726372
v           62.986           1.5465             2.15
v           62.986      1.424887957      1.548273628
v           62.986       1.09332622       1.05667378
v           62.986      0.601726372     0.7251120427
v           62.986                0           0.6035
v           62.986     -0.601726372     0.7251120427
v           62.986      -1.09332622       1.05667378
v           62.986     -1.424887957      1.548273628
v           62.986          -1.5465             2.15
v           62.986     -1.424887957      2.751726372
v           62.986      -1.09332622       3.24332622
v           62.986     -0.601726372      3.574887957
v           62.986                0           3.6965
v           62.986      0.601726372      3.574887957
v           62.986       1.09332622       3.24332622
v           62.986      1.424887957      2.751726372
v          63.6046           1.5465             2.15
v          63.6046      1.424887957      1.548273628
v          63.6046       1.09332622       1.05667378
v          63.6046      0.601726372     0.7251120427
v          63.6046                0           0.6035
v          63.6046     -0.601726372     0.7251120427
v          63.6046      -1.09332622       1.05667378
v          63.6046     -1.424887957      1.548273628
v          63.6046          -1.5465             2.15
v          63.6046     -1.424887957      2.751726372
v          63.6046      -1.09332622       3.24332622
v          63.6046     -0.601726372      3.574887957
v          63.6046                0           3.6965
v          63.6046      0.601726372      3.574887957
v          63.6046       1.09332622       3.24332622
v          63.6046      1.424887957      2.751726372
v          64.2232           1.5465             2.15
v          64.2232      1.424887957      1.548273628
v          64.2232       1.09332622       1.05667378
v          64.2232      0.601726372     0.7251120427
v          64.2232                0           0.6035
v          64.2232     -0.601726372     0.7251120427
v          64.2232      -1.09332622       1.05667378
v          64.2232     -1.424887957      1.548273628
v          64.2232          -1.5465             2.15
v          64.2232     -1.424887957      2.751726372
v          64.2232      -1.09332622       3.24332622
v          64.2232     -0.601726372      3.574887957
v          64.2232                0           3.6965
v          64.2232      0.601726372      3.574887957
v          64.2232       1.09332622       3.24332622
v          64.2232      1.424887957      2.751726372
v          64.8418           1.5465             2.15
v          64.8418      1.424887957      1.548273628
v          64.8418       1.09332622       1.05667378
v          64.8418      0.601726372     0.7251120427
v          64.8418                0           0.6035
v          64.8418     -0.601726372     0.7251120427
v          64.8418      -1.09332622       1.05667378
v          64.8418     -1.424887957      1.548273628
v          64.8418          -1.5465             2.15
v          64.8418     -1.424887957      2.751726372
v          64.8418      -1.09332622       3.24332622
v          64.8418     -0.601726372      3.574887957
v          64.8418                0           3.6965
v          64.8418      0.601726372      3.574887957
v          64.8418       1.09332622       3.24332622
v          64.8418      1.424887957      2.751726372
v          65.4604           1.5465             2.15
v          65.4604      1.424887957      1.548273628
v          65.4604       1.09332622       1.05667378
v          65.4604      0.601726372     0.7251120427
v          65.4604                0           0.6035
v          65.4604     -0.601726372     0.7251120427
v          65.4604      -1.09332622       1.05667378
v          65.4604     -1.424887957      1.548273628
v          65.4604          -1.5465             2.15
v          65.4604     -1.424887957      2.751726372
v          65.4604      -1.09332622       3.24332622
v          65.4604     -0.601726372      3.574887957
v          65.4604                0           3.6965
v          65.4604      0.601726372      3.574887957
v          65.4604       1.09332622       3.24332622
v          65.4604      1.424887957      2.751726372
v           66.079           1.5465             2.15
v           66.079      1.424887957      1.548273628
v           66.079       1.09332622       1.05667378
v           66.079      0.601726372     0.7251120427
v           66.079                0           0.6035
v           66.079     -0.601726372     0.7251120427
v           66.079      -1.09332622       1.05667378
v           66.079     -1.424887957      1.548273628
v           66.079          -1.5465             2.15
v           66.079     -1.424887957      2.751726372
v           66.079      -1.09332622       3.24332622
v           66.079     -0.601726372      3.574887957
v           66.079                0           3.6965
v           66.079      0.601726372      3.574887957
v           66.079       1.09332622       3.24332622
v           66.079      1.424887957      2.751726372
v      66.73789045      1.444349549             2.15
v      66.73789045      1.330341869      1.589304571
v      66.73789045      1.019966607      1.130033393
v      66.73789045     0.5606954292     0.8196581308
v      66.73789045 -8.881784197e-18     0.7056504512
v      66.73789045    -0.5606954292     0.8196581308
v      66.73789045     -1.019966607      1.130033393
v      66.73789045     -1.330341869      1.589304571
v      66.73789045     -1.444349549             2.15
v      66.73789045     -1.330341869      2.710695429
v      66.73789045     -1.019966607      3.169966607
v      66.73789045    -0.5606954292      3.480341869
v      66.73789045 -1.067043317e-17      3.594349549
v      66.73789045     0.5606954292      3.480341869
v      66.73789045      1.019966607      3.169966607
v      66.73789045      1.330341869      2.710695429
v      67.43707135      1.178188646             2.15
v      67.43707135      1.084254175      1.695435511
v      67.43707135     0.8295143347      1.320485665
v      67.43707135     0.4545644889      1.065745825
v      67.43707135 -2.664535259e-17     0.9718113535
v      67.43707135    -0.4545644889      1.065745825
v      67.43707135    -0.8295143347      1.320485665
v      67.43707135     -1.084254175      1.695435511
v      67.43707135     -1.178188646             2.15
v      67.43707135     -1.084254175      2.604564489
v      67.43707135    -0.8295143347      2.979514335
v      67.43707135    -0.4545644889      3.234254175
v      67.43707135 -3.201129952e-17      3.328188646
v      67.43707135     0.4545644889      3.234254175
v      67.43707135     0.8295143347      2.979514335
v      67.43707135      1.084254175      2.604564489
v      68.11610703     0.8084529697             2.15
v      68.11610703     0.7429507286      1.841223617
v      68.11610703     0.5664092459      1.583590754
v      68.11610703     0.3087763827      1.407049271
v      68.11610703 -3.996802889e-17       1.34154703
v      68.11610703    -0.3087763827      1.407049271
v      68.11610703    -0.5664092459      1.583590754
v      68.11610703    -0.7429507286      1.841223617
v      68.11610703    -0.8084529697             2.15
v      68.11610703    -0.7429507286      2.458776383
v      68.11610703    -0.5664092459      2.716409246
v      68.11610703    -0.3087763827      2.892950729
v      68.11610703 -4.801694928e-17       2.95845297
v      68.11610703     0.3087763827      2.892950729
v      68.11610703     0.5664092459      2.716409246
v      68.11610703     0.7429507286      2.458776383
v       68.7145618     0.3955781953             2.15
v       68.7145618     0.3627573854      2.001226057
v       68.7145618     0.2750911861      1.874908814
v       68.7145618     0.1487739425      1.787242615
v       68.7145618 -3.552713679e-17      1.754421805
v       68.7145618    -0.1487739425      1.787242615
v       68.7145618    -0.2750911861      1.874908814
v       68.7145618    -0.3627573854      2.001226057
v       68.7145618    -0.3955781953             2.15
v       68.7145618    -0.3627573854      2.298773943
v       68.7145618    -0.2750911861      2.425091186
v       68.7145618    -0.1487739425      2.512757385
v       68.7145618  -4.26817327e-17      2.545578195
v       68.7145618     0.1487739425      2.512757385
v       68.7145618     0.2750911861      2.425091186
v       68.7145618     0.3627573854      2.298773943
v           69.172                0             2.15
v       27.9574382     -1.704421805             -0.2
v       27.9574382     -1.737242615    -0.3487739425
v             27.5             -2.1             -0.2
v       27.9574382     -1.824908814    -0.4750911861
v       27.9574382     -1.951226057    -0.5627573854
v       27.9574382             -2.1    -0.5955781953
v       27.9574382     -2.248773943    -0.5627573854
v       27.9574382     -2.375091186    -0.4750911861
v       27.9574382     -2.462757385    -0.3487739425
v       27.9574382     -2.495578195             -0.2
v       27.9574382     -2.462757385   -0.05122605749
v       27.9574382     -2.375091186    0.07509118608
v       27.9574382     -2.248773943     0.1627573854
v       27.9574382             -2.1     0.1955781953
v       27.9574382     -1.951226057     0.1627573854
v       27.9574382     -1.824908814    0.07509118608
v       27.9574382     -1.737242615   -0.05122605749
v      28.55589297      -1.29154703             -0.2
v      28.55589297     -1.357049271    -0.5087763827
v      28.55589297     -1.533590754    -0.7664092459
v      28.55589297     -1.791223617    -0.9429507286
v      28.55589297             -2.1      -1.00845297
v      28.55589297     -2.408776383    -0.9429507286
v      28.55589297     -2.666409246    -0.7664092459
v      28.55589297     -2.842950729    -0.5087763827
v      28.55589297      -2.90845297             -0.2
v      28.55589297     -2.842950729     0.1087763827
v      28.55589297     -2.666409246     0.3664092459
v      28.55589297     -2.408776383     0.5429507286
v      28.55589297             -2.1     0.6084529697
v      28.55589297     -1.791223617     0.5429507286
v      28.55589297     -1.533590754     0.3664092459
v      28.55589297     -1.357049271     0.1087763827
v      29.23492865    -0.9218113535             -0.2
v      29.23492865     -1.015745825    -0.6545644889
v      29.23492865     -1.270485665     -1.029514335
v      29.23492865     -1.645435511     -1.284254175
v      29.23492865             -2.1     -1.378188646
v      29.23492865     -2.554564489     -1.284254175
v      29.23492865     -2.929514335     -1.029514335
v      29.23492865     -3.184254175    -0.6545644889
v      29.23492865     -3.278188646             -0.2
v      29.23492865     -3.184254175     0.2545644889
v      29.23492865     -2.929514335     0.6295143347
v      29.23492865     -2.554564489     0.8842541747
v      29.23492865             -2.1     0.9781886465
v      29.23492865     -1.645435511     0.8842541747
v      29.23492865     -1.270485665     0.6295143347
v      29.23492865     -1.015745825     0.2545644889
v      29.93410955    -0.6556504512             -0.2
v      29.93410955    -0.7696581308    -0.7606954292
v      29.93410955     -1.080033393     -1.219966607
v      29.93410955     -1.539304571     -1.530341869
v      29.93410955             -2.1     -1.644349549
v      29.93410955     -2.660695429     -1.530341869
v      29.93410955     -3.119966607     -1.219966607
v      29.93410955     -3.430341869    -0.7606954292
v      29.93410955     -3.544349549             -0.2
v      29.93410955     -3.430341869     0.3606954292
v      29.93410955     -3.119966607     0.8199666075
v      29.93410955     -2.660695429      1.130341869
v      29.93410955             -2.1      1.244349549
v      29.93410955     -1.539304571      1.130341869
v      29.93410955     -1.080033393     0.8199666075
v      29.93410955    -0.7696581308     0.3606954292
v           30.593          -0.5535             -0.2
v           30.593    -0.6751120427     -0.801726372
v           30.593      -1.00667378      -1.29332622
v           30.593     -1.498273628     -1.624887957
v           30.593             -2.1          -1.7465
v           30.593     -2.701726372     -1.624887957
v           30.593      -3.19332622      -1.29332622
v           30.593     -3.524887957     -0.801726372
v           30.593          -3.6465             -0.2
v           30.593     -3.524887957      0.401726372
v           30.593      -3.19332622     0.8933262195
v           30.593     -2.701726372      1.224887957
v           30.593             -2.1           1.3465
v           30.593     -1.498273628      1.224887957
v           30.593      -1.00667378     0.8933262195
v           30.593    -0.6751120427      0.401726372
v          31.2116          -0.5535             -0.2
v          31.2116    -0.6751120427     -0.801726372
v          31.2116      -1.00667378      -1.29332622
v          31.2116     -1.498273628     -1.624887957
v          31.2116             -2.1          -1.7465
v          31.2116     -2.701726372     -1.624887957
v          31.2116      -3.19332622      -1.29332622
v          31.2116     -3.524887957     -0.801726372
v          31.2116          -3.6465             -0.2
v          31.2116     -3.524887957      0.401726372
v          31.2116      -3.19332622     0.8933262195
v          31.2116     -2.701726372      1.224887957
v          31.2116             -2.1           1.3465
v          31.2116     -1.498273628      1.224887957
v          31.2116      -1.00667378     0.8933262195
v          31.2116    -0.6751120427      0.401726372
v          31.8302          -0.5535             -0.2
v          31.8302    -0.6751120427     -0.801726372
v          31.8302      -1.00667378      -1.29332622
v          31.8302     -1.498273628     -1.624887957
v          31.8302             -2.1          -1.7465
v          31.8302     -2.701726372     -1.624887957
v          31.8302      -3.19332622      -1.29332622
v          31.8302     -3.524887957     -0.801726372
v          31.8302          -3.6465             -0.2
v          31.8302     -3.524887957      0.401726372
v          31.8302      -3.19332622     0.8933262195
v          31.8302     -2.701726372      1.224887957
v          31.8302             -2.1           1.3465
v          31.8302     -1.498273628      1.224887957
v          31.8302      -1.00667378     0.8933262195
v          31.8302    -0.6751120427      0.401726372
v          32.4488          -0.5535             -0.2
v          32.4488    -0.6751120427     -0.801726372
v          32.4488      -1.00667378      -1.29332622
v          32.4488     -1.498273628     -1.624887957
v          32.4488             -2.1          -1.7465
v          32.4488     -2.701726372     -1.624887957
v          32.4488      -3.19332622      -1.29332622
v          32.4488     -3.524887957     -0.801726372
v          32.4488          -3.6465             -0.2
v          32.4488     -3.524887957      0.401726372
v          32.4488      -3.19332622     0.8933262195
v          32.4488     -2.701726372      1.224887957
v          32.4488             -2.1           1.3465
v          32.4488     -1.498273628      1.224887957
v          32.4488      -1.00667378     0.8933262195
v          32.4488    -0.6751120427      0.401726372
v          33.0674          -0.5535             -0.2
v          33.0674    -0.6751120427     -0.801726372
v          33.0674      -1.00667378      -1.29332622
v          33.0674     -1.498273628     -1.624887957
v          33.0674             -2.1          -1.7465
v          33.0674     -2.701726372     -1.624887957
v          33.0674      -3.19332622      -1.29332622
v          33.0674     -3.524887957     -0.801726372
v          33.0674          -3.6465             -0.2
v          33.0674     -3.524887957      0.401726372
v          33.0674      -3.19332622     0.8933262195
v          33.0674     -2.701726372      1.224887957
v          33.0674             -2.1           1.3465
v          33.0674     -1.498273628      1.224887957
v          33.0674      -1.00667378     0.8933262195
v          33.0674    -0.6751120427      0.401726372
v           33.686          -0.5535             -0.2
v           33.686    -0.6751120427     -0.801726372
v           33.686      -1.00667378      -1.29332622
v           33.686     -1.498273628     -1.624887957
v           33.686             -2.1          -1.7465
v           33.686     -2.701726372     -1.624887957
v           33.686      -3.19332622      -1.29332622
v           33.686     -3.524887957     -0.801726372
v           33.686          -3.6465             -0.2
v           33.686     -3.524887957      0.401726372
v           33.686      -3.19332622     0.8933262195
v           33.686     -2.701726372      1.224887957
v           33.686             -2.1           1.3465
v           33.686     -1.498273628      1.224887957
v           33.686      -1.00667378     0.8933262195
v           33.686    -0.6751120427      0.401726372
v          34.3046          -0.5535             -0.2
v          34.3046    -0.6751120427     -0.801726372
v          34.3046      -1.00667378      -1.29332622
v          34.3046     -1.498273628     -1.624887957
v          34.3046             -2.1          -1.7465
v          34.3046     -2.701726372     -1.624887957
v          34.3046      -3.19332622      -1.29332622
v          34.3046     -3.524887957     -0.801726372
v          34.3046          -3.6465             -0.2
v          34.3046     -3.524887957      0.401726372
v          34.3046      -3.19332622     0.8933262195
v          34.3046     -2.701726372      1.224887957
v          34.3046             -2.1           1.3465
v          34.3046     -1.498273628      1.224887957
v          34.3046      -1.00667378     0.8933262195
v          34.3046    -0.6751120427      0.401726372
v          34.9232          -0.5535             -0.2
v          34.9232    -0.6751120427     -0.801726372
v          34.9232      -1.00667378      -1.29332622
v          34.9232     -1.498273628     -1.624887957
v          34.9232             -2.1          -1.7465
v          34.9232     -2.701726372     -1.624887957
v          34.9232      -3.19332622      -1.29332622
v          34.9232     -3.524887957     -0.801726372
v          34.9232          -3.6465             -0.2
v          34.9232     -3.524887957      0.401726372
v          34.9232      -3.19332622     0.8933262195
v          34.9232     -2.701726372      1.224887957
v          34.9232             -2.1           1.3465
v          34.9232     -1.498273628      1.224887957
v          34.9232      -1.00667378     0.8933262195
v          34.9232    -0.6751120427      0.401726372
v          35.5418          -0.5535             -0.2
v          35.5418    -0.6751120427     -0.801726372
v          35.5418      -1.00667378      -1.29332622
v          35.5418     -1.498273628     -1.624887957
v          35.5418             -2.1          -1.7465
v          35.5418     -2.701726372     -1.624887957
v          35.5418      -3.19332622      -1.29332622
v          35.5418     -3.524887957     -0.801726372
v          35.5418          -3.6465             -0.2
v          35.5418     -3.524887957      0.401726372
v          35.5418      -3.19332622     0.8933262195
v          35.5418     -2.701726372      1.224887957
v          35.5418             -2.1           1.3465
v          35.5418     -1.498273628      1.224887957
v          35.5418      -1.00667378     0.8933262195
v          35.5418    -0.6751120427      0.401726372
v          36.1604          -0.5535             -0.2
v          36.1604    -0.6751120427     -0.801726372
v          36.1604      -1.00667378      -1.29332622
v          36.1604     -1.498273628     -1.624887957
v          36.1604             -2.1          -1.7465
v          36.1604     -2.701726372     -1.624887957
v          36.1604      -3.19332622      -1.29332622
v          36.1604     -3.524887957     -0.801726372
v          36.1604          -3.6465             -0.2
v          36.1604     -3.524887957      0.401726372
v          36.1604      -3.19332622     0.8933262195
v          36.1604     -2.701726372      1.224887957
v          36.1604             -2.1           1.3465
v          36.1604     -1.498273628      1.224887957
v          36.1604      -1.00667378     0.8933262195
v          36.1604    -0.6751120427      0.401726372
v           36.779          -0.5535             -0.2
v           36.779    -0.6751120427     -0.801726372
v           36.779      -1.00667378      -1.29332622
v           36.779     -1.498273628     -1.624887957
v           36.779             -2.1          -1.7465
v           36.779     -2.701726372     -1.624887957
v           36.779      -3.19332622      -1.29332622
v           36.779     -3.524887957     -0.801726372
v           36.779          -3.6465             -0.2
v           36.779     -3.524887957      0.401726372
v           36.779      -3.19332622     0.8933262195
v           36.779     -2.701726372      1.224887957
v           36.779             -2.1           1.3465
v           36.779     -1.498273628      1.224887957
v           36.779      -1.00667378     0.8933262195
v           36.779    -0.6751120427      0.401726372
v      37.43789045    -0.6556504512             -0.2
v      37.43789045    -0.7696581308    -0.7606954292
v      37.43789045     -1.080033393     -1.219966607
v      37.43789045     -1.539304571     -1.530341869
v      37.43789045             -2.1     -1.644349549
v      37.43789045     -2.660695429     -1.530341869
v      37.43789045     -3.119966607     -1.219966607
v      37.43789045     -3.430341869    -0.7606954292
v      37.43789045     -3.544349549             -0.2
v      37.43789045     -3.430341869     0.3606954292
v      37.43789045     -3.119966607     0.8199666075
v      37.43789045     -2.660695429      1.130341869
v      37.43789045             -2.1      1.244349549
v      37.43789045     -1.539304571      1.130341869
v      37.43789045     -1.080033393     0.8199666075
v      37.43789045    -0.7696581308     0.3606954292
v      38.13707135    -0.9218113535             -0.2
v      38.13707135     -1.015745825    -0.6545644889
v      38.13707135     -1.270485665     -1.029514335
v      38.13707135     -1.645435511     -1.284254175
v      38.13707135             -2.1     -1.378188646
v      38.13707135     -2.554564489     -1.284254175
v      38.13707135     -2.929514335     -1.029514335
v      38.13707135     -3.184254175    -0.6545644889
v      38.13707135     -3.278188646             -0.2
v      38.13707135     -3.184254175     0.2545644889
v      38.13707135     -2.929514335     0.6295143347
v      38.13707135     -2.554564489     0.8842541747
v      38.13707135             -2.1     0.9781886465
v      38.13707135     -1.645435511     0.8842541747
v      38.13707135     -1.270485665     0.6295143347
v      38.13707135     -1.015745825     0.2545644889
v      38.81610703      -1.29154703             -0.2
v      38.81610703     -1.357049271    -0.5087763827
v      38.81610703     -1.533590754    -0.7664092459
v      38.81610703     -1.791223617    -0.9429507286
v      38.81610703             -2.1      -1.00845297
v      38.81610703     -2.408776383    -0.9429507286
v      38.81610703     -2.666409246    -0.7664092459
v      38.81610703     -2.842950729    -0.5087763827
v      38.81610703      -2.90845297             -0.2
v      38.81610703     -2.842950729     0.1087763827
v      38.81610703     -2.666409246     0.3664092459
v      38.81610703     -2.408776383     0.5429507286
v      38.81610703             -2.1     0.6084529697
v      38.81610703     -1.791223617     0.5429507286
v      38.81610703     -1.533590754     0.3664092459
v      38.81610703     -1.357049271     0.1087763827
v       39.4145618     -1.704421805             -0.2
v       39.4145618     -1.737242615    -0.3487739425
v       39.4145618     -1.824908814    -0.4750911861
v       39.4145618     -1.951226057    -0.5627573854
v       39.4145618             -2.1    -0.5955781953
v       39.4145618     -2.248773943    -0.5627573854
v       39.4145618     -2.375091186    -0.4750911861
v       39.4145618     -2.462757385    -0.3487739425
v       39.4145618     -2.495578195             -0.2
v       39.4145618     -2.462757385   -0.05122605749
v       39.4145618     -2.375091186    0.07509118608
v       39.4145618     -2.248773943     0.1627573854
v       39.4145618             -2.1     0.1955781953
v       39.4145618     -1.951226057     0.1627573854
v       39.4145618     -1.824908814    0.07509118608
v       39.4145618     -1.737242615   -0.05122605749
v           39.872             -2.1             -0.2
v       27.9574382      2.495578195             -0.2
v       27.9574382      2.462757385    -0.3487739425
v             27.5              2.1             -0.2
v       27.9574382      2.375091186    -0.4750911861
v       27.9574382      2.248773943    -0.5627573854
v       27.9574382              2.1    -0.5955781953
v       27.9574382      1.951226057    -0.5627573854
v       27.9574382      1.824908814    -0.4750911861
v       27.9574382      1.737242615    -0.3487739425
v       27.9574382      1.704421805             -0.2
v       27.9574382      1.737242615   -0.05122605749
v       27.9574382      1.824908814    0.07509118608
v       27.9574382      1.951226057     0.1627573854
v       27.9574382              2.1     0.1955781953
v       27.9574382      2.248773943     0.1627573854
v       27.9574382      2.375091186    0.07509118608
v       27.9574382      2.462757385   -0.05122605749
v      28.55589297       2.90845297             -0.2
v      28.55589297      2.842950729    -0.5087763827
v      28.55589297      2.666409246    -0.7664092459
v      28.55589297      2.408776383    -0.9429507286
v      28.55589297              2.1      -1.00845297
v      28.55589297      1.791223617    -0.9429507286
v      28.55589297      1.533590754    -0.7664092459
v      28.55589297      1.357049271    -0.5087763827
v      28.55589297       1.29154703             -0.2
v      28.55589297      1.357049271     0.1087763827
v      28.55589297      1.533590754     0.3664092459
v      28.55589297      1.791223617     0.5429507286
v      28.55589297              2.1     0.6084529697
v      28.55589297      2.408776383     0.5429507286
v      28.55589297      2.666409246     0.3664092459
v      28.55589297      2.842950729     0.1087763827
v      29.23492865      3.278188646             -0.2
v      29.23492865      3.184254175    -0.6545644889
v      29.23492865      2.929514335     -1.029514335
v      29.23492865      2.554564489     -1.284254175
v      29.23492865              2.1     -1.378188646
v      29.23492865      1.645435511     -1.284254175
v      29.23492865      1.270485665     -1.029514335
v      29.23492865      1.015745825    -0.6545644889
v      29.23492865     0.9218113535             -0.2
v      29.23492865      1.015745825     0.2545644889
v      29.23492865      1.270485665     0.6295143347
v      29.23492865      1.645435511     0.8842541747
v      29.23492865              2.1     0.9781886465
v      29.23492865      2.554564489     0.8842541747
v      29.23492865      2.929514335     0.6295143347
v      29.23492865      3.184254175     0.2545644889
v      29.93410955      3.544349549             -0.2
v      29.93410955      3.430341869    -0.7606954292
v      29.93410955      3.119966607     -1.219966607
v      29.93410955      2.660695429     -1.530341869
v      29.93410955              2.1     -1.644349549
v      29.93410955      1.539304571     -1.530341869
v      29.93410955      1.080033393     -1.219966607
v      29.93410955     0.7696581308    -0.7606954292
v      29.93410955     0.6556504512             -0.2
v      29.93410955     0.7696581308     0.3606954292
v      29.93410955      1.080033393     0.8199666075
v      29.93410955      1.539304571      1.130341869
v      29.93410955              2.1      1.244349549
v      29.93410955      2.660695429      1.130341869
v      29.93410955      3.119966607     0.8199666075
v      29.93410955      3.430341869     0.3606954292
v           30.593           3.6465             -0.2
v           30.593      3.524887957     -0.801726372
v           30.593       3.19332622      -1.29332622
v           30.593      2.701726372     -1.624887957
v           30.593              2.1          -1.7465
v           30.593      1.498273628     -1.624887957
v           30.593       1.00667378      -1.29332622
v           30.593     0.6751120427     -0.801726372
v           30.593           0.5535             -0.2
v           30.593     0.6751120427      0.401726372
v           30.593       1.00667378     0.8933262195
v           30.593      1.498273628      1.224887957
v           30.593              2.1           1.3465
v           30.593      2.701726372      1.224887957
v           30.593       3.19332622     0.8933262195
v           30.593      3.524887957      0.401726372
v          31.2116           3.6465             -0.2
v          31.2116      3.524887957     -0.801726372
v          31.2116       3.19332622      -1.29332622
v          31.2116      2.701726372     -1.624887957
v          31.2116              2.1          -1.7465
v          31.2116      1.498273628     -1.624887957
v          31.2116       1.00667378      -1.29332622
v          31.2116     0.6751120427     -0.801726372
v          31.2116           0.5535             -0.2
v          31.2116     0.6751120427      0.401726372
v          31.2116       1.00667378     0.8933262195
v          31.2116      1.498273628      1.224887957
v          31.2116              2.1           1.3465
v          31.2116      2.701726372      1.224887957
v          31.2116       3.19332622     0.8933262195
v          31.2116      3.524887957      0.401726372
v          31.8302           3.6465             -0.2
v          31.8302      3.524887957     -0.801726372
v          31.8302       3.19332622      -1.29332622
v          31.8302      2.701726372     -1.624887957
v          31.8302              2.1          -1.7465
v          31.8302      1.498273628     -1.624887957
v          31.8302       1.00667378      -1.29332622
v          31.8302     0.6751120427     -0.801726372
v          31.8302           0.5535             -0.2
v          31.8302     0.6751120427      0.401726372
v          31.8302       1.00667378     0.8933262195
v          31.8302      1.498273628      1.224887957
v          31.8302              2.1           1.3465
v          31.8302      2.701726372      1.224887957
v          31.8302       3.19332622     0.8933262195
v          31.8302      3.524887957      0.401726372
v          32.4488           3.6465             -0.2
v          32.4488      3.524887957     -0.801726372
v          32.4488       3.19332622      -1.29332622
v          32.4488      2.701726372     -1.624887957
v          32.4488              2.1          -1.7465
v          32.4488      1.498273628     -1.624887957
v          32.4488       1.00667378      -1.29332622
v          32.4488     0.6751120427     -0.801726372
v          32.4488           0.5535             -0.2
v          32.4488     0.6751120427      0.401726372
v          32.4488       1.00667378     0.8933262195
v          32.4488      1.498273628      1.224887957
v          32.4488              2.1           1.3465
v          32.4488      2.701726372      1.224887957
v          32.4488       3.19332622     0.8933262195
v          32.4488      3.524887957      0.401726372
v          33.0674           3.6465             -0.2
v          33.0674      3.524887957     -0.801726372
v          33.0674       3.19332622      -1.29332622
v          33.0674      2.701726372     -1.624887957
v          33.0674              2.1          -1.7465
v          33.0674      1.498273628     -1.624887957
v          33.0674       1.00667378      -1.29332622
v          33.0674     0.6751120427     -0.801726372
v          33.0674           0.5535             -0.2
v          33.0674     0.6751120427      0.401726372
v          33.0674       1.00667378     0.8933262195
v          33.0674      1.498273628      1.224887957
v          33.0674              2.1           1.3465
v          33.0674      2.701726372      1.224887957
v          33.0674       3.19332622     0.8933262195
v          33.0674      3.524887957      0.401726372
v           33.686           3.6465             -0.2
v           33.686      3.524887957     -0.801726372
v           33.686       3.19332622      -1.29332622
v           33.686      2.701726372     -1.624887957
v           33.686              2.1          -1.7465
v           33.686      1.498273628     -1.624887957
v           33.686       1.00667378      -1.29332622
v           33.686     0.6751120427     -0.801726372
v           33.686           0.5535             -0.2
v           33.686     0.6751120427      0.401726372
v           33.686       1.00667378     0.8933262195
v           33.686      1.498273628      1.224887957
v           33.686              2.1           1.3465
v           33.686      2.701726372      1.224887957
v           33.686       3.19332622     0.8933262195
v           33.686      3.524887957      0.401726372
v          34.3046           3.6465             -0.2
v          34.3046      3.524887957     -0.801726372
v          34.3046       3.19332622      -1.29332622
v          34.3046      2.701726372     -1.624887957
v          34.3046              2.1          -1.7465
v          34.3046      1.498273628     -1.624887957
v          34.3046       1.00667378      -1.29332622
v          34.3046     0.6751120427     -0.801726372
v          34.3046           0.5535             -0.2
v          34.3046     0.6751120427      0.401726372
v          34.3046       1.00667378     0.8933262195
v          34.3046      1.498273628      1.224887957
v          34.3046              2.1           1.3465
v          34.3046      2.701726372      1.224887957
v          34.3046       3.19332622     0.8933262195
v          34.3046      3.524887957      0.401726372
v          34.9232           3.6465             -0.2
v          34.9232      3.524887957     -0.801726372
v          34.9232       3.19332622      -1.29332622
v          34.9232      2.701726372     -1.624887957
v          34.9232              2.1          -1.7465
v          34.9232      1.498273628     -1.624887957
v          34.9232       1.00667378      -1.29332622
v          34.9232     0.6751120427     -0.801726372
v          34.9232           0.5535             -0.2
v          34.9232     0.6751120427      0.401726372
v          34.9232       1.00667378     0.8933262195
v          34.9232      1.498273628      1.224887957
v          34.9232              2.1           1.3465
v          34.9232      2.701726372      1.224887957
v          34.9232       3.19332622     0.8933262195
v          34.9232      3.524887957      0.401726372
v          35.5418           3.6465             -0.2
v          35.5418      3.524887957     -0.801726372
v          35.5418       3.19332622      -1.29332622
v          35.5418      2.701726372     -1.624887957
v          35.5418              2.1          -1.7465
v          35.5418      1.498273628     -1.624887957
v          35.5418       1.00667378      -1.29332622
v          35.5418     0.6751120427     -0.801726372
v          35.5418           0.5535             -0.2
v          35.5418     0.6751120427      0.401726372
v          35.5418       1.00667378     0.8933262195
v          35.5418      1.498273628      1.224887957
v          35.5418              2.1           1.3465
v          35.5418      2.701726372      1.224887957
v          35.5418       3.19332622     0.8933262195
v          35.5418      3.524887957      0.401726372
v          36.1604           3.6465             -0.2
v          36.1604      3.524887957     -0.801726372
v          36.1604       3.19332622      -1.29332622
v          36.1604      2.701726372     -1.624887957
v          36.1604              2.1          -1.7465
v          36.1604      1.498273628     -1.624887957
v          36.1604       1.00667378      -1.29332622
v          36.1604     0.6751120427     -0.801726372
v          36.1604           0.5535             -0.2
v          36.1604     0.6751120427      0.401726372
v          36.1604       1.00667378     0.8933262195
v          36.1604      1.498273628      1.224887957
v          36.1604              2.1           1.3465
v          36.1604      2.701726372      1.224887957
v          36.1604       3.19332622     0.8933262195
v          36.1604      3.524887957      0.401726372
v           36.779           3.6465             -0.2
v           36.779      3.524887957     -0.801726372
v           36.779       3.19332622      -1.29332622
v           36.779      2.701726372     -1.624887957
v           36.779              2.1          -1.7465
v           36.779      1.498273628     -1.624887957
v           36.779       1.00667378      -1.29332622
v           36.779     0.6751120427     -0.801726372
v           36.779           0.5535             -0.2
v           36.779     0.6751120427      0.401726372
v           36.779       1.00667378     0.8933262195
v           36.779      1.498273628      1.224887957
v           36.779              2.1           1.3465
v           36.779      2.701726372      1.224887957
v           36.779       3.19332622     0.8933262195
v           36.779      3.524887957      0.401726372
v      37.43789045      3.544349549             -0.2
v      37.43789045      3.430341869    -0.7606954292
v      37.43789045      3.119966607     -1.219966607
v      37.43789045      2.660695429     -1.530341869
v      37.43789045              2.1     -1.644349549
v      37.43789045      1.539304571     -1.530341869
v      37.43789045      1.080033393     -1.219966607
v      37.43789045     0.7696581308    -0.7606954292
v      37.43789045     0.6556504512             -0.2
v      37.43789045     0.7696581308     0.3606954292
v      37.43789045      1.080033393     0.8199666075
v      37.43789045      1.539304571      1.130341869
v      37.43789045              2.1      1.244349549
v      37.43789045      2.660695429      1.130341869
v      37.43789045      3.119966607     0.8199666075
v      37.43789045      3.430341869     0.3606954292
v      38.13707135      3.278188646             -0.2
v      38.13707135      3.184254175    -0.6545644889
v      38.13707135      2.929514335     -1.029514335
v      38.13707135      2.554564489     -1.284254175
v      38.13707135              2.1     -1.378188646
v      38.13707135      1.645435511     -1.284254175
v      38.13707135      1.270485665     -1.029514335
v      38.13707135      1.015745825    -0.6545644889
v      38.13707135     0.9218113535             -0.2
v      38.13707135      1.015745825     0.2545644889
v      38.13707135      1.270485665     0.6295143347
v      38.13707135      1.645435511     0.8842541747
v      38.13707135              2.1     0.9781886465
v      38.13707135      2.554564489     0.8842541747
v      38.13707135      2.929514335     0.6295143347
v      38.13707135      3.184254175     0.2545644889
v      38.81610703       2.90845297             -0.2
v      38.81610703      2.842950729    -0.5087763827
v      38.81610703      2.666409246    -0.7664092459
v      38.81610703      2.408776383    -0.9429507286
v      38.81610703              2.1      -1.00845297
v      38.81610703      1.791223617    -0.9429507286
v      38.81610703      1.533590754    -0.7664092459
v      38.81610703      1.357049271    -0.5087763827
v      38.81610703       1.29154703             -0.2
v      38.81610703      1.357049271     0.1087763827
v      38.81610703      1.533590754     0.3664092459
v      38.81610703      1.791223617     0.5429507286
v      38.81610703              2.1     0.6084529697
v      38.81610703      2.408776383     0.5429507286
v      38.81610703      2.666409246     0.3664092459
v      38.81610703      2.842950729     0.1087763827
v       39.4145618      2.495578195             -0.2
v       39.4145618      2.462757385    -0.3487739425
v       39.4145618      2.375091186    -0.4750911861
v       39.4145618      2.248773943    -0.5627573854
v       39.4145618              2.1    -0.5955781953
v       39.4145618      1.951226057    -0.5627573854
v       39.4145618      1.824908814    -0.4750911861
v       39.4145618      1.737242615    -0.3487739425
v       39.4145618      1.704421805             -0.2
v       39.4145618      1.737242615   -0.05122605749
v       39.4145618      1.824908814    0.07509118608
v       39.4145618      1.951226057     0.1627573854
v       39.4145618              2.1     0.1955781953
v       39.4145618      2.248773943     0.1627573854
v       39.4145618      2.375091186    0.07509118608
v       39.4145618      2.462757385   -0.05122605749
v           39.872              2.1             -0.2
v             35.7                0             -1.2
v      35.52428499                0     -1.218696333
v      37.93656568      5.847952665    -0.6369062039
v        37.786849      5.848015421    -0.6525150162
v      35.27172561                0     -1.245026759
v       37.5716593      5.848103897    -0.6744982066
v      34.91620865                0     -1.281055289
v      37.26874912      5.848225183    -0.7045806431
v      34.43019075                0     -1.328474789
v      36.85465397      5.848385338    -0.7441795093
v      33.79168426                0     -1.387694078
v      36.31064477      5.848586415    -0.7936432066
v      32.99528698                0      -1.45646525
v      35.63212561      5.848821607    -0.8511027109
v      32.06380245                0     -1.528377306
v       34.8385339      5.849069774    -0.9112096622
v      31.05273645                0     -1.592134339
v      33.97716869      5.849291585    -0.9645188852
v      33.11486553      5.849435632    -0.9990917066
v      30.04053431                0     -1.633480377
v      32.31907339       5.84945763     -1.004995945
v      29.10638323                0     -1.640575114
v       31.6387036      5.849341441    -0.9789094492
v      28.30773812                0     -1.609475328
v      31.09379808      5.849195679    -0.9406554935
v      27.66815036                0     -1.563550128
v      30.68002984      5.849064733    -0.8984699686
v      27.18256289                0     -1.512518126
v       30.3814875      5.848870779    -0.8403264477
v      26.83241369                0     -1.442356584
v      30.18357152       5.84854542    -0.7554318295
v      26.60088796                0     -1.340462048
v      30.09656568      5.847952665    -0.6369062039
v             26.5                0             -1.2
v      26.54350006                0     -1.028817402
v      30.13501777      5.847168922    -0.4918206437
v      26.73310539                0     -0.852730808
v      30.29775665      5.846449038    -0.3434750814
v      27.05733714                0     -0.684632357
v      30.57459306       5.84576495     -0.201891797
v       27.5334504                0    -0.5346595651
v       30.9804632      5.845155959   -0.07558894585
v      28.18057014                0    -0.4308511368
v      31.53174401      5.844752513    0.01164774065
v      28.99716286                0    -0.3945901658
v      32.22721387      5.844630112    0.04192769487
v      29.95242815                0    -0.4119432802
v      33.04075971      5.844714876    0.02716489912
v      30.98623216                0    -0.4810465128
v      33.92122508      5.845002928   -0.03110921741
v      34.79899347      5.845444105     -0.121743805
v      32.01680612                0    -0.5886124901
v      35.60584579        5.8459595    -0.2278437689
v      32.96405844                0    -0.7145467271
v      36.29412989      5.846472106    -0.3332583262
v      33.77206426                0    -0.8396603935
v      36.84482032       5.84692792    -0.4268571296
v      34.41851126                0    -0.9507416376
v      37.26325487      5.847301237    -0.5034372613
v      34.90968471                0     -1.041620501
v      37.56889873      5.847589006    -0.5624205857
v      35.26844842                0     -1.111613908
v      37.78578978      5.847801181    -0.6058834353
v      35.52302782                0     -1.163188068
v      40.17313135      11.69590533   -0.07381240789
v      40.04941301      11.69603084     -0.086333699
v      39.87159299      11.69620779    -0.1039696542
v       39.6212896      11.69645037    -0.1281059975
v      39.27911719      11.69677068    -0.1598842293
v      38.82960528      11.69717283    -0.1995923351
v      38.26896423      11.69764321    -0.2457401722
v      37.61326534      11.69813955    -0.2940420189
v      36.90160093      11.69858317    -0.3369034317
v      36.18919676      11.69887126    -0.3647030366
v      35.53176356      11.69891526    -0.3694167759
v      34.96966908      11.69868288    -0.3483435702
v       34.5194458      11.69839136    -0.3177608592
v      34.17749679      11.69812947     -0.284421811
v       33.9305613      11.69774156    -0.2382963115
v      33.76625508      11.69709084    -0.1704016108
v      33.69313135      11.69590533   -0.07381240789
v      33.72653549      11.69433784     0.0451761145
v      33.86240792      11.69289808     0.1657806451
v      34.09184898       11.6915299      0.280848763
v        34.427476      11.69031192     0.3834816734
v      34.88291788      11.68950503     0.4541466181
v      35.45726487      11.68926022     0.4784455556
v      36.12909127      11.68942975     0.4662730785
v      36.85621799      11.69000586      0.418828078
v      37.58118082      11.69088821     0.3451248802
v      38.24763315        11.691919     0.2588591892
v      38.81619552      11.69294421     0.1731437411
v      39.27112937      11.69385584    0.09702737843
v      39.61682502      11.69460247    0.03474597809
v      39.86934903      11.69517801   -0.01322726321
v      40.04855174      11.69560236   -0.04857880286
v      42.40969703        17.543858     0.4892813882
v      42.31197702      17.54404626     0.4798476182
v      42.17152667      17.54431169     0.4665588982
v      41.97383007      17.54467555     0.4483686481
v       41.7035804      17.54515601     0.4244110507
v      41.34856578      17.54575924     0.3944585363
v      40.90580285      17.54646482     0.3596223665
v      40.38799679      17.54720932     0.3231256245
v      39.82603317      17.54787475     0.2907120219
v      39.26352799       17.5483069     0.2696856334
v      38.74445372      17.54837289     0.2661623932
v      38.30063456      17.54802432     0.2822223089
v      37.94509352      17.54758704     0.3051337751
v      37.67496375       17.5471942     0.3296263466
v      37.47963511      17.54661234     0.3637338247
v      37.34893864      17.54563626      0.414628608
v      37.28969703        17.543858     0.4892813882
v       37.3180532      17.54150677     0.5821728727
v      37.42705919      17.53934711     0.6750363717
v      37.60910489      17.53729485     0.7635893231
v      37.87448881      17.53546788     0.8425522927
v      38.23409176      17.53425754     0.8966454955
v      38.68731587      17.53389034     0.9149634163
v      39.21742283      17.53414463     0.9053812579
v      39.79121091      17.53500878     0.8687653735
v      40.36336818      17.53633232     0.8119935653
v      40.88942051       17.5378785     0.7455621474
v      41.33826115      17.53941632     0.6795458084
v      41.69743843      17.54078376     0.6209118865
v      41.97039518      17.54190371     0.5729292175
v      42.16979933      17.54276702     0.5359660593
v       42.3113137      17.54340354     0.5087258296
v      44.64626271      23.39181066      1.052375184
v      44.57454104      23.39206169      1.046028935
v      44.47146036      23.39241559      1.037087451
v      44.32637055      23.39290073      1.024843294
v      44.12804362      23.39354135      1.008706331
v      43.86752629      23.39434566     0.9885094078
v      43.54264148      23.39528643     0.9649849052
v      43.16272824       23.3962791     0.9402932679
v      42.75046541      23.39716634     0.9183274754
v      42.33785922      23.39774253     0.9040743034
v      41.95714388      23.39783052     0.9017415623
v      41.63160004      23.39736576     0.9127881879
v      41.37074124      23.39678272     0.9280284094
v       41.1724307      23.39625893     0.9436745043
v      41.02870891      23.39548312      0.965763961
v       40.9316222      23.39418168     0.9996588267
v      40.88626271      23.39181066      1.052375184
v      40.90957091      23.38867569      1.119169631
v      40.99171045      23.38579615      1.184292098
v      41.12636081       23.3830598      1.246329883
v      41.32150161      23.38062383      1.301622912
v      41.58526563      23.37901005      1.339144373
v      41.91736688      23.37852045      1.351481277
v      42.30575439       23.3788595      1.344489437
v      42.72620382      23.38001171      1.318702669
v      43.14555553      23.38177642       1.27886225
v      43.53120786        23.383838      1.232265106
v      43.86032678      23.38588843      1.185947876
v      44.12374749      23.38771168      1.144796395
v      44.32396534      23.38920495      1.111112457
v      44.47024964      23.39035602      1.085159382
v      44.57407566      23.39120473      1.066030462
v      46.88282839      29.23976333       1.61546898
v      46.83710505      29.24007711      1.612210253
v      46.77139404      29.24051948      1.607616003
v      46.67891102      29.24112592      1.601317939
v      46.55250684      29.24192669      1.593001611
v       46.3864868      29.24293207      1.582560279
v       46.1794801      29.24410804      1.570347444
v      45.93745968      29.24534887      1.557460911
v      45.67489765      29.24645792      1.545942929
v      45.41219044      29.24717816      1.538462973
v      45.16983404      29.24728815      1.537320731
v      44.96256552       29.2467072      1.543354067
v      44.79638896      29.24597839      1.550923044
v      44.66989765      29.24532367      1.557722662
v      44.57778272       29.2443539      1.567794097
v      44.51430576       29.2427271      1.584689045
v      44.48282839      29.23976333       1.61546898
v      44.50108862      29.23584461      1.656166389
v      44.55636172      29.23224519      1.693547825
v      44.64361673      29.22882475      1.729070443
v      44.76851441      29.22577979      1.760693531
v       44.9364395      29.22376256       1.78164325
v      45.14741788      29.22315056      1.787999138
v      45.39408596      29.22357438      1.783597617
v      45.66119674      29.22501464      1.768639964
v      45.92774288      29.22722053      1.745730936
v      46.17299522       29.2297975      1.718968064
v      46.38239242      29.23236053      1.692349943
v      46.55005654       29.2346396      1.668680903
v      46.67753549      29.23650618      1.649295696
v      46.77069994      29.23794503      1.634352704
v      46.83683762      29.23900591      1.623335094
v      46.83703819      29.23980931      1.614991463
v      46.77122052      29.23987587      1.614300178
v      46.67856714      29.23997098      1.613312379
v      46.55189426      29.24010492      1.611921434
v       46.3854632      29.24028919      1.610007695
v      46.17785888       29.2405304      1.607502599
v      45.93503048      29.24081678      1.604528417
v      45.67147242       29.2410971      1.601617188
v      45.40766432      29.24127722      1.599746634
v         45.16423      29.24125375      1.599990333
v      44.95603402      29.24097104      1.602926363
v      44.78942032      29.24092874      1.603365666
v      44.66332742      29.24119894      1.600559607
v      44.57242747      29.24132672      1.599232529
v      44.51100148      29.24100648      1.602558381
v      44.50439291      29.23756523      1.638297053
v      44.56171697      29.23527237      1.662109393
v      44.65018696      29.23294948      1.686233498
v      44.77548305      29.23082944      1.708250909
v      44.94297101      29.22949872      1.722070954
v      45.15302192      29.22918496      1.725329536
v      45.39861208      29.22947533      1.722313956
v      45.66462197      29.23037546      1.712965705
v      45.93017208      29.23175261      1.698663429
v      46.17461644      29.23337513      1.681812909
v      46.38341601      29.23500342      1.664902527
v      46.55066912      29.23646137       1.64976108
v      46.67787937      29.23766112      1.637301257
v      46.77087347      29.23858864      1.627668529
v      46.83690447      29.23927371      1.620553884
v      46.83697133      29.23954151      1.617772674
v      46.77104699      29.23923226      1.620984354
v      46.67822326      29.23881605      1.625306818
v      46.55128169      29.23828315      1.630841257
v      46.38443961       29.2376463      1.637455111
v      46.17623766      29.23695277      1.644657754
v      45.93260128       29.2362847      1.651595923
v       45.6680472      29.23573628      1.657291447
v       45.4031382      29.23537627      1.661030295
v      45.15862596      29.23521935      1.662659935
v      44.94950251      29.23523488      1.662498659
v      44.78245168      29.23587909      1.655808287
v      44.65675719      29.23707421      1.643396552
v      44.56707222      29.23829954      1.630670961
v      44.50769719      29.23928585      1.620427717
v      37.93656568     -5.847952665    -0.6369062039
v        37.786849     -5.848015421    -0.6525150162
v       37.5716593     -5.848103897    -0.6744982066
v      37.26874912     -5.848225183    -0.7045806431
v      36.85465397     -5.848385338    -0.7441795093
v      36.31064477     -5.848586415    -0.7936432066
v      35.63212561     -5.848821607    -0.8511027109
v       34.8385339     -5.849069774    -0.9112096622
v      33.97716869     -5.849291585    -0.9645188852
v      33.11486553     -5.849435632    -0.9990917066
v      32.31907339      -5.84945763     -1.004995945
v       31.6387036     -5.849341441    -0.9789094492
v      31.09379808     -5.849195679    -0.9406554935
v      30.68002984     -5.849064733    -0.8984699686
v       30.3814875     -5.848870779    -0.8403264477
v      30.18357152      -5.84854542    -0.7554318295
v      30.09656568     -5.847952665    -0.6369062039
v      30.13501777     -5.847168922    -0.4918206437
v      30.29775665     -5.846449038    -0.3434750814
v      30.57459306      -5.84576495     -0.201891797
v       30.9804632     -5.845155959   -0.07558894585
v      31.53174401     -5.844752513    0.01164774065
v      32.22721387     -5.844630112    0.04192769487
v      33.04075971     -5.844714876    0.02716489912
v      33.92122508     -5.845002928   -0.03110921741
v      34.79899347     -5.845444105     -0.121743805
v      35.60584579       -5.8459595    -0.2278437689
v      36.29412989     -5.846472106    -0.3332583262
v      36.84482032      -5.84692792    -0.4268571296
v      37.26325487     -5.847301237    -0.5034372613
v      37.56889873     -5.847589006    -0.5624205857
v      37.78578978     -5.847801181    -0.6058834353
v      40.17313135     -11.69590533   -0.07381240789
v      40.04941301     -11.69603084     -0.086333699
v      39.87159299     -11.69620779    -0.1039696542
v       39.6212896     -11.69645037    -0.1281059975
v      39.27911719     -11.69677068    -0.1598842293
v      38.82960528     -11.69717283    -0.1995923351
v      38.26896423     -11.69764321    -0.2457401722
v      37.61326534     -11.69813955    -0.2940420189
v      36.90160093     -11.69858317    -0.3369034317
v      36.18919676     -11.69887126    -0.3647030366
v      35.53176356     -11.69891526    -0.3694167759
v      34.96966908     -11.69868288    -0.3483435702
v       34.5194458     -11.69839136    -0.3177608592
v      34.17749679     -11.69812947     -0.284421811
v       33.9305613     -11.69774156    -0.2382963115
v      33.76625508     -11.69709084    -0.1704016108
v      33.69313135     -11.69590533   -0.07381240789
v      33.72653549     -11.69433784     0.0451761145
v      33.86240792     -11.69289808     0.1657806451
v      34.09184898      -11.6915299      0.280848763
v        34.427476     -11.69031192     0.3834816734
v      34.88291788     -11.68950503     0.4541466181
v      35.45726487     -11.68926022     0.4784455556
v      36.12909127     -11.68942975     0.4662730785
v      36.85621799     -11.69000586      0.418828078
v      37.58118082     -11.69088821     0.3451248802
v      38.24763315       -11.691919     0.2588591892
v      38.81619552     -11.69294421     0.1731437411
v      39.27112937     -11.69385584    0.09702737843
v      39.61682502     -11.69460247    0.03474597809
v      39.86934903     -11.69517801   -0.01322726321
v      40.04855174     -11.69560236   -0.04857880286
v      42.40969703       -17.543858     0.4892813882
v      42.31197702     -17.54404626     0.4798476182
v      42.17152667     -17.54431169     0.4665588982
v      41.97383007     -17.54467555     0.4483686481
v       41.7035804     -17.54515601     0.4244110507
v      41.34856578     -17.54575924     0.3944585363
v      40.90580285     -17.54646482     0.3596223665
v      40.38799679     -17.54720932     0.3231256245
v      39.82603317     -17.54787475     0.2907120219
v      39.26352799      -17.5483069     0.2696856334
v      38.74445372     -17.54837289     0.2661623932
v      38.30063456     -17.54802432     0.2822223089
v      37.94509352     -17.54758704     0.3051337751
v      37.67496375      -17.5471942     0.3296263466
v      37.47963511     -17.54661234     0.3637338247
v      37.34893864     -17.54563626      0.414628608
v      37.28969703       -17.543858     0.4892813882
v       37.3180532     -17.54150677     0.5821728727
v      37.42705919     -17.53934711     0.6750363717
v      37.60910489     -17.53729485     0.7635893231
v      37.87448881     -17.53546788     0.8425522927
v      38.23409176     -17.53425754     0.8966454955
v      38.68731587     -17.53389034     0.9149634163
v      39.21742283     -17.53414463     0.9053812579
v      39.79121091     -17.53500878     0.8687653735
v      40.36336818     -17.53633232     0.8119935653
v      40.88942051      -17.5378785     0.7455621474
v      41.33826115     -17.53941632     0.6795458084
v      41.69743843     -17.54078376     0.6209118865
v      41.97039518     -17.54190371     0.5729292175
v      42.16979933     -17.54276702     0.5359660593
v       42.3113137     -17.54340354     0.5087258296
v      44.64626271     -23.39181066      1.052375184
v      44.57454104     -23.39206169      1.046028935
v      44.47146036     -23.39241559      1.037087451
v      44.32637055     -23.39290073      1.024843294
v      44.12804362     -23.39354135      1.008706331
v      43.86752629     -23.39434566     0.9885094078
v      43.54264148     -23.39528643     0.9649849052
v      43.16272824      -23.3962791     0.9402932679
v      42.75046541     -23.39716634     0.9183274754
v      42.33785922     -23.39774253     0.9040743034
v      41.95714388     -23.39783052     0.9017415623
v      41.63160004     -23.39736576     0.9127881879
v      41.37074124     -23.39678272     0.9280284094
v       41.1724307     -23.39625893     0.9436745043
v      41.02870891     -23.39548312      0.965763961
v       40.9316222     -23.39418168     0.9996588267
v      40.88626271     -23.39181066      1.052375184
v      40.90957091     -23.38867569      1.119169631
v      40.99171045     -23.38579615      1.184292098
v      41.12636081      -23.3830598      1.246329883
v      41.32150161     -23.38062383      1.301622912
v      41.58526563     -23.37901005      1.339144373
v      41.91736688     -23.37852045      1.351481277
v      42.30575439      -23.3788595      1.344489437
v      42.72620382     -23.38001171      1.318702669
v      43.14555553     -23.38177642       1.27886225
v      43.53120786       -23.383838      1.232265106
v      43.86032678     -23.38588843      1.185947876
v      44.12374749     -23.38771168      1.144796395
v      44.32396534     -23.38920495      1.111112457
v      44.47024964     -23.39035602      1.085159382
v      44.57407566     -23.39120473      1.066030462
v      46.88282839     -29.23976333       1.61546898
v      46.83710505     -29.24007711      1.612210253
v      46.77139404     -29.24051948      1.607616003
v      46.67891102     -29.24112592      1.601317939
v      46.55250684     -29.24192669      1.593001611
v       46.3864868     -29.24293207      1.582560279
v       46.1794801     -29.24410804      1.570347444
v      45.93745968     -29.24534887      1.557460911
v      45.67489765     -29.24645792      1.545942929
v      45.41219044     -29.24717816      1.538462973
v      45.16983404     -29.24728815      1.537320731
v      44.96256552      -29.2467072      1.543354067
v      44.79638896     -29.24597839      1.550923044
v      44.66989765     -29.24532367      1.557722662
v      44.57778272      -29.2443539      1.567794097
v      44.51430576      -29.2427271      1.584689045
v      44.48282839     -29.23976333       1.61546898
v      44.50108862     -29.23584461      1.656166389
v      44.55636172     -29.23224519      1.693547825
v      44.64361673     -29.22882475      1.729070443
v      44.76851441     -29.22577979      1.760693531
v       44.9364395     -29.22376256       1.78164325
v      45.14741788     -29.22315056      1.787999138
v      45.39408596     -29.22357438      1.783597617
v      45.66119674     -29.22501464      1.768639964
v      45.92774288     -29.22722053      1.745730936
v      46.17299522      -29.2297975      1.718968064
v      46.38239242     -29.23236053      1.692349943
v      46.55005654      -29.2346396      1.668680903
v      46.67753549     -29.23650618      1.649295696
v      46.77069994     -29.23794503      1.634352704
v      46.83683762     -29.23900591      1.623335094
v      46.83703819     -29.23980931      1.614991463
v      46.77122052     -29.23987587      1.614300178
v      46.67856714     -29.23997098      1.613312379
v      46.55189426     -29.24010492      1.611921434
v       46.3854632     -29.24028919      1.610007695
v      46.17785888      -29.2405304      1.607502599
v      45.93503048     -29.24081678      1.604528417
v      45.67147242      -29.2410971      1.601617188
v      45.40766432     -29.24127722      1.599746634
v         45.16423     -29.24125375      1.599990333
v      44.95603402     -29.24097104      1.602926363
v      44.78942032     -29.24092874      1.603365666
v      44.66332742     -29.24119894      1.600559607
v      44.57242747     -29.24132672      1.599232529
v      44.51100148     -29.24100648      1.602558381
v      44.50439291     -29.23756523      1.638297053
v      44.56171697     -29.23527237      1.662109393
v      44.65018696     -29.23294948      1.686233498
v      44.77548305     -29.23082944      1.708250909
v      44.94297101     -29.22949872      1.722070954
v      45.15302192     -29.22918496      1.725329536
v      45.39861208     -29.22947533      1.722313956
v      45.66462197     -29.23037546      1.712965705
v      45.93017208     -29.23175261      1.698663429
v      46.17461644     -29.23337513      1.681812909
v      46.38341601     -29.23500342      1.664902527
v      46.55066912     -29.23646137       1.64976108
v      46.67787937     -29.23766112      1.637301257
v      46.77087347     -29.23858864      1.627668529
v      46.83690447     -29.23927371      1.620553884
v      46.83697133     -29.23954151      1.617772674
v      46.77104699     -29.23923226      1.620984354
v      46.67822326     -29.23881605      1.625306818
v      46.55128169     -29.23828315      1.630841257
v      46.38443961      -29.2376463      1.637455111
v      46.17623766     -29.23695277      1.644657754
v      45.93260128      -29.2362847      1.651595923
v       45.6680472     -29.23573628      1.657291447
v       45.4031382     -29.23537627      1.661030295
v      45.15862596     -29.23521935      1.662659935
v      44.94950251     -29.23523488      1.662498659
v      44.78245168     -29.23587909      1.655808287
v      44.65675719     -29.23707421      1.643396552
v      44.56707222     -29.23829954      1.630670961
v      44.50769719     -29.23928585      1.620427717
v             64.1                0              2.2
v      63.99308528                0       2.18755332
v      64.66634481      1.939317696      2.403830503
v      64.57279443      1.939414739      2.392949858
v      63.83940055                0      2.170086784
v      64.43832029       1.93955092      2.377680952
v      63.62303861                0      2.146322342
v      64.24900359      1.939736204      2.356906539
v      63.32720757                0      2.115328458
v      63.99015143      1.939977854      2.329812289
v       62.9384806                0      2.077158035
v      63.65001533      1.940275456      2.296444448
v      62.45351963                0      2.033686528
v      63.22567449       1.94061439      2.258442503
v      61.88618618                0      1.989263954
v      62.72925771      1.940960739      2.219609154
v      61.27031949                0      1.950613899
v      62.19037436      1.941262082      2.185822028
v      61.65089927      1.941459685      2.163666366
v      60.65377653                0      1.925269406
v      61.15303182      1.941510996      2.157913256
v      60.08478516                0       1.91868826
v      60.72719364      1.941407918      2.169470584
v      59.59811295                0      1.931909017
v      60.38647821      1.941174289      2.195665491
v      59.20872388                0      1.961874117
v      60.12886951      1.940846479      2.232420249
v      58.91431394                0      2.003918931
v      59.94376842      1.940449358      2.276946237
v      58.70276984                0      2.054853476
v       59.8198856       1.93996962      2.330735429
v      58.56118948                0      2.116384464
v      59.76634481      1.939317696      2.403830503
v             58.5                0              2.2
v      58.56118948                0      2.283615536
v       59.8198856      1.938665772      2.476925578
v      58.70276984                0      2.345146524
v      59.94376842      1.938186034       2.53071477
v      58.91431394                0      2.396081069
v      60.12886951      1.937788913      2.575240758
v      59.20872388                0      2.438125883
v      60.38647821      1.937461103      2.611995516
v      59.59811295                0      2.468090983
v      60.72719364      1.937227474      2.638190423
v      60.08478516                0       2.48131174
v      61.15303182      1.937124396      2.649747751
v      60.65377653                0      2.474730594
v      61.65089927      1.937175707      2.643994641
v      61.27031949                0      2.449386101
v      62.19037436       1.93737331      2.621838979
v      62.72925771      1.937674653      2.588051853
v      61.88618618                0      2.410736046
v      63.22567449      1.938021002      2.549218504
v      62.45351963                0      2.366313472
v      63.65001533      1.938359935      2.511216558
v       62.9384806                0      2.322841965
v      63.99015143      1.938657538      2.477848718
v      63.32720757                0      2.284671542
v      64.24900359      1.938899188      2.450754467
v      63.62303861                0      2.253677658
v      64.43832029      1.939084472      2.429980055
v      63.83940055                0      2.229913216
v      64.57279443      1.939220653      2.414711149
v      63.99308528                0       2.21244668
v      65.23268961      3.878635392      2.607661007
v      65.15250357      3.878829478      2.598346396
v      65.03724003       3.87910184       2.58527512
v      64.87496857      3.879472408      2.567490737
v      64.65309529      3.879955707      2.544296121
v      64.36155006      3.880550913      2.515730862
v      63.99782934      3.881228781      2.483198479
v      63.57232925      3.881921479      2.449954354
v      63.11042923      3.882524163      2.421030157
v      62.64802201       3.88291937      2.402063325
v      62.22127848      3.883021992      2.397138252
v      61.85627433      3.882815836      2.407032152
v      61.56423253      3.882348579      2.429456866
v      61.34342507      3.881692958      2.460921568
v      61.18476699      3.880898716      2.499038998
v      61.07858172      3.879939241      2.545086394
v      61.03268961      3.878635392      2.607661007
v      61.07858172      3.877331543      2.670235619
v      61.18476699      3.876372067      2.716283015
v      61.34342507      3.875577826      2.754400446
v      61.56423253      3.874922205      2.785865148
v      61.85627433      3.874454948      2.808289862
v      62.22127848      3.874248792      2.818183762
v      62.64802201      3.874351414      2.813258688
v      63.11042923       3.87474662      2.794291856
v      63.57232925      3.875349305       2.76536766
v      63.99782934      3.876042003      2.732123535
v      64.36155006      3.876719871      2.699591151
v      64.65309529      3.877315077      2.671025893
v      64.87496857      3.877798376      2.647831277
v      65.03724003      3.878168944      2.630046893
v      65.15250357      3.878441306      2.616975618
v      65.79903442      5.817953088       2.81149151
v      65.73221272      5.818244217      2.803742934
v      65.63615976       5.81865276      2.792869288
v      65.50093355      5.819208612      2.778074935
v      65.31603915      5.819933561      2.758779952
v      65.07308479      5.820826369      2.735017276
v      64.76998419      5.821843171      2.707954454
v      64.41540078      5.822882218      2.680299554
v       64.0304841      5.823786245      2.656238286
v      63.64514475      5.824379054      2.640460285
v      63.28952515      5.824532988      2.636363248
v      62.98535502      5.824223753      2.644593719
v      62.74198685      5.823522868       2.66324824
v      62.55798063      5.822539437      2.689422886
v      62.42576557      5.821348075       2.72113176
v      62.33727784      5.819908861       2.75943736
v      62.29903442      5.817953088       2.81149151
v      62.33727784      5.815997315       2.86354566
v      62.42576557      5.814558101       2.90185126
v      62.55798063      5.813366739      2.933560134
v      62.74198685      5.812383308       2.95973478
v      62.98535502      5.811682422      2.978389301
v      63.28952515      5.811373188      2.986619773
v      63.64514475      5.811527121      2.982522735
v       64.0304841      5.812119931      2.966744734
v      64.41540078      5.813023958      2.942683466
v      64.76998419      5.814063005      2.915028566
v      65.07308479      5.815079806      2.887965744
v      65.31603915      5.815972615      2.864203068
v      65.50093355      5.816697564      2.844908086
v      65.63615976      5.817253416      2.830113732
v      65.73221272      5.817661959      2.819240087
v      66.36537923      7.757270784      3.015322013
v      66.31192187      7.757658955      3.009139472
v       66.2350795       7.75820368      3.000463457
v      66.12689853      7.758944816      2.988659132
v      65.97898301      7.759911414      2.973263784
v      65.78461953      7.761101826       2.95430369
v      65.54213904      7.762457561       2.93271043
v      65.25847232      7.763842957      2.910644754
v      64.95053897      7.765048327      2.891446416
v      64.64226749      7.765838739      2.878857245
v      64.35777181      7.766043984      2.875588244
v       64.1144357      7.765631671      2.882155287
v      63.91974117      7.764697157      2.897039615
v       63.7725362      7.763385916      2.917924205
v      63.66676415      7.761797433      2.943224521
v      63.59597396      7.759878481      2.973788325
v      63.56537923      7.757270784      3.015322013
v      63.59597396      7.754663087      3.056855702
v      63.66676415      7.752744135      3.087419506
v       63.7725362      7.751155652      3.112719822
v      63.91974117      7.749844411      3.133604412
v       64.1144357      7.748909896       3.14848874
v      64.35777181      7.748497584      3.155055783
v      64.64226749      7.748702829      3.151786782
v      64.95053897      7.749493241      3.139197611
v      65.25847232      7.750698611      3.119999273
v      65.54213904      7.752084007      3.097933597
v      65.78461953      7.753439742      3.076340337
v      65.97898301      7.754630153      3.057380243
v      66.12689853      7.755596752      3.041984895
v       66.2350795      7.756337888       3.03018057
v      66.31192187      7.756882612      3.021504555
v      66.93172403       9.69658848      3.219152517
v      66.89163101      9.697073694       3.21453601
v      66.83399924        9.6977546      3.208057625
v      66.75286351       9.69868102       3.19924333
v      66.64192687      9.699889268      3.187747615
v      66.49615426      9.701377282      3.173590103
v       66.3142939      9.703071951      3.157466405
v      66.10154385      9.704803696      3.140989954
v      65.87059384      9.706310408      3.126654545
v      65.63939023      9.707298424      3.117254205
v      65.42601847       9.70755498       3.11481324
v      65.24351639      9.707039589      3.119716854
v      65.09749549      9.705871446       3.13083099
v      64.98709176      9.704232395      3.146425524
v      64.90776272      9.702246791      3.165317283
v      64.85467009      9.699848101      3.188139291
v      64.83172403       9.69658848      3.219152517
v      64.85467009      9.693328858      3.250165743
v      64.90776272      9.690930169      3.272987751
v      64.98709176      9.688944565       3.29187951
v      65.09749549      9.687305513      3.307474044
v      65.24351639      9.686137371       3.31858818
v      65.42601847       9.68562198      3.323491794
v      65.63939023      9.685878536      3.321050829
v      65.87059384      9.686866551      3.311650489
v      66.10154385      9.688373263       3.29731508
v       66.3142939      9.690105008      3.280838629
v      66.49615426      9.691799677       3.26471493
v      66.64192687      9.693287692      3.250557418
v      66.75286351       9.69449594      3.239061704
v      66.83399924       9.69542236      3.230247409
v      66.89163101      9.696103265      3.223769024
v      66.89163101      9.696831087      3.216844263
v      66.83399924       9.69717154      3.213605071
v      66.75286351       9.69763475      3.209197923
v      66.64192687      9.698238874      3.203450066
v      66.49615426      9.698982881       3.19637131
v       66.3142939      9.699830216      3.188309461
v      66.10154385      9.700696088      3.180071235
v      65.87059384      9.701449444      3.172903531
v      65.63939023      9.701943452      3.168203361
v      65.42601847       9.70207173      3.166982878
v      65.24351639      9.701814034      3.169434685
v      65.09749549      9.701229963      3.174991753
v      64.98709176      9.700410437       3.18278902
v      64.90776272      9.699417635        3.1922349
v      64.85467009      9.698218291      3.203645904
v      64.85467009      9.694958669       3.23465913
v      64.90776272      9.693759324      3.246070134
v      64.98709176      9.692766522      3.255516013
v      65.09749549      9.691946997       3.26331328
v      65.24351639      9.691362925      3.268870348
v      65.42601847       9.69110523      3.271322155
v      65.63939023      9.691233508      3.270101673
v      65.87059384      9.691727516      3.265401503
v      66.10154385      9.692480872      3.258233798
v       66.3142939      9.693346744      3.249995573
v      66.49615426      9.694194079      3.241933724
v      66.64192687      9.694938086      3.234854968
v      66.75286351       9.69554221       3.22910711
v      66.83399924       9.69600542      3.224699963
v      66.89163101      9.696345873       3.22146077
v      66.89163101       9.69658848      3.219152517
v      66.83399924       9.69658848      3.219152517
v      66.75286351       9.69658848      3.219152517
v      66.64192687       9.69658848      3.219152517
v      66.49615426       9.69658848      3.219152517
v       66.3142939       9.69658848      3.219152517
v      66.10154385       9.69658848      3.219152517
v      65.87059384       9.69658848      3.219152517
v      65.63939023       9.69658848      3.219152517
v      65.42601847       9.69658848      3.219152517
v      65.24351639       9.69658848      3.219152517
v      65.09749549       9.69658848      3.219152517
v      64.98709176       9.69658848      3.219152517
v      64.90776272       9.69658848      3.219152517
v      64.85467009       9.69658848      3.219152517
v      64.66634481     -1.939317696      2.403830503
v      64.57279443     -1.939414739      2.392949858
v      64.43832029      -1.93955092      2.377680952
v      64.24900359     -1.939736204      2.356906539
v      63.99015143     -1.939977854      2.329812289
v      63.65001533     -1.940275456      2.296444448
v      63.22567449      -1.94061439      2.258442503
v      62.72925771     -1.940960739      2.219609154
v      62.19037436     -1.941262082      2.185822028
v      61.65089927     -1.941459685      2.163666366
v      61.15303182     -1.941510996      2.157913256
v      60.72719364     -1.941407918      2.169470584
v      60.38647821     -1.941174289      2.195665491
v      60.12886951     -1.940846479      2.232420249
v      59.94376842     -1.940449358      2.276946237
v       59.8198856      -1.93996962      2.330735429
v      59.76634481     -1.939317696      2.403830503
v       59.8198856     -1.938665772      2.476925578
v      59.94376842     -1.938186034       2.53071477
v      60.12886951     -1.937788913      2.575240758
v      60.38647821     -1.937461103      2.611995516
v      60.72719364     -1.937227474      2.638190423
v      61.15303182     -1.937124396      2.649747751
v      61.65089927     -1.937175707      2.643994641
v      62.19037436      -1.93737331      2.621838979
v      62.72925771     -1.937674653      2.588051853
v      63.22567449     -1.938021002      2.549218504
v      63.65001533     -1.938359935      2.511216558
v      63.99015143     -1.938657538      2.477848718
v      64.24900359     -1.938899188      2.450754467
v      64.43832029     -1.939084472      2.429980055
v      64.57279443     -1.939220653      2.414711149
v      65.23268961     -3.878635392      2.607661007
v      65.15250357     -3.878829478      2.598346396
v      65.03724003      -3.87910184       2.58527512
v      64.87496857     -3.879472408      2.567490737
v      64.65309529     -3.879955707      2.544296121
v      64.36155006     -3.880550913      2.515730862
v      63.99782934     -3.881228781      2.483198479
v      63.57232925     -3.881921479      2.449954354
v      63.11042923     -3.882524163      2.421030157
v      62.64802201      -3.88291937      2.402063325
v      62.22127848     -3.883021992      2.397138252
v      61.85627433     -3.882815836      2.407032152
v      61.56423253     -3.882348579      2.429456866
v      61.34342507     -3.881692958      2.460921568
v      61.18476699     -3.880898716      2.499038998
v      61.07858172     -3.879939241      2.545086394
v      61.03268961     -3.878635392      2.607661007
v      61.07858172     -3.877331543      2.670235619
v      61.18476699     -3.876372067      2.716283015
v      61.34342507     -3.875577826      2.754400446
v      61.56423253     -3.874922205      2.785865148
v      61.85627433     -3.874454948      2.808289862
v      62.22127848     -3.874248792      2.818183762
v      62.64802201     -3.874351414      2.813258688
v      63.11042923      -3.87474662      2.794291856
v      63.57232925     -3.875349305       2.76536766
v      63.99782934     -3.876042003      2.732123535
v      64.36155006     -3.876719871      2.699591151
v      64.65309529     -3.877315077      2.671025893
v      64.87496857     -3.877798376      2.647831277
v      65.03724003     -3.878168944      2.630046893
v      65.15250357     -3.878441306      2.616975618
v      65.79903442     -5.817953088       2.81149151
v      65.73221272     -5.818244217      2.803742934
v      65.63615976      -5.81865276      2.792869288
v      65.50093355     -5.819208612      2.778074935
v      65.31603915     -5.819933561      2.758779952
v      65.07308479     -5.820826369      2.735017276
v      64.76998419     -5.821843171      2.707954454
v      64.41540078     -5.822882218      2.680299554
v       64.0304841     -5.823786245      2.656238286
v      63.64514475     -5.824379054      2.640460285
v      63.28952515     -5.824532988      2.636363248
v      62.98535502     -5.824223753      2.644593719
v      62.74198685     -5.823522868       2.66324824
v      62.55798063     -5.822539437      2.689422886
v      62.42576557     -5.821348075       2.72113176
v      62.33727784     -5.819908861       2.75943736
v      62.29903442     -5.817953088       2.81149151
v      62.33727784     -5.815997315       2.86354566
v      62.42576557     -5.814558101       2.90185126
v      62.55798063     -5.813366739      2.933560134
v      62.74198685     -5.812383308       2.95973478
v      62.98535502     -5.811682422      2.978389301
v      63.28952515     -5.811373188      2.986619773
v      63.64514475     -5.811527121      2.982522735
v       64.0304841     -5.812119931      2.966744734
v      64.41540078     -5.813023958      2.942683466
v      64.76998419     -5.814063005      2.915028566
v      65.07308479     -5.815079806      2.887965744
v      65.31603915     -5.815972615      2.864203068
v      65.50093355     -5.816697564      2.844908086
v      65.63615976     -5.817253416      2.830113732
v      65.73221272     -5.817661959      2.819240087
v      66.36537923     -7.757270784      3.015322013
v      66.31192187     -7.757658955      3.009139472
v       66.2350795      -7.75820368      3.000463457
v      66.12689853     -7.758944816      2.988659132
v      65.97898301     -7.759911414      2.973263784
v      65.78461953     -7.761101826       2.95430369
v      65.54213904     -7.762457561       2.93271043
v      65.25847232     -7.763842957      2.910644754
v      64.95053897     -7.765048327      2.891446416
v      64.64226749     -7.765838739      2.878857245
v      64.35777181     -7.766043984      2.875588244
v       64.1144357     -7.765631671      2.882155287
v      63.91974117     -7.764697157      2.897039615
v       63.7725362     -7.763385916      2.917924205
v      63.66676415     -7.761797433      2.943224521
v      63.59597396     -7.759878481      2.973788325
v      63.56537923     -7.757270784      3.015322013
v      63.59597396     -7.754663087      3.056855702
v      63.66676415     -7.752744135      3.087419506
v       63.7725362     -7.751155652      3.112719822
v      63.91974117     -7.749844411      3.133604412
v       64.1144357     -7.748909896       3.14848874
v      64.35777181     -7.748497584      3.155055783
v      64.64226749     -7.748702829      3.151786782
v      64.95053897     -7.749493241      3.139197611
v      65.25847232     -7.750698611      3.119999273
v      65.54213904     -7.752084007      3.097933597
v      65.78461953     -7.753439742      3.076340337
v      65.97898301     -7.754630153      3.057380243
v      66.12689853     -7.755596752      3.041984895
v       66.2350795     -7.756337888       3.03018057
v      66.31192187     -7.756882612      3.021504555
v      66.93172403      -9.69658848      3.219152517
v      66.89163101     -9.697073694       3.21453601
v      66.83399924       -9.6977546      3.208057625
v      66.75286351      -9.69868102       3.19924333
v      66.64192687     -9.699889268      3.187747615
v      66.49615426     -9.701377282      3.173590103
v       66.3142939     -9.703071951      3.157466405
v      66.10154385     -9.704803696      3.140989954
v      65.87059384     -9.706310408      3.126654545
v      65.63939023     -9.707298424      3.117254205
v      65.42601847      -9.70755498       3.11481324
v      65.24351639     -9.707039589      3.119716854
v      65.09749549     -9.705871446       3.13083099
v      64.98709176     -9.704232395      3.146425524
v      64.90776272     -9.702246791      3.165317283
v      64.85467009     -9.699848101      3.188139291
v      64.83172403      -9.69658848      3.219152517
v      64.85467009     -9.693328858      3.250165743
v      64.90776272     -9.690930169      3.272987751
v      64.98709176     -9.688944565       3.29187951
v      65.09749549     -9.687305513      3.307474044
v      65.24351639     -9.686137371       3.31858818
v      65.42601847      -9.68562198      3.323491794
v      65.63939023     -9.685878536      3.321050829
v      65.87059384     -9.686866551      3.311650489
v      66.10154385     -9.688373263       3.29731508
v       66.3142939     -9.690105008      3.280838629
v      66.49615426     -9.691799677       3.26471493
v      66.64192687     -9.693287692      3.250557418
v      66.75286351      -9.69449594      3.239061704
v      66.83399924      -9.69542236      3.230247409
v      66.89163101     -9.696103265      3.223769024
v      66.89163101     -9.696831087      3.216844263
v      66.83399924      -9.69717154      3.213605071
v      66.75286351      -9.69763475      3.209197923
v      66.64192687     -9.698238874      3.203450066
v      66.49615426     -9.698982881       3.19637131
v       66.3142939     -9.699830216      3.188309461
v      66.10154385     -9.700696088      3.180071235
v      65.87059384     -9.701449444      3.172903531
v      65.63939023     -9.701943452      3.168203361
v      65.42601847      -9.70207173      3.166982878
v      65.24351639     -9.701814034      3.169434685
v      65.09749549     -9.701229963      3.174991753
v      64.98709176     -9.700410437       3.18278902
v      64.90776272     -9.699417635        3.1922349
v      64.85467009     -9.698218291      3.203645904
v      64.85467009     -9.694958669       3.23465913
v      64.90776272     -9.693759324      3.246070134
v      64.98709176     -9.692766522      3.255516013
v      65.09749549     -9.691946997       3.26331328
v      65.24351639     -9.691362925      3.268870348
v      65.42601847      -9.69110523      3.271322155
v      65.63939023     -9.691233508      3.270101673
v      65.87059384     -9.691727516      3.265401503
v      66.10154385     -9.692480872      3.258233798
v       66.3142939     -9.693346744      3.249995573
v      66.49615426     -9.694194079      3.241933724
v      66.64192687     -9.694938086      3.234854968
v      66.75286351      -9.69554221       3.22910711
v      66.83399924      -9.69600542      3.224699963
v      66.89163101     -9.696345873       3.22146077
v      66.89163101      -9.69658848      3.219152517
v      66.83399924      -9.69658848      3.219152517
v      66.75286351      -9.69658848      3.219152517
v      66.64192687      -9.69658848      3.219152517
v      66.49615426      -9.69658848      3.219152517
v       66.3142939      -9.69658848      3.219152517
v      66.10154385      -9.69658848      3.219152517
v      65.87059384      -9.69658848      3.219152517
v      65.63939023      -9.69658848      3.219152517
v      65.42601847      -9.69658848      3.219152517
v      65.24351639      -9.69658848      3.219152517
v      65.09749549      -9.69658848      3.219152517
v      64.98709176      -9.69658848      3.219152517
v      64.90776272      -9.69658848      3.219152517
v      64.85467009      -9.69658848      3.219152517
v             58.8                0              2.8
v      58.65108307  6.024206522e-16              2.8
v      58.65108307   0.008620738454              2.8
v       58.4370222  8.006750179e-16              2.8
v       58.4370222    0.02071829632              2.8
v      58.13566093   3.76918023e-16              2.8
v      58.13566093    0.03717786876              2.8
v      57.72361055  6.966798036e-17              2.8
v      57.72361055    0.05864465023              2.8
v       57.1821694 -7.116435586e-17              2.8
v       57.1821694    0.08508199896              2.8
v      56.50668806  1.390194853e-16              2.8
v      56.50668806     0.1151909501              2.8
v      55.71647361  4.264105096e-18              2.8
v      55.71647361     0.1459586226              2.8
v      54.85865929  2.775557562e-17              2.8
v      54.85865929     0.1727281712              2.8
v      53.99990302      0.190282108              2.8
v      53.99990302  4.060531192e-17              2.8
v      53.20737933     0.1948402987              2.8
v      53.20737933                0              2.8
v      52.52951447     0.1856834243              2.8
v      52.52951447  6.169712548e-17              2.8
v      51.98715112     0.1649291927              2.8
v      51.98715112 -5.630372515e-17              2.8
v      51.57708013     0.1358083885              2.8
v      51.57708013  2.353583088e-16              2.8
v      51.28242942     0.1005304369              2.8
v      51.28242942 -3.210340022e-16              2.8
v       51.0852282    0.05791324623              2.8
v       51.0852282  6.414968646e-16              2.8
v               51                0              2.8
v       51.0852282   -0.05791324623              2.8
v      51.28242942    -0.1005304369              2.8
v      51.57708013    -0.1358083885              2.8
v      51.98715112    -0.1649291927              2.8
v      52.52951447    -0.1856834243              2.8
v      53.20737933    -0.1948402987              2.8
v      53.99990302     -0.190282108              2.8
v      54.85865929    -0.1727281712              2.8
v      55.71647361    -0.1459586226              2.8
v      56.50668806    -0.1151909501              2.8
v       57.1821694   -0.08508199896              2.8
v      57.72361055   -0.05864465023              2.8
v      58.13566093   -0.03717786876              2.8
v       58.4370222   -0.02071829632              2.8
v      58.65108307  -0.008620738454              2.8
v      58.65108307    0.01724147691              2.8
v       58.4370222    0.04143659263              2.8
v      58.13566093    0.07435573753              2.8
v      57.72361055     0.1172893005              2.8
v       57.1821694     0.1701639979              2.8
v      56.50668806     0.2303819002              2.8
v      55.71647361     0.2919172452              2.8
v      54.85865929     0.3454563424              2.8
v      53.99990302      0.380564216              2.8
v      53.20737933     0.3896805974              2.8
v      52.52951447     0.3713668486              2.8
v      51.98715112     0.3298583855              2.8
v      51.57708013     0.2716167769              2.8
v      51.28242942     0.2010608737              2.8
v       51.0852282     0.1158264925              2.8
v       51.0852282    -0.1158264925              2.8
v      51.28242942    -0.2010608737              2.8
v      51.57708013    -0.2716167769              2.8
v      51.98715112    -0.3298583855              2.8
v      52.52951447    -0.3713668486              2.8
v      53.20737933    -0.3896805974              2.8
v      53.99990302     -0.380564216              2.8
v      54.85865929    -0.3454563424              2.8
v      55.71647361    -0.2919172452              2.8
v      56.50668806    -0.2303819002              2.8
v       57.1821694    -0.1701639979              2.8
v      57.72361055    -0.1172893005              2.8
v      58.13566093   -0.07435573753              2.8
v       58.4370222   -0.04143659263              2.8
v      58.65108307   -0.01724147691              2.8
v      59.33131983  1.200153863e-16             4.76
v      59.20149481    0.01503103115             4.76
v      59.01487764    0.03612420896             4.76
v      58.75215243    0.06482295066             4.76
v      58.39292902     0.1022522107             4.76
v      57.92090341     0.1483481008             4.76
v      57.33202224     0.2008457591             4.76
v      56.64311733     0.2544919574             4.76
v      55.89527921     0.3011670678             4.76
v       55.1466199     0.3317739319             4.76
v      54.45570181     0.3397215465             4.76
v       53.8647427     0.3237557142             4.76
v      53.39191312     0.2875688489             4.76
v      53.03441533     0.2367941132             4.76
v      52.77754035     0.1752838386             4.76
v      52.60562133     0.1009769421             4.76
v      52.53131983  1.200153863e-16             4.76
v      52.60562133    -0.1009769421             4.76
v      52.77754035    -0.1752838386             4.76
v      53.03441533    -0.2367941132             4.76
v      53.39191312    -0.2875688489             4.76
v       53.8647427    -0.3237557142             4.76
v      54.45570181    -0.3397215465             4.76
v       55.1466199    -0.3317739319             4.76
v      55.89527921    -0.3011670678             4.76
v      56.64311733    -0.2544919574             4.76
v      57.33202224    -0.2008457591             4.76
v      57.92090341    -0.1483481008             4.76
v      58.39292902    -0.1022522107             4.76
v      58.75215243   -0.06482295066             4.76
v      59.01487764   -0.03612420896             4.76
v      59.20149481   -0.01503103115             4.76
v      59.86263966  2.400307726e-16             6.72
v      59.75190655    0.01282058539             6.72
v      59.59273308    0.03081182529             6.72
v      59.36864393     0.0552901638             6.72
v       59.0622475    0.08721512086             6.72
v      58.65963742     0.1265322036             6.72
v      58.15735642     0.1713096181             6.72
v      57.56976105     0.2170666695             6.72
v      56.93189913     0.2568777931             6.72
v      56.29333677     0.2829836478             6.72
v      55.70402429     0.2897624955             6.72
v      55.19997093     0.2761445798             6.72
v      54.79667511     0.2452793123             6.72
v      54.49175053     0.2019714495             6.72
v      54.27265128     0.1495068035             6.72
v      54.12601447    0.08612739182             6.72
v      54.06263966  2.400307726e-16             6.72
v      54.12601447   -0.08612739182             6.72
v      54.27265128    -0.1495068035             6.72
v      54.49175053    -0.2019714495             6.72
v      54.79667511    -0.2452793123             6.72
v      55.19997093    -0.2761445798             6.72
v      55.70402429    -0.2897624955             6.72
v      56.29333677    -0.2829836478             6.72
v      56.93189913    -0.2568777931             6.72
v      57.56976105    -0.2170666695             6.72
v      58.15735642    -0.1713096181             6.72
v      58.65963742    -0.1265322036             6.72
v       59.0622475   -0.08721512086             6.72
v      59.36864393    -0.0552901638             6.72
v      59.59273308   -0.03081182529             6.72
v      59.75190655   -0.01282058539             6.72
v      60.39395948  3.600461589e-16             8.68
v      60.30231829    0.01061013964             8.68
v      60.17058853    0.02549944162             8.68
v      59.98513544    0.04575737694             8.68
v      59.73156598    0.07217803105             8.68
v      59.39837142     0.1047163064             8.68
v       58.9826906      0.141773477             8.68
v      58.49640478     0.1796413817             8.68
v      57.96851905     0.2125885184             8.68
v      57.44005365     0.2341933637             8.68
v      56.95234677     0.2398034446             8.68
v      56.53519916     0.2285334453             8.68
v       56.2014371     0.2029897757             8.68
v      55.94908572     0.1671487858             8.68
v       55.7677622     0.1237297684             8.68
v      55.64640761    0.07127784151             8.68
v      55.59395948  3.600461589e-16             8.68
v      55.64640761   -0.07127784151             8.68
v       55.7677622    -0.1237297684             8.68
v      55.94908572    -0.1671487858             8.68
v       56.2014371    -0.2029897757             8.68
v      56.53519916    -0.2285334453             8.68
v      56.95234677    -0.2398034446             8.68
v      57.44005365    -0.2341933637             8.68
v      57.96851905    -0.2125885184             8.68
v      58.49640478    -0.1796413817             8.68
v       58.9826906     -0.141773477             8.68
v      59.39837142    -0.1047163064             8.68
v      59.73156598   -0.07217803105             8.68
v      59.98513544   -0.04575737694             8.68
v      60.17058853   -0.02549944162             8.68
v      60.30231829   -0.01061013964             8.68
v      60.85273004   0.008399693879            10.64
v      60.92527931  4.800615453e-16            10.64
v      60.74844397    0.02018705795            10.64
v      60.60162694    0.03622459008            10.64
v      60.40088445    0.05714094125            10.64
v      60.13710543    0.08290040924            10.64
v      59.80802478      0.112237336            10.64
v       59.4230485     0.1422160938            10.64
v      59.00513897     0.1682992438            10.64
v      58.58677053     0.1854030796            10.64
v      58.20066924     0.1898443936            10.64
v      57.87042739     0.1809223109            10.64
v      57.60619909     0.1607002391            10.64
v      57.40642092     0.1323261221            10.64
v      57.26287313    0.09795273334            10.64
v      57.16680074    0.05642829119            10.64
v      57.12527931  4.800615453e-16            10.64
v      57.16680074   -0.05642829119            10.64
v      57.26287313   -0.09795273334            10.64
v      57.40642092    -0.1323261221            10.64
v      57.60619909    -0.1607002391            10.64
v      57.87042739    -0.1809223109            10.64
v      58.20066924    -0.1898443936            10.64
v      58.58677053    -0.1854030796            10.64
v      59.00513897    -0.1682992438            10.64
v       59.4230485    -0.1422160938            10.64
v      59.80802478     -0.112237336            10.64
v      60.13710543   -0.08290040924            10.64
v      60.40088445   -0.05714094125            10.64
v      60.60162694   -0.03622459008            10.64
v      60.74844397   -0.02018705795            10.64
v      60.85273004  -0.008399693879            10.64
v      61.40314178   0.006189248121             12.6
v      61.45659914  6.000769316e-16             12.6
v      61.32629942    0.01487467428             12.6
v      61.21811845    0.02669180321             12.6
v      61.07020293    0.04210385145             12.6
v      60.87583944    0.06108451207             12.6
v      60.63335896    0.08270119494             12.6
v      60.34969223      0.104790806             12.6
v      60.04175889     0.1240099691             12.6
v       59.7334874     0.1366127955             12.6
v      59.44899172     0.1398853427             12.6
v      59.20565562     0.1333111764             12.6
v      59.01096108     0.1184107025             12.6
v      58.86375611    0.09750345839             12.6
v      58.75798406    0.07217569825             12.6
v      58.68719388    0.04157874088             12.6
v      58.65659914  6.000769316e-16             12.6
v      58.68719388   -0.04157874088             12.6
v      58.75798406   -0.07217569825             12.6
v      58.86375611   -0.09750345839             12.6
v      59.01096108    -0.1184107025             12.6
v      59.20565562    -0.1333111764             12.6
v      59.44899172    -0.1398853427             12.6
v       59.7334874    -0.1366127955             12.6
v      60.04175889    -0.1240099691             12.6
v      60.34969223     -0.104790806             12.6
v      60.63335896   -0.08270119494             12.6
v      60.87583944   -0.06108451207             12.6
v      61.07020293   -0.04210385145             12.6
v      61.21811845   -0.02669180321             12.6
v      61.32629942   -0.01487467428             12.6
v      61.40314178  -0.006189248121             12.6
v      61.40314178   0.003094624061             12.6
v      61.32629942   0.007437337139             12.6
v      61.21811845    0.01334590161             12.6
v      61.07020293    0.02105192572             12.6
v      60.87583944    0.03054225604             12.6
v      60.63335896    0.04135059747             12.6
v      60.34969223    0.05239540299             12.6
v      60.04175889    0.06200498454             12.6
v       59.7334874    0.06830639775             12.6
v      59.44899172    0.06994267133             12.6
v      59.20565562    0.06665558822             12.6
v      59.01096108    0.05920535124             12.6
v      58.86375611     0.0487517292             12.6
v      58.75798406    0.03608784913             12.6
v      58.68719388    0.02078937044             12.6
v      58.68719388   -0.02078937044             12.6
v      58.75798406   -0.03608784913             12.6
v      58.86375611    -0.0487517292             12.6
v      59.01096108   -0.05920535124             12.6
v      59.20565562   -0.06665558822             12.6
v      59.44899172   -0.06994267133             12.6
v       59.7334874   -0.06830639775             12.6
v      60.04175889   -0.06200498454             12.6
v      60.34969223   -0.05239540299             12.6
v      60.63335896   -0.04135059747             12.6
v      60.87583944   -0.03054225604             12.6
v      61.07020293   -0.02105192572             12.6
v      61.21811845   -0.01334590161             12.6
v      61.32629942  -0.007437337139             12.6
v      61.40314178  -0.003094624061             12.6
v      61.40314178    8.1676529e-16             12.6
v      61.32629942  8.901722348e-16             12.6
v      61.21811845  7.408797192e-16             12.6
v      61.07020293  6.242202282e-16             12.6
v      60.87583944  5.688436052e-16             12.6
v      60.63335896  6.460765115e-16             12.6
v      60.34969223  5.960710992e-16             12.6
v      60.04175889  6.000769316e-16             12.6
v       59.7334874  6.011049831e-16             12.6
v      59.44899172  5.895503553e-16             12.6
v      59.20565562  6.239355638e-16             12.6
v      59.01096108   5.81795584e-16             12.6
v      58.86375611  6.861616904e-16             12.6
v      58.75798406  4.896566964e-16             12.6
v      58.68719388  8.305877382e-16             12.6
v      24.70280619     -9.256193815             -1.8
v      24.70280619     -9.276215819     -1.892312854
v             24.5             -9.5             -1.8
v      24.70280619     -9.329903007     -1.970096993
v      24.70280619     -9.407687146     -2.023784181
v      24.70280619             -9.5     -2.043806185
v      24.70280619     -9.592312854     -2.023784181
v      24.70280619     -9.670096993     -1.970096993
v      24.70280619     -9.723784181     -1.892312854
v      24.70280619     -9.743806185             -1.8
v      24.70280619     -9.723784181     -1.707687146
v      24.70280619     -9.670096993     -1.629903007
v      24.70280619     -9.592312854     -1.576215819
v      24.70280619             -9.5     -1.556193815
v      24.70280619     -9.407687146     -1.576215819
v      24.70280619     -9.329903007     -1.629903007
v      24.70280619     -9.276215819     -1.707687146
v      24.93815696     -8.937843041             -1.8
v      24.93815696     -8.983005408        -2.015861
v      24.93815696     -9.105122432     -2.194877568
v      24.93815696        -9.284139     -2.316994592
v      24.93815696             -9.5     -2.362156959
v      24.93815696        -9.715861     -2.316994592
v      24.93815696     -9.894877568     -2.194877568
v      24.93815696     -10.01699459        -2.015861
v      24.93815696     -10.06215696             -1.8
v      24.93815696     -10.01699459        -1.584139
v      24.93815696     -9.894877568     -1.405122432
v      24.93815696        -9.715861     -1.283005408
v      24.93815696             -9.5     -1.237843041
v      24.93815696        -9.284139     -1.283005408
v      24.93815696     -9.105122432     -1.405122432
v      24.93815696     -8.983005408        -1.584139
v      25.19210464     -8.618895361             -1.8
v      25.19210464     -8.688820114      -2.14091614
v      25.19210464     -8.878786756     -2.421213244
v      25.19210464      -9.15908386     -2.611179886
v      25.19210464             -9.5     -2.681104639
v      25.19210464      -9.84091614     -2.611179886
v      25.19210464     -10.12121324     -2.421213244
v      25.19210464     -10.31117989      -2.14091614
v      25.19210464     -10.38110464             -1.8
v      25.19210464     -10.31117989      -1.45908386
v      25.19210464     -10.12121324     -1.178786756
v      25.19210464      -9.84091614     -0.988820114
v      25.19210464             -9.5    -0.9188953609
v      25.19210464      -9.15908386     -0.988820114
v      25.19210464     -8.878786756     -1.178786756
v      25.19210464     -8.688820114      -1.45908386
v      25.45070155     -8.373298454             -1.8
v      25.45070155     -8.462111284     -2.237749976
v      25.45070155     -8.704024463     -2.595975537
v      25.45070155     -9.062250024     -2.837888716
v      25.45070155             -9.5     -2.926701546
v      25.45070155     -9.937749976     -2.837888716
v      25.45070155     -10.29597554     -2.595975537
v      25.45070155     -10.53788872     -2.237749976
v      25.45070155     -10.62670155             -1.8
v      25.45070155     -10.53788872     -1.362250024
v      25.45070155     -10.29597554     -1.004024463
v      25.45070155     -9.937749976    -0.7621112838
v      25.45070155             -9.5    -0.6732984536
v      25.45070155     -9.062250024    -0.7621112838
v      25.45070155     -8.704024463     -1.004024463
v      25.45070155     -8.462111284     -1.362250024
v             25.7           -8.275             -1.8
v             25.7     -8.371330263      -2.27663421
v             25.7     -8.633964036     -2.666035964
v             25.7      -9.02336579     -2.928669737
v             25.7             -9.5           -3.025
v             25.7      -9.97663421     -2.928669737
v             25.7     -10.36603596     -2.666035964
v             25.7     -10.62866974      -2.27663421
v             25.7          -10.725             -1.8
v             25.7     -10.62866974      -1.32336579
v             25.7     -10.36603596    -0.9339640356
v             25.7      -9.97663421    -0.6713302634
v             25.7             -9.5           -0.575
v             25.7      -9.02336579    -0.6713302634
v             25.7     -8.633964036    -0.9339640356
v             25.7     -8.371330263      -1.32336579
v            25.94           -8.275             -1.8
v            25.94     -8.371330263      -2.27663421
v            25.94     -8.633964036     -2.666035964
v            25.94      -9.02336579     -2.928669737
v            25.94             -9.5           -3.025
v            25.94      -9.97663421     -2.928669737
v            25.94     -10.36603596     -2.666035964
v            25.94     -10.62866974      -2.27663421
v            25.94          -10.725             -1.8
v            25.94     -10.62866974      -1.32336579
v            25.94     -10.36603596    -0.9339640356
v            25.94      -9.97663421    -0.6713302634
v            25.94             -9.5           -0.575
v            25.94      -9.02336579    -0.6713302634
v            25.94     -8.633964036    -0.9339640356
v            25.94     -8.371330263      -1.32336579
v            26.18           -8.275             -1.8
v            26.18     -8.371330263      -2.27663421
v            26.18     -8.633964036     -2.666035964
v            26.18      -9.02336579     -2.928669737
v            26.18             -9.5           -3.025
v            26.18      -9.97663421     -2.928669737
v            26.18     -10.36603596     -2.666035964
v            26.18     -10.62866974      -2.27663421
v            26.18          -10.725             -1.8
v            26.18     -10.62866974      -1.32336579
v            26.18     -10.36603596    -0.9339640356
v            26.18      -9.97663421    -0.6713302634
v            26.18             -9.5           -0.575
v            26.18      -9.02336579    -0.6713302634
v            26.18     -8.633964036    -0.9339640356
v            26.18     -8.371330263      -1.32336579
v            26.42           -8.275             -1.8
v            26.42     -8.371330263      -2.27663421
v            26.42     -8.633964036     -2.666035964
v            26.42      -9.02336579     -2.928669737
v            26.42             -9.5           -3.025
v            26.42      -9.97663421     -2.928669737
v            26.42     -10.36603596     -2.666035964
v            26.42     -10.62866974      -2.27663421
v            26.42          -10.725             -1.8
v            26.42     -10.62866974      -1.32336579
v            26.42     -10.36603596    -0.9339640356
v            26.42      -9.97663421    -0.6713302634
v            26.42             -9.5           -0.575
v            26.42      -9.02336579    -0.6713302634
v            26.42     -8.633964036    -0.9339640356
v            26.42     -8.371330263      -1.32336579
v            26.66           -8.275             -1.8
v            26.66     -8.371330263      -2.27663421
v            26.66     -8.633964036     -2.666035964
v            26.66      -9.02336579     -2.928669737
v            26.66             -9.5           -3.025
v            26.66      -9.97663421     -2.928669737
v            26.66     -10.36603596     -2.666035964
v            26.66     -10.62866974      -2.27663421
v            26.66          -10.725             -1.8
v            26.66     -10.62866974      -1.32336579
v            26.66     -10.36603596    -0.9339640356
v            26.66      -9.97663421    -0.6713302634
v            26.66             -9.5           -0.575
v            26.66      -9.02336579    -0.6713302634
v            26.66     -8.633964036    -0.9339640356
v            26.66     -8.371330263      -1.32336579
v             26.9           -8.275             -1.8
v             26.9     -8.371330263      -2.27663421
v             26.9     -8.633964036     -2.666035964
v             26.9      -9.02336579     -2.928669737
v             26.9             -9.5           -3.025
v             26.9      -9.97663421     -2.928669737
v             26.9     -10.36603596     -2.666035964
v             26.9     -10.62866974      -2.27663421
v             26.9          -10.725             -1.8
v             26.9     -10.62866974      -1.32336579
v             26.9     -10.36603596    -0.9339640356
v             26.9      -9.97663421    -0.6713302634
v             26.9             -9.5           -0.575
v             26.9      -9.02336579    -0.6713302634
v             26.9     -8.633964036    -0.9339640356
v             26.9     -8.371330263      -1.32336579
v            27.14           -8.275             -1.8
v            27.14     -8.371330263      -2.27663421
v            27.14     -8.633964036     -2.666035964
v            27.14      -9.02336579     -2.928669737
v            27.14             -9.5           -3.025
v            27.14      -9.97663421     -2.928669737
v            27.14     -10.36603596     -2.666035964
v            27.14     -10.62866974      -2.27663421
v            27.14          -10.725             -1.8
v            27.14     -10.62866974      -1.32336579
v            27.14     -10.36603596    -0.9339640356
v            27.14      -9.97663421    -0.6713302634
v            27.14             -9.5           -0.575
v            27.14      -9.02336579    -0.6713302634
v            27.14     -8.633964036    -0.9339640356
v            27.14     -8.371330263      -1.32336579
v            27.38           -8.275             -1.8
v            27.38     -8.371330263      -2.27663421
v            27.38     -8.633964036     -2.666035964
v            27.38      -9.02336579     -2.928669737
v            27.38             -9.5           -3.025
v            27.38      -9.97663421     -2.928669737
v            27.38     -10.36603596     -2.666035964
v            27.38     -10.62866974      -2.27663421
v            27.38          -10.725             -1.8
v            27.38     -10.62866974      -1.32336579
v            27.38     -10.36603596    -0.9339640356
v            27.38      -9.97663421    -0.6713302634
v            27.38             -9.5           -0.575
v            27.38      -9.02336579    -0.6713302634
v            27.38     -8.633964036    -0.9339640356
v            27.38     -8.371330263      -1.32336579
v            27.62           -8.275             -1.8
v            27.62     -8.371330263      -2.27663421
v            27.62     -8.633964036     -2.666035964
v            27.62      -9.02336579     -2.928669737
v            27.62             -9.5           -3.025
v            27.62      -9.97663421     -2.928669737
v            27.62     -10.36603596     -2.666035964
v            27.62     -10.62866974      -2.27663421
v            27.62          -10.725             -1.8
v            27.62     -10.62866974      -1.32336579
v            27.62     -10.36603596    -0.9339640356
v            27.62      -9.97663421    -0.6713302634
v            27.62             -9.5           -0.575
v            27.62      -9.02336579    -0.6713302634
v            27.62     -8.633964036    -0.9339640356
v            27.62     -8.371330263      -1.32336579
v            27.86           -8.275             -1.8
v            27.86     -8.371330263      -2.27663421
v            27.86     -8.633964036     -2.666035964
v            27.86      -9.02336579     -2.928669737
v            27.86             -9.5           -3.025
v            27.86      -9.97663421     -2.928669737
v            27.86     -10.36603596     -2.666035964
v            27.86     -10.62866974      -2.27663421
v            27.86          -10.725             -1.8
v            27.86     -10.62866974      -1.32336579
v            27.86     -10.36603596    -0.9339640356
v            27.86      -9.97663421    -0.6713302634
v            27.86             -9.5           -0.575
v            27.86      -9.02336579    -0.6713302634
v            27.86     -8.633964036    -0.9339640356
v            27.86     -8.371330263      -1.32336579
v             28.1           -8.275             -1.8
v             28.1     -8.371330263      -2.27663421
v             28.1     -8.633964036     -2.666035964
v             28.1      -9.02336579     -2.928669737
v             28.1             -9.5           -3.025
v             28.1      -9.97663421     -2.928669737
v             28.1     -10.36603596     -2.666035964
v             28.1     -10.62866974      -2.27663421
v             28.1          -10.725             -1.8
v             28.1     -10.62866974      -1.32336579
v             28.1     -10.36603596    -0.9339640356
v             28.1      -9.97663421    -0.6713302634
v             28.1             -9.5           -0.575
v             28.1      -9.02336579    -0.6713302634
v             28.1     -8.633964036    -0.9339640356
v             28.1     -8.371330263      -1.32336579
v      28.34929845     -8.373298454             -1.8
v      28.34929845     -8.462111284     -2.237749976
v      28.34929845     -8.704024463     -2.595975537
v      28.34929845     -9.062250024     -2.837888716
v      28.34929845             -9.5     -2.926701546
v      28.34929845     -9.937749976     -2.837888716
v      28.34929845     -10.29597554     -2.595975537
v      28.34929845     -10.53788872     -2.237749976
v      28.34929845     -10.62670155             -1.8
v      28.34929845     -10.53788872     -1.362250024
v      28.34929845     -10.29597554     -1.004024463
v      28.34929845     -9.937749976    -0.7621112838
v      28.34929845             -9.5    -0.6732984536
v      28.34929845     -9.062250024    -0.7621112838
v      28.34929845     -8.704024463     -1.004024463
v      28.34929845     -8.462111284     -1.362250024
v      28.60789536     -8.618895361             -1.8
v      28.60789536     -8.688820114      -2.14091614
v      28.60789536     -8.878786756     -2.421213244
v      28.60789536      -9.15908386     -2.611179886
v      28.60789536             -9.5     -2.681104639
v      28.60789536      -9.84091614     -2.611179886
v      28.60789536     -10.12121324     -2.421213244
v      28.60789536     -10.31117989      -2.14091614
v      28.60789536     -10.38110464             -1.8
v      28.60789536     -10.31117989      -1.45908386
v      28.60789536     -10.12121324     -1.178786756
v      28.60789536      -9.84091614     -0.988820114
v      28.60789536             -9.5    -0.9188953609
v      28.60789536      -9.15908386     -0.988820114
v      28.60789536     -8.878786756     -1.178786756
v      28.60789536     -8.688820114      -1.45908386
v      28.86184304     -8.937843041             -1.8
v      28.86184304     -8.983005408        -2.015861
v      28.86184304     -9.105122432     -2.194877568
v      28.86184304        -9.284139     -2.316994592
v      28.86184304             -9.5     -2.362156959
v      28.86184304        -9.715861     -2.316994592
v      28.86184304     -9.894877568     -2.194877568
v      28.86184304     -10.01699459        -2.015861
v      28.86184304     -10.06215696             -1.8
v      28.86184304     -10.01699459        -1.584139
v      28.86184304     -9.894877568     -1.405122432
v      28.86184304        -9.715861     -1.283005408
v      28.86184304             -9.5     -1.237843041
v      28.86184304        -9.284139     -1.283005408
v      28.86184304     -9.105122432     -1.405122432
v      28.86184304     -8.983005408        -1.584139
v      29.09719381     -9.256193815             -1.8
v      29.09719381     -9.276215819     -1.892312854
v      29.09719381     -9.329903007     -1.970096993
v      29.09719381     -9.407687146     -2.023784181
v      29.09719381             -9.5     -2.043806185
v      29.09719381     -9.592312854     -2.023784181
v      29.09719381     -9.670096993     -1.970096993
v      29.09719381     -9.723784181     -1.892312854
v      29.09719381     -9.743806185             -1.8
v      29.09719381     -9.723784181     -1.707687146
v      29.09719381     -9.670096993     -1.629903007
v      29.09719381     -9.592312854     -1.576215819
v      29.09719381             -9.5     -1.556193815
v      29.09719381     -9.407687146     -1.576215819
v      29.09719381     -9.329903007     -1.629903007
v      29.09719381     -9.276215819     -1.707687146
v             29.3             -9.5             -1.8
v      24.70280619      9.743806185             -1.8
v      24.70280619      9.723784181     -1.892312854
v             24.5              9.5             -1.8
v      24.70280619      9.670096993     -1.970096993
v      24.70280619      9.592312854     -2.023784181
v      24.70280619              9.5     -2.043806185
v      24.70280619      9.407687146     -2.023784181
v      24.70280619      9.329903007     -1.970096993
v      24.70280619      9.276215819     -1.892312854
v      24.70280619      9.256193815             -1.8
v      24.70280619      9.276215819     -1.707687146
v      24.70280619      9.329903007     -1.629903007
v      24.70280619      9.407687146     -1.576215819
v      24.70280619              9.5     -1.556193815
v      24.70280619      9.592312854     -1.576215819
v      24.70280619      9.670096993     -1.629903007
v      24.70280619      9.723784181     -1.707687146
v      24.93815696      10.06215696             -1.8
v      24.93815696      10.01699459        -2.015861
v      24.93815696      9.894877568     -2.194877568
v      24.93815696         9.715861     -2.316994592
v      24.93815696              9.5     -2.362156959
v      24.93815696         9.284139     -2.316994592
v      24.93815696      9.105122432     -2.194877568
v      24.93815696      8.983005408        -2.015861
v      24.93815696      8.937843041             -1.8
v      24.93815696      8.983005408        -1.584139
v      24.93815696      9.105122432     -1.405122432
v      24.93815696         9.284139     -1.283005408
v      24.93815696              9.5     -1.237843041
v      24.93815696         9.715861     -1.283005408
v      24.93815696      9.894877568     -1.405122432
v      24.93815696      10.01699459        -1.584139
v      25.19210464      10.38110464             -1.8
v      25.19210464      10.31117989      -2.14091614
v      25.19210464      10.12121324     -2.421213244
v      25.19210464       9.84091614     -2.611179886
v      25.19210464              9.5     -2.681104639
v      25.19210464       9.15908386     -2.611179886
v      25.19210464      8.878786756     -2.421213244
v      25.19210464      8.688820114      -2.14091614
v      25.19210464      8.618895361             -1.8
v      25.19210464      8.688820114      -1.45908386
v      25.19210464      8.878786756     -1.178786756
v      25.19210464       9.15908386     -0.988820114
v      25.19210464              9.5    -0.9188953609
v      25.19210464       9.84091614     -0.988820114
v      25.19210464      10.12121324     -1.178786756
v      25.19210464      10.31117989      -1.45908386
v      25.45070155      10.62670155             -1.8
v      25.45070155      10.53788872     -2.237749976
v      25.45070155      10.29597554     -2.595975537
v      25.45070155      9.937749976     -2.837888716
v      25.45070155              9.5     -2.926701546
v      25.45070155      9.062250024     -2.837888716
v      25.45070155      8.704024463     -2.595975537
v      25.45070155      8.462111284     -2.237749976
v      25.45070155      8.373298454             -1.8
v      25.45070155      8.462111284     -1.362250024
v      25.45070155      8.704024463     -1.004024463
v      25.45070155      9.062250024    -0.7621112838
v      25.45070155              9.5    -0.6732984536
v      25.45070155      9.937749976    -0.7621112838
v      25.45070155      10.29597554     -1.004024463
v      25.45070155      10.53788872     -1.362250024
v             25.7           10.725             -1.8
v             25.7      10.62866974      -2.27663421
v             25.7      10.36603596     -2.666035964
v             25.7       9.97663421     -2.928669737
v             25.7              9.5           -3.025
v             25.7       9.02336579     -2.928669737
v             25.7      8.633964036     -2.666035964
v             25.7      8.371330263      -2.27663421
v             25.7            8.275             -1.8
v             25.7      8.371330263      -1.32336579
v             25.7      8.633964036    -0.9339640356
v             25.7       9.02336579    -0.6713302634
v             25.7              9.5           -0.575
v             25.7       9.97663421    -0.6713302634
v             25.7      10.36603596    -0.9339640356
v             25.7      10.62866974      -1.32336579
v            25.94           10.725             -1.8
v            25.94      10.62866974      -2.27663421
v            25.94      10.36603596     -2.666035964
v            25.94       9.97663421     -2.928669737
v            25.94              9.5           -3.025
v            25.94       9.02336579     -2.928669737
v            25.94      8.633964036     -2.666035964
v            25.94      8.371330263      -2.27663421
v            25.94            8.275             -1.8
v            25.94      8.371330263      -1.32336579
v            25.94      8.633964036    -0.9339640356
v            25.94       9.02336579    -0.6713302634
v            25.94              9.5           -0.575
v            25.94       9.97663421    -0.6713302634
v            25.94      10.36603596    -0.9339640356
v            25.94      10.62866974      -1.32336579
v            26.18           10.725             -1.8
v            26.18      10.62866974      -2.27663421
v            26.18      10.36603596     -2.666035964
v            26.18       9.97663421     -2.928669737
v            26.18              9.5           -3.025
v            26.18       9.02336579     -2.928669737
v            26.18      8.633964036     -2.666035964
v            26.18      8.371330263      -2.27663421
v            26.18            8.275             -1.8
v            26.18      8.371330263      -1.32336579
v            26.18      8.633964036    -0.9339640356
v            26.18       9.02336579    -0.6713302634
v            26.18              9.5           -0.575
v            26.18       9.97663421    -0.6713302634
v            26.18      10.36603596    -0.9339640356
v            26.18      10.62866974      -1.32336579
v            26.42           10.725             -1.8
v            26.42      10.62866974      -2.27663421
v            26.42      10.36603596     -2.666035964
v            26.42       9.97663421     -2.928669737
v            26.42              9.5           -3.025
v            26.42       9.02336579     -2.928669737
v            26.42      8.633964036     -2.666035964
v            26.42      8.371330263      -2.27663421
v            26.42            8.275             -1.8
v            26.42      8.371330263      -1.32336579
v            26.42      8.633964036    -0.9339640356
v            26.42       9.02336579    -0.6713302634
v            26.42              9.5           -0.575
v            26.42       9.97663421    -0.6713302634
v            26.42      10.36603596    -0.9339640356
v            26.42      10.62866974      -1.32336579
v            26.66           10.725             -1.8
v            26.66      10.62866974      -2.27663421
v            26.66      10.36603596     -2.666035964
v            26.66       9.97663421     -2.928669737
v            26.66              9.5           -3.025
v            26.66       9.02336579     -2.928669737
v            26.66      8.633964036     -2.666035964
v            26.66      8.371330263      -2.27663421
v            26.66            8.275             -1.8
v            26.66      8.371330263      -1.32336579
v            26.66      8.633964036    -0.9339640356
v            26.66       9.02336579    -0.6713302634
v            26.66              9.5           -0.575
v            26.66       9.97663421    -0.6713302634
v            26.66      10.36603596    -0.9339640356
v            26.66      10.62866974      -1.32336579
v             26.9           10.725             -1.8
v             26.9      10.62866974      -2.27663421
v             26.9      10.36603596     -2.666035964
v             26.9       9.97663421     -2.928669737
v             26.9              9.5           -3.025
v             26.9       9.02336579     -2.928669737
v             26.9      8.633964036     -2.666035964
v             26.9      8.371330263      -2.27663421
v             26.9            8.275             -1.8
v             26.9      8.371330263      -1.32336579
v             26.9      8.633964036    -0.9339640356
v             26.9       9.02336579    -0.6713302634
v             26.9              9.5           -0.575
v             26.9       9.97663421    -0.6713302634
v             26.9      10.36603596    -0.9339640356
v             26.9      10.62866974      -1.32336579
v            27.14           10.725             -1.8
v            27.14      10.62866974      -2.27663421
v            27.14      10.36603596     -2.666035964
v            27.14       9.97663421     -2.928669737
v            27.14              9.5           -3.025
v            27.14       9.02336579     -2.928669737
v            27.14      8.633964036     -2.666035964
v            27.14      8.371330263      -2.27663421
v            27.14            8.275             -1.8
v            27.14      8.371330263      -1.32336579
v            27.14      8.633964036    -0.9339640356
v            27.14       9.02336579    -0.6713302634
v            27.14              9.5           -0.575
v            27.14       9.97663421    -0.6713302634
v            27.14      10.36603596    -0.9339640356
v            27.14      10.62866974      -1.32336579
v            27.38           10.725             -1.8
v            27.38      10.62866974      -2.27663421
v            27.38      10.36603596     -2.666035964
v            27.38       9.97663421     -2.928669737
v            27.38              9.5           -3.025
v            27.38       9.02336579     -2.928669737
v            27.38      8.633964036     -2.666035964
v            27.38      8.371330263      -2.27663421
v            27.38            8.275             -1.8
v            27.38      8.371330263      -1.32336579
v            27.38      8.633964036    -0.9339640356
v            27.38       9.02336579    -0.6713302634
v            27.38              9.5           -0.575
v            27.38       9.97663421    -0.6713302634
v            27.38      10.36603596    -0.9339640356
v            27.38      10.62866974      -1.32336579
v            27.62           10.725             -1.8
v            27.62      10.62866974      -2.27663421
v            27.62      10.36603596     -2.666035964
v            27.62       9.97663421     -2.928669737
v            27.62              9.5           -3.025
v            27.62       9.02336579     -2.928669737
v            27.62      8.633964036     -2.666035964
v            27.62      8.371330263      -2.27663421
v            27.62            8.275             -1.8
v            27.62      8.371330263      -1.32336579
v            27.62      8.633964036    -0.9339640356
v            27.62       9.02336579    -0.6713302634
v            27.62              9.5           -0.575
v            27.62       9.97663421    -0.6713302634
v            27.62      10.36603596    -0.9339640356
v            27.62      10.62866974      -1.32336579
v            27.86           10.725             -1.8
v            27.86      10.62866974      -2.27663421
v            27.86      10.36603596     -2.666035964
v            27.86       9.97663421     -2.928669737
v            27.86              9.5           -3.025
v            27.86       9.02336579     -2.928669737
v            27.86      8.633964036     -2.666035964
v            27.86      8.371330263      -2.27663421
v            27.86            8.275             -1.8
v            27.86      8.371330263      -1.32336579
v            27.86      8.633964036    -0.9339640356
v            27.86       9.02336579    -0.6713302634
v            27.86              9.5           -0.575
v            27.86       9.97663421    -0.6713302634
v            27.86      10.36603596    -0.9339640356
v            27.86      10.62866974      -1.32336579
v             28.1           10.725             -1.8
v             28.1      10.62866974      -2.27663421
v             28.1      10.36603596     -2.666035964
v             28.1       9.97663421     -2.928669737
v             28.1              9.5           -3.025
v             28.1       9.02336579     -2.928669737
v             28.1      8.633964036     -2.666035964
v             28.1      8.371330263      -2.27663421
v             28.1            8.275             -1.8
v             28.1      8.371330263      -1.32336579
v             28.1      8.633964036    -0.9339640356
v             28.1       9.02336579    -0.6713302634
v             28.1              9.5           -0.575
v             28.1       9.97663421    -0.6713302634
v             28.1      10.36603596    -0.9339640356
v             28.1      10.62866974      -1.32336579
v      28.34929845      10.62670155             -1.8
v      28.34929845      10.53788872     -2.237749976
v      28.34929845      10.29597554     -2.595975537
v      28.34929845      9.937749976     -2.837888716
v      28.34929845              9.5     -2.926701546
v      28.34929845      9.062250024     -2.837888716
v      28.34929845      8.704024463     -2.595975537
v      28.34929845      8.462111284     -2.237749976
v      28.34929845      8.373298454             -1.8
v      28.34929845      8.462111284     -1.362250024
v      28.34929845      8.704024463     -1.004024463
v      28.34929845      9.062250024    -0.7621112838
v      28.34929845              9.5    -0.6732984536
v      28.34929845      9.937749976    -0.7621112838
v      28.34929845      10.29597554     -1.004024463
v      28.34929845      10.53788872     -1.362250024
v      28.60789536      10.38110464             -1.8
v      28.60789536      10.31117989      -2.14091614
v      28.60789536      10.12121324     -2.421213244
v      28.60789536       9.84091614     -2.611179886
v      28.60789536              9.5     -2.681104639
v      28.60789536       9.15908386     -2.611179886
v      28.60789536      8.878786756     -2.421213244
v      28.60789536      8.688820114      -2.14091614
v      28.60789536      8.618895361             -1.8
v      28.60789536      8.688820114      -1.45908386
v      28.60789536      8.878786756     -1.178786756
v      28.60789536       9.15908386     -0.988820114
v      28.60789536              9.5    -0.9188953609
v      28.60789536       9.84091614     -0.988820114
v      28.60789536      10.12121324     -1.178786756
v      28.60789536      10.31117989      -1.45908386
v      28.86184304      10.06215696             -1.8
v      28.86184304      10.01699459        -2.015861
v      28.86184304      9.894877568     -2.194877568
v      28.86184304         9.715861     -2.316994592
v      28.86184304              9.5     -2.362156959
v      28.86184304         9.284139     -2.316994592
v      28.86184304      9.105122432     -2.194877568
v      28.86184304      8.983005408        -2.015861
v      28.86184304      8.937843041             -1.8
v      28.86184304      8.983005408        -1.584139
v      28.86184304      9.105122432     -1.405122432
v      28.86184304         9.284139     -1.283005408
v      28.86184304              9.5     -1.237843041
v      28.86184304         9.715861     -1.283005408
v      28.86184304      9.894877568     -1.405122432
v      28.86184304      10.01699459        -1.584139
v      29.09719381      9.743806185             -1.8
v      29.09719381      9.723784181     -1.892312854
v      29.09719381      9.670096993     -1.970096993
v      29.09719381      9.592312854     -2.023784181
v      29.09719381              9.5     -2.043806185
v      29.09719381      9.407687146     -2.023784181
v      29.09719381      9.329903007     -1.970096993
v      29.09719381      9.276215819     -1.892312854
v      29.09719381      9.256193815             -1.8
v      29.09719381      9.276215819     -1.707687146
v      29.09719381      9.329903007     -1.629903007
v      29.09719381      9.407687146     -1.576215819
v      29.09719381              9.5     -1.556193815
v      29.09719381      9.592312854     -1.576215819
v      29.09719381      9.670096993     -1.629903007
v      29.09719381      9.723784181     -1.707687146
v             29.3              9.5             -1.8
v      31.20280619     -17.55619381             -0.9
v      31.20280619     -17.57621582     -0.992312854
v               31            -17.8             -0.9
v      31.20280619     -17.62990301     -1.070096993
v      31.20280619     -17.70768715     -1.123784181
v      31.20280619            -17.8     -1.143806185
v      31.20280619     -17.89231285     -1.123784181
v      31.20280619     -17.97009699     -1.070096993
v      31.20280619     -18.02378418     -0.992312854
v      31.20280619     -18.04380619             -0.9
v      31.20280619     -18.02378418     -0.807687146
v      31.20280619     -17.97009699    -0.7299030072
v      31.20280619     -17.89231285    -0.6762158185
v      31.20280619            -17.8    -0.6561938146
v      31.20280619     -17.70768715    -0.6762158185
v      31.20280619     -17.62990301    -0.7299030072
v      31.20280619     -17.57621582     -0.807687146
v      31.43815696     -17.23784304             -0.9
v      31.43815696     -17.28300541        -1.115861
v      31.43815696     -17.40512243     -1.294877568
v      31.43815696       -17.584139     -1.416994592
v      31.43815696            -17.8     -1.462156959
v      31.43815696       -18.015861     -1.416994592
v      31.43815696     -18.19487757     -1.294877568
v      31.43815696     -18.31699459        -1.115861
v      31.43815696     -18.36215696             -0.9
v      31.43815696     -18.31699459    -0.6841389999
v      31.43815696     -18.19487757    -0.5051224315
v      31.43815696       -18.015861    -0.3830054078
v      31.43815696            -17.8    -0.3378430414
v      31.43815696       -17.584139    -0.3830054078
v      31.43815696     -17.40512243    -0.5051224315
v      31.43815696     -17.28300541    -0.6841389999
v      31.69210464     -16.91889536             -0.9
v      31.69210464     -16.98882011      -1.24091614
v      31.69210464     -17.17878676     -1.521213244
v      31.69210464     -17.45908386     -1.711179886
v      31.69210464            -17.8     -1.781104639
v      31.69210464     -18.14091614     -1.711179886
v      31.69210464     -18.42121324     -1.521213244
v      31.69210464     -18.61117989      -1.24091614
v      31.69210464     -18.68110464             -0.9
v      31.69210464     -18.61117989    -0.5590838598
v      31.69210464     -18.42121324    -0.2787867557
v      31.69210464     -18.14091614   -0.08882011402
v      31.69210464            -17.8   -0.01889536095
v      31.69210464     -17.45908386   -0.08882011402
v      31.69210464     -17.17878676    -0.2787867557
v      31.69210464     -16.98882011    -0.5590838598
v      31.95070155     -16.67329845             -0.9
v      31.95070155     -16.76211128     -1.337749976
v      31.95070155     -17.00402446     -1.695975537
v      31.95070155     -17.36225002     -1.937888716
v      31.95070155            -17.8     -2.026701546
v      31.95070155     -18.23774998     -1.937888716
v      31.95070155     -18.59597554     -1.695975537
v      31.95070155     -18.83788872     -1.337749976
v      31.95070155     -18.92670155             -0.9
v      31.95070155     -18.83788872    -0.4622500239
v      31.95070155     -18.59597554    -0.1040244628
v      31.95070155     -18.23774998     0.1378887162
v      31.95070155            -17.8     0.2267015464
v      31.95070155     -17.36225002     0.1378887162
v      31.95070155     -17.00402446    -0.1040244628
v      31.95070155     -16.76211128    -0.4622500239
v             32.2          -16.575             -0.9
v             32.2     -16.67133026      -1.37663421
v             32.2     -16.93396404     -1.766035964
v             32.2     -17.32336579     -2.028669737
v             32.2            -17.8           -2.125
v             32.2     -18.27663421     -2.028669737
v             32.2     -18.66603596     -1.766035964
v             32.2     -18.92866974      -1.37663421
v             32.2          -19.025             -0.9
v             32.2     -18.92866974    -0.4233657901
v             32.2     -18.66603596   -0.03396403562
v             32.2     -18.27663421     0.2286697366
v             32.2            -17.8            0.325
v             32.2     -17.32336579     0.2286697366
v             32.2     -16.93396404   -0.03396403562
v             32.2     -16.67133026    -0.4233657901
v            32.44          -16.575             -0.9
v            32.44     -16.67133026      -1.37663421
v            32.44     -16.93396404     -1.766035964
v            32.44     -17.32336579     -2.028669737
v            32.44            -17.8           -2.125
v            32.44     -18.27663421     -2.028669737
v            32.44     -18.66603596     -1.766035964
v            32.44     -18.92866974      -1.37663421
v            32.44          -19.025             -0.9
v            32.44     -18.92866974    -0.4233657901
v            32.44     -18.66603596   -0.03396403562
v            32.44     -18.27663421     0.2286697366
v            32.44            -17.8            0.325
v            32.44     -17.32336579     0.2286697366
v            32.44     -16.93396404   -0.03396403562
v            32.44     -16.67133026    -0.4233657901
v            32.68          -16.575             -0.9
v            32.68     -16.67133026      -1.37663421
v            32.68     -16.93396404     -1.766035964
v            32.68     -17.32336579     -2.028669737
v            32.68            -17.8           -2.125
v            32.68     -18.27663421     -2.028669737
v            32.68     -18.66603596     -1.766035964
v            32.68     -18.92866974      -1.37663421
v            32.68          -19.025             -0.9
v            32.68     -18.92866974    -0.4233657901
v            32.68     -18.66603596   -0.03396403562
v            32.68     -18.27663421     0.2286697366
v            32.68            -17.8            0.325
v            32.68     -17.32336579     0.2286697366
v            32.68     -16.93396404   -0.03396403562
v            32.68     -16.67133026    -0.4233657901
v            32.92          -16.575             -0.9
v            32.92     -16.67133026      -1.37663421
v            32.92     -16.93396404     -1.766035964
v            32.92     -17.32336579     -2.028669737
v            32.92            -17.8           -2.125
v            32.92     -18.27663421     -2.028669737
v            32.92     -18.66603596     -1.766035964
v            32.92     -18.92866974      -1.37663421
v            32.92          -19.025             -0.9
v            32.92     -18.92866974    -0.4233657901
v            32.92     -18.66603596   -0.03396403562
v            32.92     -18.27663421     0.2286697366
v            32.92            -17.8            0.325
v            32.92     -17.32336579     0.2286697366
v            32.92     -16.93396404   -0.03396403562
v            32.92     -16.67133026    -0.4233657901
v            33.16          -16.575             -0.9
v            33.16     -16.67133026      -1.37663421
v            33.16     -16.93396404     -1.766035964
v            33.16     -17.32336579     -2.028669737
v            33.16            -17.8           -2.125
v            33.16     -18.27663421     -2.028669737
v            33.16     -18.66603596     -1.766035964
v            33.16     -18.92866974      -1.37663421
v            33.16          -19.025             -0.9
v            33.16     -18.92866974    -0.4233657901
v            33.16     -18.66603596   -0.03396403562
v            33.16     -18.27663421     0.2286697366
v            33.16            -17.8            0.325
v            33.16     -17.32336579     0.2286697366
v            33.16     -16.93396404   -0.03396403562
v            33.16     -16.67133026    -0.4233657901
v             33.4          -16.575             -0.9
v             33.4     -16.67133026      -1.37663421
v             33.4     -16.93396404     -1.766035964
v             33.4     -17.32336579     -2.028669737
v             33.4            -17.8           -2.125
v             33.4     -18.27663421     -2.028669737
v             33.4     -18.66603596     -1.766035964
v             33.4     -18.92866974      -1.37663421
v             33.4          -19.025             -0.9
v             33.4     -18.92866974    -0.4233657901
v             33.4     -18.66603596   -0.03396403562
v             33.4     -18.27663421     0.2286697366
v             33.4            -17.8            0.325
v             33.4     -17.32336579     0.2286697366
v             33.4     -16.93396404   -0.03396403562
v             33.4     -16.67133026    -0.4233657901
v            33.64          -16.575             -0.9
v            33.64     -16.67133026      -1.37663421
v            33.64     -16.93396404     -1.766035964
v            33.64     -17.32336579     -2.028669737
v            33.64            -17.8           -2.125
v            33.64     -18.27663421     -2.028669737
v            33.64     -18.66603596     -1.766035964
v            33.64     -18.92866974      -1.37663421
v            33.64          -19.025             -0.9
v            33.64     -18.92866974    -0.4233657901
v            33.64     -18.66603596   -0.03396403562
v            33.64     -18.27663421     0.2286697366
v            33.64            -17.8            0.325
v            33.64     -17.32336579     0.2286697366
v            33.64     -16.93396404   -0.03396403562
v            33.64     -16.67133026    -0.4233657901
v            33.88          -16.575             -0.9
v            33.88     -16.67133026      -1.37663421
v            33.88     -16.93396404     -1.766035964
v            33.88     -17.32336579     -2.028669737
v            33.88            -17.8           -2.125
v            33.88     -18.27663421     -2.028669737
v            33.88     -18.66603596     -1.766035964
v            33.88     -18.92866974      -1.37663421
v            33.88          -19.025             -0.9
v            33.88     -18.92866974    -0.4233657901
v            33.88     -18.66603596   -0.03396403562
v            33.88     -18.27663421     0.2286697366
v            33.88            -17.8            0.325
v            33.88     -17.32336579     0.2286697366
v            33.88     -16.93396404   -0.03396403562
v            33.88     -16.67133026    -0.4233657901
v            34.12          -16.575             -0.9
v            34.12     -16.67133026      -1.37663421
v            34.12     -16.93396404     -1.766035964
v            34.12     -17.32336579     -2.028669737
v            34.12            -17.8           -2.125
v            34.12     -18.27663421     -2.028669737
v            34.12     -18.66603596     -1.766035964
v            34.12     -18.92866974      -1.37663421
v            34.12          -19.025             -0.9
v            34.12     -18.92866974    -0.4233657901
v            34.12     -18.66603596   -0.03396403562
v            34.12     -18.27663421     0.2286697366
v            34.12            -17.8            0.325
v            34.12     -17.32336579     0.2286697366
v            34.12     -16.93396404   -0.03396403562
v            34.12     -16.67133026    -0.4233657901
v            34.36          -16.575             -0.9
v            34.36     -16.67133026      -1.37663421
v            34.36     -16.93396404     -1.766035964
v            34.36     -17.32336579     -2.028669737
v            34.36            -17.8           -2.125
v            34.36     -18.27663421     -2.028669737
v            34.36     -18.66603596     -1.766035964
v            34.36     -18.92866974      -1.37663421
v            34.36          -19.025             -0.9
v            34.36     -18.92866974    -0.4233657901
v            34.36     -18.66603596   -0.03396403562
v            34.36     -18.27663421     0.2286697366
v            34.36            -17.8            0.325
v            34.36     -17.32336579     0.2286697366
v            34.36     -16.93396404   -0.03396403562
v            34.36     -16.67133026    -0.4233657901
v             34.6          -16.575             -0.9
v             34.6     -16.67133026      -1.37663421
v             34.6     -16.93396404     -1.766035964
v             34.6     -17.32336579     -2.028669737
v             34.6            -17.8           -2.125
v             34.6     -18.27663421     -2.028669737
v             34.6     -18.66603596     -1.766035964
v             34.6     -18.92866974      -1.37663421
v             34.6          -19.025             -0.9
v             34.6     -18.92866974    -0.4233657901
v             34.6     -18.66603596   -0.03396403562
v             34.6     -18.27663421     0.2286697366
v             34.6            -17.8            0.325
v             34.6     -17.32336579     0.2286697366
v             34.6     -16.93396404   -0.03396403562
v             34.6     -16.67133026    -0.4233657901
v      34.84929845     -16.67329845             -0.9
v      34.84929845     -16.76211128     -1.337749976
v      34.84929845     -17.00402446     -1.695975537
v      34.84929845     -17.36225002     -1.937888716
v      34.84929845            -17.8     -2.026701546
v      34.84929845     -18.23774998     -1.937888716
v      34.84929845     -18.59597554     -1.695975537
v      34.84929845     -18.83788872     -1.337749976
v      34.84929845     -18.92670155             -0.9
v      34.84929845     -18.83788872    -0.4622500239
v      34.84929845     -18.59597554    -0.1040244628
v      34.84929845     -18.23774998     0.1378887162
v      34.84929845            -17.8     0.2267015464
v      34.84929845     -17.36225002     0.1378887162
v      34.84929845     -17.00402446    -0.1040244628
v      34.84929845     -16.76211128    -0.4622500239
v      35.10789536     -16.91889536             -0.9
v      35.10789536     -16.98882011      -1.24091614
v      35.10789536     -17.17878676     -1.521213244
v      35.10789536     -17.45908386     -1.711179886
v      35.10789536            -17.8     -1.781104639
v      35.10789536     -18.14091614     -1.711179886
v      35.10789536     -18.42121324     -1.521213244
v      35.10789536     -18.61117989      -1.24091614
v      35.10789536     -18.68110464             -0.9
v      35.10789536     -18.61117989    -0.5590838598
v      35.10789536     -18.42121324    -0.2787867557
v      35.10789536     -18.14091614   -0.08882011402
v      35.10789536            -17.8   -0.01889536095
v      35.10789536     -17.45908386   -0.08882011402
v      35.10789536     -17.17878676    -0.2787867557
v      35.10789536     -16.98882011    -0.5590838598
v      35.36184304     -17.23784304             -0.9
v      35.36184304     -17.28300541        -1.115861
v      35.36184304     -17.40512243     -1.294877568
v      35.36184304       -17.584139     -1.416994592
v      35.36184304            -17.8     -1.462156959
v      35.36184304       -18.015861     -1.416994592
v      35.36184304     -18.19487757     -1.294877568
v      35.36184304     -18.31699459        -1.115861
v      35.36184304     -18.36215696             -0.9
v      35.36184304     -18.31699459    -0.6841389999
v      35.36184304     -18.19487757    -0.5051224315
v      35.36184304       -18.015861    -0.3830054078
v      35.36184304            -17.8    -0.3378430414
v      35.36184304       -17.584139    -0.3830054078
v      35.36184304     -17.40512243    -0.5051224315
v      35.36184304     -17.28300541    -0.6841389999
v      35.59719381     -17.55619381             -0.9
v      35.59719381     -17.57621582     -0.992312854
v      35.59719381     -17.62990301     -1.070096993
v      35.59719381     -17.70768715     -1.123784181
v      35.59719381            -17.8     -1.143806185
v      35.59719381     -17.89231285     -1.123784181
v      35.59719381     -17.97009699     -1.070096993
v      35.59719381     -18.02378418     -0.992312854
v      35.59719381     -18.04380619             -0.9
v      35.59719381     -18.02378418     -0.807687146
v      35.59719381     -17.97009699    -0.7299030072
v      35.59719381     -17.89231285    -0.6762158185
v      35.59719381            -17.8    -0.6561938146
v      35.59719381     -17.70768715    -0.6762158185
v      35.59719381     -17.62990301    -0.7299030072
v      35.59719381     -17.57621582     -0.807687146
v             35.8            -17.8             -0.9
v      31.20280619      18.04380619             -0.9
v      31.20280619      18.02378418     -0.992312854
v               31             17.8             -0.9
v      31.20280619      17.97009699     -1.070096993
v      31.20280619      17.89231285     -1.123784181
v      31.20280619             17.8     -1.143806185
v      31.20280619      17.70768715     -1.123784181
v      31.20280619      17.62990301     -1.070096993
v      31.20280619      17.57621582     -0.992312854
v      31.20280619      17.55619381             -0.9
v      31.20280619      17.57621582     -0.807687146
v      31.20280619      17.62990301    -0.7299030072
v      31.20280619      17.70768715    -0.6762158185
v      31.20280619             17.8    -0.6561938146
v      31.20280619      17.89231285    -0.6762158185
v      31.20280619      17.97009699    -0.7299030072
v      31.20280619      18.02378418     -0.807687146
v      31.43815696      18.36215696             -0.9
v      31.43815696      18.31699459        -1.115861
v      31.43815696      18.19487757     -1.294877568
v      31.43815696        18.015861     -1.416994592
v      31.43815696             17.8     -1.462156959
v      31.43815696        17.584139     -1.416994592
v      31.43815696      17.40512243     -1.294877568
v      31.43815696      17.28300541        -1.115861
v      31.43815696      17.23784304             -0.9
v      31.43815696      17.28300541    -0.6841389999
v      31.43815696      17.40512243    -0.5051224315
v      31.43815696        17.584139    -0.3830054078
v      31.43815696             17.8    -0.3378430414
v      31.43815696        18.015861    -0.3830054078
v      31.43815696      18.19487757    -0.5051224315
v      31.43815696      18.31699459    -0.6841389999
v      31.69210464      18.68110464             -0.9
v      31.69210464      18.61117989      -1.24091614
v      31.69210464      18.42121324     -1.521213244
v      31.69210464      18.14091614     -1.711179886
v      31.69210464             17.8     -1.781104639
v      31.69210464      17.45908386     -1.711179886
v      31.69210464      17.17878676     -1.521213244
v      31.69210464      16.98882011      -1.24091614
v      31.69210464      16.91889536             -0.9
v      31.69210464      16.98882011    -0.5590838598
v      31.69210464      17.17878676    -0.2787867557
v      31.69210464      17.45908386   -0.08882011402
v      31.69210464             17.8   -0.01889536095
v      31.69210464      18.14091614   -0.08882011402
v      31.69210464      18.42121324    -0.2787867557
v      31.69210464      18.61117989    -0.5590838598
v      31.95070155      18.92670155             -0.9
v      31.95070155      18.83788872     -1.337749976
v      31.95070155      18.59597554     -1.695975537
v      31.95070155      18.23774998     -1.937888716
v      31.95070155             17.8     -2.026701546
v      31.95070155      17.36225002     -1.937888716
v      31.95070155      17.00402446     -1.695975537
v      31.95070155      16.76211128     -1.337749976
v      31.95070155      16.67329845             -0.9
v      31.95070155      16.76211128    -0.4622500239
v      31.95070155      17.00402446    -0.1040244628
v      31.95070155      17.36225002     0.1378887162
v      31.95070155             17.8     0.2267015464
v      31.95070155      18.23774998     0.1378887162
v      31.95070155      18.59597554    -0.1040244628
v      31.95070155      18.83788872    -0.4622500239
v             32.2           19.025             -0.9
v             32.2      18.92866974      -1.37663421
v             32.2      18.66603596     -1.766035964
v             32.2      18.27663421     -2.028669737
v             32.2             17.8           -2.125
v             32.2      17.32336579     -2.028669737
v             32.2      16.93396404     -1.766035964
v             32.2      16.67133026      -1.37663421
v             32.2           16.575             -0.9
v             32.2      16.67133026    -0.4233657901
v             32.2      16.93396404   -0.03396403562
v             32.2      17.32336579     0.2286697366
v             32.2             17.8            0.325
v             32.2      18.27663421     0.2286697366
v             32.2      18.66603596   -0.03396403562
v             32.2      18.92866974    -0.4233657901
v            32.44           19.025             -0.9
v            32.44      18.92866974      -1.37663421
v            32.44      18.66603596     -1.766035964
v            32.44      18.27663421     -2.028669737
v            32.44             17.8           -2.125
v            32.44      17.32336579     -2.028669737
v            32.44      16.93396404     -1.766035964
v            32.44      16.67133026      -1.37663421
v            32.44           16.575             -0.9
v            32.44      16.67133026    -0.4233657901
v            32.44      16.93396404   -0.03396403562
v            32.44      17.32336579     0.2286697366
v            32.44             17.8            0.325
v            32.44      18.27663421     0.2286697366
v            32.44      18.66603596   -0.03396403562
v            32.44      18.92866974    -0.4233657901
v            32.68           19.025             -0.9
v            32.68      18.92866974      -1.37663421
v            32.68      18.66603596     -1.766035964
v            32.68      18.27663421     -2.028669737
v            32.68             17.8           -2.125
v            32.68      17.32336579     -2.028669737
v            32.68      16.93396404     -1.766035964
v            32.68      16.67133026      -1.37663421
v            32.68           16.575             -0.9
v            32.68      16.67133026    -0.4233657901
v            32.68      16.93396404   -0.03396403562
v            32.68      17.32336579     0.2286697366
v            32.68             17.8            0.325
v            32.68      18.27663421     0.2286697366
v            32.68      18.66603596   -0.03396403562
v            32.68      18.92866974    -0.4233657901
v            32.92           19.025             -0.9
v            32.92      18.92866974      -1.37663421
v            32.92      18.66603596     -1.766035964
v            32.92      18.27663421     -2.028669737
v            32.92             17.8           -2.125
v            32.92      17.32336579     -2.028669737
v            32.92      16.93396404     -1.766035964
v            32.92      16.67133026      -1.37663421
v            32.92           16.575             -0.9
v            32.92      16.67133026    -0.4233657901
v            32.92      16.93396404   -0.03396403562
v            32.92      17.32336579     0.2286697366
v            32.92             17.8            0.325
v            32.92      18.27663421     0.2286697366
v            32.92      18.66603596   -0.03396403562
v            32.92      18.92866974    -0.4233657901
v            33.16           19.025             -0.9
v            33.16      18.92866974      -1.37663421
v            33.16      18.66603596     -1.766035964
v            33.16      18.27663421     -2.028669737
v            33.16             17.8           -2.125
v            33.16      17.32336579     -2.028669737
v            33.16      16.93396404     -1.766035964
v            33.16      16.67133026      -1.37663421
v            33.16           16.575             -0.9
v            33.16      16.67133026    -0.4233657901
v            33.16      16.93396404   -0.03396403562
v            33.16      17.32336579     0.2286697366
v            33.16             17.8            0.325
v            33.16      18.27663421     0.2286697366
v            33.16      18.66603596   -0.03396403562
v            33.16      18.92866974    -0.4233657901
v             33.4           19.025             -0.9
v             33.4      18.92866974      -1.37663421
v             33.4      18.66603596     -1.766035964
v             33.4      18.27663421     -2.028669737
v             33.4             17.8           -2.125
v             33.4      17.32336579     -2.028669737
v             33.4      16.93396404     -1.766035964
v             33.4      16.67133026      -1.37663421
v             33.4           16.575             -0.9
v             33.4      16.67133026    -0.4233657901
v             33.4      16.93396404   -0.03396403562
v             33.4      17.32336579     0.2286697366
v             33.4             17.8            0.325
v             33.4      18.27663421     0.2286697366
v             33.4      18.66603596   -0.03396403562
v             33.4      18.92866974    -0.4233657901
v            33.64           19.025             -0.9
v            33.64      18.92866974      -1.37663421
v            33.64      18.66603596     -1.766035964
v            33.64      18.27663421     -2.028669737
v            33.64             17.8           -2.125
v            33.64      17.32336579     -2.028669737
v            33.64      16.93396404     -1.766035964
v            33.64      16.67133026      -1.37663421
v            33.64           16.575             -0.9
v            33.64      16.67133026    -0.4233657901
v            33.64      16.93396404   -0.03396403562
v            33.64      17.32336579     0.2286697366
v            33.64             17.8            0.325
v            33.64      18.27663421     0.2286697366
v            33.64      18.66603596   -0.03396403562
v            33.64      18.92866974    -0.4233657901
v            33.88           19.025             -0.9
v            33.88      18.92866974      -1.37663421
v            33.88      18.66603596     -1.766035964
v            33.88      18.27663421     -2.028669737
v            33.88             17.8           -2.125
v            33.88      17.32336579     -2.028669737
v            33.88      16.93396404     -1.766035964
v            33.88      16.67133026      -1.37663421
v            33.88           16.575             -0.9
v            33.88      16.67133026    -0.4233657901
v            33.88      16.93396404   -0.03396403562
v            33.88      17.32336579     0.2286697366
v            33.88             17.8            0.325
v            33.88      18.27663421     0.2286697366
v            33.88      18.66603596   -0.03396403562
v            33.88      18.92866974    -0.4233657901
v            34.12           19.025             -0.9
v            34.12      18.92866974      -1.37663421
v            34.12      18.66603596     -1.766035964
v            34.12      18.27663421     -2.028669737
v            34.12             17.8           -2.125
v            34.12      17.32336579     -2.028669737
v            34.12      16.93396404     -1.766035964
v            34.12      16.67133026      -1.37663421
v            34.12           16.575             -0.9
v            34.12      16.67133026    -0.4233657901
v            34.12      16.93396404   -0.03396403562
v            34.12      17.32336579     0.2286697366
v            34.12             17.8            0.325
v            34.12      18.27663421     0.2286697366
v            34.12      18.66603596   -0.03396403562
v            34.12      18.92866974    -0.4233657901
v            34.36           19.025             -0.9
v            34.36      18.92866974      -1.37663421
v            34.36      18.66603596     -1.766035964
v            34.36      18.27663421     -2.028669737
v            34.36             17.8           -2.125
v            34.36      17.32336579     -2.028669737
v            34.36      16.93396404     -1.766035964
v            34.36      16.67133026      -1.37663421
v            34.36           16.575             -0.9
v            34.36      16.67133026    -0.4233657901
v            34.36      16.93396404   -0.03396403562
v            34.36      17.32336579     0.2286697366
v            34.36             17.8            0.325
v            34.36      18.27663421     0.2286697366
v            34.36      18.66603596   -0.03396403562
v            34.36      18.92866974    -0.4233657901
v             34.6           19.025             -0.9
v             34.6      18.92866974      -1.37663421
v             34.6      18.66603596     -1.766035964
v             34.6      18.27663421     -2.028669737
v             34.6             17.8           -2.125
v             34.6      17.32336579     -2.028669737
v             34.6      16.93396404     -1.766035964
v             34.6      16.67133026      -1.37663421
v             34.6           16.575             -0.9
v             34.6      16.67133026    -0.4233657901
v             34.6      16.93396404   -0.03396403562
v             34.6      17.32336579     0.2286697366
v             34.6             17.8            0.325
v             34.6      18.27663421     0.2286697366
v             34.6      18.66603596   -0.03396403562
v             34.6      18.92866974    -0.4233657901
v      34.84929845      18.92670155             -0.9
v      34.84929845      18.83788872     -1.337749976
v      34.84929845      18.59597554     -1.695975537
v      34.84929845      18.23774998     -1.937888716
v      34.84929845             17.8     -2.026701546
v      34.84929845      17.36225002     -1.937888716
v      34.84929845      17.00402446     -1.695975537
v      34.84929845      16.76211128     -1.337749976
v      34.84929845      16.67329845             -0.9
v      34.84929845      16.76211128    -0.4622500239
v      34.84929845      17.00402446    -0.1040244628
v      34.84929845      17.36225002     0.1378887162
v      34.84929845             17.8     0.2267015464
v      34.84929845      18.23774998     0.1378887162
v      34.84929845      18.59597554    -0.1040244628
v      34.84929845      18.83788872    -0.4622500239
v      35.10789536      18.68110464             -0.9
v      35.10789536      18.61117989      -1.24091614
v      35.10789536      18.42121324     -1.521213244
v      35.10789536      18.14091614     -1.711179886
v      35.10789536             17.8     -1.781104639
v      35.10789536      17.45908386     -1.711179886
v      35.10789536      17.17878676     -1.521213244
v      35.10789536      16.98882011      -1.24091614
v      35.10789536      16.91889536             -0.9
v      35.10789536      16.98882011    -0.5590838598
v      35.10789536      17.17878676    -0.2787867557
v      35.10789536      17.45908386   -0.08882011402
v      35.10789536             17.8   -0.01889536095
v      35.10789536      18.14091614   -0.08882011402
v      35.10789536      18.42121324    -0.2787867557
v      35.10789536      18.61117989    -0.5590838598
v      35.36184304      18.36215696             -0.9
v      35.36184304      18.31699459        -1.115861
v      35.36184304      18.19487757     -1.294877568
v      35.36184304        18.015861     -1.416994592
v      35.36184304             17.8     -1.462156959
v      35.36184304        17.584139     -1.416994592
v      35.36184304      17.40512243     -1.294877568
v      35.36184304      17.28300541        -1.115861
v      35.36184304      17.23784304             -0.9
v      35.36184304      17.28300541    -0.6841389999
v      35.36184304      17.40512243    -0.5051224315
v      35.36184304        17.584139    -0.3830054078
v      35.36184304             17.8    -0.3378430414
v      35.36184304        18.015861    -0.3830054078
v      35.36184304      18.19487757    -0.5051224315
v      35.36184304      18.31699459    -0.6841389999
v      35.59719381      18.04380619             -0.9
v      35.59719381      18.02378418     -0.992312854
v      35.59719381      17.97009699     -1.070096993
v      35.59719381      17.89231285     -1.123784181
v      35.59719381             17.8     -1.143806185
v      35.59719381      17.70768715     -1.123784181
v      35.59719381      17.62990301     -1.070096993
v      35.59719381      17.57621582     -0.992312854
v      35.59719381      17.55619381             -0.9
v      35.59719381      17.57621582     -0.807687146
v      35.59719381      17.62990301    -0.7299030072
v      35.59719381      17.70768715    -0.6762158185
v      35.59719381             17.8    -0.6561938146
v      35.59719381      17.89231285    -0.6762158185
v      35.59719381      17.97009699    -0.7299030072
v      35.59719381      18.02378418     -0.807687146
v             35.8             17.8             -0.9
g MeshGeom
f 1 2 3
f 2 4 3
f 4 5 3
f 5 6 3
f 6 7 3
f 7 8 3
f 8 9 3
f 9 10 3
f 10 11 3
f 11 12 3
f 12 13 3
f 13 14 3
f 3 14 15
f 3 15 16
f 3 16 17
f 3 17 18
f 3 18 19
f 3 19 20
f 3 20 21
f 3 21 22
f 3 22 23
f 3 23 24
f 3 24 25
f 3 25 26
f 26 27 3
f 27 28 3
f 28 29 3
f 29 30 3
f 30 31 3
f 31 32 3
f 32 33 3
f 33 34 3
f 34 35 3
f 35 36 3
f 36 37 3
f 37 38 3
f 3 38 39
f 3 39 40
f 3 40 41
f 3 41 42
f 3 42 43
f 3 43 44
f 3 44 45
f 3 45 46
f 3 46 47
f 3 47 48
f 3 48 49
f 3 49 1
f 1 50 2
f 50 51 2
f 2 51 4
f 51 52 4
f 4 52 5
f 52 53 5
f 5 53 6
f 53 54 6
f 6 54 7
f 54 55 7
f 7 55 8
f 55 56 8
f 8 56 9
f 56 57 9
f 9 57 10
f 57 58 10
f 10 58 11
f 58 59 11
f 11 59 12
f 59 60 12
f 12 60 13
f 60 61 13
f 13 61 14
f 61 62 14
f 14 62 63
f 14 63 15
f 15 63 64
f 15 64 16
f 16 64 65
f 16 65 17
f 17 65 66
f 17 66 18
f 18 66 67
f 18 67 19
f 19 67 68
f 19 68 20
f 20 68 69
f 20 69 21
f 21 69 70
f 21 70 22
f 22 70 71
f 22 71 23
f 23 71 72
f 23 72 24
f 24 72 73
f 24 73 25
f 25 73 74
f 25 74 26
f 26 74 27
f 74 75 27
f 27 75 28
f 75 76 28
f 28 76 29
f 76 77 29
f 29 77 30
f 77 78 30
f 30 78 31
f 78 79 31
f 31 79 32
f 79 80 32
f 32 80 33
f 80 81 33
f 33 81 34
f 81 82 34
f 34 82 35
f 82 83 35
f 35 83 36
f 83 84 36
f 36 84 37
f 84 85 37
f 37 85 38
f 85 86 38
f 38 86 87
f 38 87 39
f 39 87 88
f 39 88 40
f 40 88 89
f 40 89 41
f 41 89 90
f 41 90 42
f 42 90 91
f 42 91 43
f 43 91 92
f 43 92 44
f 44 92 93
f 44 93 45
f 45 93 94
f 45 94 46
f 46 94 95
f 46 95 47
f 47 95 96
f 47 96 48
f 48 96 97
f 48 97 49
f 49 97 50
f 49 50 1
f 50 98 51
f 98 99 51
f 51 99 52
f 99 100 52
f 52 100 53
f 100 101 53
f 53 101 54
f 101 102 54
f 54 102 55
f 102 103 55
f 55 103 56
f 103 104 56
f 56 104 57
f 104 105 57
f 57 105 58
f 105 106 58
f 58 106 59
f 106 107 59
f 59 107 60
f 107 108 60
f 60 108 61
f 108 109 61
f 61 109 62
f 109 110 62
f 62 110 111
f 62 111 63
f 63 111 112
f 63 112 64
f 64 112 113
f 64 113 65
f 65 113 114
f 65 114 66
f 66 114 115
f 66 115 67
f 67 115 116
f 67 116 68
f 68 116 117
f 68 117 69
f 69 117 118
f 69 118 70
f 70 118 119
f 70 119 71
f 71 119 120
f 71 120 72
f 72 120 121
f 72 121 73
f 73 121 122
f 73 122 74
f 74 122 75
f 122 123 75
f 75 123 76
f 123 124 76
f 76 124 77
f 124 125 77
f 77 125 78
f 125 126 78
f 78 126 79
f 126 127 79
f 79 127 80
f 127 128 80
f 80 128 81
f 128 129 81
f 81 129 82
f 129 130 82
f 82 130 83
f 130 131 83
f 83 131 84
f 131 132 84
f 84 132 85
f 132 133 85
f 85 133 86
f 133 134 86
f 86 134 135
f 86 135 87
f 87 135 136
f 87 136 88
f 88 136 137
f 88 137 89
f 89 137 138
f 89 138 90
f 90 138 139
f 90 139 91
f 91 139 140
f 91 140 92
f 92 140 141
f 92 141 93
f 93 141 142
f 93 142 94
f 94 142 143
f 94 143 95
f 95 143 144
f 95 144 96
f 96 144 145
f 96 145 97
f 97 145 98
f 97 98 50
f 98 146 99
f 146 147 99
f 99 147 100
f 147 148 100
f 100 148 101
f 148 149 101
f 101 149 102
f 149 150 102
f 102 150 103
f 150 151 103
f 103 151 104
f 151 152 104
f 104 152 105
f 152 153 105
f 105 153 106
f 153 154 106
f 106 154 107
f 154 155 107
f 107 155 108
f 155 156 108
f 108 156 109
f 156 157 109
f 109 157 110
f 157 158 110
f 110 158 159
f 110 159 111
f 111 159 160
f 111 160 112
f 112 160 161
f 112 161 113
f 113 161 162
f 113 162 114
f 114 162 163
f 114 163 115
f 115 163 164
f 115 164 116
f 116 164 165
f 116 165 117
f 117 165 166
f 117 166 118
f 118 166 167
f 118 167 119
f 119 167 168
f 119 168 120
f 120 168 169
f 120 169 121
f 121 169 170
f 121 170 122
f 122 170 123
f 170 171 123
f 123 171 124
f 171 172 124
f 124 172 125
f 172 173 125
f 125 173 126
f 173 174 126
f 126 174 127
f 174 175 127
f 127 175 128
f 175 176 128
f 128 176 129
f 176 177 129
f 129 177 130
f 177 178 130
f 130 178 131
f 178 179 131
f 131 179 132
f 179 180 132
f 132 180 133
f 180 181 133
f 133 181 134
f 181 182 134
f 134 182 183
f 134 183 135
f 135 183 184
f 135 184 136
f 136 184 185
f 136 185 137
f 137 185 186
f 137 186 138
f 138 186 187
f 138 187 139
f 139 187 188
f 139 188 140
f 140 188 189
f 140 189 141
f 141 189 190
f 141 190 142
f 142 190 191
f 142 191 143
f 143 191 192
f 143 192 144
f 144 192 193
f 144 193 145
f 145 193 146
f 145 146 98
f 146 194 147
f 194 195 147
f 147 195 148
f 195 196 148
f 148 196 149
f 196 197 149
f 149 197 150
f 197 198 150
f 150 198 151
f 198 199 151
f 151 199 152
f 199 200 152
f 152 200 153
f 200 201 153
f 153 201 154
f 201 202 154
f 154 202 155
f 202 203 155
f 155 203 156
f 203 204 156
f 156 204 157
f 204 205 157
f 157 205 158
f 205 206 158
f 158 206 207
f 158 207 159
f 159 207 208
f 159 208 160
f 160 208 209
f 160 209 161
f 161 209 210
f 161 210 162
f 162 210 211
f 162 211 163
f 163 211 212
f 163 212 164
f 164 212 213
f 164 213 165
f 165 213 214
f 165 214 166
f 166 214 215
f 166 215 167
f 167 215 216
f 167 216 168
f 168 216 217
f 168 217 169
f 169 217 218
f 169 218 170
f 170 218 171
f 218 219 171
f 171 219 172
f 219 220 172
f 172 220 173
f 220 221 173
f 173 221 174
f 221 222 174
f 174 222 175
f 222 223 175
f 175 223 176
f 223 224 176
f 176 224 177
f 224 225 177
f 177 225 178
f 225 226 178
f 178 226 179
f 226 227 179
f 179 227 180
f 227 228 180
f 180 228 181
f 228 229 181
f 181 229 182
f 229 230 182
f 182 230 231
f 182 231 183
f 183 231 232
f 183 232 184
f 184 232 233
f 184 233 185
f 185 233 234
f 185 234 186
f 186 234 235
f 186 235 187
f 187 235 236
f 187 236 188
f 188 236 237
f 188 237 189
f 189 237 238
f 189 238 190
f 190 238 239
f 190 239 191
f 191 239 240
f 191 240 192
f 192 240 241
f 192 241 193
f 193 241 194
f 193 194 146
f 194 242 195
f 242 243 195
f 195 243 196
f 243 244 196
f 196 244 197
f 244 245 197
f 197 245 198
f 245 246 198
f 198 246 199
f 246 247 199
f 199 247 200
f 247 248 200
f 200 248 201
f 248 249 201
f 201 249 202
f 249 250 202
f 202 250 203
f 250 251 203
f 203 251 204
f 251 252 204
f 204 252 205
f 252 253 205
f 205 253 206
f 253 254 206
f 206 254 255
f 206 255 207
f 207 255 256
f 207 256 208
f 208 256 257
f 208 257 209
f 209 257 258
f 209 258 210
f 210 258 259
f 210 259 211
f 211 259 260
f 211 260 212
f 212 260 261
f 212 261 213
f 213 261 262
f 213 262 214
f 214 262 263
f 214 263 215
f 215 263 264
f 215 264 216
f 216 264 265
f 216 265 217
f 217 265 266
f 217 266 218
f 218 266 219
f 266 267 219
f 219 267 220
f 267 268 220
f 220 268 221
f 268 269 221
f 221 269 222
f 269 270 222
f 222 270 223
f 270 271 223
f 223 271 224
f 271 272 224
f 224 272 225
f 272 273 225
f 225 273 226
f 273 274 226
f 226 274 227
f 274 275 227
f 227 275 228
f 275 276 228
f 228 276 229
f 276 277 229
f 229 277 230
f 277 278 230
f 230 278 279
f 230 279 231
f 231 279 280
f 231 280 232
f 232 280 281
f 232 281 233
f 233 281 282
f 233 282 234
f 234 282 283
f 234 283 235
f 235 283 284
f 235 284 236
f 236 284 285
f 236 285 237
f 237 285 286
f 237 286 238
f 238 286 287
f 238 287 239
f 239 287 288
f 239 288 240
f 240 288 289
f 240 289 241
f 241 289 242
f 241 242 194
f 242 290 243
f 290 291 243
f 243 291 244
f 291 292 244
f 244 292 245
f 292 293 245
f 245 293 246
f 293 294 246
f 246 294 247
f 294 295 247
f 247 295 248
f 295 296 248
f 248 296 249
f 296 297 249
f 249 297 250
f 297 298 250
f 250 298 251
f 298 299 251
f 251 299 252
f 299 300 252
f 252 300 253
f 300 301 253
f 253 301 254
f 301 302 254
f 254 302 303
f 254 303 255
f 255 303 304
f 255 304 256
f 256 304 305
f 256 305 257
f 257 305 306
f 257 306 258
f 258 306 307
f 258 307 259
f 259 307 308
f 259 308 260
f 260 308 309
f 260 309 261
f 261 309 310
f 261 310 262
f 262 310 311
f 262 311 263
f 263 311 312
f 263 312 264
f 264 312 313
f 264 313 265
f 265 313 314
f 265 314 266
f 266 314 267
f 314 315 267
f 267 315 268
f 315 316 268
f 268 316 269
f 316 317 269
f 269 317 270
f 317 318 270
f 270 318 271
f 318 319 271
f 271 319 272
f 319 320 272
f 272 320 273
f 320 321 273
f 273 321 274
f 321 322 274
f 274 322 275
f 322 323 275
f 275 323 276
f 323 324 276
f 276 324 277
f 324 325 277
f 277 325 278
f 325 326 278
f 278 326 327
f 278 327 279
f 279 327 328
f 279 328 280
f 280 328 329
f 280 329 281
f 281 329 330
f 281 330 282
f 282 330 331
f 282 331 283
f 283 331 332
f 283 332 284
f 284 332 333
f 284 333 285
f 285 333 334
f 285 334 286
f 286 334 335
f 286 335 287
f 287 335 336
f 287 336 288
f 288 336 337
f 288 337 289
f 289 337 290
f 289 290 242
f 290 338 291
f 338 339 291
f 291 339 292
f 339 340 292
f 292 340 293
f 340 341 293
f 293 341 294
f 341 342 294
f 294 342 295
f 342 343 295
f 295 343 296
f 343 344 296
f 296 344 297
f 344 345 297
f 297 345 298
f 345 346 298
f 298 346 299
f 346 347 299
f 299 347 300
f 347 348 300
f 300 348 301
f 348 349 301
f 301 349 302
f 349 350 302
f 302 350 351
f 302 351 303
f 303 351 352
f 303 352 304
f 304 352 353
f 304 353 305
f 305 353 354
f 305 354 306
f 306 354 355
f 306 355 307
f 307 355 356
f 307 356 308
f 308 356 357
f 308 357 309
f 309 357 358
f 309 358 310
f 310 358 359
f 310 359 311
f 311 359 360
f 311 360 312
f 312 360 361
f 312 361 313
f 313 361 362
f 313 362 314
f 314 362 315
f 362 363 315
f 315 363 316
f 363 364 316
f 316 364 317
f 364 365 317
f 317 365 318
f 365 366 318
f 318 366 319
f 366 367 319
f 319 367 320
f 367 368 320
f 320 368 321
f 368 369 321
f 321 369 322
f 369 370 322
f 322 370 323
f 370 371 323
f 323 371 324
f 371 372 324
f 324 372 325
f 372 373 325
f 325 373 326
f 373 374 326
f 326 374 375
f 326 375 327
f 327 375 376
f 327 376 328
f 328 376 377
f 328 377 329
f 329 377 378
f 329 378 330
f 330 378 379
f 330 379 331
f 331 379 380
f 331 380 332
f 332 380 381
f 332 381 333
f 333 381 382
f 333 382 334
f 334 382 383
f 334 383 335
f 335 383 384
f 335 384 336
f 336 384 385
f 336 385 337
f 337 385 338
f 337 338 290
f 338 386 339
f 386 387 339
f 339 387 340
f 387 388 340
f 340 388 341
f 388 389 341
f 341 389 342
f 389 390 342
f 342 390 343
f 390 391 343
f 343 391 344
f 391 392 344
f 344 392 345
f 392 393 345
f 345 393 346
f 393 394 346
f 346 394 347
f 394 395 347
f 347 395 348
f 395 396 348
f 348 396 349
f 396 397 349
f 349 397 350
f 397 398 350
f 350 398 399
f 350 399 351
f 351 399 400
f 351 400 352
f 352 400 401
f 352 401 353
f 353 401 402
f 353 402 354
f 354 402 403
f 354 403 355
f 355 403 404
f 355 404 356
f 356 404 405
f 356 405 357
f 357 405 406
f 357 406 358
f 358 406 407
f 358 407 359
f 359 407 408
f 359 408 360
f 360 408 409
f 360 409 361
f 361 409 410
f 361 410 362
f 362 410 363
f 410 411 363
f 363 411 364
f 411 412 364
f 364 412 365
f 412 413 365
f 365 413 366
f 413 414 366
f 366 414 367
f 414 415 367
f 367 415 368
f 415 416 368
f 368 416 369
f 416 417 369
f 369 417 370
f 417 418 370
f 370 418 371
f 418 419 371
f 371 419 372
f 419 420 372
f 372 420 373
f 420 421 373
f 373 421 374
f 421 422 374
f 374 422 423
f 374 423 375
f 375 423 424
f 375 424 376
f 376 424 425
f 376 425 377
f 377 425 426
f 377 426 378
f 378 426 427
f 378 427 379
f 379 427 428
f 379 428 380
f 380 428 429
f 380 429 381
f 381 429 430
f 381 430 382
f 382 430 431
f 382 431 383
f 383 431 432
f 383 432 384
f 384 432 433
f 384 433 385
f 385 433 386
f 385 386 338
f 386 434 387
f 434 435 387
f 387 435 388
f 435 436 388
f 388 436 389
f 436 437 389
f 389 437 390
f 437 438 390
f 390 438 391
f 438 439 391
f 391 439 392
f 439 440 392
f 392 440 393
f 440 441 393
f 393 441 394
f 441 442 394
f 394 442 395
f 442 443 395
f 395 443 396
f 443 444 396
f 396 444 397
f 444 445 397
f 397 445 398
f 445 446 398
f 398 446 447
f 398 447 399
f 399 447 448
f 399 448 400
f 400 448 449
f 400 449 401
f 401 449 450
f 401 450 402
f 402 450 451
f 402 451 403
f 403 451 452
f 403 452 404
f 404 452 453
f 404 453 405
f 405 453 454
f 405 454 406
f 406 454 455
f 406 455 407
f 407 455 456
f 407 456 408
f 408 456 457
f 408 457 409
f 409 457 458
f 409 458 410
f 410 458 411
f 458 459 411
f 411 459 412
f 459 460 412
f 412 460 413
f 460 461 413
f 413 461 414
f 461 462 414
f 414 462 415
f 462 463 415
f 415 463 416
f 463 464 416
f 416 464 417
f 464 465 417
f 417 465 418
f 465 466 418
f 418 466 419
f 466 467 419
f 419 467 420
f 467 468 420
f 420 468 421
f 468 469 421
f 421 469 422
f 469 470 422
f 422 470 471
f 422 471 423
f 423 471 472
f 423 472 424
f 424 472 473
f 424 473 425
f 425 473 474
f 425 474 426
f 426 474 475
f 426 475 427
f 427 475 476
f 427 476 428
f 428 476 477
f 428 477 429
f 429 477 478
f 429 478 430
f 430 478 479
f 430 479 431
f 431 479 480
f 431 480 432
f 432 480 481
f 432 481 433
f 433 481 434
f 433 434 386
f 434 482 483
f 434 483 435
f 435 483 484
f 435 484 436
f 436 484 485
f 436 485 437
f 437 485 486
f 437 486 438
f 438 486 487
f 438 487 439
f 439 487 488
f 439 488 440
f 440 488 489
f 440 489 441
f 441 489 490
f 441 490 442
f 442 490 491
f 442 491 443
f 443 491 492
f 443 492 444
f 444 492 493
f 444 493 445
f 445 493 494
f 445 494 446
f 446 494 447
f 494 495 447
f 447 495 448
f 495 496 448
f 448 496 449
f 496 497 449
f 449 497 450
f 497 498 450
f 450 498 451
f 498 499 451
f 451 499 452
f 499 500 452
f 452 500 453
f 500 501 453
f 453 501 454
f 501 502 454
f 454 502 455
f 502 503 455
f 455 503 456
f 503 504 456
f 456 504 457
f 504 505 457
f 457 505 458
f 505 506 458
f 458 506 507
f 458 507 459
f 459 507 508
f 459 508 460
f 460 508 509
f 460 509 461
f 461 509 510
f 461 510 462
f 462 510 511
f 462 511 463
f 463 511 512
f 463 512 464
f 464 512 513
f 464 513 465
f 465 513 514
f 465 514 466
f 466 514 515
f 466 515 467
f 467 515 516
f 467 516 468
f 468 516 517
f 468 517 469
f 469 517 518
f 469 518 470
f 470 518 471
f 518 519 471
f 471 519 472
f 519 520 472
f 472 520 473
f 520 521 473
f 473 521 474
f 521 522 474
f 474 522 475
f 522 523 475
f 475 523 476
f 523 524 476
f 476 524 477
f 524 525 477
f 477 525 478
f 525 526 478
f 478 526 479
f 526 527 479
f 479 527 480
f 527 528 480
f 480 528 481
f 528 529 481
f 481 529 434
f 529 482 434
f 482 530 531
f 482 531 483
f 483 531 532
f 483 532 484
f 484 532 533
f 484 533 485
f 485 533 534
f 485 534 486
f 486 534 535
f 486 535 487
f 487 535 536
f 487 536 488
f 488 536 537
f 488 537 489
f 489 537 538
f 489 538 490
f 490 538 539
f 490 539 491
f 491 539 540
f 491 540 492
f 492 540 541
f 492 541 493
f 493 541 542
f 493 542 494
f 494 542 495
f 542 543 495
f 495 543 496
f 543 544 496
f 496 544 497
f 544 545 497
f 497 545 498
f 545 546 498
f 498 546 499
f 546 547 499
f 499 547 500
f 547 548 500
f 500 548 501
f 548 549 501
f 501 549 502
f 549 550 502
f 502 550 503
f 550 551 503
f 503 551 504
f 551 552 504
f 504 552 505
f 552 553 505
f 505 553 506
f 553 554 506
f 506 554 555
f 506 555 507
f 507 555 556
f 507 556 508
f 508 556 557
f 508 557 509
f 509 557 558
f 509 558 510
f 510 558 559
f 510 559 511
f 511 559 560
f 511 560 512
f 512 560 561
f 512 561 513
f 513 561 562
f 513 562 514
f 514 562 563
f 514 563 515
f 515 563 564
f 515 564 516
f 516 564 565
f 516 565 517
f 517 565 566
f 517 566 518
f 518 566 519
f 566 567 519
f 519 567 520
f 567 568 520
f 520 568 521
f 568 569 521
f 521 569 522
f 569 570 522
f 522 570 523
f 570 571 523
f 523 571 524
f 571 572 524
f 524 572 525
f 572 573 525
f 525 573 526
f 573 574 526
f 526 574 527
f 574 575 527
f 527 575 528
f 575 576 528
f 528 576 529
f 576 577 529
f 529 577 482
f 577 530 482
f 530 578 579
f 530 579 531
f 531 579 580
f 531 580 532
f 532 580 581
f 532 581 533
f 533 581 582
f 533 582 534
f 534 582 583
f 534 583 535
f 535 583 584
f 535 584 536
f 536 584 585
f 536 585 537
f 537 585 586
f 537 586 538
f 538 586 587
f 538 587 539
f 539 587 588
f 539 588 540
f 540 588 589
f 540 589 541
f 541 589 590
f 541 590 542
f 542 590 543
f 590 591 543
f 543 591 544
f 591 592 544
f 544 592 545
f 592 593 545
f 545 593 546
f 593 594 546
f 546 594 547
f 594 595 547
f 547 595 548
f 595 596 548
f 548 596 549
f 596 597 549
f 549 597 550
f 597 598 550
f 550 598 551
f 598 599 551
f 551 599 552
f 599 600 552
f 552 600 553
f 600 601 553
f 553 601 554
f 601 602 554
f 554 602 603
f 554 603 555
f 555 603 604
f 555 604 556
f 556 604 605
f 556 605 557
f 557 605 606
f 557 606 558
f 558 606 607
f 558 607 559
f 559 607 608
f 559 608 560
f 560 608 609
f 560 609 561
f 561 609 610
f 561 610 562
f 562 610 611
f 562 611 563
f 563 611 612
f 563 612 564
f 564 612 613
f 564 613 565
f 565 613 614
f 565 614 566
f 566 614 567
f 614 615 567
f 567 615 568
f 615 616 568
f 568 616 569
f 616 617 569
f 569 617 570
f 617 618 570
f 570 618 571
f 618 619 571
f 571 619 572
f 619 620 572
f 572 620 573
f 620 621 573
f 573 621 574
f 621 622 574
f 574 622 575
f 622 623 575
f 575 623 576
f 623 624 576
f 576 624 577
f 624 625 577
f 577 625 530
f 625 578 530
f 578 626 627
f 578 627 579
f 579 627 628
f 579 628 580
f 580 628 629
f 580 629 581
f 581 629 630
f 581 630 582
f 582 630 631
f 582 631 583
f 583 631 632
f 583 632 584
f 584 632 633
f 584 633 585
f 585 633 634
f 585 634 586
f 586 634 635
f 586 635 587
f 587 635 636
f 587 636 588
f 588 636 637
f 588 637 589
f 589 637 638
f 589 638 590
f 590 638 591
f 638 639 591
f 591 639 592
f 639 640 592
f 592 640 593
f 640 641 593
f 593 641 594
f 641 642 594
f 594 642 595
f 642 643 595
f 595 643 596
f 643 644 596
f 596 644 597
f 644 645 597
f 597 645 598
f 645 646 598
f 598 646 599
f 646 647 599
f 599 647 600
f 647 648 600
f 600 648 601
f 648 649 601
f 601 649 602
f 649 650 602
f 602 650 651
f 602 651 603
f 603 651 652
f 603 652 604
f 604 652 653
f 604 653 605
f 605 653 654
f 605 654 606
f 606 654 655
f 606 655 607
f 607 655 656
f 607 656 608
f 608 656 657
f 608 657 609
f 609 657 658
f 609 658 610
f 610 658 659
f 610 659 611
f 611 659 660
f 611 660 612
f 612 660 661
f 612 661 613
f 613 661 662
f 613 662 614
f 614 662 615
f 662 663 615
f 615 663 616
f 663 664 616
f 616 664 617
f 664 665 617
f 617 665 618
f 665 666 618
f 618 666 619
f 666 667 619
f 619 667 620
f 667 668 620
f 620 668 621
f 668 669 621
f 621 669 622
f 669 670 622
f 622 670 623
f 670 671 623
f 623 671 624
f 671 672 624
f 624 672 625
f 672 673 625
f 625 673 578
f 673 626 578
f 626 674 675
f 626 675 627
f 627 675 676
f 627 676 628
f 628 676 677
f 628 677 629
f 629 677 678
f 629 678 630
f 630 678 679
f 630 679 631
f 631 679 680
f 631 680 632
f 632 680 681
f 632 681 633
f 633 681 682
f 633 682 634
f 634 682 683
f 634 683 635
f 635 683 684
f 635 684 636
f 636 684 685
f 636 685 637
f 637 685 686
f 637 686 638
f 638 686 639
f 686 687 639
f 639 687 640
f 687 688 640
f 640 688 641
f 688 689 641
f 641 689 642
f 689 690 642
f 642 690 643
f 690 691 643
f 643 691 644
f 691 692 644
f 644 692 645
f 692 693 645
f 645 693 646
f 693 694 646
f 646 694 647
f 694 695 647
f 647 695 648
f 695 696 648
f 648 696 649
f 696 697 649
f 649 697 650
f 697 698 650
f 650 698 699
f 650 699 651
f 651 699 700
f 651 700 652
f 652 700 701
f 652 701 653
f 653 701 702
f 653 702 654
f 654 702 703
f 654 703 655
f 655 703 704
f 655 704 656
f 656 704 705
f 656 705 657
f 657 705 706
f 657 706 658
f 658 706 707
f 658 707 659
f 659 707 708
f 659 708 660
f 660 708 709
f 660 709 661
f 661 709 710
f 661 710 662
f 662 710 663
f 710 711 663
f 663 711 664
f 711 712 664
f 664 712 665
f 712 713 665
f 665 713 666
f 713 714 666
f 666 714 667
f 714 715 667
f 667 715 668
f 715 716 668
f 668 716 669
f 716 717 669
f 669 717 670
f 717 718 670
f 670 718 671
f 718 719 671
f 671 719 672
f 719 720 672
f 672 720 673
f 720 721 673
f 673 721 626
f 721 674 626
f 674 722 723
f 674 723 675
f 675 723 724
f 675 724 676
f 676 724 725
f 676 725 677
f 677 725 726
f 677 726 678
f 678 726 727
f 678 727 679
f 679 727 728
f 679 728 680
f 680 728 729
f 680 729 681
f 681 729 730
f 681 730 682
f 682 730 731
f 682 731 683
f 683 731 732
f 683 732 684
f 684 732 733
f 684 733 685
f 685 733 734
f 685 734 686
f 686 734 687
f 734 735 687
f 687 735 688
f 735 736 688
f 688 736 689
f 736 737 689
f 689 737 690
f 737 738 690
f 690 738 691
f 738 739 691
f 691 739 692
f 739 740 692
f 692 740 693
f 740 741 693
f 693 741 694
f 741 742 694
f 694 742 695
f 742 743 695
f 695 743 696
f 743 744 696
f 696 744 697
f 744 745 697
f 697 745 698
f 745 746 698
f 698 746 747
f 698 747 699
f 699 747 748
f 699 748 700
f 700 748 749
f 700 749 701
f 701 749 750
f 701 750 702
f 702 750 751
f 702 751 703
f 703 751 752
f 703 752 704
f 704 752 753
f 704 753 705
f 705 753 754
f 705 754 706
f 706 754 755
f 706 755 707
f 707 755 756
f 707 756 708
f 708 756 757
f 708 757 709
f 709 757 758
f 709 758 710
f 710 758 711
f 758 759 711
f 711 759 712
f 759 760 712
f 712 760 713
f 760 761 713
f 713 761 714
f 761 762 714
f 714 762 715
f 762 763 715
f 715 763 716
f 763 764 716
f 716 764 717
f 764 765 717
f 717 765 718
f 765 766 718
f 718 766 719
f 766 767 719
f 719 767 720
f 767 768 720
f 720 768 721
f 768 769 721
f 721 769 674
f 769 722 674
f 722 770 771
f 722 771 723
f 723 771 772
f 723 772 724
f 724 772 773
f 724 773 725
f 725 773 774
f 725 774 726
f 726 774 775
f 726 775 727
f 727 775 776
f 727 776 728
f 728 776 777
f 728 777 729
f 729 777 778
f 729 778 730
f 730 778 779
f 730 779 731
f 731 779 780
f 731 780 732
f 732 780 781
f 732 781 733
f 733 781 782
f 733 782 734
f 734 782 735
f 782 783 735
f 735 783 736
f 783 784 736
f 736 784 737
f 784 785 737
f 737 785 738
f 785 786 738
f 738 786 739
f 786 787 739
f 739 787 740
f 787 788 740
f 740 788 741
f 788 789 741
f 741 789 742
f 789 790 742
f 742 790 743
f 790 791 743
f 743 791 744
f 791 792 744
f 744 792 745
f 792 793 745
f 745 793 746
f 793 794 746
f 746 794 795
f 746 795 747
f 747 795 796
f 747 796 748
f 748 796 797
f 748 797 749
f 749 797 798
f 749 798 750
f 750 798 799
f 750 799 751
f 751 799 800
f 751 800 752
f 752 800 801
f 752 801 753
f 753 801 802
f 753 802 754
f 754 802 803
f 754 803 755
f 755 803 804
f 755 804 756
f 756 804 805
f 756 805 757
f 757 805 806
f 757 806 758
f 758 806 759
f 806 807 759
f 759 807 760
f 807 808 760
f 760 808 761
f 808 809 761
f 761 809 762
f 809 810 762
f 762 810 763
f 810 811 763
f 763 811 764
f 811 812 764
f 764 812 765
f 812 813 765
f 765 813 766
f 813 814 766
f 766 814 767
f 814 815 767
f 767 815 768
f 815 816 768
f 768 816 769
f 816 817 769
f 769 817 722
f 817 770 722
f 770 818 819
f 770 819 771
f 771 819 820
f 771 820 772
f 772 820 821
f 772 821 773
f 773 821 822
f 773 822 774
f 774 822 823
f 774 823 775
f 775 823 824
f 775 824 776
f 776 824 825
f 776 825 777
f 777 825 826
f 777 826 778
f 778 826 827
f 778 827 779
f 779 827 828
f 779 828 780
f 780 828 829
f 780 829 781
f 781 829 830
f 781 830 782
f 782 830 783
f 830 831 783
f 783 831 784
f 831 832 784
f 784 832 785
f 832 833 785
f 785 833 786
f 833 834 786
f 786 834 787
f 834 835 787
f 787 835 788
f 835 836 788
f 788 836 789
f 836 837 789
f 789 837 790
f 837 838 790
f 790 838 791
f 838 839 791
f 791 839 792
f 839 840 792
f 792 840 793
f 840 841 793
f 793 841 794
f 841 842 794
f 794 842 843
f 794 843 795
f 795 843 844
f 795 844 796
f 796 844 845
f 796 845 797
f 797 845 846
f 797 846 798
f 798 846 847
f 798 847 799
f 799 847 848
f 799 848 800
f 800 848 849
f 800 849 801
f 801 849 850
f 801 850 802
f 802 850 851
f 802 851 803
f 803 851 852
f 803 852 804
f 804 852 853
f 804 853 805
f 805 853 854
f 805 854 806
f 806 854 807
f 854 855 807
f 807 855 808
f 855 856 808
f 808 856 809
f 856 857 809
f 809 857 810
f 857 858 810
f 810 858 811
f 858 859 811
f 811 859 812
f 859 860 812
f 812 860 813
f 860 861 813
f 813 861 814
f 861 862 814
f 814 862 815
f 862 863 815
f 815 863 816
f 863 864 816
f 816 864 817
f 864 865 817
f 817 865 770
f 865 818 770
f 818 866 867
f 818 867 819
f 819 867 868
f 819 868 820
f 820 868 869
f 820 869 821
f 821 869 870
f 821 870 822
f 822 870 871
f 822 871 823
f 823 871 872
f 823 872 824
f 824 872 873
f 824 873 825
f 825 873 874
f 825 874 826
f 826 874 875
f 826 875 827
f 827 875 876
f 827 876 828
f 828 876 877
f 828 877 829
f 829 877 878
f 829 878 830
f 830 878 831
f 878 879 831
f 831 879 832
f 879 880 832
f 832 880 833
f 880 881 833
f 833 881 834
f 881 882 834
f 834 882 835
f 882 883 835
f 835 883 836
f 883 884 836
f 836 884 837
f 884 885 837
f 837 885 838
f 885 886 838
f 838 886 839
f 886 887 839
f 839 887 840
f 887 888 840
f 840 888 841
f 888 889 841
f 841 889 842
f 889 890 842
f 842 890 891
f 842 891 843
f 843 891 892
f 843 892 844
f 844 892 893
f 844 893 845
f 845 893 894
f 845 894 846
f 846 894 895
f 846 895 847
f 847 895 896
f 847 896 848
f 848 896 897
f 848 897 849
f 849 897 898
f 849 898 850
f 850 898 899
f 850 899 851
f 851 899 900
f 851 900 852
f 852 900 901
f 852 901 853
f 853 901 902
f 853 902 854
f 854 902 855
f 902 903 855
f 855 903 856
f 903 904 856
f 856 904 857
f 904 905 857
f 857 905 858
f 905 906 858
f 858 906 859
f 906 907 859
f 859 907 860
f 907 908 860
f 860 908 861
f 908 909 861
f 861 909 862
f 909 910 862
f 862 910 863
f 910 911 863
f 863 911 864
f 911 912 864
f 864 912 865
f 912 913 865
f 865 913 818
f 913 866 818
f 866 914 867
f 867 914 868
f 868 914 869
f 869 914 870
f 870 914 871
f 871 914 872
f 872 914 873
f 873 914 874
f 874 914 875
f 875 914 876
f 876 914 877
f 877 914 878
f 878 914 879
f 879 914 880
f 880 914 881
f 881 914 882
f 882 914 883
f 883 914 884
f 884 914 885
f 885 914 886
f 886 914 887
f 887 914 888
f 888 914 889
f 889 914 890
f 890 914 891
f 891 914 892
f 892 914 893
f 893 914 894
f 894 914 895
f 895 914 896
f 896 914 897
f 897 914 898
f 898 914 899
f 899 914 900
f 900 914 901
f 901 914 902
f 902 914 903
f 903 914 904
f 904 914 905
f 905 914 906
f 906 914 907
f 907 914 908
f 908 914 909
f 909 914 910
f 910 914 911
f 911 914 912
f 912 914 913
f 913 914 866
f 915 916 917
f 916 918 917
f 918 919 917
f 919 920 917
f 917 920 921
f 917 921 922
f 917 922 923
f 917 923 924
f 924 925 917
f 925 926 917
f 926 927 917
f 927 928 917
f 917 928 929
f 917 929 930
f 917 930 931
f 917 931 915
f 915 932 916
f 932 933 916
f 916 933 918
f 933 934 918
f 918 934 919
f 934 935 919
f 919 935 920
f 935 936 920
f 920 936 937
f 920 937 921
f 921 937 938
f 921 938 922
f 922 938 939
f 922 939 923
f 923 939 940
f 923 940 924
f 924 940 925
f 940 941 925
f 925 941 926
f 941 942 926
f 926 942 927
f 942 943 927
f 927 943 928
f 943 944 928
f 928 944 945
f 928 945 929
f 929 945 946
f 929 946 930
f 930 946 947
f 930 947 931
f 931 947 932
f 931 932 915
f 932 948 933
f 948 949 933
f 933 949 934
f 949 950 934
f 934 950 935
f 950 951 935
f 935 951 936
f 951 952 936
f 936 952 953
f 936 953 937
f 937 953 954
f 937 954 938
f 938 954 955
f 938 955 939
f 939 955 956
f 939 956 940
f 940 956 941
f 956 957 941
f 941 957 942
f 957 958 942
f 942 958 943
f 958 959 943
f 943 959 944
f 959 960 944
f 944 960 961
f 944 961 945
f 945 961 962
f 945 962 946
f 946 962 963
f 946 963 947
f 947 963 948
f 947 948 932
f 948 964 949
f 964 965 949
f 949 965 950
f 965 966 950
f 950 966 951
f 966 967 951
f 951 967 952
f 967 968 952
f 952 968 969
f 952 969 953
f 953 969 970
f 953 970 954
f 954 970 971
f 954 971 955
f 955 971 972
f 955 972 956
f 956 972 957
f 972 973 957
f 957 973 958
f 973 974 958
f 958 974 959
f 974 975 959
f 959 975 960
f 975 976 960
f 960 976 977
f 960 977 961
f 961 977 978
f 961 978 962
f 962 978 979
f 962 979 963
f 963 979 964
f 963 964 948
f 964 980 965
f 980 981 965
f 965 981 966
f 981 982 966
f 966 982 967
f 982 983 967
f 967 983 968
f 983 984 968
f 968 984 985
f 968 985 969
f 969 985 986
f 969 986 970
f 970 986 987
f 970 987 971
f 971 987 988
f 971 988 972
f 972 988 973
f 988 989 973
f 973 989 974
f 989 990 974
f 974 990 975
f 990 991 975
f 975 991 976
f 991 992 976
f 976 992 993
f 976 993 977
f 977 993 994
f 977 994 978
f 978 994 995
f 978 995 979
f 979 995 980
f 979 980 964
f 980 996 981
f 996 997 981
f 981 997 982
f 997 998 982
f 982 998 983
f 998 999 983
f 983 999 984
f 999 1000 984
f 984 1000 1001
f 984 1001 985
f 985 1001 1002
f 985 1002 986
f 986 1002 1003
f 986 1003 987
f 987 1003 1004
f 987 1004 988
f 988 1004 989
f 1004 1005 989
f 989 1005 990
f 1005 1006 990
f 990 1006 991
f 1006 1007 991
f 991 1007 992
f 1007 1008 992
f 992 1008 1009
f 992 1009 993
f 993 1009 1010
f 993 1010 994
f 994 1010 1011
f 994 1011 995
f 995 1011 996
f 995 996 980
f 996 1012 997
f 1012 1013 997
f 997 1013 998
f 1013 1014 998
f 998 1014 999
f 1014 1015 999
f 999 1015 1000
f 1015 1016 1000
f 1000 1016 1017
f 1000 1017 1001
f 1001 1017 1018
f 1001 1018 1002
f 1002 1018 1019
f 1002 1019 1003
f 1003 1019 1020
f 1003 1020 1004
f 1004 1020 1005
f 1020 1021 1005
f 1005 1021 1006
f 1021 1022 1006
f 1006 1022 1007
f 1022 1023 1007
f 1007 1023 1008
f 1023 1024 1008
f 1008 1024 1025
f 1008 1025 1009
f 1009 1025 1026
f 1009 1026 1010
f 1010 1026 1027
f 1010 1027 1011
f 1011 1027 1012
f 1011 1012 996
f 1012 1028 1013
f 1028 1029 1013
f 1013 1029 1014
f 1029 1030 1014
f 1014 1030 1015
f 1030 1031 1015
f 1015 1031 1016
f 1031 1032 1016
f 1016 1032 1033
f 1016 1033 1017
f 1017 1033 1034
f 1017 1034 1018
f 1018 1034 1035
f 1018 1035 1019
f 1019 1035 1036
f 1019 1036 1020
f 1020 1036 1021
f 1036 1037 1021
f 1021 1037 1022
f 1037 1038 1022
f 1022 1038 1023
f 1038 1039 1023
f 1023 1039 1024
f 1039 1040 1024
f 1024 1040 1041
f 1024 1041 1025
f 1025 1041 1042
f 1025 1042 1026
f 1026 1042 1043
f 1026 1043 1027
f 1027 1043 1028
f 1027 1028 1012
f 1028 1044 1029
f 1044 1045 1029
f 1029 1045 1030
f 1045 1046 1030
f 1030 1046 1031
f 1046 1047 1031
f 1031 1047 1032
f 1047 1048 1032
f 1032 1048 1049
f 1032 1049 1033
f 1033 1049 1050
f 1033 1050 1034
f 1034 1050 1051
f 1034 1051 1035
f 1035 1051 1052
f 1035 1052 1036
f 1036 1052 1037
f 1052 1053 1037
f 1037 1053 1038
f 1053 1054 1038
f 1038 1054 1039
f 1054 1055 1039
f 1039 1055 1040
f 1055 1056 1040
f 1040 1056 1057
f 1040 1057 1041
f 1041 1057 1058
f 1041 1058 1042
f 1042 1058 1059
f 1042 1059 1043
f 1043 1059 1044
f 1043 1044 1028
f 1044 1060 1045
f 1060 1061 1045
f 1045 1061 1046
f 1061 1062 1046
f 1046 1062 1047
f 1062 1063 1047
f 1047 1063 1048
f 1063 1064 1048
f 1048 1064 1065
f 1048 1065 1049
f 1049 1065 1066
f 1049 1066 1050
f 1050 1066 1067
f 1050 1067 1051
f 1051 1067 1068
f 1051 1068 1052
f 1052 1068 1053
f 1068 1069 1053
f 1053 1069 1054
f 1069 1070 1054
f 1054 1070 1055
f 1070 1071 1055
f 1055 1071 1056
f 1071 1072 1056
f 1056 1072 1073
f 1056 1073 1057
f 1057 1073 1074
f 1057 1074 1058
f 1058 1074 1075
f 1058 1075 1059
f 1059 1075 1060
f 1059 1060 1044
f 1060 1076 1077
f 1060 1077 1061
f 1061 1077 1078
f 1061 1078 1062
f 1062 1078 1079
f 1062 1079 1063
f 1063 1079 1080
f 1063 1080 1064
f 1064 1080 1065
f 1080 1081 1065
f 1065 1081 1066
f 1081 1082 1066
f 1066 1082 1067
f 1082 1083 1067
f 1067 1083 1068
f 1083 1084 1068
f 1068 1084 1085
f 1068 1085 1069
f 1069 1085 1086
f 1069 1086 1070
f 1070 1086 1087
f 1070 1087 1071
f 1071 1087 1088
f 1071 1088 1072
f 1072 1088 1073
f 1088 1089 1073
f 1073 1089 1074
f 1089 1090 1074
f 1074 1090 1075
f 1090 1091 1075
f 1075 1091 1060
f 1091 1076 1060
f 1076 1092 1093
f 1076 1093 1077
f 1077 1093 1094
f 1077 1094 1078
f 1078 1094 1095
f 1078 1095 1079
f 1079 1095 1096
f 1079 1096 1080
f 1080 1096 1081
f 1096 1097 1081
f 1081 1097 1082
f 1097 1098 1082
f 1082 1098 1083
f 1098 1099 1083
f 1083 1099 1084
f 1099 1100 1084
f 1084 1100 1101
f 1084 1101 1085
f 1085 1101 1102
f 1085 1102 1086
f 1086 1102 1103
f 1086 1103 1087
f 1087 1103 1104
f 1087 1104 1088
f 1088 1104 1089
f 1104 1105 1089
f 1089 1105 1090
f 1105 1106 1090
f 1090 1106 1091
f 1106 1107 1091
f 1091 1107 1076
f 1107 1092 1076
f 1092 1108 1109
f 1092 1109 1093
f 1093 1109 1110
f 1093 1110 1094
f 1094 1110 1111
f 1094 1111 1095
f 1095 1111 1112
f 1095 1112 1096
f 1096 1112 1097
f 1112 1113 1097
f 1097 1113 1098
f 1113 1114 1098
f 1098 1114 1099
f 1114 1115 1099
f 1099 1115 1100
f 1115 1116 1100
f 1100 1116 1117
f 1100 1117 1101
f 1101 1117 1118
f 1101 1118 1102
f 1102 1118 1119
f 1102 1119 1103
f 1103 1119 1120
f 1103 1120 1104
f 1104 1120 1105
f 1120 1121 1105
f 1105 1121 1106
f 1121 1122 1106
f 1106 1122 1107
f 1122 1123 1107
f 1107 1123 1092
f 1123 1108 1092
f 1108 1124 1125
f 1108 1125 1109
f 1109 1125 1126
f 1109 1126 1110
f 1110 1126 1127
f 1110 1127 1111
f 1111 1127 1128
f 1111 1128 1112
f 1112 1128 1113
f 1128 1129 1113
f 1113 1129 1114
f 1129 1130 1114
f 1114 1130 1115
f 1130 1131 1115
f 1115 1131 1116
f 1131 1132 1116
f 1116 1132 1133
f 1116 1133 1117
f 1117 1133 1134
f 1117 1134 1118
f 1118 1134 1135
f 1118 1135 1119
f 1119 1135 1136
f 1119 1136 1120
f 1120 1136 1121
f 1136 1137 1121
f 1121 1137 1122
f 1137 1138 1122
f 1122 1138 1123
f 1138 1139 1123
f 1123 1139 1108
f 1139 1124 1108
f 1124 1140 1141
f 1124 1141 1125
f 1125 1141 1142
f 1125 1142 1126
f 1126 1142 1143
f 1126 1143 1127
f 1127 1143 1144
f 1127 1144 1128
f 1128 1144 1129
f 1144 1145 1129
f 1129 1145 1130
f 1145 1146 1130
f 1130 1146 1131
f 1146 1147 1131
f 1131 1147 1132
f 1147 1148 1132
f 1132 1148 1149
f 1132 1149 1133
f 1133 1149 1150
f 1133 1150 1134
f 1134 1150 1151
f 1134 1151 1135
f 1135 1151 1152
f 1135 1152 1136
f 1136 1152 1137
f 1152 1153 1137
f 1137 1153 1138
f 1153 1154 1138
f 1138 1154 1139
f 1154 1155 1139
f 1139 1155 1124
f 1155 1140 1124
f 1140 1156 1157
f 1140 1157 1141
f 1141 1157 1158
f 1141 1158 1142
f 1142 1158 1159
f 1142 1159 1143
f 1143 1159 1160
f 1143 1160 1144
f 1144 1160 1145
f 1160 1161 1145
f 1145 1161 1146
f 1161 1162 1146
f 1146 1162 1147
f 1162 1163 1147
f 1147 1163 1148
f 1163 1164 1148
f 1148 1164 1165
f 1148 1165 1149
f 1149 1165 1166
f 1149 1166 1150
f 1150 1166 1167
f 1150 1167 1151
f 1151 1167 1168
f 1151 1168 1152
f 1152 1168 1153
f 1168 1169 1153
f 1153 1169 1154
f 1169 1170 1154
f 1154 1170 1155
f 1170 1171 1155
f 1155 1171 1140
f 1171 1156 1140
f 1156 1172 1173
f 1156 1173 1157
f 1157 1173 1174
f 1157 1174 1158
f 1158 1174 1175
f 1158 1175 1159
f 1159 1175 1176
f 1159 1176 1160
f 1160 1176 1161
f 1176 1177 1161
f 1161 1177 1162
f 1177 1178 1162
f 1162 1178 1163
f 1178 1179 1163
f 1163 1179 1164
f 1179 1180 1164
f 1164 1180 1181
f 1164 1181 1165
f 1165 1181 1182
f 1165 1182 1166
f 1166 1182 1183
f 1166 1183 1167
f 1167 1183 1184
f 1167 1184 1168
f 1168 1184 1169
f 1184 1185 1169
f 1169 1185 1170
f 1185 1186 1170
f 1170 1186 1171
f 1186 1187 1171
f 1171 1187 1156
f 1187 1172 1156
f 1172 1188 1189
f 1172 1189 1173
f 1173 1189 1190
f 1173 1190 1174
f 1174 1190 1191
f 1174 1191 1175
f 1175 1191 1192
f 1175 1192 1176
f 1176 1192 1177
f 1192 1193 1177
f 1177 1193 1178
f 1193 1194 1178
f 1178 1194 1179
f 1194 1195 1179
f 1179 1195 1180
f 1195 1196 1180
f 1180 1196 1197
f 1180 1197 1181
f 1181 1197 1198
f 1181 1198 1182
f 1182 1198 1199
f 1182 1199 1183
f 1183 1199 1200
f 1183 1200 1184
f 1184 1200 1185
f 1200 1201 1185
f 1185 1201 1186
f 1201 1202 1186
f 1186 1202 1187
f 1202 1203 1187
f 1187 1203 1172
f 1203 1188 1172
f 1188 1204 1205
f 1188 1205 1189
f 1189 1205 1206
f 1189 1206 1190
f 1190 1206 1207
f 1190 1207 1191
f 1191 1207 1208
f 1191 1208 1192
f 1192 1208 1193
f 1208 1209 1193
f 1193 1209 1194
f 1209 1210 1194
f 1194 1210 1195
f 1210 1211 1195
f 1195 1211 1196
f 1211 1212 1196
f 1196 1212 1213
f 1196 1213 1197
f 1197 1213 1214
f 1197 1214 1198
f 1198 1214 1215
f 1198 1215 1199
f 1199 1215 1216
f 1199 1216 1200
f 1200 1216 1201
f 1216 1217 1201
f 1201 1217 1202
f 1217 1218 1202
f 1202 1218 1203
f 1218 1219 1203
f 1203 1219 1188
f 1219 1204 1188
f 1204 1220 1205
f 1205 1220 1206
f 1206 1220 1207
f 1207 1220 1208
f 1208 1220 1209
f 1209 1220 1210
f 1210 1220 1211
f 1211 1220 1212
f 1212 1220 1213
f 1213 1220 1214
f 1214 1220 1215
f 1215 1220 1216
f 1216 1220 1217
f 1217 1220 1218
f 1218 1220 1219
f 1219 1220 1204
f 1221 1222 1223
f 1222 1224 1223
f 1224 1225 1223
f 1225 1226 1223
f 1223 1226 1227
f 1223 1227 1228
f 1223 1228 1229
f 1223 1229 1230
f 1230 1231 1223
f 1231 1232 1223
f 1232 1233 1223
f 1233 1234 1223
f 1223 1234 1235
f 1223 1235 1236
f 1223 1236 1237
f 1223 1237 1221
f 1221 1238 1222
f 1238 1239 1222
f 1222 1239 1224
f 1239 1240 1224
f 1224 1240 1225
f 1240 1241 1225
f 1225 1241 1226
f 1241 1242 1226
f 1226 1242 1243
f 1226 1243 1227
f 1227 1243 1244
f 1227 1244 1228
f 1228 1244 1245
f 1228 1245 1229
f 1229 1245 1246
f 1229 1246 1230
f 1230 1246 1231
f 1246 1247 1231
f 1231 1247 1232
f 1247 1248 1232
f 1232 1248 1233
f 1248 1249 1233
f 1233 1249 1234
f 1249 1250 1234
f 1234 1250 1251
f 1234 1251 1235
f 1235 1251 1252
f 1235 1252 1236
f 1236 1252 1253
f 1236 1253 1237
f 1237 1253 1238
f 1237 1238 1221
f 1238 1254 1239
f 1254 1255 1239
f 1239 1255 1240
f 1255 1256 1240
f 1240 1256 1241
f 1256 1257 1241
f 1241 1257 1242
f 1257 1258 1242
f 1242 1258 1259
f 1242 1259 1243
f 1243 1259 1260
f 1243 1260 1244
f 1244 1260 1261
f 1244 1261 1245
f 1245 1261 1262
f 1245 1262 1246
f 1246 1262 1247
f 1262 1263 1247
f 1247 1263 1248
f 1263 1264 1248
f 1248 1264 1249
f 1264 1265 1249
f 1249 1265 1250
f 1265 1266 1250
f 1250 1266 1267
f 1250 1267 1251
f 1251 1267 1268
f 1251 1268 1252
f 1252 1268 1269
f 1252 1269 1253
f 1253 1269 1254
f 1253 1254 1238
f 1254 1270 1255
f 1270 1271 1255
f 1255 1271 1256
f 1271 1272 1256
f 1256 1272 1257
f 1272 1273 1257
f 1257 1273 1258
f 1273 1274 1258
f 1258 1274 1275
f 1258 1275 1259
f 1259 1275 1276
f 1259 1276 1260
f 1260 1276 1277
f 1260 1277 1261
f 1261 1277 1278
f 1261 1278 1262
f 1262 1278 1263
f 1278 1279 1263
f 1263 1279 1264
f 1279 1280 1264
f 1264 1280 1265
f 1280 1281 1265
f 1265 1281 1266
f 1281 1282 1266
f 1266 1282 1283
f 1266 1283 1267
f 1267 1283 1284
f 1267 1284 1268
f 1268 1284 1285
f 1268 1285 1269
f 1269 1285 1270
f 1269 1270 1254
f 1270 1286 1271
f 1286 1287 1271
f 1271 1287 1272
f 1287 1288 1272
f 1272 1288 1273
f 1288 1289 1273
f 1273 1289 1274
f 1289 1290 1274
f 1274 1290 1291
f 1274 1291 1275
f 1275 1291 1292
f 1275 1292 1276
f 1276 1292 1293
f 1276 1293 1277
f 1277 1293 1294
f 1277 1294 1278
f 1278 1294 1279
f 1294 1295 1279
f 1279 1295 1280
f 1295 1296 1280
f 1280 1296 1281
f 1296 1297 1281
f 1281 1297 1282
f 1297 1298 1282
f 1282 1298 1299
f 1282 1299 1283
f 1283 1299 1300
f 1283 1300 1284
f 1284 1300 1301
f 1284 1301 1285
f 1285 1301 1286
f 1285 1286 1270
f 1286 1302 1287
f 1302 1303 1287
f 1287 1303 1288
f 1303 1304 1288
f 1288 1304 1289
f 1304 1305 1289
f 1289 1305 1290
f 1305 1306 1290
f 1290 1306 1307
f 1290 1307 1291
f 1291 1307 1308
f 1291 1308 1292
f 1292 1308 1309
f 1292 1309 1293
f 1293 1309 1310
f 1293 1310 1294
f 1294 1310 1295
f 1310 1311 1295
f 1295 1311 1296
f 1311 1312 1296
f 1296 1312 1297
f 1312 1313 1297
f 1297 1313 1298
f 1313 1314 1298
f 1298 1314 1315
f 1298 1315 1299
f 1299 1315 1316
f 1299 1316 1300
f 1300 1316 1317
f 1300 1317 1301
f 1301 1317 1302
f 1301 1302 1286
f 1302 1318 1303
f 1318 1319 1303
f 1303 1319 1304
f 1319 1320 1304
f 1304 1320 1305
f 1320 1321 1305
f 1305 1321 1306
f 1321 1322 1306
f 1306 1322 1323
f 1306 1323 1307
f 1307 1323 1324
f 1307 1324 1308
f 1308 1324 1325
f 1308 1325 1309
f 1309 1325 1326
f 1309 1326 1310
f 1310 1326 1311
f 1326 1327 1311
f 1311 1327 1312
f 1327 1328 1312
f 1312 1328 1313
f 1328 1329 1313
f 1313 1329 1314
f 1329 1330 1314
f 1314 1330 1331
f 1314 1331 1315
f 1315 1331 1332
f 1315 1332 1316
f 1316 1332 1333
f 1316 1333 1317
f 1317 1333 1318
f 1317 1318 1302
f 1318 1334 1319
f 1334 1335 1319
f 1319 1335 1320
f 1335 1336 1320
f 1320 1336 1321
f 1336 1337 1321
f 1321 1337 1322
f 1337 1338 1322
f 1322 1338 1339
f 1322 1339 1323
f 1323 1339 1340
f 1323 1340 1324
f 1324 1340 1341
f 1324 1341 1325
f 1325 1341 1342
f 1325 1342 1326
f 1326 1342 1327
f 1342 1343 1327
f 1327 1343 1328
f 1343 1344 1328
f 1328 1344 1329
f 1344 1345 1329
f 1329 1345 1330
f 1345 1346 1330
f 1330 1346 1347
f 1330 1347 1331
f 1331 1347 1348
f 1331 1348 1332
f 1332 1348 1349
f 1332 1349 1333
f 1333 1349 1334
f 1333 1334 1318
f 1334 1350 1335
f 1350 1351 1335
f 1335 1351 1336
f 1351 1352 1336
f 1336 1352 1337
f 1352 1353 1337
f 1337 1353 1338
f 1353 1354 1338
f 1338 1354 1355
f 1338 1355 1339
f 1339 1355 1356
f 1339 1356 1340
f 1340 1356 1357
f 1340 1357 1341
f 1341 1357 1358
f 1341 1358 1342
f 1342 1358 1343
f 1358 1359 1343
f 1343 1359 1344
f 1359 1360 1344
f 1344 1360 1345
f 1360 1361 1345
f 1345 1361 1346
f 1361 1362 1346
f 1346 1362 1363
f 1346 1363 1347
f 1347 1363 1364
f 1347 1364 1348
f 1348 1364 1365
f 1348 1365 1349
f 1349 1365 1350
f 1349 1350 1334
f 1350 1366 1351
f 1366 1367 1351
f 1351 1367 1352
f 1367 1368 1352
f 1352 1368 1353
f 1368 1369 1353
f 1353 1369 1354
f 1369 1370 1354
f 1354 1370 1371
f 1354 1371 1355
f 1355 1371 1372
f 1355 1372 1356
f 1356 1372 1373
f 1356 1373 1357
f 1357 1373 1374
f 1357 1374 1358
f 1358 1374 1359
f 1374 1375 1359
f 1359 1375 1360
f 1375 1376 1360
f 1360 1376 1361
f 1376 1377 1361
f 1361 1377 1362
f 1377 1378 1362
f 1362 1378 1379
f 1362 1379 1363
f 1363 1379 1380
f 1363 1380 1364
f 1364 1380 1381
f 1364 1381 1365
f 1365 1381 1366
f 1365 1366 1350
f 1366 1382 1383
f 1366 1383 1367
f 1367 1383 1384
f 1367 1384 1368
f 1368 1384 1385
f 1368 1385 1369
f 1369 1385 1386
f 1369 1386 1370
f 1370 1386 1371
f 1386 1387 1371
f 1371 1387 1372
f 1387 1388 1372
f 1372 1388 1373
f 1388 1389 1373
f 1373 1389 1374
f 1389 1390 1374
f 1374 1390 1391
f 1374 1391 1375
f 1375 1391 1392
f 1375 1392 1376
f 1376 1392 1393
f 1376 1393 1377
f 1377 1393 1394
f 1377 1394 1378
f 1378 1394 1379
f 1394 1395 1379
f 1379 1395 1380
f 1395 1396 1380
f 1380 1396 1381
f 1396 1397 1381
f 1381 1397 1366
f 1397 1382 1366
f 1382 1398 1399
f 1382 1399 1383
f 1383 1399 1400
f 1383 1400 1384
f 1384 1400 1401
f 1384 1401 1385
f 1385 1401 1402
f 1385 1402 1386
f 1386 1402 1387
f 1402 1403 1387
f 1387 1403 1388
f 1403 1404 1388
f 1388 1404 1389
f 1404 1405 1389
f 1389 1405 1390
f 1405 1406 1390
f 1390 1406 1407
f 1390 1407 1391
f 1391 1407 1408
f 1391 1408 1392
f 1392 1408 1409
f 1392 1409 1393
f 1393 1409 1410
f 1393 1410 1394
f 1394 1410 1395
f 1410 1411 1395
f 1395 1411 1396
f 1411 1412 1396
f 1396 1412 1397
f 1412 1413 1397
f 1397 1413 1382
f 1413 1398 1382
f 1398 1414 1415
f 1398 1415 1399
f 1399 1415 1416
f 1399 1416 1400
f 1400 1416 1417
f 1400 1417 1401
f 1401 1417 1418
f 1401 1418 1402
f 1402 1418 1403
f 1418 1419 1403
f 1403 1419 1404
f 1419 1420 1404
f 1404 1420 1405
f 1420 1421 1405
f 1405 1421 1406
f 1421 1422 1406
f 1406 1422 1423
f 1406 1423 1407
f 1407 1423 1424
f 1407 1424 1408
f 1408 1424 1425
f 1408 1425 1409
f 1409 1425 1426
f 1409 1426 1410
f 1410 1426 1411
f 1426 1427 1411
f 1411 1427 1412
f 1427 1428 1412
f 1412 1428 1413
f 1428 1429 1413
f 1413 1429 1398
f 1429 1414 1398
f 1414 1430 1431
f 1414 1431 1415
f 1415 1431 1432
f 1415 1432 1416
f 1416 1432 1433
f 1416 1433 1417
f 1417 1433 1434
f 1417 1434 1418
f 1418 1434 1419
f 1434 1435 1419
f 1419 1435 1420
f 1435 1436 1420
f 1420 1436 1421
f 1436 1437 1421
f 1421 1437 1422
f 1437 1438 1422
f 1422 1438 1439
f 1422 1439 1423
f 1423 1439 1440
f 1423 1440 1424
f 1424 1440 1441
f 1424 1441 1425
f 1425 1441 1442
f 1425 1442 1426
f 1426 1442 1427
f 1442 1443 1427
f 1427 1443 1428
f 1443 1444 1428
f 1428 1444 1429
f 1444 1445 1429
f 1429 1445 1414
f 1445 1430 1414
f 1430 1446 1447
f 1430 1447 1431
f 1431 1447 1448
f 1431 1448 1432
f 1432 1448 1449
f 1432 1449 1433
f 1433 1449 1450
f 1433 1450 1434
f 1434 1450 1435
f 1450 1451 1435
f 1435 1451 1436
f 1451 1452 1436
f 1436 1452 1437
f 1452 1453 1437
f 1437 1453 1438
f 1453 1454 1438
f 1438 1454 1455
f 1438 1455 1439
f 1439 1455 1456
f 1439 1456 1440
f 1440 1456 1457
f 1440 1457 1441
f 1441 1457 1458
f 1441 1458 1442
f 1442 1458 1443
f 1458 1459 1443
f 1443 1459 1444
f 1459 1460 1444
f 1444 1460 1445
f 1460 1461 1445
f 1445 1461 1430
f 1461 1446 1430
f 1446 1462 1463
f 1446 1463 1447
f 1447 1463 1464
f 1447 1464 1448
f 1448 1464 1465
f 1448 1465 1449
f 1449 1465 1466
f 1449 1466 1450
f 1450 1466 1451
f 1466 1467 1451
f 1451 1467 1452
f 1467 1468 1452
f 1452 1468 1453
f 1468 1469 1453
f 1453 1469 1454
f 1469 1470 1454
f 1454 1470 1471
f 1454 1471 1455
f 1455 1471 1472
f 1455 1472 1456
f 1456 1472 1473
f 1456 1473 1457
f 1457 1473 1474
f 1457 1474 1458
f 1458 1474 1459
f 1474 1475 1459
f 1459 1475 1460
f 1475 1476 1460
f 1460 1476 1461
f 1476 1477 1461
f 1461 1477 1446
f 1477 1462 1446
f 1462 1478 1479
f 1462 1479 1463
f 1463 1479 1480
f 1463 1480 1464
f 1464 1480 1481
f 1464 1481 1465
f 1465 1481 1482
f 1465 1482 1466
f 1466 1482 1467
f 1482 1483 1467
f 1467 1483 1468
f 1483 1484 1468
f 1468 1484 1469
f 1484 1485 1469
f 1469 1485 1470
f 1485 1486 1470
f 1470 1486 1487
f 1470 1487 1471
f 1471 1487 1488
f 1471 1488 1472
f 1472 1488 1489
f 1472 1489 1473
f 1473 1489 1490
f 1473 1490 1474
f 1474 1490 1475
f 1490 1491 1475
f 1475 1491 1476
f 1491 1492 1476
f 1476 1492 1477
f 1492 1493 1477
f 1477 1493 1462
f 1493 1478 1462
f 1478 1494 1495
f 1478 1495 1479
f 1479 1495 1496
f 1479 1496 1480
f 1480 1496 1497
f 1480 1497 1481
f 1481 1497 1498
f 1481 1498 1482
f 1482 1498 1483
f 1498 1499 1483
f 1483 1499 1484
f 1499 1500 1484
f 1484 1500 1485
f 1500 1501 1485
f 1485 1501 1486
f 1501 1502 1486
f 1486 1502 1503
f 1486 1503 1487
f 1487 1503 1504
f 1487 1504 1488
f 1488 1504 1505
f 1488 1505 1489
f 1489 1505 1506
f 1489 1506 1490
f 1490 1506 1491
f 1506 1507 1491
f 1491 1507 1492
f 1507 1508 1492
f 1492 1508 1493
f 1508 1509 1493
f 1493 1509 1478
f 1509 1494 1478
f 1494 1510 1511
f 1494 1511 1495
f 1495 1511 1512
f 1495 1512 1496
f 1496 1512 1513
f 1496 1513 1497
f 1497 1513 1514
f 1497 1514 1498
f 1498 1514 1499
f 1514 1515 1499
f 1499 1515 1500
f 1515 1516 1500
f 1500 1516 1501
f 1516 1517 1501
f 1501 1517 1502
f 1517 1518 1502
f 1502 1518 1519
f 1502 1519 1503
f 1503 1519 1520
f 1503 1520 1504
f 1504 1520 1521
f 1504 1521 1505
f 1505 1521 1522
f 1505 1522 1506
f 1506 1522 1507
f 1522 1523 1507
f 1507 1523 1508
f 1523 1524 1508
f 1508 1524 1509
f 1524 1525 1509
f 1509 1525 1494
f 1525 1510 1494
f 1510 1526 1511
f 1511 1526 1512
f 1512 1526 1513
f 1513 1526 1514
f 1514 1526 1515
f 1515 1526 1516
f 1516 1526 1517
f 1517 1526 1518
f 1518 1526 1519
f 1519 1526 1520
f 1520 1526 1521
f 1521 1526 1522
f 1522 1526 1523
f 1523 1526 1524
f 1524 1526 1525
f 1525 1526 1510
f 1527 1528 1529
f 1528 1530 1529
f 1530 1531 1529
f 1531 1532 1529
f 1529 1532 1533
f 1529 1533 1534
f 1529 1534 1535
f 1529 1535 1536
f 1536 1537 1529
f 1537 1538 1529
f 1538 1539 1529
f 1539 1540 1529
f 1529 1540 1541
f 1529 1541 1542
f 1529 1542 1543
f 1529 1543 1527
f 1527 1544 1528
f 1544 1545 1528
f 1528 1545 1530
f 1545 1546 1530
f 1530 1546 1531
f 1546 1547 1531
f 1531 1547 1532
f 1547 1548 1532
f 1532 1548 1549
f 1532 1549 1533
f 1533 1549 1550
f 1533 1550 1534
f 1534 1550 1551
f 1534 1551 1535
f 1535 1551 1552
f 1535 1552 1536
f 1536 1552 1537
f 1552 1553 1537
f 1537 1553 1538
f 1553 1554 1538
f 1538 1554 1539
f 1554 1555 1539
f 1539 1555 1540
f 1555 1556 1540
f 1540 1556 1557
f 1540 1557 1541
f 1541 1557 1558
f 1541 1558 1542
f 1542 1558 1559
f 1542 1559 1543
f 1543 1559 1544
f 1543 1544 1527
f 1544 1560 1545
f 1560 1561 1545
f 1545 1561 1546
f 1561 1562 1546
f 1546 1562 1547
f 1562 1563 1547
f 1547 1563 1548
f 1563 1564 1548
f 1548 1564 1565
f 1548 1565 1549
f 1549 1565 1566
f 1549 1566 1550
f 1550 1566 1567
f 1550 1567 1551
f 1551 1567 1568
f 1551 1568 1552
f 1552 1568 1553
f 1568 1569 1553
f 1553 1569 1554
f 1569 1570 1554
f 1554 1570 1555
f 1570 1571 1555
f 1555 1571 1556
f 1571 1572 1556
f 1556 1572 1573
f 1556 1573 1557
f 1557 1573 1574
f 1557 1574 1558
f 1558 1574 1575
f 1558 1575 1559
f 1559 1575 1560
f 1559 1560 1544
f 1560 1576 1561
f 1576 1577 1561
f 1561 1577 1562
f 1577 1578 1562
f 1562 1578 1563
f 1578 1579 1563
f 1563 1579 1564
f 1579 1580 1564
f 1564 1580 1581
f 1564 1581 1565
f 1565 1581 1582
f 1565 1582 1566
f 1566 1582 1583
f 1566 1583 1567
f 1567 1583 1584
f 1567 1584 1568
f 1568 1584 1569
f 1584 1585 1569
f 1569 1585 1570
f 1585 1586 1570
f 1570 1586 1571
f 1586 1587 1571
f 1571 1587 1572
f 1587 1588 1572
f 1572 1588 1589
f 1572 1589 1573
f 1573 1589 1590
f 1573 1590 1574
f 1574 1590 1591
f 1574 1591 1575
f 1575 1591 1576
f 1575 1576 1560
f 1576 1592 1577
f 1592 1593 1577
f 1577 1593 1578
f 1593 1594 1578
f 1578 1594 1579
f 1594 1595 1579
f 1579 1595 1580
f 1595 1596 1580
f 1580 1596 1597
f 1580 1597 1581
f 1581 1597 1598
f 1581 1598 1582
f 1582 1598 1599
f 1582 1599 1583
f 1583 1599 1600
f 1583 1600 1584
f 1584 1600 1585
f 1600 1601 1585
f 1585 1601 1586
f 1601 1602 1586
f 1586 1602 1587
f 1602 1603 1587
f 1587 1603 1588
f 1603 1604 1588
f 1588 1604 1605
f 1588 1605 1589
f 1589 1605 1606
f 1589 1606 1590
f 1590 1606 1607
f 1590 1607 1591
f 1591 1607 1592
f 1591 1592 1576
f 1592 1608 1593
f 1608 1609 1593
f 1593 1609 1594
f 1609 1610 1594
f 1594 1610 1595
f 1610 1611 1595
f 1595 1611 1596
f 1611 1612 1596
f 1596 1612 1613
f 1596 1613 1597
f 1597 1613 1614
f 1597 1614 1598
f 1598 1614 1615
f 1598 1615 1599
f 1599 1615 1616
f 1599 1616 1600
f 1600 1616 1601
f 1616 1617 1601
f 1601 1617 1602
f 1617 1618 1602
f 1602 1618 1603
f 1618 1619 1603
f 1603 1619 1604
f 1619 1620 1604
f 1604 1620 1621
f 1604 1621 1605
f 1605 1621 1622
f 1605 1622 1606
f 1606 1622 1623
f 1606 1623 1607
f 1607 1623 1608
f 1607 1608 1592
f 1608 1624 1609
f 1624 1625 1609
f 1609 1625 1610
f 1625 1626 1610
f 1610 1626 1611
f 1626 1627 1611
f 1611 1627 1612
f 1627 1628 1612
f 1612 1628 1629
f 1612 1629 1613
f 1613 1629 1630
f 1613 1630 1614
f 1614 1630 1631
f 1614 1631 1615
f 1615 1631 1632
f 1615 1632 1616
f 1616 1632 1617
f 1632 1633 1617
f 1617 1633 1618
f 1633 1634 1618
f 1618 1634 1619
f 1634 1635 1619
f 1619 1635 1620
f 1635 1636 1620
f 1620 1636 1637
f 1620 1637 1621
f 1621 1637 1638
f 1621 1638 1622
f 1622 1638 1639
f 1622 1639 1623
f 1623 1639 1624
f 1623 1624 1608
f 1624 1640 1625
f 1640 1641 1625
f 1625 1641 1626
f 1641 1642 1626
f 1626 1642 1627
f 1642 1643 1627
f 1627 1643 1628
f 1643 1644 1628
f 1628 1644 1645
f 1628 1645 1629
f 1629 1645 1646
f 1629 1646 1630
f 1630 1646 1647
f 1630 1647 1631
f 1631 1647 1648
f 1631 1648 1632
f 1632 1648 1633
f 1648 1649 1633
f 1633 1649 1634
f 1649 1650 1634
f 1634 1650 1635
f 1650 1651 1635
f 1635 1651 1636
f 1651 1652 1636
f 1636 1652 1653
f 1636 1653 1637
f 1637 1653 1654
f 1637 1654 1638
f 1638 1654 1655
f 1638 1655 1639
f 1639 1655 1640
f 1639 1640 1624
f 1640 1656 1641
f 1656 1657 1641
f 1641 1657 1642
f 1657 1658 1642
f 1642 1658 1643
f 1658 1659 1643
f 1643 1659 1644
f 1659 1660 1644
f 1644 1660 1661
f 1644 1661 1645
f 1645 1661 1662
f 1645 1662 1646
f 1646 1662 1663
f 1646 1663 1647
f 1647 1663 1664
f 1647 1664 1648
f 1648 1664 1649
f 1664 1665 1649
f 1649 1665 1650
f 1665 1666 1650
f 1650 1666 1651
f 1666 1667 1651
f 1651 1667 1652
f 1667 1668 1652
f 1652 1668 1669
f 1652 1669 1653
f 1653 1669 1670
f 1653 1670 1654
f 1654 1670 1671
f 1654 1671 1655
f 1655 1671 1656
f 1655 1656 1640
f 1656 1672 1657
f 1672 1673 1657
f 1657 1673 1658
f 1673 1674 1658
f 1658 1674 1659
f 1674 1675 1659
f 1659 1675 1660
f 1675 1676 1660
f 1660 1676 1677
f 1660 1677 1661
f 1661 1677 1678
f 1661 1678 1662
f 1662 1678 1679
f 1662 1679 1663
f 1663 1679 1680
f 1663 1680 1664
f 1664 1680 1665
f 1680 1681 1665
f 1665 1681 1666
f 1681 1682 1666
f 1666 1682 1667
f 1682 1683 1667
f 1667 1683 1668
f 1683 1684 1668
f 1668 1684 1685
f 1668 1685 1669
f 1669 1685 1686
f 1669 1686 1670
f 1670 1686 1687
f 1670 1687 1671
f 1671 1687 1672
f 1671 1672 1656
f 1672 1688 1689
f 1672 1689 1673
f 1673 1689 1690
f 1673 1690 1674
f 1674 1690 1691
f 1674 1691 1675
f 1675 1691 1692
f 1675 1692 1676
f 1676 1692 1677
f 1692 1693 1677
f 1677 1693 1678
f 1693 1694 1678
f 1678 1694 1679
f 1694 1695 1679
f 1679 1695 1680
f 1695 1696 1680
f 1680 1696 1697
f 1680 1697 1681
f 1681 1697 1698
f 1681 1698 1682
f 1682 1698 1699
f 1682 1699 1683
f 1683 1699 1700
f 1683 1700 1684
f 1684 1700 1685
f 1700 1701 1685
f 1685 1701 1686
f 1701 1702 1686
f 1686 1702 1687
f 1702 1703 1687
f 1687 1703 1672
f 1703 1688 1672
f 1688 1704 1705
f 1688 1705 1689
f 1689 1705 1706
f 1689 1706 1690
f 1690 1706 1707
f 1690 1707 1691
f 1691 1707 1708
f 1691 1708 1692
f 1692 1708 1693
f 1708 1709 1693
f 1693 1709 1694
f 1709 1710 1694
f 1694 1710 1695
f 1710 1711 1695
f 1695 1711 1696
f 1711 1712 1696
f 1696 1712 1713
f 1696 1713 1697
f 1697 1713 1714
f 1697 1714 1698
f 1698 1714 1715
f 1698 1715 1699
f 1699 1715 1716
f 1699 1716 1700
f 1700 1716 1701
f 1716 1717 1701
f 1701 1717 1702
f 1717 1718 1702
f 1702 1718 1703
f 1718 1719 1703
f 1703 1719 1688
f 1719 1704 1688
f 1704 1720 1721
f 1704 1721 1705
f 1705 1721 1722
f 1705 1722 1706
f 1706 1722 1723
f 1706 1723 1707
f 1707 1723 1724
f 1707 1724 1708
f 1708 1724 1709
f 1724 1725 1709
f 1709 1725 1710
f 1725 1726 1710
f 1710 1726 1711
f 1726 1727 1711
f 1711 1727 1712
f 1727 1728 1712
f 1712 1728 1729
f 1712 1729 1713
f 1713 1729 1730
f 1713 1730 1714
f 1714 1730 1731
f 1714 1731 1715
f 1715 1731 1732
f 1715 1732 1716
f 1716 1732 1717
f 1732 1733 1717
f 1717 1733 1718
f 1733 1734 1718
f 1718 1734 1719
f 1734 1735 1719
f 1719 1735 1704
f 1735 1720 1704
f 1720 1736 1737
f 1720 1737 1721
f 1721 1737 1738
f 1721 1738 1722
f 1722 1738 1739
f 1722 1739 1723
f 1723 1739 1740
f 1723 1740 1724
f 1724 1740 1725
f 1740 1741 1725
f 1725 1741 1726
f 1741 1742 1726
f 1726 1742 1727
f 1742 1743 1727
f 1727 1743 1728
f 1743 1744 1728
f 1728 1744 1745
f 1728 1745 1729
f 1729 1745 1746
f 1729 1746 1730
f 1730 1746 1747
f 1730 1747 1731
f 1731 1747 1748
f 1731 1748 1732
f 1732 1748 1733
f 1748 1749 1733
f 1733 1749 1734
f 1749 1750 1734
f 1734 1750 1735
f 1750 1751 1735
f 1735 1751 1720
f 1751 1736 1720
f 1736 1752 1753
f 1736 1753 1737
f 1737 1753 1754
f 1737 1754 1738
f 1738 1754 1755
f 1738 1755 1739
f 1739 1755 1756
f 1739 1756 1740
f 1740 1756 1741
f 1756 1757 1741
f 1741 1757 1742
f 1757 1758 1742
f 1742 1758 1743
f 1758 1759 1743
f 1743 1759 1744
f 1759 1760 1744
f 1744 1760 1761
f 1744 1761 1745
f 1745 1761 1762
f 1745 1762 1746
f 1746 1762 1763
f 1746 1763 1747
f 1747 1763 1764
f 1747 1764 1748
f 1748 1764 1749
f 1764 1765 1749
f 1749 1765 1750
f 1765 1766 1750
f 1750 1766 1751
f 1766 1767 1751
f 1751 1767 1736
f 1767 1752 1736
f 1752 1768 1769
f 1752 1769 1753
f 1753 1769 1770
f 1753 1770 1754
f 1754 1770 1771
f 1754 1771 1755
f 1755 1771 1772
f 1755 1772 1756
f 1756 1772 1757
f 1772 1773 1757
f 1757 1773 1758
f 1773 1774 1758
f 1758 1774 1759
f 1774 1775 1759
f 1759 1775 1760
f 1775 1776 1760
f 1760 1776 1777
f 1760 1777 1761
f 1761 1777 1778
f 1761 1778 1762
f 1762 1778 1779
f 1762 1779 1763
f 1763 1779 1780
f 1763 1780 1764
f 1764 1780 1765
f 1780 1781 1765
f 1765 1781 1766
f 1781 1782 1766
f 1766 1782 1767
f 1782 1783 1767
f 1767 1783 1752
f 1783 1768 1752
f 1768 1784 1785
f 1768 1785 1769
f 1769 1785 1786
f 1769 1786 1770
f 1770 1786 1787
f 1770 1787 1771
f 1771 1787 1788
f 1771 1788 1772
f 1772 1788 1773
f 1788 1789 1773
f 1773 1789 1774
f 1789 1790 1774
f 1774 1790 1775
f 1790 1791 1775
f 1775 1791 1776
f 1791 1792 1776
f 1776 1792 1793
f 1776 1793 1777
f 1777 1793 1794
f 1777 1794 1778
f 1778 1794 1795
f 1778 1795 1779
f 1779 1795 1796
f 1779 1796 1780
f 1780 1796 1781
f 1796 1797 1781
f 1781 1797 1782
f 1797 1798 1782
f 1782 1798 1783
f 1798 1799 1783
f 1783 1799 1768
f 1799 1784 1768
f 1784 1800 1801
f 1784 1801 1785
f 1785 1801 1802
f 1785 1802 1786
f 1786 1802 1803
f 1786 1803 1787
f 1787 1803 1804
f 1787 1804 1788
f 1788 1804 1789
f 1804 1805 1789
f 1789 1805 1790
f 1805 1806 1790
f 1790 1806 1791
f 1806 1807 1791
f 1791 1807 1792
f 1807 1808 1792
f 1792 1808 1809
f 1792 1809 1793
f 1793 1809 1810
f 1793 1810 1794
f 1794 1810 1811
f 1794 1811 1795
f 1795 1811 1812
f 1795 1812 1796
f 1796 1812 1797
f 1812 1813 1797
f 1797 1813 1798
f 1813 1814 1798
f 1798 1814 1799
f 1814 1815 1799
f 1799 1815 1784
f 1815 1800 1784
f 1800 1816 1817
f 1800 1817 1801
f 1801 1817 1818
f 1801 1818 1802
f 1802 1818 1819
f 1802 1819 1803
f 1803 1819 1820
f 1803 1820 1804
f 1804 1820 1805
f 1820 1821 1805
f 1805 1821 1806
f 1821 1822 1806
f 1806 1822 1807
f 1822 1823 1807
f 1807 1823 1808
f 1823 1824 1808
f 1808 1824 1825
f 1808 1825 1809
f 1809 1825 1826
f 1809 1826 1810
f 1810 1826 1827
f 1810 1827 1811
f 1811 1827 1828
f 1811 1828 1812
f 1812 1828 1813
f 1828 1829 1813
f 1813 1829 1814
f 1829 1830 1814
f 1814 1830 1815
f 1830 1831 1815
f 1815 1831 1800
f 1831 1816 1800
f 1816 1832 1817
f 1817 1832 1818
f 1818 1832 1819
f 1819 1832 1820
f 1820 1832 1821
f 1821 1832 1822
f 1822 1832 1823
f 1823 1832 1824
f 1824 1832 1825
f 1825 1832 1826
f 1826 1832 1827
f 1827 1832 1828
f 1828 1832 1829
f 1829 1832 1830
f 1830 1832 1831
f 1831 1832 1816
f 1833 1834 1835
f 1834 1836 1835
f 1836 1837 1835
f 1837 1838 1835
f 1835 1838 1839
f 1835 1839 1840
f 1835 1840 1841
f 1835 1841 1842
f 1842 1843 1835
f 1843 1844 1835
f 1844 1845 1835
f 1845 1846 1835
f 1835 1846 1847
f 1835 1847 1848
f 1835 1848 1849
f 1835 1849 1833
f 1833 1850 1834
f 1850 1851 1834
f 1834 1851 1836
f 1851 1852 1836
f 1836 1852 1837
f 1852 1853 1837
f 1837 1853 1838
f 1853 1854 1838
f 1838 1854 1855
f 1838 1855 1839
f 1839 1855 1856
f 1839 1856 1840
f 1840 1856 1857
f 1840 1857 1841
f 1841 1857 1858
f 1841 1858 1842
f 1842 1858 1843
f 1858 1859 1843
f 1843 1859 1844
f 1859 1860 1844
f 1844 1860 1845
f 1860 1861 1845
f 1845 1861 1846
f 1861 1862 1846
f 1846 1862 1863
f 1846 1863 1847
f 1847 1863 1864
f 1847 1864 1848
f 1848 1864 1865
f 1848 1865 1849
f 1849 1865 1850
f 1849 1850 1833
f 1850 1866 1851
f 1866 1867 1851
f 1851 1867 1852
f 1867 1868 1852
f 1852 1868 1853
f 1868 1869 1853
f 1853 1869 1854
f 1869 1870 1854
f 1854 1870 1871
f 1854 1871 1855
f 1855 1871 1872
f 1855 1872 1856
f 1856 1872 1873
f 1856 1873 1857
f 1857 1873 1874
f 1857 1874 1858
f 1858 1874 1859
f 1874 1875 1859
f 1859 1875 1860
f 1875 1876 1860
f 1860 1876 1861
f 1876 1877 1861
f 1861 1877 1862
f 1877 1878 1862
f 1862 1878 1879
f 1862 1879 1863
f 1863 1879 1880
f 1863 1880 1864
f 1864 1880 1881
f 1864 1881 1865
f 1865 1881 1866
f 1865 1866 1850
f 1866 1882 1867
f 1882 1883 1867
f 1867 1883 1868
f 1883 1884 1868
f 1868 1884 1869
f 1884 1885 1869
f 1869 1885 1870
f 1885 1886 1870
f 1870 1886 1887
f 1870 1887 1871
f 1871 1887 1888
f 1871 1888 1872
f 1872 1888 1889
f 1872 1889 1873
f 1873 1889 1890
f 1873 1890 1874
f 1874 1890 1875
f 1890 1891 1875
f 1875 1891 1876
f 1891 1892 1876
f 1876 1892 1877
f 1892 1893 1877
f 1877 1893 1878
f 1893 1894 1878
f 1878 1894 1895
f 1878 1895 1879
f 1879 1895 1896
f 1879 1896 1880
f 1880 1896 1897
f 1880 1897 1881
f 1881 1897 1882
f 1881 1882 1866
f 1882 1898 1883
f 1898 1899 1883
f 1883 1899 1884
f 1899 1900 1884
f 1884 1900 1885
f 1900 1901 1885
f 1885 1901 1886
f 1901 1902 1886
f 1886 1902 1903
f 1886 1903 1887
f 1887 1903 1904
f 1887 1904 1888
f 1888 1904 1905
f 1888 1905 1889
f 1889 1905 1906
f 1889 1906 1890
f 1890 1906 1891
f 1906 1907 1891
f 1891 1907 1892
f 1907 1908 1892
f 1892 1908 1893
f 1908 1909 1893
f 1893 1909 1894
f 1909 1910 1894
f 1894 1910 1911
f 1894 1911 1895
f 1895 1911 1912
f 1895 1912 1896
f 1896 1912 1913
f 1896 1913 1897
f 1897 1913 1898
f 1897 1898 1882
f 1898 1914 1899
f 1914 1915 1899
f 1899 1915 1900
f 1915 1916 1900
f 1900 1916 1901
f 1916 1917 1901
f 1901 1917 1902
f 1917 1918 1902
f 1902 1918 1919
f 1902 1919 1903
f 1903 1919 1920
f 1903 1920 1904
f 1904 1920 1921
f 1904 1921 1905
f 1905 1921 1922
f 1905 1922 1906
f 1906 1922 1907
f 1922 1923 1907
f 1907 1923 1908
f 1923 1924 1908
f 1908 1924 1909
f 1924 1925 1909
f 1909 1925 1910
f 1925 1926 1910
f 1910 1926 1927
f 1910 1927 1911
f 1911 1927 1928
f 1911 1928 1912
f 1912 1928 1929
f 1912 1929 1913
f 1913 1929 1914
f 1913 1914 1898
f 1914 1930 1915
f 1930 1931 1915
f 1915 1931 1916
f 1931 1932 1916
f 1916 1932 1917
f 1932 1933 1917
f 1917 1933 1918
f 1933 1934 1918
f 1918 1934 1935
f 1918 1935 1919
f 1919 1935 1936
f 1919 1936 1920
f 1920 1936 1937
f 1920 1937 1921
f 1921 1937 1938
f 1921 1938 1922
f 1922 1938 1923
f 1938 1939 1923
f 1923 1939 1924
f 1939 1940 1924
f 1924 1940 1925
f 1940 1941 1925
f 1925 1941 1926
f 1941 1942 1926
f 1926 1942 1943
f 1926 1943 1927
f 1927 1943 1944
f 1927 1944 1928
f 1928 1944 1945
f 1928 1945 1929
f 1929 1945 1930
f 1929 1930 1914
f 1930 1946 1931
f 1946 1947 1931
f 1931 1947 1932
f 1947 1948 1932
f 1932 1948 1933
f 1948 1949 1933
f 1933 1949 1934
f 1949 1950 1934
f 1934 1950 1951
f 1934 1951 1935
f 1935 1951 1952
f 1935 1952 1936
f 1936 1952 1953
f 1936 1953 1937
f 1937 1953 1954
f 1937 1954 1938
f 1938 1954 1939
f 1954 1955 1939
f 1939 1955 1940
f 1955 1956 1940
f 1940 1956 1941
f 1956 1957 1941
f 1941 1957 1942
f 1957 1958 1942
f 1942 1958 1959
f 1942 1959 1943
f 1943 1959 1960
f 1943 1960 1944
f 1944 1960 1961
f 1944 1961 1945
f 1945 1961 1946
f 1945 1946 1930
f 1946 1962 1947
f 1962 1963 1947
f 1947 1963 1948
f 1963 1964 1948
f 1948 1964 1949
f 1964 1965 1949
f 1949 1965 1950
f 1965 1966 1950
f 1950 1966 1967
f 1950 1967 1951
f 1951 1967 1968
f 1951 1968 1952
f 1952 1968 1969
f 1952 1969 1953
f 1953 1969 1970
f 1953 1970 1954
f 1954 1970 1955
f 1970 1971 1955
f 1955 1971 1956
f 1971 1972 1956
f 1956 1972 1957
f 1972 1973 1957
f 1957 1973 1958
f 1973 1974 1958
f 1958 1974 1975
f 1958 1975 1959
f 1959 1975 1976
f 1959 1976 1960
f 1960 1976 1977
f 1960 1977 1961
f 1961 1977 1962
f 1961 1962 1946
f 1962 1978 1963
f 1978 1979 1963
f 1963 1979 1964
f 1979 1980 1964
f 1964 1980 1965
f 1980 1981 1965
f 1965 1981 1966
f 1981 1982 1966
f 1966 1982 1983
f 1966 1983 1967
f 1967 1983 1984
f 1967 1984 1968
f 1968 1984 1985
f 1968 1985 1969
f 1969 1985 1986
f 1969 1986 1970
f 1970 1986 1971
f 1986 1987 1971
f 1971 1987 1972
f 1987 1988 1972
f 1972 1988 1973
f 1988 1989 1973
f 1973 1989 1974
f 1989 1990 1974
f 1974 1990 1991
f 1974 1991 1975
f 1975 1991 1992
f 1975 1992 1976
f 1976 1992 1993
f 1976 1993 1977
f 1977 1993 1978
f 1977 1978 1962
f 1978 1994 1995
f 1978 1995 1979
f 1979 1995 1996
f 1979 1996 1980
f 1980 1996 1997
f 1980 1997 1981
f 1981 1997 1998
f 1981 1998 1982
f 1982 1998 1983
f 1998 1999 1983
f 1983 1999 1984
f 1999 2000 1984
f 1984 2000 1985
f 2000 2001 1985
f 1985 2001 1986
f 2001 2002 1986
f 1986 2002 2003
f 1986 2003 1987
f 1987 2003 2004
f 1987 2004 1988
f 1988 2004 2005
f 1988 2005 1989
f 1989 2005 2006
f 1989 2006 1990
f 1990 2006 1991
f 2006 2007 1991
f 1991 2007 1992
f 2007 2008 1992
f 1992 2008 1993
f 2008 2009 1993
f 1993 2009 1978
f 2009 1994 1978
f 1994 2010 2011
f 1994 2011 1995
f 1995 2011 2012
f 1995 2012 1996
f 1996 2012 2013
f 1996 2013 1997
f 1997 2013 2014
f 1997 2014 1998
f 1998 2014 1999
f 2014 2015 1999
f 1999 2015 2000
f 2015 2016 2000
f 2000 2016 2001
f 2016 2017 2001
f 2001 2017 2002
f 2017 2018 2002
f 2002 2018 2019
f 2002 2019 2003
f 2003 2019 2020
f 2003 2020 2004
f 2004 2020 2021
f 2004 2021 2005
f 2005 2021 2022
f 2005 2022 2006
f 2006 2022 2007
f 2022 2023 2007
f 2007 2023 2008
f 2023 2024 2008
f 2008 2024 2009
f 2024 2025 2009
f 2009 2025 1994
f 2025 2010 1994
f 2010 2026 2027
f 2010 2027 2011
f 2011 2027 2028
f 2011 2028 2012
f 2012 2028 2029
f 2012 2029 2013
f 2013 2029 2030
f 2013 2030 2014
f 2014 2030 2015
f 2030 2031 2015
f 2015 2031 2016
f 2031 2032 2016
f 2016 2032 2017
f 2032 2033 2017
f 2017 2033 2018
f 2033 2034 2018
f 2018 2034 2035
f 2018 2035 2019
f 2019 2035 2036
f 2019 2036 2020
f 2020 2036 2037
f 2020 2037 2021
f 2021 2037 2038
f 2021 2038 2022
f 2022 2038 2023
f 2038 2039 2023
f 2023 2039 2024
f 2039 2040 2024
f 2024 2040 2025
f 2040 2041 2025
f 2025 2041 2010
f 2041 2026 2010
f 2026 2042 2043
f 2026 2043 2027
f 2027 2043 2044
f 2027 2044 2028
f 2028 2044 2045
f 2028 2045 2029
f 2029 2045 2046
f 2029 2046 2030
f 2030 2046 2031
f 2046 2047 2031
f 2031 2047 2032
f 2047 2048 2032
f 2032 2048 2033
f 2048 2049 2033
f 2033 2049 2034
f 2049 2050 2034
f 2034 2050 2051
f 2034 2051 2035
f 2035 2051 2052
f 2035 2052 2036
f 2036 2052 2053
f 2036 2053 2037
f 2037 2053 2054
f 2037 2054 2038
f 2038 2054 2039
f 2054 2055 2039
f 2039 2055 2040
f 2055 2056 2040
f 2040 2056 2041
f 2056 2057 2041
f 2041 2057 2026
f 2057 2042 2026
f 2042 2058 2059
f 2042 2059 2043
f 2043 2059 2060
f 2043 2060 2044
f 2044 2060 2061
f 2044 2061 2045
f 2045 2061 2062
f 2045 2062 2046
f 2046 2062 2047
f 2062 2063 2047
f 2047 2063 2048
f 2063 2064 2048
f 2048 2064 2049
f 2064 2065 2049
f 2049 2065 2050
f 2065 2066 2050
f 2050 2066 2067
f 2050 2067 2051
f 2051 2067 2068
f 2051 2068 2052
f 2052 2068 2069
f 2052 2069 2053
f 2053 2069 2070
f 2053 2070 2054
f 2054 2070 2055
f 2070 2071 2055
f 2055 2071 2056
f 2071 2072 2056
f 2056 2072 2057
f 2072 2073 2057
f 2057 2073 2042
f 2073 2058 2042
f 2058 2074 2075
f 2058 2075 2059
f 2059 2075 2076
f 2059 2076 2060
f 2060 2076 2077
f 2060 2077 2061
f 2061 2077 2078
f 2061 2078 2062
f 2062 2078 2063
f 2078 2079 2063
f 2063 2079 2064
f 2079 2080 2064
f 2064 2080 2065
f 2080 2081 2065
f 2065 2081 2066
f 2081 2082 2066
f 2066 2082 2083
f 2066 2083 2067
f 2067 2083 2084
f 2067 2084 2068
f 2068 2084 2085
f 2068 2085 2069
f 2069 2085 2086
f 2069 2086 2070
f 2070 2086 2071
f 2086 2087 2071
f 2071 2087 2072
f 2087 2088 2072
f 2072 2088 2073
f 2088 2089 2073
f 2073 2089 2058
f 2089 2074 2058
f 2074 2090 2091
f 2074 2091 2075
f 2075 2091 2092
f 2075 2092 2076
f 2076 2092 2093
f 2076 2093 2077
f 2077 2093 2094
f 2077 2094 2078
f 2078 2094 2079
f 2094 2095 2079
f 2079 2095 2080
f 2095 2096 2080
f 2080 2096 2081
f 2096 2097 2081
f 2081 2097 2082
f 2097 2098 2082
f 2082 2098 2099
f 2082 2099 2083
f 2083 2099 2100
f 2083 2100 2084
f 2084 2100 2101
f 2084 2101 2085
f 2085 2101 2102
f 2085 2102 2086
f 2086 2102 2087
f 2102 2103 2087
f 2087 2103 2088
f 2103 2104 2088
f 2088 2104 2089
f 2104 2105 2089
f 2089 2105 2074
f 2105 2090 2074
f 2090 2106 2107
f 2090 2107 2091
f 2091 2107 2108
f 2091 2108 2092
f 2092 2108 2109
f 2092 2109 2093
f 2093 2109 2110
f 2093 2110 2094
f 2094 2110 2095
f 2110 2111 2095
f 2095 2111 2096
f 2111 2112 2096
f 2096 2112 2097
f 2112 2113 2097
f 2097 2113 2098
f 2113 2114 2098
f 2098 2114 2115
f 2098 2115 2099
f 2099 2115 2116
f 2099 2116 2100
f 2100 2116 2117
f 2100 2117 2101
f 2101 2117 2118
f 2101 2118 2102
f 2102 2118 2103
f 2118 2119 2103
f 2103 2119 2104
f 2119 2120 2104
f 2104 2120 2105
f 2120 2121 2105
f 2105 2121 2090
f 2121 2106 2090
f 2106 2122 2123
f 2106 2123 2107
f 2107 2123 2124
f 2107 2124 2108
f 2108 2124 2125
f 2108 2125 2109
f 2109 2125 2126
f 2109 2126 2110
f 2110 2126 2111
f 2126 2127 2111
f 2111 2127 2112
f 2127 2128 2112
f 2112 2128 2113
f 2128 2129 2113
f 2113 2129 2114
f 2129 2130 2114
f 2114 2130 2131
f 2114 2131 2115
f 2115 2131 2132
f 2115 2132 2116
f 2116 2132 2133
f 2116 2133 2117
f 2117 2133 2134
f 2117 2134 2118
f 2118 2134 2119
f 2134 2135 2119
f 2119 2135 2120
f 2135 2136 2120
f 2120 2136 2121
f 2136 2137 2121
f 2121 2137 2106
f 2137 2122 2106
f 2122 2138 2123
f 2123 2138 2124
f 2124 2138 2125
f 2125 2138 2126
f 2126 2138 2127
f 2127 2138 2128
f 2128 2138 2129
f 2129 2138 2130
f 2130 2138 2131
f 2131 2138 2132
f 2132 2138 2133
f 2133 2138 2134
f 2134 2138 2135
f 2135 2138 2136
f 2136 2138 2137
f 2137 2138 2122
f 2139 2140 2141
f 2140 2142 2141
f 2142 2143 2141
f 2143 2144 2141
f 2141 2144 2145
f 2141 2145 2146
f 2141 2146 2147
f 2141 2147 2148
f 2148 2149 2141
f 2149 2150 2141
f 2150 2151 2141
f 2151 2152 2141
f 2141 2152 2153
f 2141 2153 2154
f 2141 2154 2155
f 2141 2155 2139
f 2139 2156 2140
f 2156 2157 2140
f 2140 2157 2142
f 2157 2158 2142
f 2142 2158 2143
f 2158 2159 2143
f 2143 2159 2144
f 2159 2160 2144
f 2144 2160 2161
f 2144 2161 2145
f 2145 2161 2162
f 2145 2162 2146
f 2146 2162 2163
f 2146 2163 2147
f 2147 2163 2164
f 2147 2164 2148
f 2148 2164 2149
f 2164 2165 2149
f 2149 2165 2150
f 2165 2166 2150
f 2150 2166 2151
f 2166 2167 2151
f 2151 2167 2152
f 2167 2168 2152
f 2152 2168 2169
f 2152 2169 2153
f 2153 2169 2170
f 2153 2170 2154
f 2154 2170 2171
f 2154 2171 2155
f 2155 2171 2156
f 2155 2156 2139
f 2156 2172 2157
f 2172 2173 2157
f 2157 2173 2158
f 2173 2174 2158
f 2158 2174 2159
f 2174 2175 2159
f 2159 2175 2160
f 2175 2176 2160
f 2160 2176 2177
f 2160 2177 2161
f 2161 2177 2178
f 2161 2178 2162
f 2162 2178 2179
f 2162 2179 2163
f 2163 2179 2180
f 2163 2180 2164
f 2164 2180 2165
f 2180 2181 2165
f 2165 2181 2166
f 2181 2182 2166
f 2166 2182 2167
f 2182 2183 2167
f 2167 2183 2168
f 2183 2184 2168
f 2168 2184 2185
f 2168 2185 2169
f 2169 2185 2186
f 2169 2186 2170
f 2170 2186 2187
f 2170 2187 2171
f 2171 2187 2172
f 2171 2172 2156
f 2172 2188 2173
f 2188 2189 2173
f 2173 2189 2174
f 2189 2190 2174
f 2174 2190 2175
f 2190 2191 2175
f 2175 2191 2176
f 2191 2192 2176
f 2176 2192 2193
f 2176 2193 2177
f 2177 2193 2194
f 2177 2194 2178
f 2178 2194 2195
f 2178 2195 2179
f 2179 2195 2196
f 2179 2196 2180
f 2180 2196 2181
f 2196 2197 2181
f 2181 2197 2182
f 2197 2198 2182
f 2182 2198 2183
f 2198 2199 2183
f 2183 2199 2184
f 2199 2200 2184
f 2184 2200 2201
f 2184 2201 2185
f 2185 2201 2202
f 2185 2202 2186
f 2186 2202 2203
f 2186 2203 2187
f 2187 2203 2188
f 2187 2188 2172
f 2188 2204 2189
f 2204 2205 2189
f 2189 2205 2190
f 2205 2206 2190
f 2190 2206 2191
f 2206 2207 2191
f 2191 2207 2192
f 2207 2208 2192
f 2192 2208 2209
f 2192 2209 2193
f 2193 2209 2210
f 2193 2210 2194
f 2194 2210 2211
f 2194 2211 2195
f 2195 2211 2212
f 2195 2212 2196
f 2196 2212 2197
f 2212 2213 2197
f 2197 2213 2198
f 2213 2214 2198
f 2198 2214 2199
f 2214 2215 2199
f 2199 2215 2200
f 2215 2216 2200
f 2200 2216 2217
f 2200 2217 2201
f 2201 2217 2218
f 2201 2218 2202
f 2202 2218 2219
f 2202 2219 2203
f 2203 2219 2204
f 2203 2204 2188
f 2204 2220 2205
f 2220 2221 2205
f 2205 2221 2206
f 2221 2222 2206
f 2206 2222 2207
f 2222 2223 2207
f 2207 2223 2208
f 2223 2224 2208
f 2208 2224 2225
f 2208 2225 2209
f 2209 2225 2226
f 2209 2226 2210
f 2210 2226 2227
f 2210 2227 2211
f 2211 2227 2228
f 2211 2228 2212
f 2212 2228 2213
f 2228 2229 2213
f 2213 2229 2214
f 2229 2230 2214
f 2214 2230 2215
f 2230 2231 2215
f 2215 2231 2216
f 2231 2232 2216
f 2216 2232 2233
f 2216 2233 2217
f 2217 2233 2234
f 2217 2234 2218
f 2218 2234 2235
f 2218 2235 2219
f 2219 2235 2220
f 2219 2220 2204
f 2220 2236 2221
f 2236 2237 2221
f 2221 2237 2222
f 2237 2238 2222
f 2222 2238 2223
f 2238 2239 2223
f 2223 2239 2224
f 2239 2240 2224
f 2224 2240 2241
f 2224 2241 2225
f 2225 2241 2242
f 2225 2242 2226
f 2226 2242 2243
f 2226 2243 2227
f 2227 2243 2244
f 2227 2244 2228
f 2228 2244 2229
f 2244 2245 2229
f 2229 2245 2230
f 2245 2246 2230
f 2230 2246 2231
f 2246 2247 2231
f 2231 2247 2232
f 2247 2248 2232
f 2232 2248 2249
f 2232 2249 2233
f 2233 2249 2250
f 2233 2250 2234
f 2234 2250 2251
f 2234 2251 2235
f 2235 2251 2236
f 2235 2236 2220
f 2236 2252 2237
f 2252 2253 2237
f 2237 2253 2238
f 2253 2254 2238
f 2238 2254 2239
f 2254 2255 2239
f 2239 2255 2240
f 2255 2256 2240
f 2240 2256 2257
f 2240 2257 2241
f 2241 2257 2258
f 2241 2258 2242
f 2242 2258 2259
f 2242 2259 2243
f 2243 2259 2260
f 2243 2260 2244
f 2244 2260 2245
f 2260 2261 2245
f 2245 2261 2246
f 2261 2262 2246
f 2246 2262 2247
f 2262 2263 2247
f 2247 2263 2248
f 2263 2264 2248
f 2248 2264 2265
f 2248 2265 2249
f 2249 2265 2266
f 2249 2266 2250
f 2250 2266 2267
f 2250 2267 2251
f 2251 2267 2252
f 2251 2252 2236
f 2252 2268 2253
f 2268 2269 2253
f 2253 2269 2254
f 2269 2270 2254
f 2254 2270 2255
f 2270 2271 2255
f 2255 2271 2256
f 2271 2272 2256
f 2256 2272 2273
f 2256 2273 2257
f 2257 2273 2274
f 2257 2274 2258
f 2258 2274 2275
f 2258 2275 2259
f 2259 2275 2276
f 2259 2276 2260
f 2260 2276 2261
f 2276 2277 2261
f 2261 2277 2262
f 2277 2278 2262
f 2262 2278 2263
f 2278 2279 2263
f 2263 2279 2264
f 2279 2280 2264
f 2264 2280 2281
f 2264 2281 2265
f 2265 2281 2282
f 2265 2282 2266
f 2266 2282 2283
f 2266 2283 2267
f 2267 2283 2268
f 2267 2268 2252
f 2268 2284 2269
f 2284 2285 2269
f 2269 2285 2270
f 2285 2286 2270
f 2270 2286 2271
f 2286 2287 2271
f 2271 2287 2272
f 2287 2288 2272
f 2272 2288 2289
f 2272 2289 2273
f 2273 2289 2290
f 2273 2290 2274
f 2274 2290 2291
f 2274 2291 2275
f 2275 2291 2292
f 2275 2292 2276
f 2276 2292 2277
f 2292 2293 2277
f 2277 2293 2278
f 2293 2294 2278
f 2278 2294 2279
f 2294 2295 2279
f 2279 2295 2280
f 2295 2296 2280
f 2280 2296 2297
f 2280 2297 2281
f 2281 2297 2298
f 2281 2298 2282
f 2282 2298 2299
f 2282 2299 2283
f 2283 2299 2284
f 2283 2284 2268
f 2284 2300 2301
f 2284 2301 2285
f 2285 2301 2302
f 2285 2302 2286
f 2286 2302 2303
f 2286 2303 2287
f 2287 2303 2304
f 2287 2304 2288
f 2288 2304 2289
f 2304 2305 2289
f 2289 2305 2290
f 2305 2306 2290
f 2290 2306 2291
f 2306 2307 2291
f 2291 2307 2292
f 2307 2308 2292
f 2292 2308 2309
f 2292 2309 2293
f 2293 2309 2310
f 2293 2310 2294
f 2294 2310 2311
f 2294 2311 2295
f 2295 2311 2312
f 2295 2312 2296
f 2296 2312 2297
f 2312 2313 2297
f 2297 2313 2298
f 2313 2314 2298
f 2298 2314 2299
f 2314 2315 2299
f 2299 2315 2284
f 2315 2300 2284
f 2300 2316 2317
f 2300 2317 2301
f 2301 2317 2318
f 2301 2318 2302
f 2302 2318 2319
f 2302 2319 2303
f 2303 2319 2320
f 2303 2320 2304
f 2304 2320 2305
f 2320 2321 2305
f 2305 2321 2306
f 2321 2322 2306
f 2306 2322 2307
f 2322 2323 2307
f 2307 2323 2308
f 2323 2324 2308
f 2308 2324 2325
f 2308 2325 2309
f 2309 2325 2326
f 2309 2326 2310
f 2310 2326 2327
f 2310 2327 2311
f 2311 2327 2328
f 2311 2328 2312
f 2312 2328 2313
f 2328 2329 2313
f 2313 2329 2314
f 2329 2330 2314
f 2314 2330 2315
f 2330 2331 2315
f 2315 2331 2300
f 2331 2316 2300
f 2316 2332 2333
f 2316 2333 2317
f 2317 2333 2334
f 2317 2334 2318
f 2318 2334 2335
f 2318 2335 2319
f 2319 2335 2336
f 2319 2336 2320
f 2320 2336 2321
f 2336 2337 2321
f 2321 2337 2322
f 2337 2338 2322
f 2322 2338 2323
f 2338 2339 2323
f 2323 2339 2324
f 2339 2340 2324
f 2324 2340 2341
f 2324 2341 2325
f 2325 2341 2342
f 2325 2342 2326
f 2326 2342 2343
f 2326 2343 2327
f 2327 2343 2344
f 2327 2344 2328
f 2328 2344 2329
f 2344 2345 2329
f 2329 2345 2330
f 2345 2346 2330
f 2330 2346 2331
f 2346 2347 2331
f 2331 2347 2316
f 2347 2332 2316
f 2332 2348 2349
f 2332 2349 2333
f 2333 2349 2350
f 2333 2350 2334
f 2334 2350 2351
f 2334 2351 2335
f 2335 2351 2352
f 2335 2352 2336
f 2336 2352 2337
f 2352 2353 2337
f 2337 2353 2338
f 2353 2354 2338
f 2338 2354 2339
f 2354 2355 2339
f 2339 2355 2340
f 2355 2356 2340
f 2340 2356 2357
f 2340 2357 2341
f 2341 2357 2358
f 2341 2358 2342
f 2342 2358 2359
f 2342 2359 2343
f 2343 2359 2360
f 2343 2360 2344
f 2344 2360 2345
f 2360 2361 2345
f 2345 2361 2346
f 2361 2362 2346
f 2346 2362 2347
f 2362 2363 2347
f 2347 2363 2332
f 2363 2348 2332
f 2348 2364 2365
f 2348 2365 2349
f 2349 2365 2366
f 2349 2366 2350
f 2350 2366 2367
f 2350 2367 2351
f 2351 2367 2368
f 2351 2368 2352
f 2352 2368 2353
f 2368 2369 2353
f 2353 2369 2354
f 2369 2370 2354
f 2354 2370 2355
f 2370 2371 2355
f 2355 2371 2356
f 2371 2372 2356
f 2356 2372 2373
f 2356 2373 2357
f 2357 2373 2374
f 2357 2374 2358
f 2358 2374 2375
f 2358 2375 2359
f 2359 2375 2376
f 2359 2376 2360
f 2360 2376 2361
f 2376 2377 2361
f 2361 2377 2362
f 2377 2378 2362
f 2362 2378 2363
f 2378 2379 2363
f 2363 2379 2348
f 2379 2364 2348
f 2364 2380 2381
f 2364 2381 2365
f 2365 2381 2382
f 2365 2382 2366
f 2366 2382 2383
f 2366 2383 2367
f 2367 2383 2384
f 2367 2384 2368
f 2368 2384 2369
f 2384 2385 2369
f 2369 2385 2370
f 2385 2386 2370
f 2370 2386 2371
f 2386 2387 2371
f 2371 2387 2372
f 2387 2388 2372
f 2372 2388 2389
f 2372 2389 2373
f 2373 2389 2390
f 2373 2390 2374
f 2374 2390 2391
f 2374 2391 2375
f 2375 2391 2392
f 2375 2392 2376
f 2376 2392 2377
f 2392 2393 2377
f 2377 2393 2378
f 2393 2394 2378
f 2378 2394 2379
f 2394 2395 2379
f 2379 2395 2364
f 2395 2380 2364
f 2380 2396 2397
f 2380 2397 2381
f 2381 2397 2398
f 2381 2398 2382
f 2382 2398 2399
f 2382 2399 2383
f 2383 2399 2400
f 2383 2400 2384
f 2384 2400 2385
f 2400 2401 2385
f 2385 2401 2386
f 2401 2402 2386
f 2386 2402 2387
f 2402 2403 2387
f 2387 2403 2388
f 2403 2404 2388
f 2388 2404 2405
f 2388 2405 2389
f 2389 2405 2406
f 2389 2406 2390
f 2390 2406 2407
f 2390 2407 2391
f 2391 2407 2408
f 2391 2408 2392
f 2392 2408 2393
f 2408 2409 2393
f 2393 2409 2394
f 2409 2410 2394
f 2394 2410 2395
f 2410 2411 2395
f 2395 2411 2380
f 2411 2396 2380
f 2396 2412 2413
f 2396 2413 2397
f 2397 2413 2414
f 2397 2414 2398
f 2398 2414 2415
f 2398 2415 2399
f 2399 2415 2416
f 2399 2416 2400
f 2400 2416 2401
f 2416 2417 2401
f 2401 2417 2402
f 2417 2418 2402
f 2402 2418 2403
f 2418 2419 2403
f 2403 2419 2404
f 2419 2420 2404
f 2404 2420 2421
f 2404 2421 2405
f 2405 2421 2422
f 2405 2422 2406
f 2406 2422 2423
f 2406 2423 2407
f 2407 2423 2424
f 2407 2424 2408
f 2408 2424 2409
f 2424 2425 2409
f 2409 2425 2410
f 2425 2426 2410
f 2410 2426 2411
f 2426 2427 2411
f 2411 2427 2396
f 2427 2412 2396
f 2412 2428 2429
f 2412 2429 2413
f 2413 2429 2430
f 2413 2430 2414
f 2414 2430 2431
f 2414 2431 2415
f 2415 2431 2432
f 2415 2432 2416
f 2416 2432 2417
f 2432 2433 2417
f 2417 2433 2418
f 2433 2434 2418
f 2418 2434 2419
f 2434 2435 2419
f 2419 2435 2420
f 2435 2436 2420
f 2420 2436 2437
f 2420 2437 2421
f 2421 2437 2438
f 2421 2438 2422
f 2422 2438 2439
f 2422 2439 2423
f 2423 2439 2440
f 2423 2440 2424
f 2424 2440 2425
f 2440 2441 2425
f 2425 2441 2426
f 2441 2442 2426
f 2426 2442 2427
f 2442 2443 2427
f 2427 2443 2412
f 2443 2428 2412
f 2428 2444 2429
f 2429 2444 2430
f 2430 2444 2431
f 2431 2444 2432
f 2432 2444 2433
f 2433 2444 2434
f 2434 2444 2435
f 2435 2444 2436
f 2436 2444 2437
f 2437 2444 2438
f 2438 2444 2439
f 2439 2444 2440
f 2440 2444 2441
f 2441 2444 2442
f 2442 2444 2443
f 2443 2444 2428
f 2445 2446 2447
f 2446 2448 2447
f 2448 2449 2447
f 2449 2450 2447
f 2447 2450 2451
f 2447 2451 2452
f 2447 2452 2453
f 2447 2453 2454
f 2454 2455 2447
f 2455 2456 2447
f 2456 2457 2447
f 2457 2458 2447
f 2447 2458 2459
f 2447 2459 2460
f 2447 2460 2461
f 2447 2461 2445
f 2445 2462 2446
f 2462 2463 2446
f 2446 2463 2448
f 2463 2464 2448
f 2448 2464 2449
f 2464 2465 2449
f 2449 2465 2450
f 2465 2466 2450
f 2450 2466 2467
f 2450 2467 2451
f 2451 2467 2468
f 2451 2468 2452
f 2452 2468 2469
f 2452 2469 2453
f 2453 2469 2470
f 2453 2470 2454
f 2454 2470 2455
f 2470 2471 2455
f 2455 2471 2456
f 2471 2472 2456
f 2456 2472 2457
f 2472 2473 2457
f 2457 2473 2458
f 2473 2474 2458
f 2458 2474 2475
f 2458 2475 2459
f 2459 2475 2476
f 2459 2476 2460
f 2460 2476 2477
f 2460 2477 2461
f 2461 2477 2462
f 2461 2462 2445
f 2462 2478 2463
f 2478 2479 2463
f 2463 2479 2464
f 2479 2480 2464
f 2464 2480 2465
f 2480 2481 2465
f 2465 2481 2466
f 2481 2482 2466
f 2466 2482 2483
f 2466 2483 2467
f 2467 2483 2484
f 2467 2484 2468
f 2468 2484 2485
f 2468 2485 2469
f 2469 2485 2486
f 2469 2486 2470
f 2470 2486 2471
f 2486 2487 2471
f 2471 2487 2472
f 2487 2488 2472
f 2472 2488 2473
f 2488 2489 2473
f 2473 2489 2474
f 2489 2490 2474
f 2474 2490 2491
f 2474 2491 2475
f 2475 2491 2492
f 2475 2492 2476
f 2476 2492 2493
f 2476 2493 2477
f 2477 2493 2478
f 2477 2478 2462
f 2478 2494 2479
f 2494 2495 2479
f 2479 2495 2480
f 2495 2496 2480
f 2480 2496 2481
f 2496 2497 2481
f 2481 2497 2482
f 2497 2498 2482
f 2482 2498 2499
f 2482 2499 2483
f 2483 2499 2500
f 2483 2500 2484
f 2484 2500 2501
f 2484 2501 2485
f 2485 2501 2502
f 2485 2502 2486
f 2486 2502 2487
f 2502 2503 2487
f 2487 2503 2488
f 2503 2504 2488
f 2488 2504 2489
f 2504 2505 2489
f 2489 2505 2490
f 2505 2506 2490
f 2490 2506 2507
f 2490 2507 2491
f 2491 2507 2508
f 2491 2508 2492
f 2492 2508 2509
f 2492 2509 2493
f 2493 2509 2494
f 2493 2494 2478
f 2494 2510 2495
f 2510 2511 2495
f 2495 2511 2496
f 2511 2512 2496
f 2496 2512 2497
f 2512 2513 2497
f 2497 2513 2498
f 2513 2514 2498
f 2498 2514 2515
f 2498 2515 2499
f 2499 2515 2516
f 2499 2516 2500
f 2500 2516 2517
f 2500 2517 2501
f 2501 2517 2518
f 2501 2518 2502
f 2502 2518 2503
f 2518 2519 2503
f 2503 2519 2504
f 2519 2520 2504
f 2504 2520 2505
f 2520 2521 2505
f 2505 2521 2506
f 2521 2522 2506
f 2506 2522 2523
f 2506 2523 2507
f 2507 2523 2524
f 2507 2524 2508
f 2508 2524 2525
f 2508 2525 2509
f 2509 2525 2510
f 2509 2510 2494
f 2510 2526 2511
f 2526 2527 2511
f 2511 2527 2512
f 2527 2528 2512
f 2512 2528 2513
f 2528 2529 2513
f 2513 2529 2514
f 2529 2530 2514
f 2514 2530 2531
f 2514 2531 2515
f 2515 2531 2532
f 2515 2532 2516
f 2516 2532 2533
f 2516 2533 2517
f 2517 2533 2534
f 2517 2534 2518
f 2518 2534 2519
f 2534 2535 2519
f 2519 2535 2520
f 2535 2536 2520
f 2520 2536 2521
f 2536 2537 2521
f 2521 2537 2522
f 2537 2538 2522
f 2522 2538 2539
f 2522 2539 2523
f 2523 2539 2540
f 2523 2540 2524
f 2524 2540 2541
f 2524 2541 2525
f 2525 2541 2526
f 2525 2526 2510
f 2526 2542 2527
f 2542 2543 2527
f 2527 2543 2528
f 2543 2544 2528
f 2528 2544 2529
f 2544 2545 2529
f 2529 2545 2530
f 2545 2546 2530
f 2530 2546 2547
f 2530 2547 2531
f 2531 2547 2548
f 2531 2548 2532
f 2532 2548 2549
f 2532 2549 2533
f 2533 2549 2550
f 2533 2550 2534
f 2534 2550 2535
f 2550 2551 2535
f 2535 2551 2536
f 2551 2552 2536
f 2536 2552 2537
f 2552 2553 2537
f 2537 2553 2538
f 2553 2554 2538
f 2538 2554 2555
f 2538 2555 2539
f 2539 2555 2556
f 2539 2556 2540
f 2540 2556 2557
f 2540 2557 2541
f 2541 2557 2542
f 2541 2542 2526
f 2542 2558 2543
f 2558 2559 2543
f 2543 2559 2544
f 2559 2560 2544
f 2544 2560 2545
f 2560 2561 2545
f 2545 2561 2546
f 2561 2562 2546
f 2546 2562 2563
f 2546 2563 2547
f 2547 2563 2564
f 2547 2564 2548
f 2548 2564 2565
f 2548 2565 2549
f 2549 2565 2566
f 2549 2566 2550
f 2550 2566 2551
f 2566 2567 2551
f 2551 2567 2552
f 2567 2568 2552
f 2552 2568 2553
f 2568 2569 2553
f 2553 2569 2554
f 2569 2570 2554
f 2554 2570 2571
f 2554 2571 2555
f 2555 2571 2572
f 2555 2572 2556
f 2556 2572 2573
f 2556 2573 2557
f 2557 2573 2558
f 2557 2558 2542
f 2558 2574 2559
f 2574 2575 2559
f 2559 2575 2560
f 2575 2576 2560
f 2560 2576 2561
f 2576 2577 2561
f 2561 2577 2562
f 2577 2578 2562
f 2562 2578 2579
f 2562 2579 2563
f 2563 2579 2580
f 2563 2580 2564
f 2564 2580 2581
f 2564 2581 2565
f 2565 2581 2582
f 2565 2582 2566
f 2566 2582 2567
f 2582 2583 2567
f 2567 2583 2568
f 2583 2584 2568
f 2568 2584 2569
f 2584 2585 2569
f 2569 2585 2570
f 2585 2586 2570
f 2570 2586 2587
f 2570 2587 2571
f 2571 2587 2588
f 2571 2588 2572
f 2572 2588 2589
f 2572 2589 2573
f 2573 2589 2574
f 2573 2574 2558
f 2574 2590 2575
f 2590 2591 2575
f 2575 2591 2576
f 2591 2592 2576
f 2576 2592 2577
f 2592 2593 2577
f 2577 2593 2578
f 2593 2594 2578
f 2578 2594 2595
f 2578 2595 2579
f 2579 2595 2596
f 2579 2596 2580
f 2580 2596 2597
f 2580 2597 2581
f 2581 2597 2598
f 2581 2598 2582
f 2582 2598 2583
f 2598 2599 2583
f 2583 2599 2584
f 2599 2600 2584
f 2584 2600 2585
f 2600 2601 2585
f 2585 2601 2586
f 2601 2602 2586
f 2586 2602 2603
f 2586 2603 2587
f 2587 2603 2604
f 2587 2604 2588
f 2588 2604 2605
f 2588 2605 2589
f 2589 2605 2590
f 2589 2590 2574
f 2590 2606 2607
f 2590 2607 2591
f 2591 2607 2608
f 2591 2608 2592
f 2592 2608 2609
f 2592 2609 2593
f 2593 2609 2610
f 2593 2610 2594
f 2594 2610 2595
f 2610 2611 2595
f 2595 2611 2596
f 2611 2612 2596
f 2596 2612 2597
f 2612 2613 2597
f 2597 2613 2598
f 2613 2614 2598
f 2598 2614 2615
f 2598 2615 2599
f 2599 2615 2616
f 2599 2616 2600
f 2600 2616 2617
f 2600 2617 2601
f 2601 2617 2618
f 2601 2618 2602
f 2602 2618 2603
f 2618 2619 2603
f 2603 2619 2604
f 2619 2620 2604
f 2604 2620 2605
f 2620 2621 2605
f 2605 2621 2590
f 2621 2606 2590
f 2606 2622 2623
f 2606 2623 2607
f 2607 2623 2624
f 2607 2624 2608
f 2608 2624 2625
f 2608 2625 2609
f 2609 2625 2626
f 2609 2626 2610
f 2610 2626 2611
f 2626 2627 2611
f 2611 2627 2612
f 2627 2628 2612
f 2612 2628 2613
f 2628 2629 2613
f 2613 2629 2614
f 2629 2630 2614
f 2614 2630 2631
f 2614 2631 2615
f 2615 2631 2632
f 2615 2632 2616
f 2616 2632 2633
f 2616 2633 2617
f 2617 2633 2634
f 2617 2634 2618
f 2618 2634 2619
f 2634 2635 2619
f 2619 2635 2620
f 2635 2636 2620
f 2620 2636 2621
f 2636 2637 2621
f 2621 2637 2606
f 2637 2622 2606
f 2622 2638 2639
f 2622 2639 2623
f 2623 2639 2640
f 2623 2640 2624
f 2624 2640 2641
f 2624 2641 2625
f 2625 2641 2642
f 2625 2642 2626
f 2626 2642 2627
f 2642 2643 2627
f 2627 2643 2628
f 2643 2644 2628
f 2628 2644 2629
f 2644 2645 2629
f 2629 2645 2630
f 2645 2646 2630
f 2630 2646 2647
f 2630 2647 2631
f 2631 2647 2648
f 2631 2648 2632
f 2632 2648 2649
f 2632 2649 2633
f 2633 2649 2650
f 2633 2650 2634
f 2634 2650 2635
f 2650 2651 2635
f 2635 2651 2636
f 2651 2652 2636
f 2636 2652 2637
f 2652 2653 2637
f 2637 2653 2622
f 2653 2638 2622
f 2638 2654 2655
f 2638 2655 2639
f 2639 2655 2656
f 2639 2656 2640
f 2640 2656 2657
f 2640 2657 2641
f 2641 2657 2658
f 2641 2658 2642
f 2642 2658 2643
f 2658 2659 2643
f 2643 2659 2644
f 2659 2660 2644
f 2644 2660 2645
f 2660 2661 2645
f 2645 2661 2646
f 2661 2662 2646
f 2646 2662 2663
f 2646 2663 2647
f 2647 2663 2664
f 2647 2664 2648
f 2648 2664 2665
f 2648 2665 2649
f 2649 2665 2666
f 2649 2666 2650
f 2650 2666 2651
f 2666 2667 2651
f 2651 2667 2652
f 2667 2668 2652
f 2652 2668 2653
f 2668 2669 2653
f 2653 2669 2638
f 2669 2654 2638
f 2654 2670 2671
f 2654 2671 2655
f 2655 2671 2672
f 2655 2672 2656
f 2656 2672 2673
f 2656 2673 2657
f 2657 2673 2674
f 2657 2674 2658
f 2658 2674 2659
f 2674 2675 2659
f 2659 2675 2660
f 2675 2676 2660
f 2660 2676 2661
f 2676 2677 2661
f 2661 2677 2662
f 2677 2678 2662
f 2662 2678 2679
f 2662 2679 2663
f 2663 2679 2680
f 2663 2680 2664
f 2664 2680 2681
f 2664 2681 2665
f 2665 2681 2682
f 2665 2682 2666
f 2666 2682 2667
f 2682 2683 2667
f 2667 2683 2668
f 2683 2684 2668
f 2668 2684 2669
f 2684 2685 2669
f 2669 2685 2654
f 2685 2670 2654
f 2670 2686 2687
f 2670 2687 2671
f 2671 2687 2688
f 2671 2688 2672
f 2672 2688 2689
f 2672 2689 2673
f 2673 2689 2690
f 2673 2690 2674
f 2674 2690 2675
f 2690 2691 2675
f 2675 2691 2676
f 2691 2692 2676
f 2676 2692 2677
f 2692 2693 2677
f 2677 2693 2678
f 2693 2694 2678
f 2678 2694 2695
f 2678 2695 2679
f 2679 2695 2696
f 2679 2696 2680
f 2680 2696 2697
f 2680 2697 2681
f 2681 2697 2698
f 2681 2698 2682
f 2682 2698 2683
f 2698 2699 2683
f 2683 2699 2684
f 2699 2700 2684
f 2684 2700 2685
f 2700 2701 2685
f 2685 2701 2670
f 2701 2686 2670
f 2686 2702 2703
f 2686 2703 2687
f 2687 2703 2704
f 2687 2704 2688
f 2688 2704 2705
f 2688 2705 2689
f 2689 2705 2706
f 2689 2706 2690
f 2690 2706 2691
f 2706 2707 2691
f 2691 2707 2692
f 2707 2708 2692
f 2692 2708 2693
f 2708 2709 2693
f 2693 2709 2694
f 2709 2710 2694
f 2694 2710 2711
f 2694 2711 2695
f 2695 2711 2712
f 2695 2712 2696
f 2696 2712 2713
f 2696 2713 2697
f 2697 2713 2714
f 2697 2714 2698
f 2698 2714 2699
f 2714 2715 2699
f 2699 2715 2700
f 2715 2716 2700
f 2700 2716 2701
f 2716 2717 2701
f 2701 2717 2686
f 2717 2702 2686
f 2702 2718 2719
f 2702 2719 2703
f 2703 2719 2720
f 2703 2720 2704
f 2704 2720 2721
f 2704 2721 2705
f 2705 2721 2722
f 2705 2722 2706
f 2706 2722 2707
f 2722 2723 2707
f 2707 2723 2708
f 2723 2724 2708
f 2708 2724 2709
f 2724 2725 2709
f 2709 2725 2710
f 2725 2726 2710
f 2710 2726 2727
f 2710 2727 2711
f 2711 2727 2728
f 2711 2728 2712
f 2712 2728 2729
f 2712 2729 2713
f 2713 2729 2730
f 2713 2730 2714
f 2714 2730 2715
f 2730 2731 2715
f 2715 2731 2716
f 2731 2732 2716
f 2716 2732 2717
f 2732 2733 2717
f 2717 2733 2702
f 2733 2718 2702
f 2718 2734 2735
f 2718 2735 2719
f 2719 2735 2736
f 2719 2736 2720
f 2720 2736 2737
f 2720 2737 2721
f 2721 2737 2738
f 2721 2738 2722
f 2722 2738 2723
f 2738 2739 2723
f 2723 2739 2724
f 2739 2740 2724
f 2724 2740 2725
f 2740 2741 2725
f 2725 2741 2726
f 2741 2742 2726
f 2726 2742 2743
f 2726 2743 2727
f 2727 2743 2744
f 2727 2744 2728
f 2728 2744 2745
f 2728 2745 2729
f 2729 2745 2746
f 2729 2746 2730
f 2730 2746 2731
f 2746 2747 2731
f 2731 2747 2732
f 2747 2748 2732
f 2732 2748 2733
f 2748 2749 2733
f 2733 2749 2718
f 2749 2734 2718
f 2734 2750 2735
f 2735 2750 2736
f 2736 2750 2737
f 2737 2750 2738
f 2738 2750 2739
f 2739 2750 2740
f 2740 2750 2741
f 2741 2750 2742
f 2742 2750 2743
f 2743 2750 2744
f 2744 2750 2745
f 2745 2750 2746
f 2746 2750 2747
f 2747 2750 2748
f 2748 2750 2749
f 2749 2750 2734
f 2751 2752 2753
f 2752 2754 2753
f 2754 2755 2753
f 2755 2756 2753
f 2753 2756 2757
f 2753 2757 2758
f 2753 2758 2759
f 2753 2759 2760
f 2760 2761 2753
f 2761 2762 2753
f 2762 2763 2753
f 2763 2764 2753
f 2753 2764 2765
f 2753 2765 2766
f 2753 2766 2767
f 2753 2767 2751
f 2751 2768 2752
f 2768 2769 2752
f 2752 2769 2754
f 2769 2770 2754
f 2754 2770 2755
f 2770 2771 2755
f 2755 2771 2756
f 2771 2772 2756
f 2756 2772 2773
f 2756 2773 2757
f 2757 2773 2774
f 2757 2774 2758
f 2758 2774 2775
f 2758 2775 2759
f 2759 2775 2776
f 2759 2776 2760
f 2760 2776 2761
f 2776 2777 2761
f 2761 2777 2762
f 2777 2778 2762
f 2762 2778 2763
f 2778 2779 2763
f 2763 2779 2764
f 2779 2780 2764
f 2764 2780 2781
f 2764 2781 2765
f 2765 2781 2782
f 2765 2782 2766
f 2766 2782 2783
f 2766 2783 2767
f 2767 2783 2768
f 2767 2768 2751
f 2768 2784 2769
f 2784 2785 2769
f 2769 2785 2770
f 2785 2786 2770
f 2770 2786 2771
f 2786 2787 2771
f 2771 2787 2772
f 2787 2788 2772
f 2772 2788 2789
f 2772 2789 2773
f 2773 2789 2790
f 2773 2790 2774
f 2774 2790 2791
f 2774 2791 2775
f 2775 2791 2792
f 2775 2792 2776
f 2776 2792 2777
f 2792 2793 2777
f 2777 2793 2778
f 2793 2794 2778
f 2778 2794 2779
f 2794 2795 2779
f 2779 2795 2780
f 2795 2796 2780
f 2780 2796 2797
f 2780 2797 2781
f 2781 2797 2798
f 2781 2798 2782
f 2782 2798 2799
f 2782 2799 2783
f 2783 2799 2784
f 2783 2784 2768
f 2784 2800 2785
f 2800 2801 2785
f 2785 2801 2786
f 2801 2802 2786
f 2786 2802 2787
f 2802 2803 2787
f 2787 2803 2788
f 2803 2804 2788
f 2788 2804 2805
f 2788 2805 2789
f 2789 2805 2806
f 2789 2806 2790
f 2790 2806 2807
f 2790 2807 2791
f 2791 2807 2808
f 2791 2808 2792
f 2792 2808 2793
f 2808 2809 2793
f 2793 2809 2794
f 2809 2810 2794
f 2794 2810 2795
f 2810 2811 2795
f 2795 2811 2796
f 2811 2812 2796
f 2796 2812 2813
f 2796 2813 2797
f 2797 2813 2814
f 2797 2814 2798
f 2798 2814 2815
f 2798 2815 2799
f 2799 2815 2800
f 2799 2800 2784
f 2800 2816 2801
f 2816 2817 2801
f 2801 2817 2802
f 2817 2818 2802
f 2802 2818 2803
f 2818 2819 2803
f 2803 2819 2804
f 2819 2820 2804
f 2804 2820 2821
f 2804 2821 2805
f 2805 2821 2822
f 2805 2822 2806
f 2806 2822 2823
f 2806 2823 2807
f 2807 2823 2824
f 2807 2824 2808
f 2808 2824 2809
f 2824 2825 2809
f 2809 2825 2810
f 2825 2826 2810
f 2810 2826 2811
f 2826 2827 2811
f 2811 2827 2812
f 2827 2828 2812
f 2812 2828 2829
f 2812 2829 2813
f 2813 2829 2830
f 2813 2830 2814
f 2814 2830 2831
f 2814 2831 2815
f 2815 2831 2816
f 2815 2816 2800
f 2816 2832 2817
f 2832 2833 2817
f 2817 2833 2818
f 2833 2834 2818
f 2818 2834 2819
f 2834 2835 2819
f 2819 2835 2820
f 2835 2836 2820
f 2820 2836 2837
f 2820 2837 2821
f 2821 2837 2838
f 2821 2838 2822
f 2822 2838 2839
f 2822 2839 2823
f 2823 2839 2840
f 2823 2840 2824
f 2824 2840 2825
f 2840 2841 2825
f 2825 2841 2826
f 2841 2842 2826
f 2826 2842 2827
f 2842 2843 2827
f 2827 2843 2828
f 2843 2844 2828
f 2828 2844 2845
f 2828 2845 2829
f 2829 2845 2846
f 2829 2846 2830
f 2830 2846 2847
f 2830 2847 2831
f 2831 2847 2832
f 2831 2832 2816
f 2832 2848 2833
f 2848 2849 2833
f 2833 2849 2834
f 2849 2850 2834
f 2834 2850 2835
f 2850 2851 2835
f 2835 2851 2836
f 2851 2852 2836
f 2836 2852 2853
f 2836 2853 2837
f 2837 2853 2854
f 2837 2854 2838
f 2838 2854 2855
f 2838 2855 2839
f 2839 2855 2856
f 2839 2856 2840
f 2840 2856 2841
f 2856 2857 2841
f 2841 2857 2842
f 2857 2858 2842
f 2842 2858 2843
f 2858 2859 2843
f 2843 2859 2844
f 2859 2860 2844
f 2844 2860 2861
f 2844 2861 2845
f 2845 2861 2862
f 2845 2862 2846
f 2846 2862 2863
f 2846 2863 2847
f 2847 2863 2848
f 2847 2848 2832
f 2848 2864 2849
f 2864 2865 2849
f 2849 2865 2850
f 2865 2866 2850
f 2850 2866 2851
f 2866 2867 2851
f 2851 2867 2852
f 2867 2868 2852
f 2852 2868 2869
f 2852 2869 2853
f 2853 2869 2870
f 2853 2870 2854
f 2854 2870 2871
f 2854 2871 2855
f 2855 2871 2872
f 2855 2872 2856
f 2856 2872 2857
f 2872 2873 2857
f 2857 2873 2858
f 2873 2874 2858
f 2858 2874 2859
f 2874 2875 2859
f 2859 2875 2860
f 2875 2876 2860
f 2860 2876 2877
f 2860 2877 2861
f 2861 2877 2878
f 2861 2878 2862
f 2862 2878 2879
f 2862 2879 2863
f 2863 2879 2864
f 2863 2864 2848
f 2864 2880 2865
f 2880 2881 2865
f 2865 2881 2866
f 2881 2882 2866
f 2866 2882 2867
f 2882 2883 2867
f 2867 2883 2868
f 2883 2884 2868
f 2868 2884 2885
f 2868 2885 2869
f 2869 2885 2886
f 2869 2886 2870
f 2870 2886 2887
f 2870 2887 2871
f 2871 2887 2888
f 2871 2888 2872
f 2872 2888 2873
f 2888 2889 2873
f 2873 2889 2874
f 2889 2890 2874
f 2874 2890 2875
f 2890 2891 2875
f 2875 2891 2876
f 2891 2892 2876
f 2876 2892 2893
f 2876 2893 2877
f 2877 2893 2894
f 2877 2894 2878
f 2878 2894 2895
f 2878 2895 2879
f 2879 2895 2880
f 2879 2880 2864
f 2880 2896 2881
f 2896 2897 2881
f 2881 2897 2882
f 2897 2898 2882
f 2882 2898 2883
f 2898 2899 2883
f 2883 2899 2884
f 2899 2900 2884
f 2884 2900 2901
f 2884 2901 2885
f 2885 2901 2902
f 2885 2902 2886
f 2886 2902 2903
f 2886 2903 2887
f 2887 2903 2904
f 2887 2904 2888
f 2888 2904 2889
f 2904 2905 2889
f 2889 2905 2890
f 2905 2906 2890
f 2890 2906 2891
f 2906 2907 2891
f 2891 2907 2892
f 2907 2908 2892
f 2892 2908 2909
f 2892 2909 2893
f 2893 2909 2910
f 2893 2910 2894
f 2894 2910 2911
f 2894 2911 2895
f 2895 2911 2896
f 2895 2896 2880
f 2896 2912 2913
f 2896 2913 2897
f 2897 2913 2914
f 2897 2914 2898
f 2898 2914 2915
f 2898 2915 2899
f 2899 2915 2916
f 2899 2916 2900
f 2900 2916 2901
f 2916 2917 2901
f 2901 2917 2902
f 2917 2918 2902
f 2902 2918 2903
f 2918 2919 2903
f 2903 2919 2904
f 2919 2920 2904
f 2904 2920 2921
f 2904 2921 2905
f 2905 2921 2922
f 2905 2922 2906
f 2906 2922 2923
f 2906 2923 2907
f 2907 2923 2924
f 2907 2924 2908
f 2908 2924 2909
f 2924 2925 2909
f 2909 2925 2910
f 2925 2926 2910
f 2910 2926 2911
f 2926 2927 2911
f 2911 2927 2896
f 2927 2912 2896
f 2912 2928 2929
f 2912 2929 2913
f 2913 2929 2930
f 2913 2930 2914
f 2914 2930 2931
f 2914 2931 2915
f 2915 2931 2932
f 2915 2932 2916
f 2916 2932 2917
f 2932 2933 2917
f 2917 2933 2918
f 2933 2934 2918
f 2918 2934 2919
f 2934 2935 2919
f 2919 2935 2920
f 2935 2936 2920
f 2920 2936 2937
f 2920 2937 2921
f 2921 2937 2938
f 2921 2938 2922
f 2922 2938 2939
f 2922 2939 2923
f 2923 2939 2940
f 2923 2940 2924
f 2924 2940 2925
f 2940 2941 2925
f 2925 2941 2926
f 2941 2942 2926
f 2926 2942 2927
f 2942 2943 2927
f 2927 2943 2912
f 2943 2928 2912
f 2928 2944 2945
f 2928 2945 2929
f 2929 2945 2946
f 2929 2946 2930
f 2930 2946 2947
f 2930 2947 2931
f 2931 2947 2948
f 2931 2948 2932
f 2932 2948 2933
f 2948 2949 2933
f 2933 2949 2934
f 2949 2950 2934
f 2934 2950 2935
f 2950 2951 2935
f 2935 2951 2936
f 2951 2952 2936
f 2936 2952 2953
f 2936 2953 2937
f 2937 2953 2954
f 2937 2954 2938
f 2938 2954 2955
f 2938 2955 2939
f 2939 2955 2956
f 2939 2956 2940
f 2940 2956 2941
f 2956 2957 2941
f 2941 2957 2942
f 2957 2958 2942
f 2942 2958 2943
f 2958 2959 2943
f 2943 2959 2928
f 2959 2944 2928
f 2944 2960 2961
f 2944 2961 2945
f 2945 2961 2962
f 2945 2962 2946
f 2946 2962 2963
f 2946 2963 2947
f 2947 2963 2964
f 2947 2964 2948
f 2948 2964 2949
f 2964 2965 2949
f 2949 2965 2950
f 2965 2966 2950
f 2950 2966 2951
f 2966 2967 2951
f 2951 2967 2952
f 2967 2968 2952
f 2952 2968 2969
f 2952 2969 2953
f 2953 2969 2970
f 2953 2970 2954
f 2954 2970 2971
f 2954 2971 2955
f 2955 2971 2972
f 2955 2972 2956
f 2956 2972 2957
f 2972 2973 2957
f 2957 2973 2958
f 2973 2974 2958
f 2958 2974 2959
f 2974 2975 2959
f 2959 2975 2944
f 2975 2960 2944
f 2960 2976 2977
f 2960 2977 2961
f 2961 2977 2978
f 2961 2978 2962
f 2962 2978 2979
f 2962 2979 2963
f 2963 2979 2980
f 2963 2980 2964
f 2964 2980 2965
f 2980 2981 2965
f 2965 2981 2966
f 2981 2982 2966
f 2966 2982 2967
f 2982 2983 2967
f 2967 2983 2968
f 2983 2984 2968
f 2968 2984 2985
f 2968 2985 2969
f 2969 2985 2986
f 2969 2986 2970
f 2970 2986 2987
f 2970 2987 2971
f 2971 2987 2988
f 2971 2988 2972
f 2972 2988 2973
f 2988 2989 2973
f 2973 2989 2974
f 2989 2990 2974
f 2974 2990 2975
f 2990 2991 2975
f 2975 2991 2960
f 2991 2976 2960
f 2976 2992 2993
f 2976 2993 2977
f 2977 2993 2994
f 2977 2994 2978
f 2978 2994 2995
f 2978 2995 2979
f 2979 2995 2996
f 2979 2996 2980
f 2980 2996 2981
f 2996 2997 2981
f 2981 2997 2982
f 2997 2998 2982
f 2982 2998 2983
f 2998 2999 2983
f 2983 2999 2984
f 2999 3000 2984
f 2984 3000 3001
f 2984 3001 2985
f 2985 3001 3002
f 2985 3002 2986
f 2986 3002 3003
f 2986 3003 2987
f 2987 3003 3004
f 2987 3004 2988
f 2988 3004 2989
f 3004 3005 2989
f 2989 3005 2990
f 3005 3006 2990
f 2990 3006 2991
f 3006 3007 2991
f 2991 3007 2976
f 3007 2992 2976
f 2992 3008 3009
f 2992 3009 2993
f 2993 3009 3010
f 2993 3010 2994
f 2994 3010 3011
f 2994 3011 2995
f 2995 3011 3012
f 2995 3012 2996
f 2996 3012 2997
f 3012 3013 2997
f 2997 3013 2998
f 3013 3014 2998
f 2998 3014 2999
f 3014 3015 2999
f 2999 3015 3000
f 3015 3016 3000
f 3000 3016 3017
f 3000 3017 3001
f 3001 3017 3018
f 3001 3018 3002
f 3002 3018 3019
f 3002 3019 3003
f 3003 3019 3020
f 3003 3020 3004
f 3004 3020 3005
f 3020 3021 3005
f 3005 3021 3006
f 3021 3022 3006
f 3006 3022 3007
f 3022 3023 3007
f 3007 3023 2992
f 3023 3008 2992
f 3008 3024 3025
f 3008 3025 3009
f 3009 3025 3026
f 3009 3026 3010
f 3010 3026 3027
f 3010 3027 3011
f 3011 3027 3028
f 3011 3028 3012
f 3012 3028 3013
f 3028 3029 3013
f 3013 3029 3014
f 3029 3030 3014
f 3014 3030 3015
f 3030 3031 3015
f 3015 3031 3016
f 3031 3032 3016
f 3016 3032 3033
f 3016 3033 3017
f 3017 3033 3034
f 3017 3034 3018
f 3018 3034 3035
f 3018 3035 3019
f 3019 3035 3036
f 3019 3036 3020
f 3020 3036 3021
f 3036 3037 3021
f 3021 3037 3022
f 3037 3038 3022
f 3022 3038 3023
f 3038 3039 3023
f 3023 3039 3008
f 3039 3024 3008
f 3024 3040 3041
f 3024 3041 3025
f 3025 3041 3042
f 3025 3042 3026
f 3026 3042 3043
f 3026 3043 3027
f 3027 3043 3044
f 3027 3044 3028
f 3028 3044 3029
f 3044 3045 3029
f 3029 3045 3030
f 3045 3046 3030
f 3030 3046 3031
f 3046 3047 3031
f 3031 3047 3032
f 3047 3048 3032
f 3032 3048 3049
f 3032 3049 3033
f 3033 3049 3050
f 3033 3050 3034
f 3034 3050 3051
f 3034 3051 3035
f 3035 3051 3052
f 3035 3052 3036
f 3036 3052 3037
f 3052 3053 3037
f 3037 3053 3038
f 3053 3054 3038
f 3038 3054 3039
f 3054 3055 3039
f 3039 3055 3024
f 3055 3040 3024
f 3040 3056 3041
f 3041 3056 3042
f 3042 3056 3043
f 3043 3056 3044
f 3044 3056 3045
f 3045 3056 3046
f 3046 3056 3047
f 3047 3056 3048
f 3048 3056 3049
f 3049 3056 3050
f 3050 3056 3051
f 3051 3056 3052
f 3052 3056 3053
f 3053 3056 3054
f 3054 3056 3055
f 3055 3056 3040
f 3057 3058 3059
f 3059 3058 3060
f 3058 3061 3060
f 3060 3061 3062
f 3061 3063 3062
f 3062 3063 3064
f 3063 3065 3064
f 3064 3065 3066
f 3065 3067 3066
f 3066 3067 3068
f 3067 3069 3068
f 3068 3069 3070
f 3069 3071 3070
f 3070 3071 3072
f 3071 3073 3072
f 3072 3073 3074
f 3073 3075 3074
f 3073 3076 3075
f 3076 3077 3075
f 3076 3078 3077
f 3078 3079 3077
f 3078 3080 3079
f 3080 3081 3079
f 3080 3082 3081
f 3082 3083 3081
f 3082 3084 3083
f 3084 3085 3083
f 3084 3086 3085
f 3086 3087 3085
f 3086 3088 3087
f 3088 3089 3087
f 3088 3090 3089
f 3090 3091 3089
f 3089 3091 3092
f 3091 3093 3092
f 3092 3093 3094
f 3093 3095 3094
f 3094 3095 3096
f 3095 3097 3096
f 3096 3097 3098
f 3097 3099 3098
f 3098 3099 3100
f 3099 3101 3100
f 3100 3101 3102
f 3101 3103 3102
f 3102 3103 3104
f 3103 3105 3104
f 3104 3105 3106
f 3105 3107 3106
f 3105 3108 3107
f 3108 3109 3107
f 3108 3110 3109
f 3110 3111 3109
f 3110 3112 3111
f 3112 3113 3111
f 3112 3114 3113
f 3114 3115 3113
f 3114 3116 3115
f 3116 3117 3115
f 3116 3118 3117
f 3118 3119 3117
f 3118 3120 3119
f 3120 3059 3119
f 3120 3057 3059
f 3059 3060 3121
f 3121 3060 3122
f 3060 3062 3122
f 3122 3062 3123
f 3062 3064 3123
f 3123 3064 3124
f 3064 3066 3124
f 3124 3066 3125
f 3066 3068 3125
f 3125 3068 3126
f 3068 3070 3126
f 3126 3070 3127
f 3070 3072 3127
f 3127 3072 3128
f 3072 3074 3128
f 3128 3074 3129
f 3074 3130 3129
f 3074 3075 3130
f 3075 3131 3130
f 3075 3077 3131
f 3077 3132 3131
f 3077 3079 3132
f 3079 3133 3132
f 3079 3081 3133
f 3081 3134 3133
f 3081 3083 3134
f 3083 3135 3134
f 3083 3085 3135
f 3085 3136 3135
f 3085 3087 3136
f 3087 3137 3136
f 3087 3089 3137
f 3089 3092 3137
f 3137 3092 3138
f 3092 3094 3138
f 3138 3094 3139
f 3094 3096 3139
f 3139 3096 3140
f 3096 3098 3140
f 3140 3098 3141
f 3098 3100 3141
f 3141 3100 3142
f 3100 3102 3142
f 3142 3102 3143
f 3102 3104 3143
f 3143 3104 3144
f 3104 3106 3144
f 3144 3106 3145
f 3106 3146 3145
f 3106 3107 3146
f 3107 3147 3146
f 3107 3109 3147
f 3109 3148 3147
f 3109 3111 3148
f 3111 3149 3148
f 3111 3113 3149
f 3113 3150 3149
f 3113 3115 3150
f 3115 3151 3150
f 3115 3117 3151
f 3117 3152 3151
f 3117 3119 3152
f 3119 3121 3152
f 3119 3059 3121
f 3121 3122 3153
f 3153 3122 3154
f 3122 3123 3154
f 3154 3123 3155
f 3123 3124 3155
f 3155 3124 3156
f 3124 3125 3156
f 3156 3125 3157
f 3125 3126 3157
f 3157 3126 3158
f 3126 3127 3158
f 3158 3127 3159
f 3127 3128 3159
f 3159 3128 3160
f 3128 3129 3160
f 3160 3129 3161
f 3129 3162 3161
f 3129 3130 3162
f 3130 3163 3162
f 3130 3131 3163
f 3131 3164 3163
f 3131 3132 3164
f 3132 3165 3164
f 3132 3133 3165
f 3133 3166 3165
f 3133 3134 3166
f 3134 3167 3166
f 3134 3135 3167
f 3135 3168 3167
f 3135 3136 3168
f 3136 3169 3168
f 3136 3137 3169
f 3137 3138 3169
f 3169 3138 3170
f 3138 3139 3170
f 3170 3139 3171
f 3139 3140 3171
f 3171 3140 3172
f 3140 3141 3172
f 3172 3141 3173
f 3141 3142 3173
f 3173 3142 3174
f 3142 3143 3174
f 3174 3143 3175
f 3143 3144 3175
f 3175 3144 3176
f 3144 3145 3176
f 3176 3145 3177
f 3145 3178 3177
f 3145 3146 3178
f 3146 3179 3178
f 3146 3147 3179
f 3147 3180 3179
f 3147 3148 3180
f 3148 3181 3180
f 3148 3149 3181
f 3149 3182 3181
f 3149 3150 3182
f 3150 3183 3182
f 3150 3151 3183
f 3151 3184 3183
f 3151 3152 3184
f 3152 3153 3184
f 3152 3121 3153
f 3153 3154 3185
f 3185 3154 3186
f 3154 3155 3186
f 3186 3155 3187
f 3155 3156 3187
f 3187 3156 3188
f 3156 3157 3188
f 3188 3157 3189
f 3157 3158 3189
f 3189 3158 3190
f 3158 3159 3190
f 3190 3159 3191
f 3159 3160 3191
f 3191 3160 3192
f 3160 3161 3192
f 3192 3161 3193
f 3161 3194 3193
f 3161 3162 3194
f 3162 3195 3194
f 3162 3163 3195
f 3163 3196 3195
f 3163 3164 3196
f 3164 3197 3196
f 3164 3165 3197
f 3165 3198 3197
f 3165 3166 3198
f 3166 3199 3198
f 3166 3167 3199
f 3167 3200 3199
f 3167 3168 3200
f 3168 3201 3200
f 3168 3169 3201
f 3169 3170 3201
f 3201 3170 3202
f 3170 3171 3202
f 3202 3171 3203
f 3171 3172 3203
f 3203 3172 3204
f 3172 3173 3204
f 3204 3173 3205
f 3173 3174 3205
f 3205 3174 3206
f 3174 3175 3206
f 3206 3175 3207
f 3175 3176 3207
f 3207 3176 3208
f 3176 3177 3208
f 3208 3177 3209
f 3177 3210 3209
f 3177 3178 3210
f 3178 3211 3210
f 3178 3179 3211
f 3179 3212 3211
f 3179 3180 3212
f 3180 3213 3212
f 3180 3181 3213
f 3181 3214 3213
f 3181 3182 3214
f 3182 3215 3214
f 3182 3183 3215
f 3183 3216 3215
f 3183 3184 3216
f 3184 3185 3216
f 3184 3153 3185
f 3185 3186 3217
f 3217 3186 3218
f 3186 3187 3218
f 3218 3187 3219
f 3187 3188 3219
f 3219 3188 3220
f 3188 3189 3220
f 3220 3189 3221
f 3189 3190 3221
f 3221 3190 3222
f 3190 3191 3222
f 3222 3191 3223
f 3191 3192 3223
f 3223 3192 3224
f 3192 3193 3224
f 3224 3193 3225
f 3193 3226 3225
f 3193 3194 3226
f 3194 3227 3226
f 3194 3195 3227
f 3195 3228 3227
f 3195 3196 3228
f 3196 3229 3228
f 3196 3197 3229
f 3197 3230 3229
f 3197 3198 3230
f 3198 3231 3230
f 3198 3199 3231
f 3199 3232 3231
f 3199 3200 3232
f 3200 3233 3232
f 3200 3201 3233
f 3201 3202 3233
f 3233 3202 3234
f 3202 3203 3234
f 3234 3203 3235
f 3203 3204 3235
f 3235 3204 3236
f 3204 3205 3236
f 3236 3205 3237
f 3205 3206 3237
f 3237 3206 3238
f 3206 3207 3238
f 3238 3207 3239
f 3207 3208 3239
f 3239 3208 3240
f 3208 3209 3240
f 3240 3209 3241
f 3209 3242 3241
f 3209 3210 3242
f 3210 3243 3242
f 3210 3211 3243
f 3211 3244 3243
f 3211 3212 3244
f 3212 3245 3244
f 3212 3213 3245
f 3213 3246 3245
f 3213 3214 3246
f 3214 3247 3246
f 3214 3215 3247
f 3215 3248 3247
f 3215 3216 3248
f 3216 3217 3248
f 3216 3185 3217
f 3217 3218 3249
f 3218 3250 3249
f 3218 3219 3250
f 3219 3251 3250
f 3219 3220 3251
f 3220 3252 3251
f 3220 3221 3252
f 3221 3253 3252
f 3221 3222 3253
f 3222 3254 3253
f 3222 3223 3254
f 3223 3255 3254
f 3223 3224 3255
f 3224 3256 3255
f 3224 3225 3256
f 3225 3226 3256
f 3256 3226 3257
f 3226 3227 3257
f 3257 3227 3258
f 3227 3228 3258
f 3258 3228 3259
f 3228 3229 3259
f 3259 3229 3260
f 3229 3230 3260
f 3260 3230 3261
f 3230 3231 3261
f 3261 3231 3262
f 3231 3232 3262
f 3262 3232 3263
f 3232 3233 3263
f 3233 3234 3264
f 3234 3265 3264
f 3234 3235 3265
f 3235 3266 3265
f 3235 3236 3266
f 3236 3267 3266
f 3236 3237 3267
f 3237 3268 3267
f 3237 3238 3268
f 3238 3269 3268
f 3238 3239 3269
f 3239 3270 3269
f 3239 3240 3270
f 3240 3271 3270
f 3240 3241 3271
f 3241 3242 3271
f 3271 3242 3272
f 3242 3243 3272
f 3272 3243 3273
f 3243 3244 3273
f 3273 3244 3274
f 3244 3245 3274
f 3274 3245 3275
f 3245 3246 3275
f 3275 3246 3276
f 3246 3247 3276
f 3276 3247 3277
f 3247 3248 3277
f 3277 3248 3278
f 3248 3217 3278
f 3217 3249 3279
f 3249 3280 3279
f 3249 3250 3280
f 3250 3281 3280
f 3250 3251 3281
f 3251 3282 3281
f 3251 3252 3282
f 3252 3283 3282
f 3252 3253 3283
f 3253 3284 3283
f 3253 3254 3284
f 3254 3285 3284
f 3254 3255 3285
f 3255 3286 3285
f 3255 3256 3286
f 3256 3257 3286
f 3286 3257 3287
f 3257 3258 3287
f 3287 3258 3288
f 3258 3259 3288
f 3288 3259 3289
f 3259 3260 3289
f 3289 3260 3290
f 3260 3261 3290
f 3290 3261 3291
f 3261 3262 3291
f 3291 3262 3292
f 3262 3263 3292
f 3292 3263 3293
f 3263 3233 3293
f 3233 3264 3293
f 3264 3292 3293
f 3264 3265 3292
f 3265 3291 3292
f 3265 3266 3291
f 3266 3290 3291
f 3266 3267 3290
f 3267 3289 3290
f 3267 3268 3289
f 3268 3288 3289
f 3268 3269 3288
f 3269 3287 3288
f 3269 3270 3287
f 3270 3286 3287
f 3270 3271 3286
f 3271 3272 3286
f 3286 3272 3285
f 3272 3273 3285
f 3285 3273 3284
f 3273 3274 3284
f 3284 3274 3283
f 3274 3275 3283
f 3283 3275 3282
f 3275 3276 3282
f 3282 3276 3281
f 3276 3277 3281
f 3281 3277 3280
f 3277 3278 3280
f 3280 3278 3279
f 3278 3217 3279
f 3057 3294 3058
f 3294 3295 3058
f 3058 3295 3061
f 3295 3296 3061
f 3061 3296 3063
f 3296 3297 3063
f 3063 3297 3065
f 3297 3298 3065
f 3065 3298 3067
f 3298 3299 3067
f 3067 3299 3069
f 3299 3300 3069
f 3069 3300 3071
f 3300 3301 3071
f 3071 3301 3073
f 3301 3302 3073
f 3073 3302 3303
f 3073 3303 3076
f 3076 3303 3304
f 3076 3304 3078
f 3078 3304 3305
f 3078 3305 3080
f 3080 3305 3306
f 3080 3306 3082
f 3082 3306 3307
f 3082 3307 3084
f 3084 3307 3308
f 3084 3308 3086
f 3086 3308 3309
f 3086 3309 3088
f 3088 3309 3310
f 3088 3310 3090
f 3090 3310 3091
f 3310 3311 3091
f 3091 3311 3093
f 3311 3312 3093
f 3093 3312 3095
f 3312 3313 3095
f 3095 3313 3097
f 3313 3314 3097
f 3097 3314 3099
f 3314 3315 3099
f 3099 3315 3101
f 3315 3316 3101
f 3101 3316 3103
f 3316 3317 3103
f 3103 3317 3105
f 3317 3318 3105
f 3105 3318 3319
f 3105 3319 3108
f 3108 3319 3320
f 3108 3320 3110
f 3110 3320 3321
f 3110 3321 3112
f 3112 3321 3322
f 3112 3322 3114
f 3114 3322 3323
f 3114 3323 3116
f 3116 3323 3324
f 3116 3324 3118
f 3118 3324 3325
f 3118 3325 3120
f 3120 3325 3294
f 3120 3294 3057
f 3294 3326 3295
f 3326 3327 3295
f 3295 3327 3296
f 3327 3328 3296
f 3296 3328 3297
f 3328 3329 3297
f 3297 3329 3298
f 3329 3330 3298
f 3298 3330 3299
f 3330 3331 3299
f 3299 3331 3300
f 3331 3332 3300
f 3300 3332 3301
f 3332 3333 3301
f 3301 3333 3302
f 3333 3334 3302
f 3302 3334 3335
f 3302 3335 3303
f 3303 3335 3336
f 3303 3336 3304
f 3304 3336 3337
f 3304 3337 3305
f 3305 3337 3338
f 3305 3338 3306
f 3306 3338 3339
f 3306 3339 3307
f 3307 3339 3340
f 3307 3340 3308
f 3308 3340 3341
f 3308 3341 3309
f 3309 3341 3342
f 3309 3342 3310
f 3310 3342 3311
f 3342 3343 3311
f 3311 3343 3312
f 3343 3344 3312
f 3312 3344 3313
f 3344 3345 3313
f 3313 3345 3314
f 3345 3346 3314
f 3314 3346 3315
f 3346 3347 3315
f 3315 3347 3316
f 3347 3348 3316
f 3316 3348 3317
f 3348 3349 3317
f 3317 3349 3318
f 3349 3350 3318
f 3318 3350 3351
f 3318 3351 3319
f 3319 3351 3352
f 3319 3352 3320
f 3320 3352 3353
f 3320 3353 3321
f 3321 3353 3354
f 3321 3354 3322
f 3322 3354 3355
f 3322 3355 3323
f 3323 3355 3356
f 3323 3356 3324
f 3324 3356 3357
f 3324 3357 3325
f 3325 3357 3326
f 3325 3326 3294
f 3326 3358 3327
f 3358 3359 3327
f 3327 3359 3328
f 3359 3360 3328
f 3328 3360 3329
f 3360 3361 3329
f 3329 3361 3330
f 3361 3362 3330
f 3330 3362 3331
f 3362 3363 3331
f 3331 3363 3332
f 3363 3364 3332
f 3332 3364 3333
f 3364 3365 3333
f 3333 3365 3334
f 3365 3366 3334
f 3334 3366 3367
f 3334 3367 3335
f 3335 3367 3368
f 3335 3368 3336
f 3336 3368 3369
f 3336 3369 3337
f 3337 3369 3370
f 3337 3370 3338
f 3338 3370 3371
f 3338 3371 3339
f 3339 3371 3372
f 3339 3372 3340
f 3340 3372 3373
f 3340 3373 3341
f 3341 3373 3374
f 3341 3374 3342
f 3342 3374 3343
f 3374 3375 3343
f 3343 3375 3344
f 3375 3376 3344
f 3344 3376 3345
f 3376 3377 3345
f 3345 3377 3346
f 3377 3378 3346
f 3346 3378 3347
f 3378 3379 3347
f 3347 3379 3348
f 3379 3380 3348
f 3348 3380 3349
f 3380 3381 3349
f 3349 3381 3350
f 3381 3382 3350
f 3350 3382 3383
f 3350 3383 3351
f 3351 3383 3384
f 3351 3384 3352
f 3352 3384 3385
f 3352 3385 3353
f 3353 3385 3386
f 3353 3386 3354
f 3354 3386 3387
f 3354 3387 3355
f 3355 3387 3388
f 3355 3388 3356
f 3356 3388 3389
f 3356 3389 3357
f 3357 3389 3358
f 3357 3358 3326
f 3358 3390 3359
f 3390 3391 3359
f 3359 3391 3360
f 3391 3392 3360
f 3360 3392 3361
f 3392 3393 3361
f 3361 3393 3362
f 3393 3394 3362
f 3362 3394 3363
f 3394 3395 3363
f 3363 3395 3364
f 3395 3396 3364
f 3364 3396 3365
f 3396 3397 3365
f 3365 3397 3366
f 3397 3398 3366
f 3366 3398 3399
f 3366 3399 3367
f 3367 3399 3400
f 3367 3400 3368
f 3368 3400 3401
f 3368 3401 3369
f 3369 3401 3402
f 3369 3402 3370
f 3370 3402 3403
f 3370 3403 3371
f 3371 3403 3404
f 3371 3404 3372
f 3372 3404 3405
f 3372 3405 3373
f 3373 3405 3406
f 3373 3406 3374
f 3374 3406 3375
f 3406 3407 3375
f 3375 3407 3376
f 3407 3408 3376
f 3376 3408 3377
f 3408 3409 3377
f 3377 3409 3378
f 3409 3410 3378
f 3378 3410 3379
f 3410 3411 3379
f 3379 3411 3380
f 3411 3412 3380
f 3380 3412 3381
f 3412 3413 3381
f 3381 3413 3382
f 3413 3414 3382
f 3382 3414 3415
f 3382 3415 3383
f 3383 3415 3416
f 3383 3416 3384
f 3384 3416 3417
f 3384 3417 3385
f 3385 3417 3418
f 3385 3418 3386
f 3386 3418 3419
f 3386 3419 3387
f 3387 3419 3420
f 3387 3420 3388
f 3388 3420 3421
f 3388 3421 3389
f 3389 3421 3390
f 3389 3390 3358
f 3390 3422 3391
f 3422 3423 3391
f 3391 3423 3392
f 3423 3424 3392
f 3392 3424 3393
f 3424 3425 3393
f 3393 3425 3394
f 3425 3426 3394
f 3394 3426 3395
f 3426 3427 3395
f 3395 3427 3396
f 3427 3428 3396
f 3396 3428 3397
f 3428 3429 3397
f 3397 3429 3398
f 3429 3430 3398
f 3398 3430 3431
f 3398 3431 3399
f 3399 3431 3432
f 3399 3432 3400
f 3400 3432 3433
f 3400 3433 3401
f 3401 3433 3434
f 3401 3434 3402
f 3402 3434 3435
f 3402 3435 3403
f 3403 3435 3436
f 3403 3436 3404
f 3404 3436 3437
f 3404 3437 3405
f 3405 3437 3438
f 3405 3438 3406
f 3406 3438 3407
f 3438 3439 3407
f 3407 3439 3408
f 3439 3440 3408
f 3408 3440 3409
f 3440 3441 3409
f 3409 3441 3410
f 3441 3442 3410
f 3410 3442 3411
f 3442 3443 3411
f 3411 3443 3412
f 3443 3444 3412
f 3412 3444 3413
f 3444 3445 3413
f 3413 3445 3414
f 3445 3446 3414
f 3414 3446 3447
f 3414 3447 3415
f 3415 3447 3448
f 3415 3448 3416
f 3416 3448 3449
f 3416 3449 3417
f 3417 3449 3450
f 3417 3450 3418
f 3418 3450 3451
f 3418 3451 3419
f 3419 3451 3452
f 3419 3452 3420
f 3420 3452 3453
f 3420 3453 3421
f 3421 3453 3422
f 3421 3422 3390
f 3422 3454 3423
f 3423 3454 3455
f 3423 3455 3424
f 3424 3455 3456
f 3424 3456 3425
f 3425 3456 3457
f 3425 3457 3426
f 3426 3457 3458
f 3426 3458 3427
f 3427 3458 3459
f 3427 3459 3428
f 3428 3459 3460
f 3428 3460 3429
f 3429 3460 3461
f 3429 3461 3430
f 3430 3461 3431
f 3461 3462 3431
f 3431 3462 3432
f 3462 3463 3432
f 3432 3463 3433
f 3463 3464 3433
f 3433 3464 3434
f 3464 3465 3434
f 3434 3465 3435
f 3465 3466 3435
f 3435 3466 3436
f 3466 3467 3436
f 3436 3467 3437
f 3467 3468 3437
f 3437 3468 3438
f 3438 3469 3439
f 3439 3469 3470
f 3439 3470 3440
f 3440 3470 3471
f 3440 3471 3441
f 3441 3471 3472
f 3441 3472 3442
f 3442 3472 3473
f 3442 3473 3443
f 3443 3473 3474
f 3443 3474 3444
f 3444 3474 3475
f 3444 3475 3445
f 3445 3475 3476
f 3445 3476 3446
f 3446 3476 3447
f 3476 3477 3447
f 3447 3477 3448
f 3477 3478 3448
f 3448 3478 3449
f 3478 3479 3449
f 3449 3479 3450
f 3479 3480 3450
f 3450 3480 3451
f 3480 3481 3451
f 3451 3481 3452
f 3481 3482 3452
f 3452 3482 3453
f 3482 3483 3453
f 3453 3483 3422
f 3422 3484 3454
f 3454 3484 3485
f 3454 3485 3455
f 3455 3485 3486
f 3455 3486 3456
f 3456 3486 3487
f 3456 3487 3457
f 3457 3487 3488
f 3457 3488 3458
f 3458 3488 3489
f 3458 3489 3459
f 3459 3489 3490
f 3459 3490 3460
f 3460 3490 3491
f 3460 3491 3461
f 3461 3491 3462
f 3491 3492 3462
f 3462 3492 3463
f 3492 3493 3463
f 3463 3493 3464
f 3493 3494 3464
f 3464 3494 3465
f 3494 3495 3465
f 3465 3495 3466
f 3495 3496 3466
f 3466 3496 3467
f 3496 3497 3467
f 3467 3497 3468
f 3497 3498 3468
f 3468 3498 3438
f 3438 3498 3469
f 3469 3498 3497
f 3469 3497 3470
f 3470 3497 3496
f 3470 3496 3471
f 3471 3496 3495
f 3471 3495 3472
f 3472 3495 3494
f 3472 3494 3473
f 3473 3494 3493
f 3473 3493 3474
f 3474 3493 3492
f 3474 3492 3475
f 3475 3492 3491
f 3475 3491 3476
f 3476 3491 3477
f 3491 3490 3477
f 3477 3490 3478
f 3490 3489 3478
f 3478 3489 3479
f 3489 3488 3479
f 3479 3488 3480
f 3488 3487 3480
f 3480 3487 3481
f 3487 3486 3481
f 3481 3486 3482
f 3486 3485 3482
f 3482 3485 3483
f 3485 3484 3483
f 3483 3484 3422
f 3499 3500 3501
f 3501 3500 3502
f 3500 3503 3502
f 3502 3503 3504
f 3503 3505 3504
f 3504 3505 3506
f 3505 3507 3506
f 3506 3507 3508
f 3507 3509 3508
f 3508 3509 3510
f 3509 3511 3510
f 3510 3511 3512
f 3511 3513 3512
f 3512 3513 3514
f 3513 3515 3514
f 3514 3515 3516
f 3515 3517 3516
f 3515 3518 3517
f 3518 3519 3517
f 3518 3520 3519
f 3520 3521 3519
f 3520 3522 3521
f 3522 3523 3521
f 3522 3524 3523
f 3524 3525 3523
f 3524 3526 3525
f 3526 3527 3525
f 3526 3528 3527
f 3528 3529 3527
f 3528 3530 3529
f 3530 3531 3529
f 3530 3532 3531
f 3532 3533 3531
f 3531 3533 3534
f 3533 3535 3534
f 3534 3535 3536
f 3535 3537 3536
f 3536 3537 3538
f 3537 3539 3538
f 3538 3539 3540
f 3539 3541 3540
f 3540 3541 3542
f 3541 3543 3542
f 3542 3543 3544
f 3543 3545 3544
f 3544 3545 3546
f 3545 3547 3546
f 3546 3547 3548
f 3547 3549 3548
f 3547 3550 3549
f 3550 3551 3549
f 3550 3552 3551
f 3552 3553 3551
f 3552 3554 3553
f 3554 3555 3553
f 3554 3556 3555
f 3556 3557 3555
f 3556 3558 3557
f 3558 3559 3557
f 3558 3560 3559
f 3560 3561 3559
f 3560 3562 3561
f 3562 3501 3561
f 3562 3499 3501
f 3501 3502 3563
f 3563 3502 3564
f 3502 3504 3564
f 3564 3504 3565
f 3504 3506 3565
f 3565 3506 3566
f 3506 3508 3566
f 3566 3508 3567
f 3508 3510 3567
f 3567 3510 3568
f 3510 3512 3568
f 3568 3512 3569
f 3512 3514 3569
f 3569 3514 3570
f 3514 3516 3570
f 3570 3516 3571
f 3516 3572 3571
f 3516 3517 3572
f 3517 3573 3572
f 3517 3519 3573
f 3519 3574 3573
f 3519 3521 3574
f 3521 3575 3574
f 3521 3523 3575
f 3523 3576 3575
f 3523 3525 3576
f 3525 3577 3576
f 3525 3527 3577
f 3527 3578 3577
f 3527 3529 3578
f 3529 3579 3578
f 3529 3531 3579
f 3531 3534 3579
f 3579 3534 3580
f 3534 3536 3580
f 3580 3536 3581
f 3536 3538 3581
f 3581 3538 3582
f 3538 3540 3582
f 3582 3540 3583
f 3540 3542 3583
f 3583 3542 3584
f 3542 3544 3584
f 3584 3544 3585
f 3544 3546 3585
f 3585 3546 3586
f 3546 3548 3586
f 3586 3548 3587
f 3548 3588 3587
f 3548 3549 3588
f 3549 3589 3588
f 3549 3551 3589
f 3551 3590 3589
f 3551 3553 3590
f 3553 3591 3590
f 3553 3555 3591
f 3555 3592 3591
f 3555 3557 3592
f 3557 3593 3592
f 3557 3559 3593
f 3559 3594 3593
f 3559 3561 3594
f 3561 3563 3594
f 3561 3501 3563
f 3563 3564 3595
f 3595 3564 3596
f 3564 3565 3596
f 3596 3565 3597
f 3565 3566 3597
f 3597 3566 3598
f 3566 3567 3598
f 3598 3567 3599
f 3567 3568 3599
f 3599 3568 3600
f 3568 3569 3600
f 3600 3569 3601
f 3569 3570 3601
f 3601 3570 3602
f 3570 3571 3602
f 3602 3571 3603
f 3571 3604 3603
f 3571 3572 3604
f 3572 3605 3604
f 3572 3573 3605
f 3573 3606 3605
f 3573 3574 3606
f 3574 3607 3606
f 3574 3575 3607
f 3575 3608 3607
f 3575 3576 3608
f 3576 3609 3608
f 3576 3577 3609
f 3577 3610 3609
f 3577 3578 3610
f 3578 3611 3610
f 3578 3579 3611
f 3579 3580 3611
f 3611 3580 3612
f 3580 3581 3612
f 3612 3581 3613
f 3581 3582 3613
f 3613 3582 3614
f 3582 3583 3614
f 3614 3583 3615
f 3583 3584 3615
f 3615 3584 3616
f 3584 3585 3616
f 3616 3585 3617
f 3585 3586 3617
f 3617 3586 3618
f 3586 3587 3618
f 3618 3587 3619
f 3587 3620 3619
f 3587 3588 3620
f 3588 3621 3620
f 3588 3589 3621
f 3589 3622 3621
f 3589 3590 3622
f 3590 3623 3622
f 3590 3591 3623
f 3591 3624 3623
f 3591 3592 3624
f 3592 3625 3624
f 3592 3593 3625
f 3593 3626 3625
f 3593 3594 3626
f 3594 3595 3626
f 3594 3563 3595
f 3595 3596 3627
f 3627 3596 3628
f 3596 3597 3628
f 3628 3597 3629
f 3597 3598 3629
f 3629 3598 3630
f 3598 3599 3630
f 3630 3599 3631
f 3599 3600 3631
f 3631 3600 3632
f 3600 3601 3632
f 3632 3601 3633
f 3601 3602 3633
f 3633 3602 3634
f 3602 3603 3634
f 3634 3603 3635
f 3603 3636 3635
f 3603 3604 3636
f 3604 3637 3636
f 3604 3605 3637
f 3605 3638 3637
f 3605 3606 3638
f 3606 3639 3638
f 3606 3607 3639
f 3607 3640 3639
f 3607 3608 3640
f 3608 3641 3640
f 3608 3609 3641
f 3609 3642 3641
f 3609 3610 3642
f 3610 3643 3642
f 3610 3611 3643
f 3611 3612 3643
f 3643 3612 3644
f 3612 3613 3644
f 3644 3613 3645
f 3613 3614 3645
f 3645 3614 3646
f 3614 3615 3646
f 3646 3615 3647
f 3615 3616 3647
f 3647 3616 3648
f 3616 3617 3648
f 3648 3617 3649
f 3617 3618 3649
f 3649 3618 3650
f 3618 3619 3650
f 3650 3619 3651
f 3619 3652 3651
f 3619 3620 3652
f 3620 3653 3652
f 3620 3621 3653
f 3621 3654 3653
f 3621 3622 3654
f 3622 3655 3654
f 3622 3623 3655
f 3623 3656 3655
f 3623 3624 3656
f 3624 3657 3656
f 3624 3625 3657
f 3625 3658 3657
f 3625 3626 3658
f 3626 3627 3658
f 3626 3595 3627
f 3627 3628 3659
f 3659 3628 3660
f 3628 3629 3660
f 3660 3629 3661
f 3629 3630 3661
f 3661 3630 3662
f 3630 3631 3662
f 3662 3631 3663
f 3631 3632 3663
f 3663 3632 3664
f 3632 3633 3664
f 3664 3633 3665
f 3633 3634 3665
f 3665 3634 3666
f 3634 3635 3666
f 3666 3635 3667
f 3635 3668 3667
f 3635 3636 3668
f 3636 3669 3668
f 3636 3637 3669
f 3637 3670 3669
f 3637 3638 3670
f 3638 3671 3670
f 3638 3639 3671
f 3639 3672 3671
f 3639 3640 3672
f 3640 3673 3672
f 3640 3641 3673
f 3641 3674 3673
f 3641 3642 3674
f 3642 3675 3674
f 3642 3643 3675
f 3643 3644 3675
f 3675 3644 3676
f 3644 3645 3676
f 3676 3645 3677
f 3645 3646 3677
f 3677 3646 3678
f 3646 3647 3678
f 3678 3647 3679
f 3647 3648 3679
f 3679 3648 3680
f 3648 3649 3680
f 3680 3649 3681
f 3649 3650 3681
f 3681 3650 3682
f 3650 3651 3682
f 3682 3651 3683
f 3651 3684 3683
f 3651 3652 3684
f 3652 3685 3684
f 3652 3653 3685
f 3653 3686 3685
f 3653 3654 3686
f 3654 3687 3686
f 3654 3655 3687
f 3655 3688 3687
f 3655 3656 3688
f 3656 3689 3688
f 3656 3657 3689
f 3657 3690 3689
f 3657 3658 3690
f 3658 3659 3690
f 3658 3627 3659
f 3659 3660 3691
f 3660 3692 3691
f 3660 3661 3692
f 3661 3693 3692
f 3661 3662 3693
f 3662 3694 3693
f 3662 3663 3694
f 3663 3695 3694
f 3663 3664 3695
f 3664 3696 3695
f 3664 3665 3696
f 3665 3697 3696
f 3665 3666 3697
f 3666 3698 3697
f 3666 3667 3698
f 3667 3668 3698
f 3698 3668 3699
f 3668 3669 3699
f 3699 3669 3700
f 3669 3670 3700
f 3700 3670 3701
f 3670 3671 3701
f 3701 3671 3702
f 3671 3672 3702
f 3702 3672 3703
f 3672 3673 3703
f 3703 3673 3704
f 3673 3674 3704
f 3704 3674 3705
f 3674 3675 3705
f 3675 3676 3706
f 3676 3707 3706
f 3676 3677 3707
f 3677 3708 3707
f 3677 3678 3708
f 3678 3709 3708
f 3678 3679 3709
f 3679 3710 3709
f 3679 3680 3710
f 3680 3711 3710
f 3680 3681 3711
f 3681 3712 3711
f 3681 3682 3712
f 3682 3713 3712
f 3682 3683 3713
f 3683 3684 3713
f 3713 3684 3714
f 3684 3685 3714
f 3714 3685 3715
f 3685 3686 3715
f 3715 3686 3716
f 3686 3687 3716
f 3716 3687 3717
f 3687 3688 3717
f 3717 3688 3718
f 3688 3689 3718
f 3718 3689 3719
f 3689 3690 3719
f 3719 3690 3720
f 3690 3659 3720
f 3659 3691 3721
f 3691 3722 3721
f 3691 3692 3722
f 3692 3723 3722
f 3692 3693 3723
f 3693 3724 3723
f 3693 3694 3724
f 3694 3725 3724
f 3694 3695 3725
f 3695 3726 3725
f 3695 3696 3726
f 3696 3727 3726
f 3696 3697 3727
f 3697 3728 3727
f 3697 3698 3728
f 3698 3699 3728
f 3728 3699 3729
f 3699 3700 3729
f 3729 3700 3730
f 3700 3701 3730
f 3730 3701 3731
f 3701 3702 3731
f 3731 3702 3732
f 3702 3703 3732
f 3732 3703 3733
f 3703 3704 3733
f 3733 3704 3734
f 3704 3705 3734
f 3734 3705 3735
f 3705 3675 3735
f 3675 3706 3735
f 3706 3734 3735
f 3706 3707 3734
f 3707 3733 3734
f 3707 3708 3733
f 3708 3732 3733
f 3708 3709 3732
f 3709 3731 3732
f 3709 3710 3731
f 3710 3730 3731
f 3710 3711 3730
f 3711 3729 3730
f 3711 3712 3729
f 3712 3728 3729
f 3712 3713 3728
f 3713 3714 3728
f 3728 3714 3727
f 3714 3715 3727
f 3727 3715 3726
f 3715 3716 3726
f 3726 3716 3725
f 3716 3717 3725
f 3725 3717 3724
f 3717 3718 3724
f 3724 3718 3723
f 3718 3719 3723
f 3723 3719 3722
f 3719 3720 3722
f 3722 3720 3721
f 3720 3659 3721
f 3499 3736 3500
f 3736 3737 3500
f 3500 3737 3503
f 3737 3738 3503
f 3503 3738 3505
f 3738 3739 3505
f 3505 3739 3507
f 3739 3740 3507
f 3507 3740 3509
f 3740 3741 3509
f 3509 3741 3511
f 3741 3742 3511
f 3511 3742 3513
f 3742 3743 3513
f 3513 3743 3515
f 3743 3744 3515
f 3515 3744 3745
f 3515 3745 3518
f 3518 3745 3746
f 3518 3746 3520
f 3520 3746 3747
f 3520 3747 3522
f 3522 3747 3748
f 3522 3748 3524
f 3524 3748 3749
f 3524 3749 3526
f 3526 3749 3750
f 3526 3750 3528
f 3528 3750 3751
f 3528 3751 3530
f 3530 3751 3752
f 3530 3752 3532
f 3532 3752 3533
f 3752 3753 3533
f 3533 3753 3535
f 3753 3754 3535
f 3535 3754 3537
f 3754 3755 3537
f 3537 3755 3539
f 3755 3756 3539
f 3539 3756 3541
f 3756 3757 3541
f 3541 3757 3543
f 3757 3758 3543
f 3543 3758 3545
f 3758 3759 3545
f 3545 3759 3547
f 3759 3760 3547
f 3547 3760 3761
f 3547 3761 3550
f 3550 3761 3762
f 3550 3762 3552
f 3552 3762 3763
f 3552 3763 3554
f 3554 3763 3764
f 3554 3764 3556
f 3556 3764 3765
f 3556 3765 3558
f 3558 3765 3766
f 3558 3766 3560
f 3560 3766 3767
f 3560 3767 3562
f 3562 3767 3736
f 3562 3736 3499
f 3736 3768 3737
f 3768 3769 3737
f 3737 3769 3738
f 3769 3770 3738
f 3738 3770 3739
f 3770 3771 3739
f 3739 3771 3740
f 3771 3772 3740
f 3740 3772 3741
f 3772 3773 3741
f 3741 3773 3742
f 3773 3774 3742
f 3742 3774 3743
f 3774 3775 3743
f 3743 3775 3744
f 3775 3776 3744
f 3744 3776 3777
f 3744 3777 3745
f 3745 3777 3778
f 3745 3778 3746
f 3746 3778 3779
f 3746 3779 3747
f 3747 3779 3780
f 3747 3780 3748
f 3748 3780 3781
f 3748 3781 3749
f 3749 3781 3782
f 3749 3782 3750
f 3750 3782 3783
f 3750 3783 3751
f 3751 3783 3784
f 3751 3784 3752
f 3752 3784 3753
f 3784 3785 3753
f 3753 3785 3754
f 3785 3786 3754
f 3754 3786 3755
f 3786 3787 3755
f 3755 3787 3756
f 3787 3788 3756
f 3756 3788 3757
f 3788 3789 3757
f 3757 3789 3758
f 3789 3790 3758
f 3758 3790 3759
f 3790 3791 3759
f 3759 3791 3760
f 3791 3792 3760
f 3760 3792 3793
f 3760 3793 3761
f 3761 3793 3794
f 3761 3794 3762
f 3762 3794 3795
f 3762 3795 3763
f 3763 3795 3796
f 3763 3796 3764
f 3764 3796 3797
f 3764 3797 3765
f 3765 3797 3798
f 3765 3798 3766
f 3766 3798 3799
f 3766 3799 3767
f 3767 3799 3768
f 3767 3768 3736
f 3768 3800 3769
f 3800 3801 3769
f 3769 3801 3770
f 3801 3802 3770
f 3770 3802 3771
f 3802 3803 3771
f 3771 3803 3772
f 3803 3804 3772
f 3772 3804 3773
f 3804 3805 3773
f 3773 3805 3774
f 3805 3806 3774
f 3774 3806 3775
f 3806 3807 3775
f 3775 3807 3776
f 3807 3808 3776
f 3776 3808 3809
f 3776 3809 3777
f 3777 3809 3810
f 3777 3810 3778
f 3778 3810 3811
f 3778 3811 3779
f 3779 3811 3812
f 3779 3812 3780
f 3780 3812 3813
f 3780 3813 3781
f 3781 3813 3814
f 3781 3814 3782
f 3782 3814 3815
f 3782 3815 3783
f 3783 3815 3816
f 3783 3816 3784
f 3784 3816 3785
f 3816 3817 3785
f 3785 3817 3786
f 3817 3818 3786
f 3786 3818 3787
f 3818 3819 3787
f 3787 3819 3788
f 3819 3820 3788
f 3788 3820 3789
f 3820 3821 3789
f 3789 3821 3790
f 3821 3822 3790
f 3790 3822 3791
f 3822 3823 3791
f 3791 3823 3792
f 3823 3824 3792
f 3792 3824 3825
f 3792 3825 3793
f 3793 3825 3826
f 3793 3826 3794
f 3794 3826 3827
f 3794 3827 3795
f 3795 3827 3828
f 3795 3828 3796
f 3796 3828 3829
f 3796 3829 3797
f 3797 3829 3830
f 3797 3830 3798
f 3798 3830 3831
f 3798 3831 3799
f 3799 3831 3800
f 3799 3800 3768
f 3800 3832 3801
f 3832 3833 3801
f 3801 3833 3802
f 3833 3834 3802
f 3802 3834 3803
f 3834 3835 3803
f 3803 3835 3804
f 3835 3836 3804
f 3804 3836 3805
f 3836 3837 3805
f 3805 3837 3806
f 3837 3838 3806
f 3806 3838 3807
f 3838 3839 3807
f 3807 3839 3808
f 3839 3840 3808
f 3808 3840 3841
f 3808 3841 3809
f 3809 3841 3842
f 3809 3842 3810
f 3810 3842 3843
f 3810 3843 3811
f 3811 3843 3844
f 3811 3844 3812
f 3812 3844 3845
f 3812 3845 3813
f 3813 3845 3846
f 3813 3846 3814
f 3814 3846 3847
f 3814 3847 3815
f 3815 3847 3848
f 3815 3848 3816
f 3816 3848 3817
f 3848 3849 3817
f 3817 3849 3818
f 3849 3850 3818
f 3818 3850 3819
f 3850 3851 3819
f 3819 3851 3820
f 3851 3852 3820
f 3820 3852 3821
f 3852 3853 3821
f 3821 3853 3822
f 3853 3854 3822
f 3822 3854 3823
f 3854 3855 3823
f 3823 3855 3824
f 3855 3856 3824
f 3824 3856 3857
f 3824 3857 3825
f 3825 3857 3858
f 3825 3858 3826
f 3826 3858 3859
f 3826 3859 3827
f 3827 3859 3860
f 3827 3860 3828
f 3828 3860 3861
f 3828 3861 3829
f 3829 3861 3862
f 3829 3862 3830
f 3830 3862 3863
f 3830 3863 3831
f 3831 3863 3832
f 3831 3832 3800
f 3832 3864 3833
f 3864 3865 3833
f 3833 3865 3834
f 3865 3866 3834
f 3834 3866 3835
f 3866 3867 3835
f 3835 3867 3836
f 3867 3868 3836
f 3836 3868 3837
f 3868 3869 3837
f 3837 3869 3838
f 3869 3870 3838
f 3838 3870 3839
f 3870 3871 3839
f 3839 3871 3840
f 3871 3872 3840
f 3840 3872 3873
f 3840 3873 3841
f 3841 3873 3874
f 3841 3874 3842
f 3842 3874 3875
f 3842 3875 3843
f 3843 3875 3876
f 3843 3876 3844
f 3844 3876 3877
f 3844 3877 3845
f 3845 3877 3878
f 3845 3878 3846
f 3846 3878 3879
f 3846 3879 3847
f 3847 3879 3880
f 3847 3880 3848
f 3848 3880 3849
f 3880 3881 3849
f 3849 3881 3850
f 3881 3882 3850
f 3850 3882 3851
f 3882 3883 3851
f 3851 3883 3852
f 3883 3884 3852
f 3852 3884 3853
f 3884 3885 3853
f 3853 3885 3854
f 3885 3886 3854
f 3854 3886 3855
f 3886 3887 3855
f 3855 3887 3856
f 3887 3888 3856
f 3856 3888 3889
f 3856 3889 3857
f 3857 3889 3890
f 3857 3890 3858
f 3858 3890 3891
f 3858 3891 3859
f 3859 3891 3892
f 3859 3892 3860
f 3860 3892 3893
f 3860 3893 3861
f 3861 3893 3894
f 3861 3894 3862
f 3862 3894 3895
f 3862 3895 3863
f 3863 3895 3864
f 3863 3864 3832
f 3864 3896 3865
f 3865 3896 3897
f 3865 3897 3866
f 3866 3897 3898
f 3866 3898 3867
f 3867 3898 3899
f 3867 3899 3868
f 3868 3899 3900
f 3868 3900 3869
f 3869 3900 3901
f 3869 3901 3870
f 3870 3901 3902
f 3870 3902 3871
f 3871 3902 3903
f 3871 3903 3872
f 3872 3903 3873
f 3903 3904 3873
f 3873 3904 3874
f 3904 3905 3874
f 3874 3905 3875
f 3905 3906 3875
f 3875 3906 3876
f 3906 3907 3876
f 3876 3907 3877
f 3907 3908 3877
f 3877 3908 3878
f 3908 3909 3878
f 3878 3909 3879
f 3909 3910 3879
f 3879 3910 3880
f 3880 3911 3881
f 3881 3911 3912
f 3881 3912 3882
f 3882 3912 3913
f 3882 3913 3883
f 3883 3913 3914
f 3883 3914 3884
f 3884 3914 3915
f 3884 3915 3885
f 3885 3915 3916
f 3885 3916 3886
f 3886 3916 3917
f 3886 3917 3887
f 3887 3917 3918
f 3887 3918 3888
f 3888 3918 3889
f 3918 3919 3889
f 3889 3919 3890
f 3919 3920 3890
f 3890 3920 3891
f 3920 3921 3891
f 3891 3921 3892
f 3921 3922 3892
f 3892 3922 3893
f 3922 3923 3893
f 3893 3923 3894
f 3923 3924 3894
f 3894 3924 3895
f 3924 3925 3895
f 3895 3925 3864
f 3864 3926 3896
f 3896 3926 3927
f 3896 3927 3897
f 3897 3927 3928
f 3897 3928 3898
f 3898 3928 3929
f 3898 3929 3899
f 3899 3929 3930
f 3899 3930 3900
f 3900 3930 3931
f 3900 3931 3901
f 3901 3931 3932
f 3901 3932 3902
f 3902 3932 3933
f 3902 3933 3903
f 3903 3933 3904
f 3933 3934 3904
f 3904 3934 3905
f 3934 3935 3905
f 3905 3935 3906
f 3935 3936 3906
f 3906 3936 3907
f 3936 3937 3907
f 3907 3937 3908
f 3937 3938 3908
f 3908 3938 3909
f 3938 3939 3909
f 3909 3939 3910
f 3939 3940 3910
f 3910 3940 3880
f 3880 3940 3911
f 3911 3940 3939
f 3911 3939 3912
f 3912 3939 3938
f 3912 3938 3913
f 3913 3938 3937
f 3913 3937 3914
f 3914 3937 3936
f 3914 3936 3915
f 3915 3936 3935
f 3915 3935 3916
f 3916 3935 3934
f 3916 3934 3917
f 3917 3934 3933
f 3917 3933 3918
f 3918 3933 3919
f 3933 3932 3919
f 3919 3932 3920
f 3932 3931 3920
f 3920 3931 3921
f 3931 3930 3921
f 3921 3930 3922
f 3930 3929 3922
f 3922 3929 3923
f 3929 3928 3923
f 3923 3928 3924
f 3928 3927 3924
f 3924 3927 3925
f 3927 3926 3925
f 3925 3926 3864
f 3941 3942 3943
f 3942 3944 3943
f 3943 3944 3945
f 3944 3946 3945
f 3945 3946 3947
f 3946 3948 3947
f 3947 3948 3949
f 3948 3950 3949
f 3949 3950 3951
f 3950 3952 3951
f 3951 3952 3953
f 3952 3954 3953
f 3953 3954 3955
f 3954 3956 3955
f 3955 3956 3957
f 3956 3958 3957
f 3956 3959 3958
f 3959 3960 3958
f 3959 3961 3960
f 3961 3962 3960
f 3961 3963 3962
f 3963 3964 3962
f 3963 3965 3964
f 3965 3966 3964
f 3965 3967 3966
f 3967 3968 3966
f 3967 3969 3968
f 3969 3970 3968
f 3969 3971 3970
f 3971 3972 3970
f 3972 3971 3973
f 3971 3969 3973
f 3973 3969 3974
f 3969 3967 3974
f 3974 3967 3975
f 3967 3965 3975
f 3975 3965 3976
f 3965 3963 3976
f 3976 3963 3977
f 3963 3961 3977
f 3977 3961 3978
f 3961 3959 3978
f 3978 3959 3979
f 3959 3956 3979
f 3979 3956 3980
f 3956 3981 3980
f 3956 3954 3981
f 3954 3982 3981
f 3954 3952 3982
f 3952 3983 3982
f 3952 3950 3983
f 3950 3984 3983
f 3950 3948 3984
f 3948 3985 3984
f 3948 3946 3985
f 3946 3986 3985
f 3946 3944 3986
f 3944 3987 3986
f 3944 3942 3987
f 3942 3941 3987
f 3941 3943 3988
f 3943 3945 3988
f 3988 3945 3989
f 3945 3947 3989
f 3989 3947 3990
f 3947 3949 3990
f 3990 3949 3991
f 3949 3951 3991
f 3991 3951 3992
f 3951 3953 3992
f 3992 3953 3993
f 3953 3955 3993
f 3993 3955 3994
f 3955 3957 3994
f 3994 3957 3995
f 3957 3996 3995
f 3957 3958 3996
f 3958 3997 3996
f 3958 3960 3997
f 3960 3998 3997
f 3960 3962 3998
f 3962 3999 3998
f 3962 3964 3999
f 3964 4000 3999
f 3964 3966 4000
f 3966 4001 4000
f 3966 3968 4001
f 3968 4002 4001
f 3968 3970 4002
f 3970 3972 4002
f 3972 3973 4003
f 3973 3974 4003
f 4003 3974 4004
f 3974 3975 4004
f 4004 3975 4005
f 3975 3976 4005
f 4005 3976 4006
f 3976 3977 4006
f 4006 3977 4007
f 3977 3978 4007
f 4007 3978 4008
f 3978 3979 4008
f 4008 3979 4009
f 3979 3980 4009
f 4009 3980 4010
f 3980 4011 4010
f 3980 3981 4011
f 3981 4012 4011
f 3981 3982 4012
f 3982 4013 4012
f 3982 3983 4013
f 3983 4014 4013
f 3983 3984 4014
f 3984 4015 4014
f 3984 3985 4015
f 3985 4016 4015
f 3985 3986 4016
f 3986 4017 4016
f 3986 3987 4017
f 3987 3941 4017
f 3941 3988 4018
f 4018 3988 4019
f 3988 3989 4019
f 4019 3989 4020
f 3989 3990 4020
f 4020 3990 4021
f 3990 3991 4021
f 4021 3991 4022
f 3991 3992 4022
f 4022 3992 4023
f 3992 3993 4023
f 4023 3993 4024
f 3993 3994 4024
f 4024 3994 4025
f 3994 3995 4025
f 4025 3995 4026
f 3995 4027 4026
f 3995 3996 4027
f 3996 4028 4027
f 3996 3997 4028
f 3997 4029 4028
f 3997 3998 4029
f 3998 4030 4029
f 3998 3999 4030
f 3999 4031 4030
f 3999 4000 4031
f 4000 4032 4031
f 4000 4001 4032
f 4001 4033 4032
f 4001 4002 4033
f 4002 4034 4033
f 4002 3972 4034
f 3972 4003 4034
f 4034 4003 4035
f 4003 4004 4035
f 4035 4004 4036
f 4004 4005 4036
f 4036 4005 4037
f 4005 4006 4037
f 4037 4006 4038
f 4006 4007 4038
f 4038 4007 4039
f 4007 4008 4039
f 4039 4008 4040
f 4008 4009 4040
f 4040 4009 4041
f 4009 4010 4041
f 4041 4010 4042
f 4010 4043 4042
f 4010 4011 4043
f 4011 4044 4043
f 4011 4012 4044
f 4012 4045 4044
f 4012 4013 4045
f 4013 4046 4045
f 4013 4014 4046
f 4014 4047 4046
f 4014 4015 4047
f 4015 4048 4047
f 4015 4016 4048
f 4016 4049 4048
f 4016 4017 4049
f 4017 4018 4049
f 4017 3941 4018
f 4018 4019 4050
f 4050 4019 4051
f 4019 4020 4051
f 4051 4020 4052
f 4020 4021 4052
f 4052 4021 4053
f 4021 4022 4053
f 4053 4022 4054
f 4022 4023 4054
f 4054 4023 4055
f 4023 4024 4055
f 4055 4024 4056
f 4024 4025 4056
f 4056 4025 4057
f 4025 4026 4057
f 4057 4026 4058
f 4026 4059 4058
f 4026 4027 4059
f 4027 4060 4059
f 4027 4028 4060
f 4028 4061 4060
f 4028 4029 4061
f 4029 4062 4061
f 4029 4030 4062
f 4030 4063 4062
f 4030 4031 4063
f 4031 4064 4063
f 4031 4032 4064
f 4032 4065 4064
f 4032 4033 4065
f 4033 4066 4065
f 4033 4034 4066
f 4034 4035 4066
f 4066 4035 4067
f 4035 4036 4067
f 4067 4036 4068
f 4036 4037 4068
f 4068 4037 4069
f 4037 4038 4069
f 4069 4038 4070
f 4038 4039 4070
f 4070 4039 4071
f 4039 4040 4071
f 4071 4040 4072
f 4040 4041 4072
f 4072 4041 4073
f 4041 4042 4073
f 4073 4042 4074
f 4042 4075 4074
f 4042 4043 4075
f 4043 4076 4075
f 4043 4044 4076
f 4044 4077 4076
f 4044 4045 4077
f 4045 4078 4077
f 4045 4046 4078
f 4046 4079 4078
f 4046 4047 4079
f 4047 4080 4079
f 4047 4048 4080
f 4048 4081 4080
f 4048 4049 4081
f 4049 4050 4081
f 4049 4018 4050
f 4050 4051 4082
f 4082 4051 4083
f 4051 4052 4083
f 4083 4052 4084
f 4052 4053 4084
f 4084 4053 4085
f 4053 4054 4085
f 4085 4054 4086
f 4054 4055 4086
f 4086 4055 4087
f 4055 4056 4087
f 4087 4056 4088
f 4056 4057 4088
f 4088 4057 4089
f 4057 4058 4089
f 4089 4058 4090
f 4058 4091 4090
f 4058 4059 4091
f 4059 4092 4091
f 4059 4060 4092
f 4060 4093 4092
f 4060 4061 4093
f 4061 4094 4093
f 4061 4062 4094
f 4062 4095 4094
f 4062 4063 4095
f 4063 4096 4095
f 4063 4064 4096
f 4064 4097 4096
f 4064 4065 4097
f 4065 4098 4097
f 4065 4066 4098
f 4066 4067 4098
f 4098 4067 4099
f 4067 4068 4099
f 4099 4068 4100
f 4068 4069 4100
f 4100 4069 4101
f 4069 4070 4101
f 4101 4070 4102
f 4070 4071 4102
f 4102 4071 4103
f 4071 4072 4103
f 4103 4072 4104
f 4072 4073 4104
f 4104 4073 4105
f 4073 4074 4105
f 4105 4074 4106
f 4074 4107 4106
f 4074 4075 4107
f 4075 4108 4107
f 4075 4076 4108
f 4076 4109 4108
f 4076 4077 4109
f 4077 4110 4109
f 4077 4078 4110
f 4078 4111 4110
f 4078 4079 4111
f 4079 4112 4111
f 4079 4080 4112
f 4080 4113 4112
f 4080 4081 4113
f 4081 4082 4113
f 4081 4050 4082
f 4082 4114 4115
f 4082 4083 4114
f 4083 4116 4114
f 4083 4084 4116
f 4084 4117 4116
f 4084 4085 4117
f 4085 4118 4117
f 4085 4086 4118
f 4086 4119 4118
f 4086 4087 4119
f 4087 4120 4119
f 4087 4088 4120
f 4088 4121 4120
f 4088 4089 4121
f 4089 4122 4121
f 4089 4090 4122
f 4090 4091 4122
f 4122 4091 4123
f 4091 4092 4123
f 4123 4092 4124
f 4092 4093 4124
f 4124 4093 4125
f 4093 4094 4125
f 4125 4094 4126
f 4094 4095 4126
f 4126 4095 4127
f 4095 4096 4127
f 4127 4096 4128
f 4096 4097 4128
f 4128 4097 4129
f 4097 4098 4129
f 4129 4098 4130
f 4098 4131 4130
f 4098 4099 4131
f 4099 4132 4131
f 4099 4100 4132
f 4100 4133 4132
f 4100 4101 4133
f 4101 4134 4133
f 4101 4102 4134
f 4102 4135 4134
f 4102 4103 4135
f 4103 4136 4135
f 4103 4104 4136
f 4104 4137 4136
f 4104 4105 4137
f 4105 4138 4137
f 4105 4106 4138
f 4106 4107 4138
f 4138 4107 4139
f 4107 4108 4139
f 4139 4108 4140
f 4108 4109 4140
f 4140 4109 4141
f 4109 4110 4141
f 4141 4110 4142
f 4110 4111 4142
f 4142 4111 4143
f 4111 4112 4143
f 4143 4112 4144
f 4112 4113 4144
f 4144 4113 4145
f 4113 4082 4145
f 4145 4082 4115
f 4115 4146 4147
f 4115 4114 4146
f 4114 4148 4146
f 4114 4116 4148
f 4116 4149 4148
f 4116 4117 4149
f 4117 4150 4149
f 4117 4118 4150
f 4118 4151 4150
f 4118 4119 4151
f 4119 4152 4151
f 4119 4120 4152
f 4120 4153 4152
f 4120 4121 4153
f 4121 4154 4153
f 4121 4122 4154
f 4122 4123 4154
f 4154 4123 4155
f 4123 4124 4155
f 4155 4124 4156
f 4124 4125 4156
f 4156 4125 4157
f 4125 4126 4157
f 4157 4126 4158
f 4126 4127 4158
f 4158 4127 4159
f 4127 4128 4159
f 4159 4128 4160
f 4128 4129 4160
f 4160 4129 4161
f 4129 4130 4161
f 4161 4130 4162
f 4130 4163 4162
f 4130 4131 4163
f 4131 4164 4163
f 4131 4132 4164
f 4132 4165 4164
f 4132 4133 4165
f 4133 4166 4165
f 4133 4134 4166
f 4134 4167 4166
f 4134 4135 4167
f 4135 4168 4167
f 4135 4136 4168
f 4136 4169 4168
f 4136 4137 4169
f 4137 4170 4169
f 4137 4138 4170
f 4138 4139 4170
f 4170 4139 4171
f 4139 4140 4171
f 4171 4140 4172
f 4140 4141 4172
f 4172 4141 4173
f 4141 4142 4173
f 4173 4142 4174
f 4142 4143 4174
f 4174 4143 4175
f 4143 4144 4175
f 4175 4144 4176
f 4144 4145 4176
f 4176 4145 4177
f 4145 4115 4177
f 4177 4115 4147
f 4147 4146 4178
f 4146 4179 4178
f 4146 4148 4179
f 4148 4180 4179
f 4148 4149 4180
f 4149 4181 4180
f 4149 4150 4181
f 4150 4182 4181
f 4150 4151 4182
f 4151 4183 4182
f 4151 4152 4183
f 4152 4184 4183
f 4152 4153 4184
f 4153 4185 4184
f 4153 4154 4185
f 4154 4155 4185
f 4185 4155 4186
f 4155 4156 4186
f 4186 4156 4187
f 4156 4157 4187
f 4187 4157 4188
f 4157 4158 4188
f 4188 4158 4189
f 4158 4159 4189
f 4189 4159 4190
f 4159 4160 4190
f 4190 4160 4191
f 4160 4161 4191
f 4191 4161 4192
f 4161 4162 4192
f 4162 4163 4193
f 4163 4194 4193
f 4163 4164 4194
f 4164 4195 4194
f 4164 4165 4195
f 4165 4196 4195
f 4165 4166 4196
f 4166 4197 4196
f 4166 4167 4197
f 4167 4198 4197
f 4167 4168 4198
f 4168 4199 4198
f 4168 4169 4199
f 4169 4200 4199
f 4169 4170 4200
f 4170 4171 4200
f 4200 4171 4201
f 4171 4172 4201
f 4201 4172 4202
f 4172 4173 4202
f 4202 4173 4203
f 4173 4174 4203
f 4203 4174 4204
f 4174 4175 4204
f 4204 4175 4205
f 4175 4176 4205
f 4205 4176 4206
f 4176 4177 4206
f 4206 4177 4207
f 4177 4147 4207
f 4147 4178 4208
f 4178 4209 4208
f 4178 4179 4209
f 4179 4210 4209
f 4179 4180 4210
f 4180 4211 4210
f 4180 4181 4211
f 4181 4212 4211
f 4181 4182 4212
f 4182 4213 4212
f 4182 4183 4213
f 4183 4214 4213
f 4183 4184 4214
f 4184 4215 4214
f 4184 4185 4215
f 4185 4186 4215
f 4215 4186 4216
f 4186 4187 4216
f 4216 4187 4217
f 4187 4188 4217
f 4217 4188 4218
f 4188 4189 4218
f 4218 4189 4219
f 4189 4190 4219
f 4219 4190 4220
f 4190 4191 4220
f 4220 4191 4221
f 4191 4192 4221
f 4221 4192 4222
f 4192 4162 4222
f 4162 4193 4222
f 4193 4221 4222
f 4193 4194 4221
f 4194 4220 4221
f 4194 4195 4220
f 4195 4219 4220
f 4195 4196 4219
f 4196 4218 4219
f 4196 4197 4218
f 4197 4217 4218
f 4197 4198 4217
f 4198 4216 4217
f 4198 4199 4216
f 4199 4215 4216
f 4199 4200 4215
f 4200 4201 4215
f 4215 4201 4214
f 4201 4202 4214
f 4214 4202 4213
f 4202 4203 4213
f 4213 4203 4212
f 4203 4204 4212
f 4212 4204 4211
f 4204 4205 4211
f 4211 4205 4210
f 4205 4206 4210
f 4210 4206 4209
f 4206 4207 4209
f 4209 4207 4208
f 4207 4147 4208
f 4223 4224 4225
f 4224 4226 4225
f 4226 4227 4225
f 4227 4228 4225
f 4225 4228 4229
f 4225 4229 4230
f 4225 4230 4231
f 4225 4231 4232
f 4232 4233 4225
f 4233 4234 4225
f 4234 4235 4225
f 4235 4236 4225
f 4225 4236 4237
f 4225 4237 4238
f 4225 4238 4239
f 4225 4239 4223
f 4223 4240 4224
f 4240 4241 4224
f 4224 4241 4226
f 4241 4242 4226
f 4226 4242 4227
f 4242 4243 4227
f 4227 4243 4228
f 4243 4244 4228
f 4228 4244 4245
f 4228 4245 4229
f 4229 4245 4246
f 4229 4246 4230
f 4230 4246 4247
f 4230 4247 4231
f 4231 4247 4248
f 4231 4248 4232
f 4232 4248 4233
f 4248 4249 4233
f 4233 4249 4234
f 4249 4250 4234
f 4234 4250 4235
f 4250 4251 4235
f 4235 4251 4236
f 4251 4252 4236
f 4236 4252 4253
f 4236 4253 4237
f 4237 4253 4254
f 4237 4254 4238
f 4238 4254 4255
f 4238 4255 4239
f 4239 4255 4240
f 4239 4240 4223
f 4240 4256 4241
f 4256 4257 4241
f 4241 4257 4242
f 4257 4258 4242
f 4242 4258 4243
f 4258 4259 4243
f 4243 4259 4244
f 4259 4260 4244
f 4244 4260 4261
f 4244 4261 4245
f 4245 4261 4262
f 4245 4262 4246
f 4246 4262 4263
f 4246 4263 4247
f 4247 4263 4264
f 4247 4264 4248
f 4248 4264 4249
f 4264 4265 4249
f 4249 4265 4250
f 4265 4266 4250
f 4250 4266 4251
f 4266 4267 4251
f 4251 4267 4252
f 4267 4268 4252
f 4252 4268 4269
f 4252 4269 4253
f 4253 4269 4270
f 4253 4270 4254
f 4254 4270 4271
f 4254 4271 4255
f 4255 4271 4256
f 4255 4256 4240
f 4256 4272 4257
f 4272 4273 4257
f 4257 4273 4258
f 4273 4274 4258
f 4258 4274 4259
f 4274 4275 4259
f 4259 4275 4260
f 4275 4276 4260
f 4260 4276 4277
f 4260 4277 4261
f 4261 4277 4278
f 4261 4278 4262
f 4262 4278 4279
f 4262 4279 4263
f 4263 4279 4280
f 4263 4280 4264
f 4264 4280 4265
f 4280 4281 4265
f 4265 4281 4266
f 4281 4282 4266
f 4266 4282 4267
f 4282 4283 4267
f 4267 4283 4268
f 4283 4284 4268
f 4268 4284 4285
f 4268 4285 4269
f 4269 4285 4286
f 4269 4286 4270
f 4270 4286 4287
f 4270 4287 4271
f 4271 4287 4272
f 4271 4272 4256
f 4272 4288 4273
f 4288 4289 4273
f 4273 4289 4274
f 4289 4290 4274
f 4274 4290 4275
f 4290 4291 4275
f 4275 4291 4276
f 4291 4292 4276
f 4276 4292 4293
f 4276 4293 4277
f 4277 4293 4294
f 4277 4294 4278
f 4278 4294 4295
f 4278 4295 4279
f 4279 4295 4296
f 4279 4296 4280
f 4280 4296 4281
f 4296 4297 4281
f 4281 4297 4282
f 4297 4298 4282
f 4282 4298 4283
f 4298 4299 4283
f 4283 4299 4284
f 4299 4300 4284
f 4284 4300 4301
f 4284 4301 4285
f 4285 4301 4302
f 4285 4302 4286
f 4286 4302 4303
f 4286 4303 4287
f 4287 4303 4288
f 4287 4288 4272
f 4288 4304 4289
f 4304 4305 4289
f 4289 4305 4290
f 4305 4306 4290
f 4290 4306 4291
f 4306 4307 4291
f 4291 4307 4292
f 4307 4308 4292
f 4292 4308 4309
f 4292 4309 4293
f 4293 4309 4310
f 4293 4310 4294
f 4294 4310 4311
f 4294 4311 4295
f 4295 4311 4312
f 4295 4312 4296
f 4296 4312 4297
f 4312 4313 4297
f 4297 4313 4298
f 4313 4314 4298
f 4298 4314 4299
f 4314 4315 4299
f 4299 4315 4300
f 4315 4316 4300
f 4300 4316 4317
f 4300 4317 4301
f 4301 4317 4318
f 4301 4318 4302
f 4302 4318 4319
f 4302 4319 4303
f 4303 4319 4304
f 4303 4304 4288
f 4304 4320 4305
f 4320 4321 4305
f 4305 4321 4306
f 4321 4322 4306
f 4306 4322 4307
f 4322 4323 4307
f 4307 4323 4308
f 4323 4324 4308
f 4308 4324 4325
f 4308 4325 4309
f 4309 4325 4326
f 4309 4326 4310
f 4310 4326 4327
f 4310 4327 4311
f 4311 4327 4328
f 4311 4328 4312
f 4312 4328 4313
f 4328 4329 4313
f 4313 4329 4314
f 4329 4330 4314
f 4314 4330 4315
f 4330 4331 4315
f 4315 4331 4316
f 4331 4332 4316
f 4316 4332 4333
f 4316 4333 4317
f 4317 4333 4334
f 4317 4334 4318
f 4318 4334 4335
f 4318 4335 4319
f 4319 4335 4320
f 4319 4320 4304
f 4320 4336 4321
f 4336 4337 4321
f 4321 4337 4322
f 4337 4338 4322
f 4322 4338 4323
f 4338 4339 4323
f 4323 4339 4324
f 4339 4340 4324
f 4324 4340 4341
f 4324 4341 4325
f 4325 4341 4342
f 4325 4342 4326
f 4326 4342 4343
f 4326 4343 4327
f 4327 4343 4344
f 4327 4344 4328
f 4328 4344 4329
f 4344 4345 4329
f 4329 4345 4330
f 4345 4346 4330
f 4330 4346 4331
f 4346 4347 4331
f 4331 4347 4332
f 4347 4348 4332
f 4332 4348 4349
f 4332 4349 4333
f 4333 4349 4350
f 4333 4350 4334
f 4334 4350 4351
f 4334 4351 4335
f 4335 4351 4336
f 4335 4336 4320
f 4336 4352 4337
f 4352 4353 4337
f 4337 4353 4338
f 4353 4354 4338
f 4338 4354 4339
f 4354 4355 4339
f 4339 4355 4340
f 4355 4356 4340
f 4340 4356 4357
f 4340 4357 4341
f 4341 4357 4358
f 4341 4358 4342
f 4342 4358 4359
f 4342 4359 4343
f 4343 4359 4360
f 4343 4360 4344
f 4344 4360 4345
f 4360 4361 4345
f 4345 4361 4346
f 4361 4362 4346
f 4346 4362 4347
f 4362 4363 4347
f 4347 4363 4348
f 4363 4364 4348
f 4348 4364 4365
f 4348 4365 4349
f 4349 4365 4366
f 4349 4366 4350
f 4350 4366 4367
f 4350 4367 4351
f 4351 4367 4352
f 4351 4352 4336
f 4352 4368 4353
f 4368 4369 4353
f 4353 4369 4354
f 4369 4370 4354
f 4354 4370 4355
f 4370 4371 4355
f 4355 4371 4356
f 4371 4372 4356
f 4356 4372 4373
f 4356 4373 4357
f 4357 4373 4374
f 4357 4374 4358
f 4358 4374 4375
f 4358 4375 4359
f 4359 4375 4376
f 4359 4376 4360
f 4360 4376 4361
f 4376 4377 4361
f 4361 4377 4362
f 4377 4378 4362
f 4362 4378 4363
f 4378 4379 4363
f 4363 4379 4364
f 4379 4380 4364
f 4364 4380 4381
f 4364 4381 4365
f 4365 4381 4382
f 4365 4382 4366
f 4366 4382 4383
f 4366 4383 4367
f 4367 4383 4368
f 4367 4368 4352
f 4368 4384 4385
f 4368 4385 4369
f 4369 4385 4386
f 4369 4386 4370
f 4370 4386 4387
f 4370 4387 4371
f 4371 4387 4388
f 4371 4388 4372
f 4372 4388 4373
f 4388 4389 4373
f 4373 4389 4374
f 4389 4390 4374
f 4374 4390 4375
f 4390 4391 4375
f 4375 4391 4376
f 4391 4392 4376
f 4376 4392 4393
f 4376 4393 4377
f 4377 4393 4394
f 4377 4394 4378
f 4378 4394 4395
f 4378 4395 4379
f 4379 4395 4396
f 4379 4396 4380
f 4380 4396 4381
f 4396 4397 4381
f 4381 4397 4382
f 4397 4398 4382
f 4382 4398 4383
f 4398 4399 4383
f 4383 4399 4368
f 4399 4384 4368
f 4384 4400 4401
f 4384 4401 4385
f 4385 4401 4402
f 4385 4402 4386
f 4386 4402 4403
f 4386 4403 4387
f 4387 4403 4404
f 4387 4404 4388
f 4388 4404 4389
f 4404 4405 4389
f 4389 4405 4390
f 4405 4406 4390
f 4390 4406 4391
f 4406 4407 4391
f 4391 4407 4392
f 4407 4408 4392
f 4392 4408 4409
f 4392 4409 4393
f 4393 4409 4410
f 4393 4410 4394
f 4394 4410 4411
f 4394 4411 4395
f 4395 4411 4412
f 4395 4412 4396
f 4396 4412 4397
f 4412 4413 4397
f 4397 4413 4398
f 4413 4414 4398
f 4398 4414 4399
f 4414 4415 4399
f 4399 4415 4384
f 4415 4400 4384
f 4400 4416 4417
f 4400 4417 4401
f 4401 4417 4418
f 4401 4418 4402
f 4402 4418 4419
f 4402 4419 4403
f 4403 4419 4420
f 4403 4420 4404
f 4404 4420 4405
f 4420 4421 4405
f 4405 4421 4406
f 4421 4422 4406
f 4406 4422 4407
f 4422 4423 4407
f 4407 4423 4408
f 4423 4424 4408
f 4408 4424 4425
f 4408 4425 4409
f 4409 4425 4426
f 4409 4426 4410
f 4410 4426 4427
f 4410 4427 4411
f 4411 4427 4428
f 4411 4428 4412
f 4412 4428 4413
f 4428 4429 4413
f 4413 4429 4414
f 4429 4430 4414
f 4414 4430 4415
f 4430 4431 4415
f 4415 4431 4400
f 4431 4416 4400
f 4416 4432 4433
f 4416 4433 4417
f 4417 4433 4434
f 4417 4434 4418
f 4418 4434 4435
f 4418 4435 4419
f 4419 4435 4436
f 4419 4436 4420
f 4420 4436 4421
f 4436 4437 4421
f 4421 4437 4422
f 4437 4438 4422
f 4422 4438 4423
f 4438 4439 4423
f 4423 4439 4424
f 4439 4440 4424
f 4424 4440 4441
f 4424 4441 4425
f 4425 4441 4442
f 4425 4442 4426
f 4426 4442 4443
f 4426 4443 4427
f 4427 4443 4444
f 4427 4444 4428
f 4428 4444 4429
f 4444 4445 4429
f 4429 4445 4430
f 4445 4446 4430
f 4430 4446 4431
f 4446 4447 4431
f 4431 4447 4416
f 4447 4432 4416
f 4432 4448 4449
f 4432 4449 4433
f 4433 4449 4450
f 4433 4450 4434
f 4434 4450 4451
f 4434 4451 4435
f 4435 4451 4452
f 4435 4452 4436
f 4436 4452 4437
f 4452 4453 4437
f 4437 4453 4438
f 4453 4454 4438
f 4438 4454 4439
f 4454 4455 4439
f 4439 4455 4440
f 4455 4456 4440
f 4440 4456 4457
f 4440 4457 4441
f 4441 4457 4458
f 4441 4458 4442
f 4442 4458 4459
f 4442 4459 4443
f 4443 4459 4460
f 4443 4460 4444
f 4444 4460 4445
f 4460 4461 4445
f 4445 4461 4446
f 4461 4462 4446
f 4446 4462 4447
f 4462 4463 4447
f 4447 4463 4432
f 4463 4448 4432
f 4448 4464 4465
f 4448 4465 4449
f 4449 4465 4466
f 4449 4466 4450
f 4450 4466 4467
f 4450 4467 4451
f 4451 4467 4468
f 4451 4468 4452
f 4452 4468 4453
f 4468 4469 4453
f 4453 4469 4454
f 4469 4470 4454
f 4454 4470 4455
f 4470 4471 4455
f 4455 4471 4456
f 4471 4472 4456
f 4456 4472 4473
f 4456 4473 4457
f 4457 4473 4474
f 4457 4474 4458
f 4458 4474 4475
f 4458 4475 4459
f 4459 4475 4476
f 4459 4476 4460
f 4460 4476 4461
f 4476 4477 4461
f 4461 4477 4462
f 4477 4478 4462
f 4462 4478 4463
f 4478 4479 4463
f 4463 4479 4448
f 4479 4464 4448
f 4464 4480 4481
f 4464 4481 4465
f 4465 4481 4482
f 4465 4482 4466
f 4466 4482 4483
f 4466 4483 4467
f 4467 4483 4484
f 4467 4484 4468
f 4468 4484 4469
f 4484 4485 4469
f 4469 4485 4470
f 4485 4486 4470
f 4470 4486 4471
f 4486 4487 4471
f 4471 4487 4472
f 4487 4488 4472
f 4472 4488 4489
f 4472 4489 4473
f 4473 4489 4490
f 4473 4490 4474
f 4474 4490 4491
f 4474 4491 4475
f 4475 4491 4492
f 4475 4492 4476
f 4476 4492 4477
f 4492 4493 4477
f 4477 4493 4478
f 4493 4494 4478
f 4478 4494 4479
f 4494 4495 4479
f 4479 4495 4464
f 4495 4480 4464
f 4480 4496 4497
f 4480 4497 4481
f 4481 4497 4498
f 4481 4498 4482
f 4482 4498 4499
f 4482 4499 4483
f 4483 4499 4500
f 4483 4500 4484
f 4484 4500 4485
f 4500 4501 4485
f 4485 4501 4486
f 4501 4502 4486
f 4486 4502 4487
f 4502 4503 4487
f 4487 4503 4488
f 4503 4504 4488
f 4488 4504 4505
f 4488 4505 4489
f 4489 4505 4506
f 4489 4506 4490
f 4490 4506 4507
f 4490 4507 4491
f 4491 4507 4508
f 4491 4508 4492
f 4492 4508 4493
f 4508 4509 4493
f 4493 4509 4494
f 4509 4510 4494
f 4494 4510 4495
f 4510 4511 4495
f 4495 4511 4480
f 4511 4496 4480
f 4496 4512 4513
f 4496 4513 4497
f 4497 4513 4514
f 4497 4514 4498
f 4498 4514 4515
f 4498 4515 4499
f 4499 4515 4516
f 4499 4516 4500
f 4500 4516 4501
f 4516 4517 4501
f 4501 4517 4502
f 4517 4518 4502
f 4502 4518 4503
f 4518 4519 4503
f 4503 4519 4504
f 4519 4520 4504
f 4504 4520 4521
f 4504 4521 4505
f 4505 4521 4522
f 4505 4522 4506
f 4506 4522 4523
f 4506 4523 4507
f 4507 4523 4524
f 4507 4524 4508
f 4508 4524 4509
f 4524 4525 4509
f 4509 4525 4510
f 4525 4526 4510
f 4510 4526 4511
f 4526 4527 4511
f 4511 4527 4496
f 4527 4512 4496
f 4512 4528 4513
f 4513 4528 4514
f 4514 4528 4515
f 4515 4528 4516
f 4516 4528 4517
f 4517 4528 4518
f 4518 4528 4519
f 4519 4528 4520
f 4520 4528 4521
f 4521 4528 4522
f 4522 4528 4523
f 4523 4528 4524
f 4524 4528 4525
f 4525 4528 4526
f 4526 4528 4527
f 4527 4528 4512
f 4529 4530 4531
f 4530 4532 4531
f 4532 4533 4531
f 4533 4534 4531
f 4531 4534 4535
f 4531 4535 4536
f 4531 4536 4537
f 4531 4537 4538
f 4538 4539 4531
f 4539 4540 4531
f 4540 4541 4531
f 4541 4542 4531
f 4531 4542 4543
f 4531 4543 4544
f 4531 4544 4545
f 4531 4545 4529
f 4529 4546 4530
f 4546 4547 4530
f 4530 4547 4532
f 4547 4548 4532
f 4532 4548 4533
f 4548 4549 4533
f 4533 4549 4534
f 4549 4550 4534
f 4534 4550 4551
f 4534 4551 4535
f 4535 4551 4552
f 4535 4552 4536
f 4536 4552 4553
f 4536 4553 4537
f 4537 4553 4554
f 4537 4554 4538
f 4538 4554 4539
f 4554 4555 4539
f 4539 4555 4540
f 4555 4556 4540
f 4540 4556 4541
f 4556 4557 4541
f 4541 4557 4542
f 4557 4558 4542
f 4542 4558 4559
f 4542 4559 4543
f 4543 4559 4560
f 4543 4560 4544
f 4544 4560 4561
f 4544 4561 4545
f 4545 4561 4546
f 4545 4546 4529
f 4546 4562 4547
f 4562 4563 4547
f 4547 4563 4548
f 4563 4564 4548
f 4548 4564 4549
f 4564 4565 4549
f 4549 4565 4550
f 4565 4566 4550
f 4550 4566 4567
f 4550 4567 4551
f 4551 4567 4568
f 4551 4568 4552
f 4552 4568 4569
f 4552 4569 4553
f 4553 4569 4570
f 4553 4570 4554
f 4554 4570 4555
f 4570 4571 4555
f 4555 4571 4556
f 4571 4572 4556
f 4556 4572 4557
f 4572 4573 4557
f 4557 4573 4558
f 4573 4574 4558
f 4558 4574 4575
f 4558 4575 4559
f 4559 4575 4576
f 4559 4576 4560
f 4560 4576 4577
f 4560 4577 4561
f 4561 4577 4562
f 4561 4562 4546
f 4562 4578 4563
f 4578 4579 4563
f 4563 4579 4564
f 4579 4580 4564
f 4564 4580 4565
f 4580 4581 4565
f 4565 4581 4566
f 4581 4582 4566
f 4566 4582 4583
f 4566 4583 4567
f 4567 4583 4584
f 4567 4584 4568
f 4568 4584 4585
f 4568 4585 4569
f 4569 4585 4586
f 4569 4586 4570
f 4570 4586 4571
f 4586 4587 4571
f 4571 4587 4572
f 4587 4588 4572
f 4572 4588 4573
f 4588 4589 4573
f 4573 4589 4574
f 4589 4590 4574
f 4574 4590 4591
f 4574 4591 4575
f 4575 4591 4592
f 4575 4592 4576
f 4576 4592 4593
f 4576 4593 4577
f 4577 4593 4578
f 4577 4578 4562
f 4578 4594 4579
f 4594 4595 4579
f 4579 4595 4580
f 4595 4596 4580
f 4580 4596 4581
f 4596 4597 4581
f 4581 4597 4582
f 4597 4598 4582
f 4582 4598 4599
f 4582 4599 4583
f 4583 4599 4600
f 4583 4600 4584
f 4584 4600 4601
f 4584 4601 4585
f 4585 4601 4602
f 4585 4602 4586
f 4586 4602 4587
f 4602 4603 4587
f 4587 4603 4588
f 4603 4604 4588
f 4588 4604 4589
f 4604 4605 4589
f 4589 4605 4590
f 4605 4606 4590
f 4590 4606 4607
f 4590 4607 4591
f 4591 4607 4608
f 4591 4608 4592
f 4592 4608 4609
f 4592 4609 4593
f 4593 4609 4594
f 4593 4594 4578
f 4594 4610 4595
f 4610 4611 4595
f 4595 4611 4596
f 4611 4612 4596
f 4596 4612 4597
f 4612 4613 4597
f 4597 4613 4598
f 4613 4614 4598
f 4598 4614 4615
f 4598 4615 4599
f 4599 4615 4616
f 4599 4616 4600
f 4600 4616 4617
f 4600 4617 4601
f 4601 4617 4618
f 4601 4618 4602
f 4602 4618 4603
f 4618 4619 4603
f 4603 4619 4604
f 4619 4620 4604
f 4604 4620 4605
f 4620 4621 4605
f 4605 4621 4606
f 4621 4622 4606
f 4606 4622 4623
f 4606 4623 4607
f 4607 4623 4624
f 4607 4624 4608
f 4608 4624 4625
f 4608 4625 4609
f 4609 4625 4610
f 4609 4610 4594
f 4610 4626 4611
f 4626 4627 4611
f 4611 4627 4612
f 4627 4628 4612
f 4612 4628 4613
f 4628 4629 4613
f 4613 4629 4614
f 4629 4630 4614
f 4614 4630 4631
f 4614 4631 4615
f 4615 4631 4632
f 4615 4632 4616
f 4616 4632 4633
f 4616 4633 4617
f 4617 4633 4634
f 4617 4634 4618
f 4618 4634 4619
f 4634 4635 4619
f 4619 4635 4620
f 4635 4636 4620
f 4620 4636 4621
f 4636 4637 4621
f 4621 4637 4622
f 4637 4638 4622
f 4622 4638 4639
f 4622 4639 4623
f 4623 4639 4640
f 4623 4640 4624
f 4624 4640 4641
f 4624 4641 4625
f 4625 4641 4626
f 4625 4626 4610
f 4626 4642 4627
f 4642 4643 4627
f 4627 4643 4628
f 4643 4644 4628
f 4628 4644 4629
f 4644 4645 4629
f 4629 4645 4630
f 4645 4646 4630
f 4630 4646 4647
f 4630 4647 4631
f 4631 4647 4648
f 4631 4648 4632
f 4632 4648 4649
f 4632 4649 4633
f 4633 4649 4650
f 4633 4650 4634
f 4634 4650 4635
f 4650 4651 4635
f 4635 4651 4636
f 4651 4652 4636
f 4636 4652 4637
f 4652 4653 4637
f 4637 4653 4638
f 4653 4654 4638
f 4638 4654 4655
f 4638 4655 4639
f 4639 4655 4656
f 4639 4656 4640
f 4640 4656 4657
f 4640 4657 4641
f 4641 4657 4642
f 4641 4642 4626
f 4642 4658 4643
f 4658 4659 4643
f 4643 4659 4644
f 4659 4660 4644
f 4644 4660 4645
f 4660 4661 4645
f 4645 4661 4646
f 4661 4662 4646
f 4646 4662 4663
f 4646 4663 4647
f 4647 4663 4664
f 4647 4664 4648
f 4648 4664 4665
f 4648 4665 4649
f 4649 4665 4666
f 4649 4666 4650
f 4650 4666 4651
f 4666 4667 4651
f 4651 4667 4652
f 4667 4668 4652
f 4652 4668 4653
f 4668 4669 4653
f 4653 4669 4654
f 4669 4670 4654
f 4654 4670 4671
f 4654 4671 4655
f 4655 4671 4672
f 4655 4672 4656
f 4656 4672 4673
f 4656 4673 4657
f 4657 4673 4658
f 4657 4658 4642
f 4658 4674 4659
f 4674 4675 4659
f 4659 4675 4660
f 4675 4676 4660
f 4660 4676 4661
f 4676 4677 4661
f 4661 4677 4662
f 4677 4678 4662
f 4662 4678 4679
f 4662 4679 4663
f 4663 4679 4680
f 4663 4680 4664
f 4664 4680 4681
f 4664 4681 4665
f 4665 4681 4682
f 4665 4682 4666
f 4666 4682 4667
f 4682 4683 4667
f 4667 4683 4668
f 4683 4684 4668
f 4668 4684 4669
f 4684 4685 4669
f 4669 4685 4670
f 4685 4686 4670
f 4670 4686 4687
f 4670 4687 4671
f 4671 4687 4688
f 4671 4688 4672
f 4672 4688 4689
f 4672 4689 4673
f 4673 4689 4674
f 4673 4674 4658
f 4674 4690 4691
f 4674 4691 4675
f 4675 4691 4692
f 4675 4692 4676
f 4676 4692 4693
f 4676 4693 4677
f 4677 4693 4694
f 4677 4694 4678
f 4678 4694 4679
f 4694 4695 4679
f 4679 4695 4680
f 4695 4696 4680
f 4680 4696 4681
f 4696 4697 4681
f 4681 4697 4682
f 4697 4698 4682
f 4682 4698 4699
f 4682 4699 4683
f 4683 4699 4700
f 4683 4700 4684
f 4684 4700 4701
f 4684 4701 4685
f 4685 4701 4702
f 4685 4702 4686
f 4686 4702 4687
f 4702 4703 4687
f 4687 4703 4688
f 4703 4704 4688
f 4688 4704 4689
f 4704 4705 4689
f 4689 4705 4674
f 4705 4690 4674
f 4690 4706 4707
f 4690 4707 4691
f 4691 4707 4708
f 4691 4708 4692
f 4692 4708 4709
f 4692 4709 4693
f 4693 4709 4710
f 4693 4710 4694
f 4694 4710 4695
f 4710 4711 4695
f 4695 4711 4696
f 4711 4712 4696
f 4696 4712 4697
f 4712 4713 4697
f 4697 4713 4698
f 4713 4714 4698
f 4698 4714 4715
f 4698 4715 4699
f 4699 4715 4716
f 4699 4716 4700
f 4700 4716 4717
f 4700 4717 4701
f 4701 4717 4718
f 4701 4718 4702
f 4702 4718 4703
f 4718 4719 4703
f 4703 4719 4704
f 4719 4720 4704
f 4704 4720 4705
f 4720 4721 4705
f 4705 4721 4690
f 4721 4706 4690
f 4706 4722 4723
f 4706 4723 4707
f 4707 4723 4724
f 4707 4724 4708
f 4708 4724 4725
f 4708 4725 4709
f 4709 4725 4726
f 4709 4726 4710
f 4710 4726 4711
f 4726 4727 4711
f 4711 4727 4712
f 4727 4728 4712
f 4712 4728 4713
f 4728 4729 4713
f 4713 4729 4714
f 4729 4730 4714
f 4714 4730 4731
f 4714 4731 4715
f 4715 4731 4732
f 4715 4732 4716
f 4716 4732 4733
f 4716 4733 4717
f 4717 4733 4734
f 4717 4734 4718
f 4718 4734 4719
f 4734 4735 4719
f 4719 4735 4720
f 4735 4736 4720
f 4720 4736 4721
f 4736 4737 4721
f 4721 4737 4706
f 4737 4722 4706
f 4722 4738 4739
f 4722 4739 4723
f 4723 4739 4740
f 4723 4740 4724
f 4724 4740 4741
f 4724 4741 4725
f 4725 4741 4742
f 4725 4742 4726
f 4726 4742 4727
f 4742 4743 4727
f 4727 4743 4728
f 4743 4744 4728
f 4728 4744 4729
f 4744 4745 4729
f 4729 4745 4730
f 4745 4746 4730
f 4730 4746 4747
f 4730 4747 4731
f 4731 4747 4748
f 4731 4748 4732
f 4732 4748 4749
f 4732 4749 4733
f 4733 4749 4750
f 4733 4750 4734
f 4734 4750 4735
f 4750 4751 4735
f 4735 4751 4736
f 4751 4752 4736
f 4736 4752 4737
f 4752 4753 4737
f 4737 4753 4722
f 4753 4738 4722
f 4738 4754 4755
f 4738 4755 4739
f 4739 4755 4756
f 4739 4756 4740
f 4740 4756 4757
f 4740 4757 4741
f 4741 4757 4758
f 4741 4758 4742
f 4742 4758 4743
f 4758 4759 4743
f 4743 4759 4744
f 4759 4760 4744
f 4744 4760 4745
f 4760 4761 4745
f 4745 4761 4746
f 4761 4762 4746
f 4746 4762 4763
f 4746 4763 4747
f 4747 4763 4764
f 4747 4764 4748
f 4748 4764 4765
f 4748 4765 4749
f 4749 4765 4766
f 4749 4766 4750
f 4750 4766 4751
f 4766 4767 4751
f 4751 4767 4752
f 4767 4768 4752
f 4752 4768 4753
f 4768 4769 4753
f 4753 4769 4738
f 4769 4754 4738
f 4754 4770 4771
f 4754 4771 4755
f 4755 4771 4772
f 4755 4772 4756
f 4756 4772 4773
f 4756 4773 4757
f 4757 4773 4774
f 4757 4774 4758
f 4758 4774 4759
f 4774 4775 4759
f 4759 4775 4760
f 4775 4776 4760
f 4760 4776 4761
f 4776 4777 4761
f 4761 4777 4762
f 4777 4778 4762
f 4762 4778 4779
f 4762 4779 4763
f 4763 4779 4780
f 4763 4780 4764
f 4764 4780 4781
f 4764 4781 4765
f 4765 4781 4782
f 4765 4782 4766
f 4766 4782 4767
f 4782 4783 4767
f 4767 4783 4768
f 4783 4784 4768
f 4768 4784 4769
f 4784 4785 4769
f 4769 4785 4754
f 4785 4770 4754
f 4770 4786 4787
f 4770 4787 4771
f 4771 4787 4788
f 4771 4788 4772
f 4772 4788 4789
f 4772 4789 4773
f 4773 4789 4790
f 4773 4790 4774
f 4774 4790 4775
f 4790 4791 4775
f 4775 4791 4776
f 4791 4792 4776
f 4776 4792 4777
f 4792 4793 4777
f 4777 4793 4778
f 4793 4794 4778
f 4778 4794 4795
f 4778 4795 4779
f 4779 4795 4796
f 4779 4796 4780
f 4780 4796 4797
f 4780 4797 4781
f 4781 4797 4798
f 4781 4798 4782
f 4782 4798 4783
f 4798 4799 4783
f 4783 4799 4784
f 4799 4800 4784
f 4784 4800 4785
f 4800 4801 4785
f 4785 4801 4770
f 4801 4786 4770
f 4786 4802 4803
f 4786 4803 4787
f 4787 4803 4804
f 4787 4804 4788
f 4788 4804 4805
f 4788 4805 4789
f 4789 4805 4806
f 4789 4806 4790
f 4790 4806 4791
f 4806 4807 4791
f 4791 4807 4792
f 4807 4808 4792
f 4792 4808 4793
f 4808 4809 4793
f 4793 4809 4794
f 4809 4810 4794
f 4794 4810 4811
f 4794 4811 4795
f 4795 4811 4812
f 4795 4812 4796
f 4796 4812 4813
f 4796 4813 4797
f 4797 4813 4814
f 4797 4814 4798
f 4798 4814 4799
f 4814 4815 4799
f 4799 4815 4800
f 4815 4816 4800
f 4800 4816 4801
f 4816 4817 4801
f 4801 4817 4786
f 4817 4802 4786
f 4802 4818 4819
f 4802 4819 4803
f 4803 4819 4820
f 4803 4820 4804
f 4804 4820 4821
f 4804 4821 4805
f 4805 4821 4822
f 4805 4822 4806
f 4806 4822 4807
f 4822 4823 4807
f 4807 4823 4808
f 4823 4824 4808
f 4808 4824 4809
f 4824 4825 4809
f 4809 4825 4810
f 4825 4826 4810
f 4810 4826 4827
f 4810 4827 4811
f 4811 4827 4828
f 4811 4828 4812
f 4812 4828 4829
f 4812 4829 4813
f 4813 4829 4830
f 4813 4830 4814
f 4814 4830 4815
f 4830 4831 4815
f 4815 4831 4816
f 4831 4832 4816
f 4816 4832 4817
f 4832 4833 4817
f 4817 4833 4802
f 4833 4818 4802
f 4818 4834 4819
f 4819 4834 4820
f 4820 4834 4821
f 4821 4834 4822
f 4822 4834 4823
f 4823 4834 4824
f 4824 4834 4825
f 4825 4834 4826
f 4826 4834 4827
f 4827 4834 4828
f 4828 4834 4829
f 4829 4834 4830
f 4830 4834 4831
f 4831 4834 4832
f 4832 4834 4833
f 4833 4834 4818
f 4835 4836 4837
f 4836 4838 4837
f 4838 4839 4837
f 4839 4840 4837
f 4837 4840 4841
f 4837 4841 4842
f 4837 4842 4843
f 4837 4843 4844
f 4844 4845 4837
f 4845 4846 4837
f 4846 4847 4837
f 4847 4848 4837
f 4837 4848 4849
f 4837 4849 4850
f 4837 4850 4851
f 4837 4851 4835
f 4835 4852 4836
f 4852 4853 4836
f 4836 4853 4838
f 4853 4854 4838
f 4838 4854 4839
f 4854 4855 4839
f 4839 4855 4840
f 4855 4856 4840
f 4840 4856 4857
f 4840 4857 4841
f 4841 4857 4858
f 4841 4858 4842
f 4842 4858 4859
f 4842 4859 4843
f 4843 4859 4860
f 4843 4860 4844
f 4844 4860 4845
f 4860 4861 4845
f 4845 4861 4846
f 4861 4862 4846
f 4846 4862 4847
f 4862 4863 4847
f 4847 4863 4848
f 4863 4864 4848
f 4848 4864 4865
f 4848 4865 4849
f 4849 4865 4866
f 4849 4866 4850
f 4850 4866 4867
f 4850 4867 4851
f 4851 4867 4852
f 4851 4852 4835
f 4852 4868 4853
f 4868 4869 4853
f 4853 4869 4854
f 4869 4870 4854
f 4854 4870 4855
f 4870 4871 4855
f 4855 4871 4856
f 4871 4872 4856
f 4856 4872 4873
f 4856 4873 4857
f 4857 4873 4874
f 4857 4874 4858
f 4858 4874 4875
f 4858 4875 4859
f 4859 4875 4876
f 4859 4876 4860
f 4860 4876 4861
f 4876 4877 4861
f 4861 4877 4862
f 4877 4878 4862
f 4862 4878 4863
f 4878 4879 4863
f 4863 4879 4864
f 4879 4880 4864
f 4864 4880 4881
f 4864 4881 4865
f 4865 4881 4882
f 4865 4882 4866
f 4866 4882 4883
f 4866 4883 4867
f 4867 4883 4868
f 4867 4868 4852
f 4868 4884 4869
f 4884 4885 4869
f 4869 4885 4870
f 4885 4886 4870
f 4870 4886 4871
f 4886 4887 4871
f 4871 4887 4872
f 4887 4888 4872
f 4872 4888 4889
f 4872 4889 4873
f 4873 4889 4890
f 4873 4890 4874
f 4874 4890 4891
f 4874 4891 4875
f 4875 4891 4892
f 4875 4892 4876
f 4876 4892 4877
f 4892 4893 4877
f 4877 4893 4878
f 4893 4894 4878
f 4878 4894 4879
f 4894 4895 4879
f 4879 4895 4880
f 4895 4896 4880
f 4880 4896 4897
f 4880 4897 4881
f 4881 4897 4898
f 4881 4898 4882
f 4882 4898 4899
f 4882 4899 4883
f 4883 4899 4884
f 4883 4884 4868
f 4884 4900 4885
f 4900 4901 4885
f 4885 4901 4886
f 4901 4902 4886
f 4886 4902 4887
f 4902 4903 4887
f 4887 4903 4888
f 4903 4904 4888
f 4888 4904 4905
f 4888 4905 4889
f 4889 4905 4906
f 4889 4906 4890
f 4890 4906 4907
f 4890 4907 4891
f 4891 4907 4908
f 4891 4908 4892
f 4892 4908 4893
f 4908 4909 4893
f 4893 4909 4894
f 4909 4910 4894
f 4894 4910 4895
f 4910 4911 4895
f 4895 4911 4896
f 4911 4912 4896
f 4896 4912 4913
f 4896 4913 4897
f 4897 4913 4914
f 4897 4914 4898
f 4898 4914 4915
f 4898 4915 4899
f 4899 4915 4900
f 4899 4900 4884
f 4900 4916 4901
f 4916 4917 4901
f 4901 4917 4902
f 4917 4918 4902
f 4902 4918 4903
f 4918 4919 4903
f 4903 4919 4904
f 4919 4920 4904
f 4904 4920 4921
f 4904 4921 4905
f 4905 4921 4922
f 4905 4922 4906
f 4906 4922 4923
f 4906 4923 4907
f 4907 4923 4924
f 4907 4924 4908
f 4908 4924 4909
f 4924 4925 4909
f 4909 4925 4910
f 4925 4926 4910
f 4910 4926 4911
f 4926 4927 4911
f 4911 4927 4912
f 4927 4928 4912
f 4912 4928 4929
f 4912 4929 4913
f 4913 4929 4930
f 4913 4930 4914
f 4914 4930 4931
f 4914 4931 4915
f 4915 4931 4916
f 4915 4916 4900
f 4916 4932 4917
f 4932 4933 4917
f 4917 4933 4918
f 4933 4934 4918
f 4918 4934 4919
f 4934 4935 4919
f 4919 4935 4920
f 4935 4936 4920
f 4920 4936 4937
f 4920 4937 4921
f 4921 4937 4938
f 4921 4938 4922
f 4922 4938 4939
f 4922 4939 4923
f 4923 4939 4940
f 4923 4940 4924
f 4924 4940 4925
f 4940 4941 4925
f 4925 4941 4926
f 4941 4942 4926
f 4926 4942 4927
f 4942 4943 4927
f 4927 4943 4928
f 4943 4944 4928
f 4928 4944 4945
f 4928 4945 4929
f 4929 4945 4946
f 4929 4946 4930
f 4930 4946 4947
f 4930 4947 4931
f 4931 4947 4932
f 4931 4932 4916
f 4932 4948 4933
f 4948 4949 4933
f 4933 4949 4934
f 4949 4950 4934
f 4934 4950 4935
f 4950 4951 4935
f 4935 4951 4936
f 4951 4952 4936
f 4936 4952 4953
f 4936 4953 4937
f 4937 4953 4954
f 4937 4954 4938
f 4938 4954 4955
f 4938 4955 4939
f 4939 4955 4956
f 4939 4956 4940
f 4940 4956 4941
f 4956 4957 4941
f 4941 4957 4942
f 4957 4958 4942
f 4942 4958 4943
f 4958 4959 4943
f 4943 4959 4944
f 4959 4960 4944
f 4944 4960 4961
f 4944 4961 4945
f 4945 4961 4962
f 4945 4962 4946
f 4946 4962 4963
f 4946 4963 4947
f 4947 4963 4948
f 4947 4948 4932
f 4948 4964 4949
f 4964 4965 4949
f 4949 4965 4950
f 4965 4966 4950
f 4950 4966 4951
f 4966 4967 4951
f 4951 4967 4952
f 4967 4968 4952
f 4952 4968 4969
f 4952 4969 4953
f 4953 4969 4970
f 4953 4970 4954
f 4954 4970 4971
f 4954 4971 4955
f 4955 4971 4972
f 4955 4972 4956
f 4956 4972 4957
f 4972 4973 4957
f 4957 4973 4958
f 4973 4974 4958
f 4958 4974 4959
f 4974 4975 4959
f 4959 4975 4960
f 4975 4976 4960
f 4960 4976 4977
f 4960 4977 4961
f 4961 4977 4978
f 4961 4978 4962
f 4962 4978 4979
f 4962 4979 4963
f 4963 4979 4964
f 4963 4964 4948
f 4964 4980 4965
f 4980 4981 4965
f 4965 4981 4966
f 4981 4982 4966
f 4966 4982 4967
f 4982 4983 4967
f 4967 4983 4968
f 4983 4984 4968
f 4968 4984 4985
f 4968 4985 4969
f 4969 4985 4986
f 4969 4986 4970
f 4970 4986 4987
f 4970 4987 4971
f 4971 4987 4988
f 4971 4988 4972
f 4972 4988 4973
f 4988 4989 4973
f 4973 4989 4974
f 4989 4990 4974
f 4974 4990 4975
f 4990 4991 4975
f 4975 4991 4976
f 4991 4992 4976
f 4976 4992 4993
f 4976 4993 4977
f 4977 4993 4994
f 4977 4994 4978
f 4978 4994 4995
f 4978 4995 4979
f 4979 4995 4980
f 4979 4980 4964
f 4980 4996 4997
f 4980 4997 4981
f 4981 4997 4998
f 4981 4998 4982
f 4982 4998 4999
f 4982 4999 4983
f 4983 4999 5000
f 4983 5000 4984
f 4984 5000 4985
f 5000 5001 4985
f 4985 5001 4986
f 5001 5002 4986
f 4986 5002 4987
f 5002 5003 4987
f 4987 5003 4988
f 5003 5004 4988
f 4988 5004 5005
f 4988 5005 4989
f 4989 5005 5006
f 4989 5006 4990
f 4990 5006 5007
f 4990 5007 4991
f 4991 5007 5008
f 4991 5008 4992
f 4992 5008 4993
f 5008 5009 4993
f 4993 5009 4994
f 5009 5010 4994
f 4994 5010 4995
f 5010 5011 4995
f 4995 5011 4980
f 5011 4996 4980
f 4996 5012 5013
f 4996 5013 4997
f 4997 5013 5014
f 4997 5014 4998
f 4998 5014 5015
f 4998 5015 4999
f 4999 5015 5016
f 4999 5016 5000
f 5000 5016 5001
f 5016 5017 5001
f 5001 5017 5002
f 5017 5018 5002
f 5002 5018 5003
f 5018 5019 5003
f 5003 5019 5004
f 5019 5020 5004
f 5004 5020 5021
f 5004 5021 5005
f 5005 5021 5022
f 5005 5022 5006
f 5006 5022 5023
f 5006 5023 5007
f 5007 5023 5024
f 5007 5024 5008
f 5008 5024 5009
f 5024 5025 5009
f 5009 5025 5010
f 5025 5026 5010
f 5010 5026 5011
f 5026 5027 5011
f 5011 5027 4996
f 5027 5012 4996
f 5012 5028 5029
f 5012 5029 5013
f 5013 5029 5030
f 5013 5030 5014
f 5014 5030 5031
f 5014 5031 5015
f 5015 5031 5032
f 5015 5032 5016
f 5016 5032 5017
f 5032 5033 5017
f 5017 5033 5018
f 5033 5034 5018
f 5018 5034 5019
f 5034 5035 5019
f 5019 5035 5020
f 5035 5036 5020
f 5020 5036 5037
f 5020 5037 5021
f 5021 5037 5038
f 5021 5038 5022
f 5022 5038 5039
f 5022 5039 5023
f 5023 5039 5040
f 5023 5040 5024
f 5024 5040 5025
f 5040 5041 5025
f 5025 5041 5026
f 5041 5042 5026
f 5026 5042 5027
f 5042 5043 5027
f 5027 5043 5012
f 5043 5028 5012
f 5028 5044 5045
f 5028 5045 5029
f 5029 5045 5046
f 5029 5046 5030
f 5030 5046 5047
f 5030 5047 5031
f 5031 5047 5048
f 5031 5048 5032
f 5032 5048 5033
f 5048 5049 5033
f 5033 5049 5034
f 5049 5050 5034
f 5034 5050 5035
f 5050 5051 5035
f 5035 5051 5036
f 5051 5052 5036
f 5036 5052 5053
f 5036 5053 5037
f 5037 5053 5054
f 5037 5054 5038
f 5038 5054 5055
f 5038 5055 5039
f 5039 5055 5056
f 5039 5056 5040
f 5040 5056 5041
f 5056 5057 5041
f 5041 5057 5042
f 5057 5058 5042
f 5042 5058 5043
f 5058 5059 5043
f 5043 5059 5028
f 5059 5044 5028
f 5044 5060 5061
f 5044 5061 5045
f 5045 5061 5062
f 5045 5062 5046
f 5046 5062 5063
f 5046 5063 5047
f 5047 5063 5064
f 5047 5064 5048
f 5048 5064 5049
f 5064 5065 5049
f 5049 5065 5050
f 5065 5066 5050
f 5050 5066 5051
f 5066 5067 5051
f 5051 5067 5052
f 5067 5068 5052
f 5052 5068 5069
f 5052 5069 5053
f 5053 5069 5070
f 5053 5070 5054
f 5054 5070 5071
f 5054 5071 5055
f 5055 5071 5072
f 5055 5072 5056
f 5056 5072 5057
f 5072 5073 5057
f 5057 5073 5058
f 5073 5074 5058
f 5058 5074 5059
f 5074 5075 5059
f 5059 5075 5044
f 5075 5060 5044
f 5060 5076 5077
f 5060 5077 5061
f 5061 5077 5078
f 5061 5078 5062
f 5062 5078 5079
f 5062 5079 5063
f 5063 5079 5080
f 5063 5080 5064
f 5064 5080 5065
f 5080 5081 5065
f 5065 5081 5066
f 5081 5082 5066
f 5066 5082 5067
f 5082 5083 5067
f 5067 5083 5068
f 5083 5084 5068
f 5068 5084 5085
f 5068 5085 5069
f 5069 5085 5086
f 5069 5086 5070
f 5070 5086 5087
f 5070 5087 5071
f 5071 5087 5088
f 5071 5088 5072
f 5072 5088 5073
f 5088 5089 5073
f 5073 5089 5074
f 5089 5090 5074
f 5074 5090 5075
f 5090 5091 5075
f 5075 5091 5060
f 5091 5076 5060
f 5076 5092 5093
f 5076 5093 5077
f 5077 5093 5094
f 5077 5094 5078
f 5078 5094 5095
f 5078 5095 5079
f 5079 5095 5096
f 5079 5096 5080
f 5080 5096 5081
f 5096 5097 5081
f 5081 5097 5082
f 5097 5098 5082
f 5082 5098 5083
f 5098 5099 5083
f 5083 5099 5084
f 5099 5100 5084
f 5084 5100 5101
f 5084 5101 5085
f 5085 5101 5102
f 5085 5102 5086
f 5086 5102 5103
f 5086 5103 5087
f 5087 5103 5104
f 5087 5104 5088
f 5088 5104 5089
f 5104 5105 5089
f 5089 5105 5090
f 5105 5106 5090
f 5090 5106 5091
f 5106 5107 5091
f 5091 5107 5076
f 5107 5092 5076
f 5092 5108 5109
f 5092 5109 5093
f 5093 5109 5110
f 5093 5110 5094
f 5094 5110 5111
f 5094 5111 5095
f 5095 5111 5112
f 5095 5112 5096
f 5096 5112 5097
f 5112 5113 5097
f 5097 5113 5098
f 5113 5114 5098
f 5098 5114 5099
f 5114 5115 5099
f 5099 5115 5100
f 5115 5116 5100
f 5100 5116 5117
f 5100 5117 5101
f 5101 5117 5118
f 5101 5118 5102
f 5102 5118 5119
f 5102 5119 5103
f 5103 5119 5120
f 5103 5120 5104
f 5104 5120 5105
f 5120 5121 5105
f 5105 5121 5106
f 5121 5122 5106
f 5106 5122 5107
f 5122 5123 5107
f 5107 5123 5092
f 5123 5108 5092
f 5108 5124 5125
f 5108 5125 5109
f 5109 5125 5126
f 5109 5126 5110
f 5110 5126 5127
f 5110 5127 5111
f 5111 5127 5128
f 5111 5128 5112
f 5112 5128 5113
f 5128 5129 5113
f 5113 5129 5114
f 5129 5130 5114
f 5114 5130 5115
f 5130 5131 5115
f 5115 5131 5116
f 5131 5132 5116
f 5116 5132 5133
f 5116 5133 5117
f 5117 5133 5134
f 5117 5134 5118
f 5118 5134 5135
f 5118 5135 5119
f 5119 5135 5136
f 5119 5136 5120
f 5120 5136 5121
f 5136 5137 5121
f 5121 5137 5122
f 5137 5138 5122
f 5122 5138 5123
f 5138 5139 5123
f 5123 5139 5108
f 5139 5124 5108
f 5124 5140 5125
f 5125 5140 5126
f 5126 5140 5127
f 5127 5140 5128
f 5128 5140 5129
f 5129 5140 5130
f 5130 5140 5131
f 5131 5140 5132
f 5132 5140 5133
f 5133 5140 5134
f 5134 5140 5135
f 5135 5140 5136
f 5136 5140 5137
f 5137 5140 5138
f 5138 5140 5139
f 5139 5140 5124
f 5141 5142 5143
f 5142 5144 5143
f 5144 5145 5143
f 5145 5146 5143
f 5143 5146 5147
f 5143 5147 5148
f 5143 5148 5149
f 5143 5149 5150
f 5150 5151 5143
f 5151 5152 5143
f 5152 5153 5143
f 5153 5154 5143
f 5143 5154 5155
f 5143 5155 5156
f 5143 5156 5157
f 5143 5157 5141
f 5141 5158 5142
f 5158 5159 5142
f 5142 5159 5144
f 5159 5160 5144
f 5144 5160 5145
f 5160 5161 5145
f 5145 5161 5146
f 5161 5162 5146
f 5146 5162 5163
f 5146 5163 5147
f 5147 5163 5164
f 5147 5164 5148
f 5148 5164 5165
f 5148 5165 5149
f 5149 5165 5166
f 5149 5166 5150
f 5150 5166 5151
f 5166 5167 5151
f 5151 5167 5152
f 5167 5168 5152
f 5152 5168 5153
f 5168 5169 5153
f 5153 5169 5154
f 5169 5170 5154
f 5154 5170 5171
f 5154 5171 5155
f 5155 5171 5172
f 5155 5172 5156
f 5156 5172 5173
f 5156 5173 5157
f 5157 5173 5158
f 5157 5158 5141
f 5158 5174 5159
f 5174 5175 5159
f 5159 5175 5160
f 5175 5176 5160
f 5160 5176 5161
f 5176 5177 5161
f 5161 5177 5162
f 5177 5178 5162
f 5162 5178 5179
f 5162 5179 5163
f 5163 5179 5180
f 5163 5180 5164
f 5164 5180 5181
f 5164 5181 5165
f 5165 5181 5182
f 5165 5182 5166
f 5166 5182 5167
f 5182 5183 5167
f 5167 5183 5168
f 5183 5184 5168
f 5168 5184 5169
f 5184 5185 5169
f 5169 5185 5170
f 5185 5186 5170
f 5170 5186 5187
f 5170 5187 5171
f 5171 5187 5188
f 5171 5188 5172
f 5172 5188 5189
f 5172 5189 5173
f 5173 5189 5174
f 5173 5174 5158
f 5174 5190 5175
f 5190 5191 5175
f 5175 5191 5176
f 5191 5192 5176
f 5176 5192 5177
f 5192 5193 5177
f 5177 5193 5178
f 5193 5194 5178
f 5178 5194 5195
f 5178 5195 5179
f 5179 5195 5196
f 5179 5196 5180
f 5180 5196 5197
f 5180 5197 5181
f 5181 5197 5198
f 5181 5198 5182
f 5182 5198 5183
f 5198 5199 5183
f 5183 5199 5184
f 5199 5200 5184
f 5184 5200 5185
f 5200 5201 5185
f 5185 5201 5186
f 5201 5202 5186
f 5186 5202 5203
f 5186 5203 5187
f 5187 5203 5204
f 5187 5204 5188
f 5188 5204 5205
f 5188 5205 5189
f 5189 5205 5190
f 5189 5190 5174
f 5190 5206 5191
f 5206 5207 5191
f 5191 5207 5192
f 5207 5208 5192
f 5192 5208 5193
f 5208 5209 5193
f 5193 5209 5194
f 5209 5210 5194
f 5194 5210 5211
f 5194 5211 5195
f 5195 5211 5212
f 5195 5212 5196
f 5196 5212 5213
f 5196 5213 5197
f 5197 5213 5214
f 5197 5214 5198
f 5198 5214 5199
f 5214 5215 5199
f 5199 5215 5200
f 5215 5216 5200
f 5200 5216 5201
f 5216 5217 5201
f 5201 5217 5202
f 5217 5218 5202
f 5202 5218 5219
f 5202 5219 5203
f 5203 5219 5220
f 5203 5220 5204
f 5204 5220 5221
f 5204 5221 5205
f 5205 5221 5206
f 5205 5206 5190
f 5206 5222 5207
f 5222 5223 5207
f 5207 5223 5208
f 5223 5224 5208
f 5208 5224 5209
f 5224 5225 5209
f 5209 5225 5210
f 5225 5226 5210
f 5210 5226 5227
f 5210 5227 5211
f 5211 5227 5228
f 5211 5228 5212
f 5212 5228 5229
f 5212 5229 5213
f 5213 5229 5230
f 5213 5230 5214
f 5214 5230 5215
f 5230 5231 5215
f 5215 5231 5216
f 5231 5232 5216
f 5216 5232 5217
f 5232 5233 5217
f 5217 5233 5218
f 5233 5234 5218
f 5218 5234 5235
f 5218 5235 5219
f 5219 5235 5236
f 5219 5236 5220
f 5220 5236 5237
f 5220 5237 5221
f 5221 5237 5222
f 5221 5222 5206
f 5222 5238 5223
f 5238 5239 5223
f 5223 5239 5224
f 5239 5240 5224
f 5224 5240 5225
f 5240 5241 5225
f 5225 5241 5226
f 5241 5242 5226
f 5226 5242 5243
f 5226 5243 5227
f 5227 5243 5244
f 5227 5244 5228
f 5228 5244 5245
f 5228 5245 5229
f 5229 5245 5246
f 5229 5246 5230
f 5230 5246 5231
f 5246 5247 5231
f 5231 5247 5232
f 5247 5248 5232
f 5232 5248 5233
f 5248 5249 5233
f 5233 5249 5234
f 5249 5250 5234
f 5234 5250 5251
f 5234 5251 5235
f 5235 5251 5252
f 5235 5252 5236
f 5236 5252 5253
f 5236 5253 5237
f 5237 5253 5238
f 5237 5238 5222
f 5238 5254 5239
f 5254 5255 5239
f 5239 5255 5240
f 5255 5256 5240
f 5240 5256 5241
f 5256 5257 5241
f 5241 5257 5242
f 5257 5258 5242
f 5242 5258 5259
f 5242 5259 5243
f 5243 5259 5260
f 5243 5260 5244
f 5244 5260 5261
f 5244 5261 5245
f 5245 5261 5262
f 5245 5262 5246
f 5246 5262 5247
f 5262 5263 5247
f 5247 5263 5248
f 5263 5264 5248
f 5248 5264 5249
f 5264 5265 5249
f 5249 5265 5250
f 5265 5266 5250
f 5250 5266 5267
f 5250 5267 5251
f 5251 5267 5268
f 5251 5268 5252
f 5252 5268 5269
f 5252 5269 5253
f 5253 5269 5254
f 5253 5254 5238
f 5254 5270 5255
f 5270 5271 5255
f 5255 5271 5256
f 5271 5272 5256
f 5256 5272 5257
f 5272 5273 5257
f 5257 5273 5258
f 5273 5274 5258
f 5258 5274 5275
f 5258 5275 5259
f 5259 5275 5276
f 5259 5276 5260
f 5260 5276 5277
f 5260 5277 5261
f 5261 5277 5278
f 5261 5278 5262
f 5262 5278 5263
f 5278 5279 5263
f 5263 5279 5264
f 5279 5280 5264
f 5264 5280 5265
f 5280 5281 5265
f 5265 5281 5266
f 5281 5282 5266
f 5266 5282 5283
f 5266 5283 5267
f 5267 5283 5284
f 5267 5284 5268
f 5268 5284 5285
f 5268 5285 5269
f 5269 5285 5270
f 5269 5270 5254
f 5270 5286 5271
f 5286 5287 5271
f 5271 5287 5272
f 5287 5288 5272
f 5272 5288 5273
f 5288 5289 5273
f 5273 5289 5274
f 5289 5290 5274
f 5274 5290 5291
f 5274 5291 5275
f 5275 5291 5292
f 5275 5292 5276
f 5276 5292 5293
f 5276 5293 5277
f 5277 5293 5294
f 5277 5294 5278
f 5278 5294 5279
f 5294 5295 5279
f 5279 5295 5280
f 5295 5296 5280
f 5280 5296 5281
f 5296 5297 5281
f 5281 5297 5282
f 5297 5298 5282
f 5282 5298 5299
f 5282 5299 5283
f 5283 5299 5300
f 5283 5300 5284
f 5284 5300 5301
f 5284 5301 5285
f 5285 5301 5286
f 5285 5286 5270
f 5286 5302 5303
f 5286 5303 5287
f 5287 5303 5304
f 5287 5304 5288
f 5288 5304 5305
f 5288 5305 5289
f 5289 5305 5306
f 5289 5306 5290
f 5290 5306 5291
f 5306 5307 5291
f 5291 5307 5292
f 5307 5308 5292
f 5292 5308 5293
f 5308 5309 5293
f 5293 5309 5294
f 5309 5310 5294
f 5294 5310 5311
f 5294 5311 5295
f 5295 5311 5312
f 5295 5312 5296
f 5296 5312 5313
f 5296 5313 5297
f 5297 5313 5314
f 5297 5314 5298
f 5298 5314 5299
f 5314 5315 5299
f 5299 5315 5300
f 5315 5316 5300
f 5300 5316 5301
f 5316 5317 5301
f 5301 5317 5286
f 5317 5302 5286
f 5302 5318 5319
f 5302 5319 5303
f 5303 5319 5320
f 5303 5320 5304
f 5304 5320 5321
f 5304 5321 5305
f 5305 5321 5322
f 5305 5322 5306
f 5306 5322 5307
f 5322 5323 5307
f 5307 5323 5308
f 5323 5324 5308
f 5308 5324 5309
f 5324 5325 5309
f 5309 5325 5310
f 5325 5326 5310
f 5310 5326 5327
f 5310 5327 5311
f 5311 5327 5328
f 5311 5328 5312
f 5312 5328 5329
f 5312 5329 5313
f 5313 5329 5330
f 5313 5330 5314
f 5314 5330 5315
f 5330 5331 5315
f 5315 5331 5316
f 5331 5332 5316
f 5316 5332 5317
f 5332 5333 5317
f 5317 5333 5302
f 5333 5318 5302
f 5318 5334 5335
f 5318 5335 5319
f 5319 5335 5336
f 5319 5336 5320
f 5320 5336 5337
f 5320 5337 5321
f 5321 5337 5338
f 5321 5338 5322
f 5322 5338 5323
f 5338 5339 5323
f 5323 5339 5324
f 5339 5340 5324
f 5324 5340 5325
f 5340 5341 5325
f 5325 5341 5326
f 5341 5342 5326
f 5326 5342 5343
f 5326 5343 5327
f 5327 5343 5344
f 5327 5344 5328
f 5328 5344 5345
f 5328 5345 5329
f 5329 5345 5346
f 5329 5346 5330
f 5330 5346 5331
f 5346 5347 5331
f 5331 5347 5332
f 5347 5348 5332
f 5332 5348 5333
f 5348 5349 5333
f 5333 5349 5318
f 5349 5334 5318
f 5334 5350 5351
f 5334 5351 5335
f 5335 5351 5352
f 5335 5352 5336
f 5336 5352 5353
f 5336 5353 5337
f 5337 5353 5354
f 5337 5354 5338
f 5338 5354 5339
f 5354 5355 5339
f 5339 5355 5340
f 5355 5356 5340
f 5340 5356 5341
f 5356 5357 5341
f 5341 5357 5342
f 5357 5358 5342
f 5342 5358 5359
f 5342 5359 5343
f 5343 5359 5360
f 5343 5360 5344
f 5344 5360 5361
f 5344 5361 5345
f 5345 5361 5362
f 5345 5362 5346
f 5346 5362 5347
f 5362 5363 5347
f 5347 5363 5348
f 5363 5364 5348
f 5348 5364 5349
f 5364 5365 5349
f 5349 5365 5334
f 5365 5350 5334
f 5350 5366 5367
f 5350 5367 5351
f 5351 5367 5368
f 5351 5368 5352
f 5352 5368 5369
f 5352 5369 5353
f 5353 5369 5370
f 5353 5370 5354
f 5354 5370 5355
f 5370 5371 5355
f 5355 5371 5356
f 5371 5372 5356
f 5356 5372 5357
f 5372 5373 5357
f 5357 5373 5358
f 5373 5374 5358
f 5358 5374 5375
f 5358 5375 5359
f 5359 5375 5376
f 5359 5376 5360
f 5360 5376 5377
f 5360 5377 5361
f 5361 5377 5378
f 5361 5378 5362
f 5362 5378 5363
f 5378 5379 5363
f 5363 5379 5364
f 5379 5380 5364
f 5364 5380 5365
f 5380 5381 5365
f 5365 5381 5350
f 5381 5366 5350
f 5366 5382 5383
f 5366 5383 5367
f 5367 5383 5384
f 5367 5384 5368
f 5368 5384 5385
f 5368 5385 5369
f 5369 5385 5386
f 5369 5386 5370
f 5370 5386 5371
f 5386 5387 5371
f 5371 5387 5372
f 5387 5388 5372
f 5372 5388 5373
f 5388 5389 5373
f 5373 5389 5374
f 5389 5390 5374
f 5374 5390 5391
f 5374 5391 5375
f 5375 5391 5392
f 5375 5392 5376
f 5376 5392 5393
f 5376 5393 5377
f 5377 5393 5394
f 5377 5394 5378
f 5378 5394 5379
f 5394 5395 5379
f 5379 5395 5380
f 5395 5396 5380
f 5380 5396 5381
f 5396 5397 5381
f 5381 5397 5366
f 5397 5382 5366
f 5382 5398 5399
f 5382 5399 5383
f 5383 5399 5400
f 5383 5400 5384
f 5384 5400 5401
f 5384 5401 5385
f 5385 5401 5402
f 5385 5402 5386
f 5386 5402 5387
f 5402 5403 5387
f 5387 5403 5388
f 5403 5404 5388
f 5388 5404 5389
f 5404 5405 5389
f 5389 5405 5390
f 5405 5406 5390
f 5390 5406 5407
f 5390 5407 5391
f 5391 5407 5408
f 5391 5408 5392
f 5392 5408 5409
f 5392 5409 5393
f 5393 5409 5410
f 5393 5410 5394
f 5394 5410 5395
f 5410 5411 5395
f 5395 5411 5396
f 5411 5412 5396
f 5396 5412 5397
f 5412 5413 5397
f 5397 5413 5382
f 5413 5398 5382
f 5398 5414 5415
f 5398 5415 5399
f 5399 5415 5416
f 5399 5416 5400
f 5400 5416 5417
f 5400 5417 5401
f 5401 5417 5418
f 5401 5418 5402
f 5402 5418 5403
f 5418 5419 5403
f 5403 5419 5404
f 5419 5420 5404
f 5404 5420 5405
f 5420 5421 5405
f 5405 5421 5406
f 5421 5422 5406
f 5406 5422 5423
f 5406 5423 5407
f 5407 5423 5424
f 5407 5424 5408
f 5408 5424 5425
f 5408 5425 5409
f 5409 5425 5426
f 5409 5426 5410
f 5410 5426 5411
f 5426 5427 5411
f 5411 5427 5412
f 5427 5428 5412
f 5412 5428 5413
f 5428 5429 5413
f 5413 5429 5398
f 5429 5414 5398
f 5414 5430 5431
f 5414 5431 5415
f 5415 5431 5432
f 5415 5432 5416
f 5416 5432 5433
f 5416 5433 5417
f 5417 5433 5434
f 5417 5434 5418
f 5418 5434 5419
f 5434 5435 5419
f 5419 5435 5420
f 5435 5436 5420
f 5420 5436 5421
f 5436 5437 5421
f 5421 5437 5422
f 5437 5438 5422
f 5422 5438 5439
f 5422 5439 5423
f 5423 5439 5440
f 5423 5440 5424
f 5424 5440 5441
f 5424 5441 5425
f 5425 5441 5442
f 5425 5442 5426
f 5426 5442 5427
f 5442 5443 5427
f 5427 5443 5428
f 5443 5444 5428
f 5428 5444 5429
f 5444 5445 5429
f 5429 5445 5414
f 5445 5430 5414
f 5430 5446 5431
f 5431 5446 5432
f 5432 5446 5433
f 5433 5446 5434
f 5434 5446 5435
f 5435 5446 5436
f 5436 5446 5437
f 5437 5446 5438
f 5438 5446 5439
f 5439 5446 5440
f 5440 5446 5441
f 5441 5446 5442
f 5442 5446 5443
f 5443 5446 5444
f 5444 5446 5445
f 5445 5446 5430
