v      1.162146904     0.8308893145                0
v      1.162146904     0.8227220985    -0.1063428227
v -1.425471538e-16 -7.401486831e-17  1.867504779e-17
v      1.162146904     0.7990921418    -0.2102982759
v      1.162146904     0.7613069814    -0.3105588223
v      1.162146904     0.7106741546    -0.4058169248
v      1.162146904     0.6485011985    -0.4947650465
v      1.162146904       0.57609565      -0.57609565
v      1.162146904     0.4947650465    -0.6485011985
v      1.162146904     0.4058169248    -0.7106741546
v      1.162146904     0.3105588223    -0.7613069814
v      1.162146904     0.2102982759    -0.7990921418
v      1.162146904     0.1063428227    -0.8227220985
v      1.162146904 -8.526512829e-17    -0.8308893145
v      1.162146904    -0.1063428227    -0.8227220985
v      1.162146904    -0.2102982759    -0.7990921418
v      1.162146904    -0.3105588223    -0.7613069814
v      1.162146904    -0.4058169248    -0.7106741546
v      1.162146904    -0.4947650465    -0.6485011985
v      1.162146904      -0.57609565      -0.57609565
v      1.162146904    -0.6485011985    -0.4947650465
v      1.162146904    -0.7106741546    -0.4058169248
v      1.162146904    -0.7613069814    -0.3105588223
v      1.162146904    -0.7990921418    -0.2102982759
v      1.162146904    -0.8227220985    -0.1063428227
v      1.162146904    -0.8308893145 -8.091966464e-17
v      1.162146904    -0.8227220985     0.1063428227
v      1.162146904    -0.7990921418     0.2102982759
v      1.162146904    -0.7613069814     0.3105588223
v      1.162146904    -0.7106741546     0.4058169248
v      1.162146904    -0.6485011985     0.4947650465
v      1.162146904      -0.57609565       0.57609565
v      1.162146904    -0.4947650465     0.6485011985
v      1.162146904    -0.4058169248     0.7106741546
v      1.162146904    -0.3105588223     0.7613069814
v      1.162146904    -0.2102982759     0.7990921418
v      1.162146904    -0.1063428227     0.8227220985
v      1.162146904 -1.372113318e-16     0.8308893145
v      1.162146904     0.1063428227     0.8227220985
v      1.162146904     0.2102982759     0.7990921418
v      1.162146904     0.3105588223     0.7613069814
v      1.162146904     0.4058169248     0.7106741546
v      1.162146904     0.4947650465     0.6485011985
v      1.162146904       0.57609565       0.57609565
v      1.162146904     0.6485011985     0.4947650465
v      1.162146904     0.7106741546     0.4058169248
v      1.162146904     0.7613069814     0.3105588223
v      1.162146904     0.7990921418     0.2102982759
v      1.162146904     0.8227220985     0.1063428227
v      2.725323247      1.498750479                0
v      2.725323247      1.484409723      -0.19612333
v      2.725323247      1.442817553    -0.3864466971
v      2.725323247      1.376119114    -0.5688249562
v      2.725323247      1.286459551    -0.7411129621
v      2.725323247       1.17598401    -0.9011655698
v      2.725323247      1.046837634     -1.046837634
v      2.725323247     0.9011655698      -1.17598401
v      2.725323247     0.7411129621     -1.286459551
v      2.725323247     0.5688249562     -1.376119114
v      2.725323247     0.3864466971     -1.442817553
v      2.725323247       0.19612333     -1.484409723
v      2.725323247 -9.592326933e-17     -1.498750479
v      2.725323247      -0.19612333     -1.484409723
v      2.725323247    -0.3864466971     -1.442817553
v      2.725323247    -0.5688249562     -1.376119114
v      2.725323247    -0.7411129621     -1.286459551
v      2.725323247    -0.9011655698      -1.17598401
v      2.725323247     -1.046837634     -1.046837634
v      2.725323247      -1.17598401    -0.9011655698
v      2.725323247     -1.286459551    -0.7411129621
v      2.725323247     -1.376119114    -0.5688249562
v      2.725323247     -1.442817553    -0.3864466971
v      2.725323247     -1.484409723      -0.19612333
v      2.725323247     -1.498750479 -9.103462272e-17
v      2.725323247     -1.484409723       0.19612333
v      2.725323247     -1.442817553     0.3864466971
v      2.725323247     -1.376119114     0.5688249562
v      2.725323247     -1.286459551     0.7411129621
v      2.725323247      -1.17598401     0.9011655698
v      2.725323247     -1.046837634      1.046837634
v      2.725323247    -0.9011655698       1.17598401
v      2.725323247    -0.7411129621      1.286459551
v      2.725323247    -0.5688249562      1.376119114
v      2.725323247    -0.3864466971      1.442817553
v      2.725323247      -0.19612333      1.484409723
v      2.725323247 -1.543627483e-16      1.498750479
v      2.725323247       0.19612333      1.484409723
v      2.725323247     0.3864466971      1.442817553
v      2.725323247     0.5688249562      1.376119114
v      2.725323247     0.7411129621      1.286459551
v      2.725323247     0.9011655698       1.17598401
v      2.725323247      1.046837634      1.046837634
v      2.725323247       1.17598401     0.9011655698
v      2.725323247      1.286459551     0.7411129621
v      2.725323247      1.376119114     0.5688249562
v      2.725323247      1.442817553     0.3864466971
v      2.725323247      1.484409723       0.19612333
v      4.529426137      1.991166986                0
v      4.529426137      1.972543687    -0.2652803639
v      4.529426137        1.9184177    -0.5212166769
v      4.529426137      1.831404889    -0.7651930752
v      4.529426137      1.714121117    -0.9945936952
v      4.529426137      1.569182248     -1.206802673
v      4.529426137      1.399204145     -1.399204145
v      4.529426137      1.206802673     -1.569182248
v      4.529426137     0.9945936952     -1.714121117
v      4.529426137     0.7651930752     -1.831404889
v      4.529426137     0.5212166769       -1.9184177
v      4.529426137     0.2652803639     -1.972543687
v      4.529426137 -6.394884622e-17     -1.991166986
v      4.529426137    -0.2652803639     -1.972543687
v      4.529426137    -0.5212166769       -1.9184177
v      4.529426137    -0.7651930752     -1.831404889
v      4.529426137    -0.9945936952     -1.714121117
v      4.529426137     -1.206802673     -1.569182248
v      4.529426137     -1.399204145     -1.399204145
v      4.529426137     -1.569182248     -1.206802673
v      4.529426137     -1.714121117    -0.9945936952
v      4.529426137     -1.831404889    -0.7651930752
v      4.529426137       -1.9184177    -0.5212166769
v      4.529426137     -1.972543687    -0.2652803639
v      4.529426137     -1.991166986 -6.068974848e-17
v      4.529426137     -1.972543687     0.2652803639
v      4.529426137       -1.9184177     0.5212166769
v      4.529426137     -1.831404889     0.7651930752
v      4.529426137     -1.714121117     0.9945936952
v      4.529426137     -1.569182248      1.206802673
v      4.529426137     -1.399204145      1.399204145
v      4.529426137     -1.206802673      1.569182248
v      4.529426137    -0.9945936952      1.714121117
v      4.529426137    -0.7651930752      1.831404889
v      4.529426137    -0.5212166769        1.9184177
v      4.529426137    -0.2652803639      1.972543687
v      4.529426137 -1.029084989e-16      1.991166986
v      4.529426137     0.2652803639      1.972543687
v      4.529426137     0.5212166769        1.9184177
v      4.529426137     0.7651930752      1.831404889
v      4.529426137     0.9945936952      1.714121117
v      4.529426137      1.206802673      1.569182248
v      4.529426137      1.399204145      1.399204145
v      4.529426137      1.569182248      1.206802673
v      4.529426137      1.714121117     0.9945936952
v      4.529426137      1.831404889     0.7651930752
v      4.529426137        1.9184177     0.5212166769
v      4.529426137      1.972543687     0.2652803639
v      6.414352686      2.295722329                0
v      6.414352686      2.274604803    -0.3097527666
v      6.414352686      2.213134047    -0.6073796284
v      6.414352686      2.114132794    -0.8900578528
v      6.414352686      1.980423777     -1.154964707
v      6.414352686      1.814829727     -1.399277459
v      6.414352686      1.620173377     -1.620173377
v      6.414352686      1.399277459     -1.814829727
v      6.414352686      1.154964707     -1.980423777
v      6.414352686     0.8900578528     -2.114132794
v      6.414352686     0.6073796284     -2.213134047
v      6.414352686     0.3097527666     -2.274604803
v      6.414352686 -2.131628207e-17     -2.295722329
v      6.414352686    -0.3097527666     -2.274604803
v      6.414352686    -0.6073796284     -2.213134047
v      6.414352686    -0.8900578528     -2.114132794
v      6.414352686     -1.154964707     -1.980423777
v      6.414352686     -1.399277459     -1.814829727
v      6.414352686     -1.620173377     -1.620173377
v      6.414352686     -1.814829727     -1.399277459
v      6.414352686     -1.980423777     -1.154964707
v      6.414352686     -2.114132794    -0.8900578528
v      6.414352686     -2.213134047    -0.6073796284
v      6.414352686     -2.274604803    -0.3097527666
v      6.414352686     -2.295722329 -2.022991616e-17
v      6.414352686     -2.274604803     0.3097527666
v      6.414352686     -2.213134047     0.6073796284
v      6.414352686     -2.114132794     0.8900578528
v      6.414352686     -1.980423777      1.154964707
v      6.414352686     -1.814829727      1.399277459
v      6.414352686     -1.620173377      1.620173377
v      6.414352686     -1.399277459      1.814829727
v      6.414352686     -1.154964707      1.980423777
v      6.414352686    -0.8900578528      2.114132794
v      6.414352686    -0.6073796284      2.213134047
v      6.414352686    -0.3097527666      2.274604803
v      6.414352686 -3.430283296e-17      2.295722329
v      6.414352686     0.3097527666      2.274604803
v      6.414352686     0.6073796284      2.213134047
v      6.414352686     0.8900578528      2.114132794
v      6.414352686      1.154964707      1.980423777
v      6.414352686      1.399277459      1.814829727
v      6.414352686      1.620173377      1.620173377
v      6.414352686      1.814829727      1.399277459
v      6.414352686      1.980423777      1.154964707
v      6.414352686      2.114132794     0.8900578528
v      6.414352686      2.213134047     0.6073796284
v      6.414352686      2.274604803     0.3097527666
v             8.22              2.4                0
v             8.22      2.378073883    -0.3254793804
v             8.22       2.31420806    -0.6377069649
v             8.22      2.211271321    -0.9338139623
v             8.22      2.072132458     -1.210931582
v             8.22      1.899660261     -1.466191032
v             8.22      1.696723522     -1.696723522
v             8.22      1.466191032     -1.899660261
v             8.22      1.210931582     -2.072132458
v             8.22     0.9338139623     -2.211271321
v             8.22     0.6377069649      -2.31420806
v             8.22     0.3254793804     -2.378073883
v             8.22                0             -2.4
v             8.22    -0.3254793804     -2.378073883
v             8.22    -0.6377069649      -2.31420806
v             8.22    -0.9338139623     -2.211271321
v             8.22     -1.210931582     -2.072132458
v             8.22     -1.466191032     -1.899660261
v             8.22     -1.696723522     -1.696723522
v             8.22     -1.899660261     -1.466191032
v             8.22     -2.072132458     -1.210931582
v             8.22     -2.211271321    -0.9338139623
v             8.22      -2.31420806    -0.6377069649
v             8.22     -2.378073883    -0.3254793804
v             8.22             -2.4                0
v             8.22     -2.378073883     0.3254793804
v             8.22      -2.31420806     0.6377069649
v             8.22     -2.211271321     0.9338139623
v             8.22     -2.072132458      1.210931582
v             8.22     -1.899660261      1.466191032
v             8.22     -1.696723522      1.696723522
v             8.22     -1.466191032      1.899660261
v             8.22     -1.210931582      2.072132458
v             8.22    -0.9338139623      2.211271321
v             8.22    -0.6377069649       2.31420806
v             8.22    -0.3254793804      2.378073883
v             8.22                0              2.4
v             8.22     0.3254793804      2.378073883
v             8.22     0.6377069649       2.31420806
v             8.22     0.9338139623      2.211271321
v             8.22      1.210931582      2.072132458
v             8.22      1.466191032      1.899660261
v             8.22      1.696723522      1.696723522
v             8.22      1.899660261      1.466191032
v             8.22      2.072132458      1.210931582
v             8.22      2.211271321     0.9338139623
v             8.22       2.31420806     0.6377069649
v             8.22      2.378073883     0.3254793804
v      11.25558265           2.4728                0
v      11.25558265      2.450208791     -0.331121023
v      11.25558265      2.384405704    -0.6487605522
v      11.25558265      2.278346551     -0.950000071
v      11.25558265      2.134987142     -1.231921062
v      11.25558265      1.957283289      -1.49160501
v      11.25558265      1.748190802     -1.726133396
v      11.25558265      1.510665493     -1.932587705
v      11.25558265      1.247663173      -2.10804942
v      11.25558265     0.9621396525     -2.249600024
v      11.25558265     0.6570507428     -2.354320999
v      11.25558265     0.3353522549      -2.41929383
v      11.25558265                0          -2.4416
v      11.25558265    -0.3353522549      -2.41929383
v      11.25558265    -0.6570507428     -2.354320999
v      11.25558265    -0.9621396525     -2.249600024
v      11.25558265     -1.247663173      -2.10804942
v      11.25558265     -1.510665493     -1.932587705
v      11.25558265     -1.748190802     -1.726133396
v      11.25558265     -1.957283289      -1.49160501
v      11.25558265     -2.134987142     -1.231921062
v      11.25558265     -2.278346551     -0.950000071
v      11.25558265     -2.384405704    -0.6487605522
v      11.25558265     -2.450208791     -0.331121023
v      11.25558265          -2.4728                0
v      11.25558265     -2.450208791      0.331121023
v      11.25558265     -2.384405704     0.6487605522
v      11.25558265     -2.278346551      0.950000071
v      11.25558265     -2.134987142      1.231921062
v      11.25558265     -1.957283289       1.49160501
v      11.25558265     -1.748190802      1.726133396
v      11.25558265     -1.510665493      1.932587705
v      11.25558265     -1.247663173       2.10804942
v      11.25558265    -0.9621396525      2.249600024
v      11.25558265    -0.6570507428      2.354320999
v      11.25558265    -0.3353522549       2.41929383
v      11.25558265                0           2.4416
v      11.25558265     0.3353522549       2.41929383
v      11.25558265     0.6570507428      2.354320999
v      11.25558265     0.9621396525      2.249600024
v      11.25558265      1.247663173       2.10804942
v      11.25558265      1.510665493      1.932587705
v      11.25558265      1.748190802      1.726133396
v      11.25558265      1.957283289       1.49160501
v      11.25558265      2.134987142      1.231921062
v      11.25558265      2.278346551      0.950000071
v      11.25558265      2.384405704     0.6487605522
v      11.25558265      2.450208791      0.331121023
v      16.31277987           2.6464                0
v      16.31277987      2.622222802    -0.3445741707
v      16.31277987      2.551800087    -0.6751191068
v      16.31277987      2.438295176    -0.9885977148
v      16.31277987       2.28487139     -1.281972901
v      16.31277987      2.094692048     -1.552207572
v      16.31277987       1.87092047     -1.796264635
v      16.31277987      1.616719978     -2.011106996
v      16.31277987      1.335253891     -2.193697562
v      16.31277987      1.029685529     -2.340999238
v      16.31277987     0.7031782132     -2.449974932
v      16.31277987     0.3588952635     -2.517587551
v      16.31277987                0          -2.5408
v      16.31277987    -0.3588952635     -2.517587551
v      16.31277987    -0.7031782132     -2.449974932
v      16.31277987     -1.029685529     -2.340999238
v      16.31277987     -1.335253891     -2.193697562
v      16.31277987     -1.616719978     -2.011106996
v      16.31277987      -1.87092047     -1.796264635
v      16.31277987     -2.094692048     -1.552207572
v      16.31277987      -2.28487139     -1.281972901
v      16.31277987     -2.438295176    -0.9885977148
v      16.31277987     -2.551800087    -0.6751191068
v      16.31277987     -2.622222802    -0.3445741707
v      16.31277987          -2.6464                0
v      16.31277987     -2.622222802     0.3445741707
v      16.31277987     -2.551800087     0.6751191068
v      16.31277987     -2.438295176     0.9885977148
v      16.31277987      -2.28487139      1.281972901
v      16.31277987     -2.094692048      1.552207572
v      16.31277987      -1.87092047      1.796264635
v      16.31277987     -1.616719978      2.011106996
v      16.31277987     -1.335253891      2.193697562
v      16.31277987     -1.029685529      2.340999238
v      16.31277987    -0.7031782132      2.449974932
v      16.31277987    -0.3588952635      2.517587551
v      16.31277987                0           2.5408
v      16.31277987     0.3588952635      2.517587551
v      16.31277987     0.7031782132      2.449974932
v      16.31277987      1.029685529      2.340999238
v      16.31277987      1.335253891      2.193697562
v      16.31277987      1.616719978      2.011106996
v      16.31277987       1.87092047      1.796264635
v      16.31277987      2.094692048      1.552207572
v      16.31277987       2.28487139      1.281972901
v      16.31277987      2.438295176     0.9885977148
v      16.31277987      2.551800087     0.6751191068
v      16.31277987      2.622222802     0.3445741707
v      22.45518576           2.8536                0
v      22.45518576      2.827529847    -0.3606311535
v      22.45518576      2.751593383    -0.7065793171
v      22.45518576        2.6292016      -1.03466587
v      22.45518576      2.463765492     -1.341712193
v      22.45518576       2.25869605     -1.624539663
v      22.45518576      2.017404268     -1.879969662
v      22.45518576      1.743301137     -2.104823569
v      22.45518576      1.439797651     -2.295922763
v      22.45518576      1.110304801     -2.450088623
v      22.45518576     0.7582335812      -2.56414253
v      22.45518576     0.3869949833     -2.634905862
v      22.45518576                0          -2.6592
v      22.45518576    -0.3869949833     -2.634905862
v      22.45518576    -0.7582335812      -2.56414253
v      22.45518576     -1.110304801     -2.450088623
v      22.45518576     -1.439797651     -2.295922763
v      22.45518576     -1.743301137     -2.104823569
v      22.45518576     -2.017404268     -1.879969662
v      22.45518576      -2.25869605     -1.624539663
v      22.45518576     -2.463765492     -1.341712193
v      22.45518576       -2.6292016      -1.03466587
v      22.45518576     -2.751593383    -0.7065793171
v      22.45518576     -2.827529847    -0.3606311535
v      22.45518576          -2.8536                0
v      22.45518576     -2.827529847     0.3606311535
v      22.45518576     -2.751593383     0.7065793171
v      22.45518576       -2.6292016       1.03466587
v      22.45518576     -2.463765492      1.341712193
v      22.45518576      -2.25869605      1.624539663
v      22.45518576     -2.017404268      1.879969662
v      22.45518576     -1.743301137      2.104823569
v      22.45518576     -1.439797651      2.295922763
v      22.45518576     -1.110304801      2.450088623
v      22.45518576    -0.7582335812       2.56414253
v      22.45518576    -0.3869949833      2.634905862
v      22.45518576                0           2.6592
v      22.45518576     0.3869949833      2.634905862
v      22.45518576     0.7582335812       2.56414253
v      22.45518576      1.110304801      2.450088623
v      22.45518576      1.439797651      2.295922763
v      22.45518576      1.743301137      2.104823569
v      22.45518576      2.017404268      1.879969662
v      22.45518576       2.25869605      1.624539663
v      22.45518576      2.463765492      1.341712193
v      22.45518576        2.6292016       1.03466587
v      22.45518576      2.751593383     0.7065793171
v      22.45518576      2.827529847     0.3606311535
v      28.74639444           3.0272                0
v      28.74639444      2.999543858    -0.3740843012
v      28.74639444      2.918987766    -0.7329378716
v      28.74639444      2.789150226     -1.073263514
v      28.74639444       2.61364974     -1.391764031
v      28.74639444      2.396104809     -1.685142226
v      28.74639444      2.140133936     -1.950100901
v      28.74639444      1.849355622      -2.18334286
v      28.74639444      1.527388368     -2.381570904
v      28.74639444      1.177850678     -2.541487838
v      28.74639444     0.8043610517     -2.659796463
v      28.74639444     0.4105379918     -2.733199583
v      28.74639444                0          -2.7584
v      28.74639444    -0.4105379918     -2.733199583
v      28.74639444    -0.8043610517     -2.659796463
v      28.74639444     -1.177850678     -2.541487838
v      28.74639444     -1.527388368     -2.381570904
v      28.74639444     -1.849355622      -2.18334286
v      28.74639444     -2.140133936     -1.950100901
v      28.74639444     -2.396104809     -1.685142226
v      28.74639444      -2.61364974     -1.391764031
v      28.74639444     -2.789150226     -1.073263514
v      28.74639444     -2.918987766    -0.7329378716
v      28.74639444     -2.999543858    -0.3740843012
v      28.74639444          -3.0272                0
v      28.74639444     -2.999543858     0.3740843012
v      28.74639444     -2.918987766     0.7329378716
v      28.74639444     -2.789150226      1.073263514
v      28.74639444      -2.61364974      1.391764031
v      28.74639444     -2.396104809      1.685142226
v      28.74639444     -2.140133936      1.950100901
v      28.74639444     -1.849355622       2.18334286
v      28.74639444     -1.527388368      2.381570904
v      28.74639444     -1.177850678      2.541487838
v      28.74639444    -0.8043610517      2.659796463
v      28.74639444    -0.4105379918      2.733199583
v      28.74639444                0           2.7584
v      28.74639444     0.4105379918      2.733199583
v      28.74639444     0.8043610517      2.659796463
v      28.74639444      1.177850678      2.541487838
v      28.74639444      1.527388368      2.381570904
v      28.74639444      1.849355622       2.18334286
v      28.74639444      2.140133936      1.950100901
v      28.74639444      2.396104809      1.685142226
v      28.74639444       2.61364974      1.391764031
v      28.74639444      2.789150226      1.073263514
v      28.74639444      2.918987766     0.7329378716
v      28.74639444      2.999543858     0.3740843012
v            34.25              3.1                0
v            34.25      3.071678766    -0.3797259438
v            34.25       2.98918541     -0.743991459
v            34.25      2.856225456     -1.089449623
v            34.25      2.676504424     -1.412753512
v            34.25      2.453727837     -1.710556204
v            34.25      2.191601216     -1.979510776
v            34.25      1.893830083     -2.216270304
v            34.25       1.56411996     -2.417487867
v            34.25      1.206176368     -2.579816541
v            34.25     0.8237048296     -2.699909403
v            34.25     0.4204108664      -2.77441953
v            34.25                0             -2.8
v            34.25    -0.4204108664      -2.77441953
v            34.25    -0.8237048296     -2.699909403
v            34.25     -1.206176368     -2.579816541
v            34.25      -1.56411996     -2.417487867
v            34.25     -1.893830083     -2.216270304
v            34.25     -2.191601216     -1.979510776
v            34.25     -2.453727837     -1.710556204
v            34.25     -2.676504424     -1.412753512
v            34.25     -2.856225456     -1.089449623
v            34.25      -2.98918541     -0.743991459
v            34.25     -3.071678766    -0.3797259438
v            34.25             -3.1                0
v            34.25     -3.071678766     0.3797259438
v            34.25      -2.98918541      0.743991459
v            34.25     -2.856225456      1.089449623
v            34.25     -2.676504424      1.412753512
v            34.25     -2.453727837      1.710556204
v            34.25     -2.191601216      1.979510776
v            34.25     -1.893830083      2.216270304
v            34.25      -1.56411996      2.417487867
v            34.25     -1.206176368      2.579816541
v            34.25    -0.8237048296      2.699909403
v            34.25    -0.4204108664       2.77441953
v            34.25                0              2.8
v            34.25     0.4204108664       2.77441953
v            34.25     0.8237048296      2.699909403
v            34.25      1.206176368      2.579816541
v            34.25       1.56411996      2.417487867
v            34.25      1.893830083      2.216270304
v            34.25      2.191601216      1.979510776
v            34.25      2.453727837      1.710556204
v            34.25      2.676504424      1.412753512
v            34.25      2.856225456      1.089449623
v            34.25       2.98918541      0.743991459
v            34.25      3.071678766     0.3797259438
v      39.47697118           3.0168                0
v      39.47697118      2.989238871    -0.3726738906
v      39.47697118      2.908959531    -0.7301744748
v      39.47697118       2.77956805     -1.069216987
v      39.47697118      2.604670499     -1.386516661
v      39.47697118      2.387872948     -1.678788732
v      39.47697118      2.132781467     -1.942748433
v      39.47697118      1.843002127     -2.175110999
v      39.47697118      1.522140998     -2.372591664
v      39.47697118      1.173804151     -2.531905662
v      39.47697118     0.8015976548     -2.649768228
v      39.47697118     0.4091275812     -2.722894596
v      39.47697118                0           -2.748
v      39.47697118    -0.4091275812     -2.722894596
v      39.47697118    -0.8015976548     -2.649768228
v      39.47697118     -1.173804151     -2.531905662
v      39.47697118     -1.522140998     -2.372591664
v      39.47697118     -1.843002127     -2.175110999
v      39.47697118     -2.132781467     -1.942748433
v      39.47697118     -2.387872948     -1.678788732
v      39.47697118     -2.604670499     -1.386516661
v      39.47697118      -2.77956805     -1.069216987
v      39.47697118     -2.908959531    -0.7301744748
v      39.47697118     -2.989238871    -0.3726738906
v      39.47697118          -3.0168                0
v      39.47697118     -2.989238871     0.3726738906
v      39.47697118     -2.908959531     0.7301744748
v      39.47697118      -2.77956805      1.069216987
v      39.47697118     -2.604670499      1.386516661
v      39.47697118     -2.387872948      1.678788732
v      39.47697118     -2.132781467      1.942748433
v      39.47697118     -1.843002127      2.175110999
v      39.47697118     -1.522140998      2.372591664
v      39.47697118     -1.173804151      2.531905662
v      39.47697118    -0.8015976548      2.649768228
v      39.47697118    -0.4091275812      2.722894596
v      39.47697118                0            2.748
v      39.47697118     0.4091275812      2.722894596
v      39.47697118     0.8015976548      2.649768228
v      39.47697118      1.173804151      2.531905662
v      39.47697118      1.522140998      2.372591664
v      39.47697118      1.843002127      2.175110999
v      39.47697118      2.132781467      1.942748433
v      39.47697118      2.387872948      1.678788732
v      39.47697118      2.604670499      1.386516661
v      39.47697118       2.77956805      1.069216987
v      39.47697118      2.908959531     0.7301744748
v      39.47697118      2.989238871     0.3726738906
v       45.1327111           2.8184                0
v       45.1327111       2.79265143    -0.3558574559
v       45.1327111      2.717651665    -0.6972262816
v       45.1327111      2.596769621     -1.020969932
v       45.1327111      2.433374216     -1.323951863
v       45.1327111      2.230834366     -1.603035528
v       45.1327111      1.992518989     -1.855084384
v       45.1327111      1.721797002     -2.076961885
v       45.1327111      1.422037321     -2.265531487
v       45.1327111      1.096608863     -2.417656644
v       45.1327111     0.7488805457     -2.530200812
v       45.1327111     0.3822212857     -2.600027445
v       45.1327111                0           -2.624
v       45.1327111    -0.3822212857     -2.600027445
v       45.1327111    -0.7488805457     -2.530200812
v       45.1327111     -1.096608863     -2.417656644
v       45.1327111     -1.422037321     -2.265531487
v       45.1327111     -1.721797002     -2.076961885
v       45.1327111     -1.992518989     -1.855084384
v       45.1327111     -2.230834366     -1.603035528
v       45.1327111     -2.433374216     -1.323951863
v       45.1327111     -2.596769621     -1.020969932
v       45.1327111     -2.717651665    -0.6972262816
v       45.1327111      -2.79265143    -0.3558574559
v       45.1327111          -2.8184                0
v       45.1327111      -2.79265143     0.3558574559
v       45.1327111     -2.717651665     0.6972262816
v       45.1327111     -2.596769621      1.020969932
v       45.1327111     -2.433374216      1.323951863
v       45.1327111     -2.230834366      1.603035528
v       45.1327111     -1.992518989      1.855084384
v       45.1327111     -1.721797002      2.076961885
v       45.1327111     -1.422037321      2.265531487
v       45.1327111     -1.096608863      2.417656644
v       45.1327111    -0.7488805457      2.530200812
v       45.1327111    -0.3822212857      2.600027445
v       45.1327111                0            2.624
v       45.1327111     0.3822212857      2.600027445
v       45.1327111     0.7488805457      2.530200812
v       45.1327111      1.096608863      2.417656644
v       45.1327111      1.422037321      2.265531487
v       45.1327111      1.721797002      2.076961885
v       45.1327111      1.992518989      1.855084384
v       45.1327111      2.230834366      1.603035528
v       45.1327111      2.433374216      1.323951863
v       45.1327111      2.596769621      1.020969932
v       45.1327111      2.717651665     0.6972262816
v       45.1327111       2.79265143     0.3558574559
v      50.57246543           2.5816                0
v      50.57246543      2.558014807    -0.3357862275
v      50.57246543      2.489316469    -0.6579010187
v      50.57246543      2.378590851    -0.9633847378
v      50.57246543      2.228923813     -1.249277748
v      50.57246543      2.043401221     -1.512620415
v      50.57246543      1.825108935       -1.7504531
v      50.57246543       1.57713282     -1.959816169
v      50.57246543      1.302558738     -2.137749985
v      50.57246543      1.004472552     -2.281294913
v      50.57246543     0.6859601252     -2.387491315
v      50.57246543     0.3501073202     -2.453379556
v      50.57246543                0           -2.476
v      50.57246543    -0.3501073202     -2.453379556
v      50.57246543    -0.6859601252     -2.387491315
v      50.57246543     -1.004472552     -2.281294913
v      50.57246543     -1.302558738     -2.137749985
v      50.57246543      -1.57713282     -1.959816169
v      50.57246543     -1.825108935       -1.7504531
v      50.57246543     -2.043401221     -1.512620415
v      50.57246543     -2.228923813     -1.249277748
v      50.57246543     -2.378590851    -0.9633847378
v      50.57246543     -2.489316469    -0.6579010187
v      50.57246543     -2.558014807    -0.3357862275
v      50.57246543          -2.5816                0
v      50.57246543     -2.558014807     0.3357862275
v      50.57246543     -2.489316469     0.6579010187
v      50.57246543     -2.378590851     0.9633847378
v      50.57246543     -2.228923813      1.249277748
v      50.57246543     -2.043401221      1.512620415
v      50.57246543     -1.825108935        1.7504531
v      50.57246543      -1.57713282      1.959816169
v      50.57246543     -1.302558738      2.137749985
v      50.57246543     -1.004472552      2.281294913
v      50.57246543    -0.6859601252      2.387491315
v      50.57246543    -0.3501073202      2.453379556
v      50.57246543                0            2.476
v      50.57246543     0.3501073202      2.453379556
v      50.57246543     0.6859601252      2.387491315
v      50.57246543      1.004472552      2.281294913
v      50.57246543      1.302558738      2.137749985
v      50.57246543       1.57713282      1.959816169
v      50.57246543      1.825108935        1.7504531
v      50.57246543      2.043401221      1.512620415
v      50.57246543      2.228923813      1.249277748
v      50.57246543      2.378590851     0.9633847378
v      50.57246543      2.489316469     0.6579010187
v      50.57246543      2.558014807     0.3357862275
v      55.15147984           2.3832                0
v      55.15147984      2.361427366    -0.3189697928
v      55.15147984      2.298008603    -0.6249528256
v      55.15147984      2.195792422    -0.9151376831
v      55.15147984       2.05762753      -1.18671295
v      55.15147984      1.886362639     -1.436867211
v      55.15147984      1.684846457     -1.662789052
v      55.15147984      1.455927695     -1.861667056
v      55.15147984      1.202455061     -2.030689808
v      55.15147984     0.9272772646     -2.167045894
v      55.15147984     0.6332430161     -2.267923898
v      55.15147984     0.3232010247     -2.330512405
v      55.15147984                0           -2.352
v      55.15147984    -0.3232010247     -2.330512405
v      55.15147984    -0.6332430161     -2.267923898
v      55.15147984    -0.9272772646     -2.167045894
v      55.15147984     -1.202455061     -2.030689808
v      55.15147984     -1.455927695     -1.861667056
v      55.15147984     -1.684846457     -1.662789052
v      55.15147984     -1.886362639     -1.436867211
v      55.15147984      -2.05762753      -1.18671295
v      55.15147984     -2.195792422    -0.9151376831
v      55.15147984     -2.298008603    -0.6249528256
v      55.15147984     -2.361427366    -0.3189697928
v      55.15147984          -2.3832                0
v      55.15147984     -2.361427366     0.3189697928
v      55.15147984     -2.298008603     0.6249528256
v      55.15147984     -2.195792422     0.9151376831
v      55.15147984      -2.05762753       1.18671295
v      55.15147984     -1.886362639      1.436867211
v      55.15147984     -1.684846457      1.662789052
v      55.15147984     -1.455927695      1.861667056
v      55.15147984     -1.202455061      2.030689808
v      55.15147984    -0.9272772646      2.167045894
v      55.15147984    -0.6332430161      2.267923898
v      55.15147984    -0.3232010247      2.330512405
v      55.15147984                0            2.352
v      55.15147984     0.3232010247      2.330512405
v      55.15147984     0.6332430161      2.267923898
v      55.15147984     0.9272772646      2.167045894
v      55.15147984      1.202455061      2.030689808
v      55.15147984      1.455927695      1.861667056
v      55.15147984      1.684846457      1.662789052
v      55.15147984      1.886362639      1.436867211
v      55.15147984       2.05762753       1.18671295
v      55.15147984      2.195792422     0.9151376831
v      55.15147984      2.298008603     0.6249528256
v      55.15147984      2.361427366     0.3189697928
v           58.225              2.3                0
v           58.225      2.278987471    -0.3119177396
v           58.225      2.217782724    -0.6111358413
v           58.225      2.119135016    -0.8949050472
v           58.225      1.985793605     -1.160476099
v           58.225       1.82050775     -1.405099739
v           58.225      1.626026709     -1.626026709
v           58.225      1.405099739      -1.82050775
v           58.225      1.160476099     -1.985793605
v           58.225     0.8949050472     -2.119135016
v           58.225     0.6111358413     -2.217782724
v           58.225     0.3119177396     -2.278987471
v           58.225                0             -2.3
v           58.225    -0.3119177396     -2.278987471
v           58.225    -0.6111358413     -2.217782724
v           58.225    -0.8949050472     -2.119135016
v           58.225     -1.160476099     -1.985793605
v           58.225     -1.405099739      -1.82050775
v           58.225     -1.626026709     -1.626026709
v           58.225      -1.82050775     -1.405099739
v           58.225     -1.985793605     -1.160476099
v           58.225     -2.119135016    -0.8949050472
v           58.225     -2.217782724    -0.6111358413
v           58.225     -2.278987471    -0.3119177396
v           58.225             -2.3                0
v           58.225     -2.278987471     0.3119177396
v           58.225     -2.217782724     0.6111358413
v           58.225     -2.119135016     0.8949050472
v           58.225     -1.985793605      1.160476099
v           58.225      -1.82050775      1.405099739
v           58.225     -1.626026709      1.626026709
v           58.225     -1.405099739       1.82050775
v           58.225     -1.160476099      1.985793605
v           58.225    -0.8949050472      2.119135016
v           58.225    -0.6111358413      2.217782724
v           58.225    -0.3119177396      2.278987471
v           58.225                0              2.3
v           58.225     0.3119177396      2.278987471
v           58.225     0.6111358413      2.217782724
v           58.225     0.8949050472      2.119135016
v           58.225      1.160476099      1.985793605
v           58.225      1.405099739       1.82050775
v           58.225      1.626026709      1.626026709
v           58.225       1.82050775      1.405099739
v           58.225      1.985793605      1.160476099
v           58.225      2.119135016     0.8949050472
v           58.225      2.217782724     0.6111358413
v           58.225      2.278987471     0.3119177396
v      60.46265944      2.239487716                0
v      60.46265944      2.218850864    -0.3017625556
v      60.46265944      2.158789344     -0.591836014
v      60.46265944      2.062076715    -0.8674468182
v      60.46265944      1.931486532     -1.125821411
v      60.46265944      1.769792354     -1.364186236
v      60.46265944      1.579767736     -1.579767736
v      60.46265944      1.364186236     -1.769792354
v      60.46265944      1.125821411     -1.931486532
v      60.46265944     0.8674468182     -2.062076715
v      60.46265944      0.591836014     -2.158789344
v      60.46265944     0.3017625556     -2.218850864
v      60.46265944                0     -2.239487716
v      60.46265944    -0.3017625556     -2.218850864
v      60.46265944     -0.591836014     -2.158789344
v      60.46265944    -0.8674468182     -2.062076715
v      60.46265944     -1.125821411     -1.931486532
v      60.46265944     -1.364186236     -1.769792354
v      60.46265944     -1.579767736     -1.579767736
v      60.46265944     -1.769792354     -1.364186236
v      60.46265944     -1.931486532     -1.125821411
v      60.46265944     -2.062076715    -0.8674468182
v      60.46265944     -2.158789344     -0.591836014
v      60.46265944     -2.218850864    -0.3017625556
v      60.46265944     -2.239487716 -1.085707201e-17
v      60.46265944     -2.218850864     0.3017625556
v      60.46265944     -2.158789344      0.591836014
v      60.46265944     -2.062076715     0.8674468182
v      60.46265944     -1.931486532      1.125821411
v      60.46265944     -1.769792354      1.364186236
v      60.46265944     -1.579767736      1.579767736
v      60.46265944     -1.364186236      1.769792354
v      60.46265944     -1.125821411      1.931486532
v      60.46265944    -0.8674468182      2.062076715
v      60.46265944     -0.591836014      2.158789344
v      60.46265944    -0.3017625556      2.218850864
v      60.46265944 -3.244930316e-17      2.239487716
v      60.46265944     0.3017625556      2.218850864
v      60.46265944      0.591836014      2.158789344
v      60.46265944     0.8674468182      2.062076715
v      60.46265944      1.125821411      1.931486532
v      60.46265944      1.364186236      1.769792354
v      60.46265944      1.579767736      1.579767736
v      60.46265944      1.769792354      1.364186236
v      60.46265944      1.931486532      1.125821411
v      60.46265944      2.062076715     0.8674468182
v      60.46265944      2.158789344      0.591836014
v      60.46265944      2.218850864     0.3017625556
v       62.8219524      2.026463149                0
v       62.8219524       2.00741815     -0.268975478
v       62.8219524      1.952091277    -0.5287909256
v       62.8219524      1.863194713    -0.7767341582
v       62.8219524      1.743440643     -1.010092992
v       62.8219524      1.595541251     -1.226155241
v       62.8219524      1.422208722     -1.422208722
v       62.8219524      1.226155241     -1.595541251
v       62.8219524      1.010092992     -1.743440643
v       62.8219524     0.7767341582     -1.863194713
v       62.8219524     0.5287909256     -1.952091277
v       62.8219524      0.268975478      -2.00741815
v       62.8219524                0     -2.026463149
v       62.8219524     -0.268975478      -2.00741815
v       62.8219524    -0.5287909256     -1.952091277
v       62.8219524    -0.7767341582     -1.863194713
v       62.8219524     -1.010092992     -1.743440643
v       62.8219524     -1.226155241     -1.595541251
v       62.8219524     -1.422208722     -1.422208722
v       62.8219524     -1.595541251     -1.226155241
v       62.8219524     -1.743440643     -1.010092992
v       62.8219524     -1.863194713    -0.7767341582
v       62.8219524     -1.952091277    -0.5287909256
v       62.8219524      -2.00741815     -0.268975478
v       62.8219524     -2.026463149 -3.257121604e-17
v       62.8219524      -2.00741815      0.268975478
v       62.8219524     -1.952091277     0.5287909256
v       62.8219524     -1.863194713     0.7767341582
v       62.8219524     -1.743440643      1.010092992
v       62.8219524     -1.595541251      1.226155241
v       62.8219524     -1.422208722      1.422208722
v       62.8219524     -1.226155241      1.595541251
v       62.8219524     -1.010092992      1.743440643
v       62.8219524    -0.7767341582      1.863194713
v       62.8219524    -0.5287909256      1.952091277
v       62.8219524     -0.268975478       2.00741815
v       62.8219524 -9.734790948e-17      2.026463149
v       62.8219524      0.268975478       2.00741815
v       62.8219524     0.5287909256      1.952091277
v       62.8219524     0.7767341582      1.863194713
v       62.8219524      1.010092992      1.743440643
v       62.8219524      1.226155241      1.595541251
v       62.8219524      1.422208722      1.422208722
v       62.8219524      1.595541251      1.226155241
v       62.8219524      1.743440643      1.010092992
v       62.8219524      1.863194713     0.7767341582
v       62.8219524      1.952091277     0.5287909256
v       62.8219524       2.00741815      0.268975478
v      65.08991564      1.613694724                0
v      65.08991564      1.598154993    -0.2100742185
v      65.08991564      1.553111626    -0.4142821667
v      65.08991564      1.480928359     -0.610260108
v      65.08991564      1.383968929    -0.7956443058
v      65.08991564      1.264597071    -0.9680710234
v      65.08991564      1.125176524     -1.125176524
v      65.08991564     0.9680710234     -1.264597071
v      65.08991564     0.7956443058     -1.383968929
v      65.08991564      0.610260108     -1.480928359
v      65.08991564     0.4142821667     -1.553111626
v      65.08991564     0.2100742185     -1.598154993
v      65.08991564                0     -1.613694724
v      65.08991564    -0.2100742185     -1.598154993
v      65.08991564    -0.4142821667     -1.553111626
v      65.08991564     -0.610260108     -1.480928359
v      65.08991564    -0.7956443058     -1.383968929
v      65.08991564    -0.9680710234     -1.264597071
v      65.08991564     -1.125176524     -1.125176524
v      65.08991564     -1.264597071    -0.9680710234
v      65.08991564     -1.383968929    -0.7956443058
v      65.08991564     -1.480928359     -0.610260108
v      65.08991564     -1.553111626    -0.4142821667
v      65.08991564     -1.598154993    -0.2100742185
v      65.08991564     -1.613694724 -4.885682406e-17
v      65.08991564     -1.598154993     0.2100742185
v      65.08991564     -1.553111626     0.4142821667
v      65.08991564     -1.480928359      0.610260108
v      65.08991564     -1.383968929     0.7956443058
v      65.08991564     -1.264597071     0.9680710234
v      65.08991564     -1.125176524      1.125176524
v      65.08991564    -0.9680710234      1.264597071
v      65.08991564    -0.7956443058      1.383968929
v      65.08991564     -0.610260108      1.480928359
v      65.08991564    -0.4142821667      1.553111626
v      65.08991564    -0.2100742185      1.598154993
v      65.08991564 -1.460218642e-16      1.613694724
v      65.08991564     0.2100742185      1.598154993
v      65.08991564     0.4142821667      1.553111626
v      65.08991564      0.610260108      1.480928359
v      65.08991564     0.7956443058      1.383968929
v      65.08991564     0.9680710234      1.264597071
v      65.08991564      1.125176524      1.125176524
v      65.08991564      1.264597071     0.9680710234
v      65.08991564      1.383968929     0.7956443058
v      65.08991564      1.480928359      0.610260108
v      65.08991564      1.553111626     0.4142821667
v      65.08991564      1.598154993     0.2100742185
v      67.05358592     0.9539508657                0
v      67.05358592     0.9445270557    -0.1215764886
v      67.05358592     0.9172734988     -0.240591328
v      67.05358592     0.8737170048    -0.3555177084
v      67.05358592     0.8153843835      -0.46482882
v      67.05358592     0.7438024446    -0.5669978531
v      67.05358592     0.6604979979    -0.6604979979
v      67.05358592     0.5669978531    -0.7438024446
v      67.05358592       0.46482882    -0.8153843835
v      67.05358592     0.3555177084    -0.8737170048
v      67.05358592      0.240591328    -0.9172734988
v      67.05358592     0.1215764886    -0.9445270557
v      67.05358592                0    -0.9539508657
v      67.05358592    -0.1215764886    -0.9445270557
v      67.05358592     -0.240591328    -0.9172734988
v      67.05358592    -0.3555177084    -0.8737170048
v      67.05358592      -0.46482882    -0.8153843835
v      67.05358592    -0.5669978531    -0.7438024446
v      67.05358592    -0.6604979979    -0.6604979979
v      67.05358592    -0.7438024446    -0.5669978531
v      67.05358592    -0.8153843835      -0.46482882
v      67.05358592    -0.8737170048    -0.3555177084
v      67.05358592    -0.9172734988     -0.240591328
v      67.05358592    -0.9445270557    -0.1215764886
v      67.05358592    -0.9539508657 -4.342828805e-17
v      67.05358592    -0.9445270557     0.1215764886
v      67.05358592    -0.9172734988      0.240591328
v      67.05358592    -0.8737170048     0.3555177084
v      67.05358592    -0.8153843835       0.46482882
v      67.05358592    -0.7438024446     0.5669978531
v      67.05358592    -0.6604979979     0.6604979979
v      67.05358592    -0.5669978531     0.7438024446
v      67.05358592      -0.46482882     0.8153843835
v      67.05358592    -0.3555177084     0.8737170048
v      67.05358592     -0.240591328     0.9172734988
v      67.05358592    -0.1215764886     0.9445270557
v      67.05358592 -1.297972126e-16     0.9539508657
v      67.05358592     0.1215764886     0.9445270557
v      67.05358592      0.240591328     0.9172734988
v      67.05358592     0.3555177084     0.8737170048
v      67.05358592       0.46482882     0.8153843835
v      67.05358592     0.5669978531     0.7438024446
v      67.05358592     0.6604979979     0.6604979979
v      67.05358592     0.7438024446     0.5669978531
v      67.05358592     0.8153843835       0.46482882
v      67.05358592     0.8737170048     0.3555177084
v      67.05358592     0.9172734988      0.240591328
v      67.05358592     0.9445270557     0.1215764886
v             68.5                0                0
v      9.051647096     0.4770470961             2.45
v      9.051647096     0.4374668761      2.270586225
v              8.5 -1.850371708e-17             2.45
v      9.051647096     0.3317459179      2.118254082
v      9.051647096     0.1794137748      2.012533124
v      9.051647096 -7.105427358e-17      1.972952904
v      9.051647096    -0.1794137748      2.012533124
v      9.051647096    -0.3317459179      2.118254082
v      9.051647096    -0.4374668761      2.270586225
v      9.051647096    -0.4770470961             2.45
v      9.051647096    -0.4374668761      2.629413775
v      9.051647096    -0.3317459179      2.781745918
v      9.051647096    -0.1794137748      2.887466876
v      9.051647096 -6.803102735e-17      2.927047096
v      9.051647096     0.1794137748      2.887466876
v      9.051647096     0.3317459179      2.781745918
v      9.051647096     0.4374668761      2.629413775
v      9.773352983     0.9749529832             2.45
v      9.773352983     0.8959606264      2.077631456
v      9.773352983     0.6830606166      1.766939383
v      9.773352983     0.3723685443      1.554039374
v      9.773352983 -7.993605777e-17      1.475047017
v      9.773352983    -0.3723685443      1.554039374
v      9.773352983    -0.6830606166      1.766939383
v      9.773352983    -0.8959606264      2.077631456
v      9.773352983    -0.9749529832             2.45
v      9.773352983    -0.8959606264      2.822368544
v      9.773352983    -0.6830606166      3.133060617
v      9.773352983    -0.3723685443      3.345960626
v      9.773352983 -7.653490577e-17      3.424952983
v      9.773352983     0.3723685443      3.345960626
v      9.773352983     0.6830606166      3.133060617
v      9.773352983     0.8959606264      2.822368544
v      10.59223532      1.420835322             2.45
v      10.59223532      1.307555148      1.901818447
v      10.59223532      1.000351913      1.449648087
v      10.59223532     0.5481815531      1.142444852
v      10.59223532 -5.329070518e-17      1.029164678
v      10.59223532    -0.5481815531      1.142444852
v      10.59223532     -1.000351913      1.449648087
v      10.59223532     -1.307555148      1.901818447
v      10.59223532     -1.420835322             2.45
v      10.59223532     -1.307555148      2.998181553
v      10.59223532     -1.000351913      3.450351913
v      10.59223532    -0.5481815531      3.757555148
v      10.59223532 -5.102327051e-17      3.870835322
v      10.59223532     0.5481815531      3.757555148
v      10.59223532      1.000351913      3.450351913
v      10.59223532      1.307555148      2.998181553
v      11.43541177      1.741811774             2.45
v      11.43541177      1.604324336      1.773829954
v      11.43541177      1.230027626      1.219972374
v      11.43541177     0.6761700456     0.8456756637
v      11.43541177 -1.776356839e-17      0.708188226
v      11.43541177    -0.6761700456     0.8456756637
v      11.43541177     -1.230027626      1.219972374
v      11.43541177     -1.604324336      1.773829954
v      11.43541177     -1.741811774             2.45
v      11.43541177     -1.604324336      3.126170046
v      11.43541177     -1.230027626      3.680027626
v      11.43541177    -0.6761700456      4.054324336
v      11.43541177 -1.700775684e-17      4.191811774
v      11.43541177     0.6761700456      4.054324336
v      11.43541177      1.230027626      3.680027626
v      11.43541177      1.604324336      3.126170046
v            12.23            1.865             2.45
v            12.23      1.718342089      1.724348733
v            12.23       1.31849557       1.13150443
v            12.23     0.7256512665     0.7316579112
v            12.23                0            0.585
v            12.23    -0.7256512665     0.7316579112
v            12.23      -1.31849557       1.13150443
v            12.23     -1.718342089      1.724348733
v            12.23           -1.865             2.45
v            12.23     -1.718342089      3.175651267
v            12.23      -1.31849557       3.76849557
v            12.23    -0.7256512665      4.168342089
v            12.23                0            4.315
v            12.23     0.7256512665      4.168342089
v            12.23       1.31849557       3.76849557
v            12.23      1.718342089      3.175651267
v           12.976            1.865             2.45
v           12.976      1.718342089      1.724348733
v           12.976       1.31849557       1.13150443
v           12.976     0.7256512665     0.7316579112
v           12.976                0            0.585
v           12.976    -0.7256512665     0.7316579112
v           12.976      -1.31849557       1.13150443
v           12.976     -1.718342089      1.724348733
v           12.976           -1.865             2.45
v           12.976     -1.718342089      3.175651267
v           12.976      -1.31849557       3.76849557
v           12.976    -0.7256512665      4.168342089
v           12.976                0            4.315
v           12.976     0.7256512665      4.168342089
v           12.976       1.31849557       3.76849557
v           12.976      1.718342089      3.175651267
v           13.722            1.865             2.45
v           13.722      1.718342089      1.724348733
v           13.722       1.31849557       1.13150443
v           13.722     0.7256512665     0.7316579112
v           13.722                0            0.585
v           13.722    -0.7256512665     0.7316579112
v           13.722      -1.31849557       1.13150443
v           13.722     -1.718342089      1.724348733
v           13.722           -1.865             2.45
v           13.722     -1.718342089      3.175651267
v           13.722      -1.31849557       3.76849557
v           13.722    -0.7256512665      4.168342089
v           13.722                0            4.315
v           13.722     0.7256512665      4.168342089
v           13.722       1.31849557       3.76849557
v           13.722      1.718342089      3.175651267
v           14.468            1.865             2.45
v           14.468      1.718342089      1.724348733
v           14.468       1.31849557       1.13150443
v           14.468     0.7256512665     0.7316579112
v           14.468                0            0.585
v           14.468    -0.7256512665     0.7316579112
v           14.468      -1.31849557       1.13150443
v           14.468     -1.718342089      1.724348733
v           14.468           -1.865             2.45
v           14.468     -1.718342089      3.175651267
v           14.468      -1.31849557       3.76849557
v           14.468    -0.7256512665      4.168342089
v           14.468                0            4.315
v           14.468     0.7256512665      4.168342089
v           14.468       1.31849557       3.76849557
v           14.468      1.718342089      3.175651267
v           15.214            1.865             2.45
v           15.214      1.718342089      1.724348733
v           15.214       1.31849557       1.13150443
v           15.214     0.7256512665     0.7316579112
v           15.214                0            0.585
v           15.214    -0.7256512665     0.7316579112
v           15.214      -1.31849557       1.13150443
v           15.214     -1.718342089      1.724348733
v           15.214           -1.865             2.45
v           15.214     -1.718342089      3.175651267
v           15.214      -1.31849557       3.76849557
v           15.214    -0.7256512665      4.168342089
v           15.214                0            4.315
v           15.214     0.7256512665      4.168342089
v           15.214       1.31849557       3.76849557
v           15.214      1.718342089      3.175651267
v            15.96            1.865             2.45
v            15.96      1.718342089      1.724348733
v            15.96       1.31849557       1.13150443
v            15.96     0.7256512665     0.7316579112
v            15.96                0            0.585
v            15.96    -0.7256512665     0.7316579112
v            15.96      -1.31849557       1.13150443
v            15.96     -1.718342089      1.724348733
v            15.96           -1.865             2.45
v            15.96     -1.718342089      3.175651267
v            15.96      -1.31849557       3.76849557
v            15.96    -0.7256512665      4.168342089
v            15.96                0            4.315
v            15.96     0.7256512665      4.168342089
v            15.96       1.31849557       3.76849557
v            15.96      1.718342089      3.175651267
v           16.706            1.865             2.45
v           16.706      1.718342089      1.724348733
v           16.706       1.31849557       1.13150443
v           16.706     0.7256512665     0.7316579112
v           16.706                0            0.585
v           16.706    -0.7256512665     0.7316579112
v           16.706      -1.31849557       1.13150443
v           16.706     -1.718342089      1.724348733
v           16.706           -1.865             2.45
v           16.706     -1.718342089      3.175651267
v           16.706      -1.31849557       3.76849557
v           16.706    -0.7256512665      4.168342089
v           16.706                0            4.315
v           16.706     0.7256512665      4.168342089
v           16.706       1.31849557       3.76849557
v           16.706      1.718342089      3.175651267
v           17.452            1.865             2.45
v           17.452      1.718342089      1.724348733
v           17.452       1.31849557       1.13150443
v           17.452     0.7256512665     0.7316579112
v           17.452                0            0.585
v           17.452    -0.7256512665     0.7316579112
v           17.452      -1.31849557       1.13150443
v           17.452     -1.718342089      1.724348733
v           17.452           -1.865             2.45
v           17.452     -1.718342089      3.175651267
v           17.452      -1.31849557       3.76849557
v           17.452    -0.7256512665      4.168342089
v           17.452                0            4.315
v           17.452     0.7256512665      4.168342089
v           17.452       1.31849557       3.76849557
v           17.452      1.718342089      3.175651267
v           18.198            1.865             2.45
v           18.198      1.718342089      1.724348733
v           18.198       1.31849557       1.13150443
v           18.198     0.7256512665     0.7316579112
v           18.198                0            0.585
v           18.198    -0.7256512665     0.7316579112
v           18.198      -1.31849557       1.13150443
v           18.198     -1.718342089      1.724348733
v           18.198           -1.865             2.45
v           18.198     -1.718342089      3.175651267
v           18.198      -1.31849557       3.76849557
v           18.198    -0.7256512665      4.168342089
v           18.198                0            4.315
v           18.198     0.7256512665      4.168342089
v           18.198       1.31849557       3.76849557
v           18.198      1.718342089      3.175651267
v           18.944            1.865             2.45
v           18.944      1.718342089      1.724348733
v           18.944       1.31849557       1.13150443
v           18.944     0.7256512665     0.7316579112
v           18.944                0            0.585
v           18.944    -0.7256512665     0.7316579112
v           18.944      -1.31849557       1.13150443
v           18.944     -1.718342089      1.724348733
v           18.944           -1.865             2.45
v           18.944     -1.718342089      3.175651267
v           18.944      -1.31849557       3.76849557
v           18.944    -0.7256512665      4.168342089
v           18.944                0            4.315
v           18.944     0.7256512665      4.168342089
v           18.944       1.31849557       3.76849557
v           18.944      1.718342089      3.175651267
v            19.69            1.865             2.45
v            19.69      1.718342089      1.724348733
v            19.69       1.31849557       1.13150443
v            19.69     0.7256512665     0.7316579112
v            19.69                0            0.585
v            19.69    -0.7256512665     0.7316579112
v            19.69      -1.31849557       1.13150443
v            19.69     -1.718342089      1.724348733
v            19.69           -1.865             2.45
v            19.69     -1.718342089      3.175651267
v            19.69      -1.31849557       3.76849557
v            19.69    -0.7256512665      4.168342089
v            19.69                0            4.315
v            19.69     0.7256512665      4.168342089
v            19.69       1.31849557       3.76849557
v            19.69      1.718342089      3.175651267
v      20.48458823      1.741811774             2.45
v      20.48458823      1.604324336      1.773829954
v      20.48458823      1.230027626      1.219972374
v      20.48458823     0.6761700456     0.8456756637
v      20.48458823 -1.776356839e-17      0.708188226
v      20.48458823    -0.6761700456     0.8456756637
v      20.48458823     -1.230027626      1.219972374
v      20.48458823     -1.604324336      1.773829954
v      20.48458823     -1.741811774             2.45
v      20.48458823     -1.604324336      3.126170046
v      20.48458823     -1.230027626      3.680027626
v      20.48458823    -0.6761700456      4.054324336
v      20.48458823 -1.700775684e-17      4.191811774
v      20.48458823     0.6761700456      4.054324336
v      20.48458823      1.230027626      3.680027626
v      20.48458823      1.604324336      3.126170046
v      21.32776468      1.420835322             2.45
v      21.32776468      1.307555148      1.901818447
v      21.32776468      1.000351913      1.449648087
v      21.32776468     0.5481815531      1.142444852
v      21.32776468 -5.329070518e-17      1.029164678
v      21.32776468    -0.5481815531      1.142444852
v      21.32776468     -1.000351913      1.449648087
v      21.32776468     -1.307555148      1.901818447
v      21.32776468     -1.420835322             2.45
v      21.32776468     -1.307555148      2.998181553
v      21.32776468     -1.000351913      3.450351913
v      21.32776468    -0.5481815531      3.757555148
v      21.32776468 -5.102327051e-17      3.870835322
v      21.32776468     0.5481815531      3.757555148
v      21.32776468      1.000351913      3.450351913
v      21.32776468      1.307555148      2.998181553
v      22.14664702     0.9749529832             2.45
v      22.14664702     0.8959606264      2.077631456
v      22.14664702     0.6830606166      1.766939383
v      22.14664702     0.3723685443      1.554039374
v      22.14664702 -7.993605777e-17      1.475047017
v      22.14664702    -0.3723685443      1.554039374
v      22.14664702    -0.6830606166      1.766939383
v      22.14664702    -0.8959606264      2.077631456
v      22.14664702    -0.9749529832             2.45
v      22.14664702    -0.8959606264      2.822368544
v      22.14664702    -0.6830606166      3.133060617
v      22.14664702    -0.3723685443      3.345960626
v      22.14664702 -7.653490577e-17      3.424952983
v      22.14664702     0.3723685443      3.345960626
v      22.14664702     0.6830606166      3.133060617
v      22.14664702     0.8959606264      2.822368544
v       22.8683529     0.4770470961             2.45
v       22.8683529     0.4374668761      2.270586225
v       22.8683529     0.3317459179      2.118254082
v       22.8683529     0.1794137748      2.012533124
v       22.8683529 -7.105427358e-17      1.972952904
v       22.8683529    -0.1794137748      2.012533124
v       22.8683529    -0.3317459179      2.118254082
v       22.8683529    -0.4374668761      2.270586225
v       22.8683529    -0.4770470961             2.45
v       22.8683529    -0.4374668761      2.629413775
v       22.8683529    -0.3317459179      2.781745918
v       22.8683529    -0.1794137748      2.887466876
v       22.8683529 -6.803102735e-17      2.927047096
v       22.8683529     0.1794137748      2.887466876
v       22.8683529     0.3317459179      2.781745918
v       22.8683529     0.4374668761      2.629413775
v            23.42                0             2.45
v       23.9716471     0.4770470961             2.45
v       23.9716471     0.4374668761      2.270586225
v       23.9716471     0.3317459179      2.118254082
v       23.9716471     0.1794137748      2.012533124
v       23.9716471 -7.105427358e-17      1.972952904
v       23.9716471    -0.1794137748      2.012533124
v       23.9716471    -0.3317459179      2.118254082
v       23.9716471    -0.4374668761      2.270586225
v       23.9716471    -0.4770470961             2.45
v       23.9716471    -0.4374668761      2.629413775
v       23.9716471    -0.3317459179      2.781745918
v       23.9716471    -0.1794137748      2.887466876
v       23.9716471 -6.803102735e-17      2.927047096
v       23.9716471     0.1794137748      2.887466876
v       23.9716471     0.3317459179      2.781745918
v       23.9716471     0.4374668761      2.629413775
v      24.69335298     0.9749529832             2.45
v      24.69335298     0.8959606264      2.077631456
v      24.69335298     0.6830606166      1.766939383
v      24.69335298     0.3723685443      1.554039374
v      24.69335298 -7.993605777e-17      1.475047017
v      24.69335298    -0.3723685443      1.554039374
v      24.69335298    -0.6830606166      1.766939383
v      24.69335298    -0.8959606264      2.077631456
v      24.69335298    -0.9749529832             2.45
v      24.69335298    -0.8959606264      2.822368544
v      24.69335298    -0.6830606166      3.133060617
v      24.69335298    -0.3723685443      3.345960626
v      24.69335298 -7.653490577e-17      3.424952983
v      24.69335298     0.3723685443      3.345960626
v      24.69335298     0.6830606166      3.133060617
v      24.69335298     0.8959606264      2.822368544
v      25.51223532      1.420835322             2.45
v      25.51223532      1.307555148      1.901818447
v      25.51223532      1.000351913      1.449648087
v      25.51223532     0.5481815531      1.142444852
v      25.51223532 -5.329070518e-17      1.029164678
v      25.51223532    -0.5481815531      1.142444852
v      25.51223532     -1.000351913      1.449648087
v      25.51223532     -1.307555148      1.901818447
v      25.51223532     -1.420835322             2.45
v      25.51223532     -1.307555148      2.998181553
v      25.51223532     -1.000351913      3.450351913
v      25.51223532    -0.5481815531      3.757555148
v      25.51223532 -5.102327051e-17      3.870835322
v      25.51223532     0.5481815531      3.757555148
v      25.51223532      1.000351913      3.450351913
v      25.51223532      1.307555148      2.998181553
v      26.35541177      1.741811774             2.45
v      26.35541177      1.604324336      1.773829954
v      26.35541177      1.230027626      1.219972374
v      26.35541177     0.6761700456     0.8456756637
v      26.35541177 -1.776356839e-17      0.708188226
v      26.35541177    -0.6761700456     0.8456756637
v      26.35541177     -1.230027626      1.219972374
v      26.35541177     -1.604324336      1.773829954
v      26.35541177     -1.741811774             2.45
v      26.35541177     -1.604324336      3.126170046
v      26.35541177     -1.230027626      3.680027626
v      26.35541177    -0.6761700456      4.054324336
v      26.35541177 -1.700775684e-17      4.191811774
v      26.35541177     0.6761700456      4.054324336
v      26.35541177      1.230027626      3.680027626
v      26.35541177      1.604324336      3.126170046
v            27.15            1.865             2.45
v            27.15      1.718342089      1.724348733
v            27.15       1.31849557       1.13150443
v            27.15     0.7256512665     0.7316579112
v            27.15                0            0.585
v            27.15    -0.7256512665     0.7316579112
v            27.15      -1.31849557       1.13150443
v            27.15     -1.718342089      1.724348733
v            27.15           -1.865             2.45
v            27.15     -1.718342089      3.175651267
v            27.15      -1.31849557       3.76849557
v            27.15    -0.7256512665      4.168342089
v            27.15                0            4.315
v            27.15     0.7256512665      4.168342089
v            27.15       1.31849557       3.76849557
v            27.15      1.718342089      3.175651267
v           27.896            1.865             2.45
v           27.896      1.718342089      1.724348733
v           27.896       1.31849557       1.13150443
v           27.896     0.7256512665     0.7316579112
v           27.896                0            0.585
v           27.896    -0.7256512665     0.7316579112
v           27.896      -1.31849557       1.13150443
v           27.896     -1.718342089      1.724348733
v           27.896           -1.865             2.45
v           27.896     -1.718342089      3.175651267
v           27.896      -1.31849557       3.76849557
v           27.896    -0.7256512665      4.168342089
v           27.896                0            4.315
v           27.896     0.7256512665      4.168342089
v           27.896       1.31849557       3.76849557
v           27.896      1.718342089      3.175651267
v           28.642            1.865             2.45
v           28.642      1.718342089      1.724348733
v           28.642       1.31849557       1.13150443
v           28.642     0.7256512665     0.7316579112
v           28.642                0            0.585
v           28.642    -0.7256512665     0.7316579112
v           28.642      -1.31849557       1.13150443
v           28.642     -1.718342089      1.724348733
v           28.642           -1.865             2.45
v           28.642     -1.718342089      3.175651267
v           28.642      -1.31849557       3.76849557
v           28.642    -0.7256512665      4.168342089
v           28.642                0            4.315
v           28.642     0.7256512665      4.168342089
v           28.642       1.31849557       3.76849557
v           28.642      1.718342089      3.175651267
v           29.388            1.865             2.45
v           29.388      1.718342089      1.724348733
v           29.388       1.31849557       1.13150443
v           29.388     0.7256512665     0.7316579112
v           29.388                0            0.585
v           29.388    -0.7256512665     0.7316579112
v           29.388      -1.31849557       1.13150443
v           29.388     -1.718342089      1.724348733
v           29.388           -1.865             2.45
v           29.388     -1.718342089      3.175651267
v           29.388      -1.31849557       3.76849557
v           29.388    -0.7256512665      4.168342089
v           29.388                0            4.315
v           29.388     0.7256512665      4.168342089
v           29.388       1.31849557       3.76849557
v           29.388      1.718342089      3.175651267
v           30.134            1.865             2.45
v           30.134      1.718342089      1.724348733
v           30.134       1.31849557       1.13150443
v           30.134     0.7256512665     0.7316579112
v           30.134                0            0.585
v           30.134    -0.7256512665     0.7316579112
v           30.134      -1.31849557       1.13150443
v           30.134     -1.718342089      1.724348733
v           30.134           -1.865             2.45
v           30.134     -1.718342089      3.175651267
v           30.134      -1.31849557       3.76849557
v           30.134    -0.7256512665      4.168342089
v           30.134                0            4.315
v           30.134     0.7256512665      4.168342089
v           30.134       1.31849557       3.76849557
v           30.134      1.718342089      3.175651267
v            30.88            1.865             2.45
v            30.88      1.718342089      1.724348733
v            30.88       1.31849557       1.13150443
v            30.88     0.7256512665     0.7316579112
v            30.88                0            0.585
v            30.88    -0.7256512665     0.7316579112
v            30.88      -1.31849557       1.13150443
v            30.88     -1.718342089      1.724348733
v            30.88           -1.865             2.45
v            30.88     -1.718342089      3.175651267
v            30.88      -1.31849557       3.76849557
v            30.88    -0.7256512665      4.168342089
v            30.88                0            4.315
v            30.88     0.7256512665      4.168342089
v            30.88       1.31849557       3.76849557
v            30.88      1.718342089      3.175651267
v           31.626            1.865             2.45
v           31.626      1.718342089      1.724348733
v           31.626       1.31849557       1.13150443
v           31.626     0.7256512665     0.7316579112
v           31.626                0            0.585
v           31.626    -0.7256512665     0.7316579112
v           31.626      -1.31849557       1.13150443
v           31.626     -1.718342089      1.724348733
v           31.626           -1.865             2.45
v           31.626     -1.718342089      3.175651267
v           31.626      -1.31849557       3.76849557
v           31.626    -0.7256512665      4.168342089
v           31.626                0            4.315
v           31.626     0.7256512665      4.168342089
v           31.626       1.31849557       3.76849557
v           31.626      1.718342089      3.175651267
v           32.372            1.865             2.45
v           32.372      1.718342089      1.724348733
v           32.372       1.31849557       1.13150443
v           32.372     0.7256512665     0.7316579112
v           32.372                0            0.585
v           32.372    -0.7256512665     0.7316579112
v           32.372      -1.31849557       1.13150443
v           32.372     -1.718342089      1.724348733
v           32.372           -1.865             2.45
v           32.372     -1.718342089      3.175651267
v           32.372      -1.31849557       3.76849557
v           32.372    -0.7256512665      4.168342089
v           32.372                0            4.315
v           32.372     0.7256512665      4.168342089
v           32.372       1.31849557       3.76849557
v           32.372      1.718342089      3.175651267
v           33.118            1.865             2.45
v           33.118      1.718342089      1.724348733
v           33.118       1.31849557       1.13150443
v           33.118     0.7256512665     0.7316579112
v           33.118                0            0.585
v           33.118    -0.7256512665     0.7316579112
v           33.118      -1.31849557       1.13150443
v           33.118     -1.718342089      1.724348733
v           33.118           -1.865             2.45
v           33.118     -1.718342089      3.175651267
v           33.118      -1.31849557       3.76849557
v           33.118    -0.7256512665      4.168342089
v           33.118                0            4.315
v           33.118     0.7256512665      4.168342089
v           33.118       1.31849557       3.76849557
v           33.118      1.718342089      3.175651267
v           33.864            1.865             2.45
v           33.864      1.718342089      1.724348733
v           33.864       1.31849557       1.13150443
v           33.864     0.7256512665     0.7316579112
v           33.864                0            0.585
v           33.864    -0.7256512665     0.7316579112
v           33.864      -1.31849557       1.13150443
v           33.864     -1.718342089      1.724348733
v           33.864           -1.865             2.45
v           33.864     -1.718342089      3.175651267
v           33.864      -1.31849557       3.76849557
v           33.864    -0.7256512665      4.168342089
v           33.864                0            4.315
v           33.864     0.7256512665      4.168342089
v           33.864       1.31849557       3.76849557
v           33.864      1.718342089      3.175651267
v            34.61            1.865             2.45
v            34.61      1.718342089      1.724348733
v            34.61       1.31849557       1.13150443
v            34.61     0.7256512665     0.7316579112
v            34.61                0            0.585
v            34.61    -0.7256512665     0.7316579112
v            34.61      -1.31849557       1.13150443
v            34.61     -1.718342089      1.724348733
v            34.61           -1.865             2.45
v            34.61     -1.718342089      3.175651267
v            34.61      -1.31849557       3.76849557
v            34.61    -0.7256512665      4.168342089
v            34.61                0            4.315
v            34.61     0.7256512665      4.168342089
v            34.61       1.31849557       3.76849557
v            34.61      1.718342089      3.175651267
v      35.40458823      1.741811774             2.45
v      35.40458823      1.604324336      1.773829954
v      35.40458823      1.230027626      1.219972374
v      35.40458823     0.6761700456     0.8456756637
v      35.40458823 -1.776356839e-17      0.708188226
v      35.40458823    -0.6761700456     0.8456756637
v      35.40458823     -1.230027626      1.219972374
v      35.40458823     -1.604324336      1.773829954
v      35.40458823     -1.741811774             2.45
v      35.40458823     -1.604324336      3.126170046
v      35.40458823     -1.230027626      3.680027626
v      35.40458823    -0.6761700456      4.054324336
v      35.40458823 -1.700775684e-17      4.191811774
v      35.40458823     0.6761700456      4.054324336
v      35.40458823      1.230027626      3.680027626
v      35.40458823      1.604324336      3.126170046
v      36.24776468      1.420835322             2.45
v      36.24776468      1.307555148      1.901818447
v      36.24776468      1.000351913      1.449648087
v      36.24776468     0.5481815531      1.142444852
v      36.24776468 -5.329070518e-17      1.029164678
v      36.24776468    -0.5481815531      1.142444852
v      36.24776468     -1.000351913      1.449648087
v      36.24776468     -1.307555148      1.901818447
v      36.24776468     -1.420835322             2.45
v      36.24776468     -1.307555148      2.998181553
v      36.24776468     -1.000351913      3.450351913
v      36.24776468    -0.5481815531      3.757555148
v      36.24776468 -5.102327051e-17      3.870835322
v      36.24776468     0.5481815531      3.757555148
v      36.24776468      1.000351913      3.450351913
v      36.24776468      1.307555148      2.998181553
v      37.06664702     0.9749529832             2.45
v      37.06664702     0.8959606264      2.077631456
v      37.06664702     0.6830606166      1.766939383
v      37.06664702     0.3723685443      1.554039374
v      37.06664702 -7.993605777e-17      1.475047017
v      37.06664702    -0.3723685443      1.554039374
v      37.06664702    -0.6830606166      1.766939383
v      37.06664702    -0.8959606264      2.077631456
v      37.06664702    -0.9749529832             2.45
v      37.06664702    -0.8959606264      2.822368544
v      37.06664702    -0.6830606166      3.133060617
v      37.06664702    -0.3723685443      3.345960626
v      37.06664702 -7.653490577e-17      3.424952983
v      37.06664702     0.3723685443      3.345960626
v      37.06664702     0.6830606166      3.133060617
v      37.06664702     0.8959606264      2.822368544
v       37.7883529     0.4770470961             2.45
v       37.7883529     0.4374668761      2.270586225
v       37.7883529     0.3317459179      2.118254082
v       37.7883529     0.1794137748      2.012533124
v       37.7883529 -7.105427358e-17      1.972952904
v       37.7883529    -0.1794137748      2.012533124
v       37.7883529    -0.3317459179      2.118254082
v       37.7883529    -0.4374668761      2.270586225
v       37.7883529    -0.4770470961             2.45
v       37.7883529    -0.4374668761      2.629413775
v       37.7883529    -0.3317459179      2.781745918
v       37.7883529    -0.1794137748      2.887466876
v       37.7883529 -6.803102735e-17      2.927047096
v       37.7883529     0.1794137748      2.887466876
v       37.7883529     0.3317459179      2.781745918
v       37.7883529     0.4374668761      2.629413775
v            38.34                0             2.45
v       38.8916471     0.4770470961             2.45
v       38.8916471     0.4374668761      2.270586225
v       38.8916471     0.3317459179      2.118254082
v       38.8916471     0.1794137748      2.012533124
v       38.8916471 -7.105427358e-17      1.972952904
v       38.8916471    -0.1794137748      2.012533124
v       38.8916471    -0.3317459179      2.118254082
v       38.8916471    -0.4374668761      2.270586225
v       38.8916471    -0.4770470961             2.45
v       38.8916471    -0.4374668761      2.629413775
v       38.8916471    -0.3317459179      2.781745918
v       38.8916471    -0.1794137748      2.887466876
v       38.8916471 -6.803102735e-17      2.927047096
v       38.8916471     0.1794137748      2.887466876
v       38.8916471     0.3317459179      2.781745918
v       38.8916471     0.4374668761      2.629413775
v      39.61335298     0.9749529832             2.45
v      39.61335298     0.8959606264      2.077631456
v      39.61335298     0.6830606166      1.766939383
v      39.61335298     0.3723685443      1.554039374
v      39.61335298 -7.993605777e-17      1.475047017
v      39.61335298    -0.3723685443      1.554039374
v      39.61335298    -0.6830606166      1.766939383
v      39.61335298    -0.8959606264      2.077631456
v      39.61335298    -0.9749529832             2.45
v      39.61335298    -0.8959606264      2.822368544
v      39.61335298    -0.6830606166      3.133060617
v      39.61335298    -0.3723685443      3.345960626
v      39.61335298 -7.653490577e-17      3.424952983
v      39.61335298     0.3723685443      3.345960626
v      39.61335298     0.6830606166      3.133060617
v      39.61335298     0.8959606264      2.822368544
v      40.43223532      1.420835322             2.45
v      40.43223532      1.307555148      1.901818447
v      40.43223532      1.000351913      1.449648087
v      40.43223532     0.5481815531      1.142444852
v      40.43223532 -5.329070518e-17      1.029164678
v      40.43223532    -0.5481815531      1.142444852
v      40.43223532     -1.000351913      1.449648087
v      40.43223532     -1.307555148      1.901818447
v      40.43223532     -1.420835322             2.45
v      40.43223532     -1.307555148      2.998181553
v      40.43223532     -1.000351913      3.450351913
v      40.43223532    -0.5481815531      3.757555148
v      40.43223532 -5.102327051e-17      3.870835322
v      40.43223532     0.5481815531      3.757555148
v      40.43223532      1.000351913      3.450351913
v      40.43223532      1.307555148      2.998181553
v      41.27541177      1.741811774             2.45
v      41.27541177      1.604324336      1.773829954
v      41.27541177      1.230027626      1.219972374
v      41.27541177     0.6761700456     0.8456756637
v      41.27541177 -1.776356839e-17      0.708188226
v      41.27541177    -0.6761700456     0.8456756637
v      41.27541177     -1.230027626      1.219972374
v      41.27541177     -1.604324336      1.773829954
v      41.27541177     -1.741811774             2.45
v      41.27541177     -1.604324336      3.126170046
v      41.27541177     -1.230027626      3.680027626
v      41.27541177    -0.6761700456      4.054324336
v      41.27541177 -1.700775684e-17      4.191811774
v      41.27541177     0.6761700456      4.054324336
v      41.27541177      1.230027626      3.680027626
v      41.27541177      1.604324336      3.126170046
v            42.07            1.865             2.45
v            42.07      1.718342089      1.724348733
v            42.07       1.31849557       1.13150443
v            42.07     0.7256512665     0.7316579112
v            42.07                0            0.585
v            42.07    -0.7256512665     0.7316579112
v            42.07      -1.31849557       1.13150443
v            42.07     -1.718342089      1.724348733
v            42.07           -1.865             2.45
v            42.07     -1.718342089      3.175651267
v            42.07      -1.31849557       3.76849557
v            42.07    -0.7256512665      4.168342089
v            42.07                0            4.315
v            42.07     0.7256512665      4.168342089
v            42.07       1.31849557       3.76849557
v            42.07      1.718342089      3.175651267
v           42.816            1.865             2.45
v           42.816      1.718342089      1.724348733
v           42.816       1.31849557       1.13150443
v           42.816     0.7256512665     0.7316579112
v           42.816                0            0.585
v           42.816    -0.7256512665     0.7316579112
v           42.816      -1.31849557       1.13150443
v           42.816     -1.718342089      1.724348733
v           42.816           -1.865             2.45
v           42.816     -1.718342089      3.175651267
v           42.816      -1.31849557       3.76849557
v           42.816    -0.7256512665      4.168342089
v           42.816                0            4.315
v           42.816     0.7256512665      4.168342089
v           42.816       1.31849557       3.76849557
v           42.816      1.718342089      3.175651267
v           43.562            1.865             2.45
v           43.562      1.718342089      1.724348733
v           43.562       1.31849557       1.13150443
v           43.562     0.7256512665     0.7316579112
v           43.562                0            0.585
v           43.562    -0.7256512665     0.7316579112
v           43.562      -1.31849557       1.13150443
v           43.562     -1.718342089      1.724348733
v           43.562           -1.865             2.45
v           43.562     -1.718342089      3.175651267
v           43.562      -1.31849557       3.76849557
v           43.562    -0.7256512665      4.168342089
v           43.562                0            4.315
v           43.562     0.7256512665      4.168342089
v           43.562       1.31849557       3.76849557
v           43.562      1.718342089      3.175651267
v           44.308            1.865             2.45
v           44.308      1.718342089      1.724348733
v           44.308       1.31849557       1.13150443
v           44.308     0.7256512665     0.7316579112
v           44.308                0            0.585
v           44.308    -0.7256512665     0.7316579112
v           44.308      -1.31849557       1.13150443
v           44.308     -1.718342089      1.724348733
v           44.308           -1.865             2.45
v           44.308     -1.718342089      3.175651267
v           44.308      -1.31849557       3.76849557
v           44.308    -0.7256512665      4.168342089
v           44.308                0            4.315
v           44.308     0.7256512665      4.168342089
v           44.308       1.31849557       3.76849557
v           44.308      1.718342089      3.175651267
v           45.054            1.865             2.45
v           45.054      1.718342089      1.724348733
v           45.054       1.31849557       1.13150443
v           45.054     0.7256512665     0.7316579112
v           45.054                0            0.585
v           45.054    -0.7256512665     0.7316579112
v           45.054      -1.31849557       1.13150443
v           45.054     -1.718342089      1.724348733
v           45.054           -1.865             2.45
v           45.054     -1.718342089      3.175651267
v           45.054      -1.31849557       3.76849557
v           45.054    -0.7256512665      4.168342089
v           45.054                0            4.315
v           45.054     0.7256512665      4.168342089
v           45.054       1.31849557       3.76849557
v           45.054      1.718342089      3.175651267
v             45.8            1.865             2.45
v             45.8      1.718342089      1.724348733
v             45.8       1.31849557       1.13150443
v             45.8     0.7256512665     0.7316579112
v             45.8                0            0.585
v             45.8    -0.7256512665     0.7316579112
v             45.8      -1.31849557       1.13150443
v             45.8     -1.718342089      1.724348733
v             45.8           -1.865             2.45
v             45.8     -1.718342089      3.175651267
v             45.8      -1.31849557       3.76849557
v             45.8    -0.7256512665      4.168342089
v             45.8                0            4.315
v             45.8     0.7256512665      4.168342089
v             45.8       1.31849557       3.76849557
v             45.8      1.718342089      3.175651267
v           46.546            1.865             2.45
v           46.546      1.718342089      1.724348733
v           46.546       1.31849557       1.13150443
v           46.546     0.7256512665     0.7316579112
v           46.546                0            0.585
v           46.546    -0.7256512665     0.7316579112
v           46.546      -1.31849557       1.13150443
v           46.546     -1.718342089      1.724348733
v           46.546           -1.865             2.45
v           46.546     -1.718342089      3.175651267
v           46.546      -1.31849557       3.76849557
v           46.546    -0.7256512665      4.168342089
v           46.546                0            4.315
v           46.546     0.7256512665      4.168342089
v           46.546       1.31849557       3.76849557
v           46.546      1.718342089      3.175651267
v           47.292            1.865             2.45
v           47.292      1.718342089      1.724348733
v           47.292       1.31849557       1.13150443
v           47.292     0.7256512665     0.7316579112
v           47.292                0            0.585
v           47.292    -0.7256512665     0.7316579112
v           47.292      -1.31849557       1.13150443
v           47.292     -1.718342089      1.724348733
v           47.292           -1.865             2.45
v           47.292     -1.718342089      3.175651267
v           47.292      -1.31849557       3.76849557
v           47.292    -0.7256512665      4.168342089
v           47.292                0            4.315
v           47.292     0.7256512665      4.168342089
v           47.292       1.31849557       3.76849557
v           47.292      1.718342089      3.175651267
v           48.038            1.865             2.45
v           48.038      1.718342089      1.724348733
v           48.038       1.31849557       1.13150443
v           48.038     0.7256512665     0.7316579112
v           48.038                0            0.585
v           48.038    -0.7256512665     0.7316579112
v           48.038      -1.31849557       1.13150443
v           48.038     -1.718342089      1.724348733
v           48.038           -1.865             2.45
v           48.038     -1.718342089      3.175651267
v           48.038      -1.31849557       3.76849557
v           48.038    -0.7256512665      4.168342089
v           48.038                0            4.315
v           48.038     0.7256512665      4.168342089
v           48.038       1.31849557       3.76849557
v           48.038      1.718342089      3.175651267
v           48.784            1.865             2.45
v           48.784      1.718342089      1.724348733
v           48.784       1.31849557       1.13150443
v           48.784     0.7256512665     0.7316579112
v           48.784                0            0.585
v           48.784    -0.7256512665     0.7316579112
v           48.784      -1.31849557       1.13150443
v           48.784     -1.718342089      1.724348733
v           48.784           -1.865             2.45
v           48.784     -1.718342089      3.175651267
v           48.784      -1.31849557       3.76849557
v           48.784    -0.7256512665      4.168342089
v           48.784                0            4.315
v           48.784     0.7256512665      4.168342089
v           48.784       1.31849557       3.76849557
v           48.784      1.718342089      3.175651267
v            49.53            1.865             2.45
v            49.53      1.718342089      1.724348733
v            49.53       1.31849557       1.13150443
v            49.53     0.7256512665     0.7316579112
v            49.53                0            0.585
v            49.53    -0.7256512665     0.7316579112
v            49.53      -1.31849557       1.13150443
v            49.53     -1.718342089      1.724348733
v            49.53           -1.865             2.45
v            49.53     -1.718342089      3.175651267
v            49.53      -1.31849557       3.76849557
v            49.53    -0.7256512665      4.168342089
v            49.53                0            4.315
v            49.53     0.7256512665      4.168342089
v            49.53       1.31849557       3.76849557
v            49.53      1.718342089      3.175651267
v      50.32458823      1.741811774             2.45
v      50.32458823      1.604324336      1.773829954
v      50.32458823      1.230027626      1.219972374
v      50.32458823     0.6761700456     0.8456756637
v      50.32458823 -1.776356839e-17      0.708188226
v      50.32458823    -0.6761700456     0.8456756637
v      50.32458823     -1.230027626      1.219972374
v      50.32458823     -1.604324336      1.773829954
v      50.32458823     -1.741811774             2.45
v      50.32458823     -1.604324336      3.126170046
v      50.32458823     -1.230027626      3.680027626
v      50.32458823    -0.6761700456      4.054324336
v      50.32458823 -1.700775684e-17      4.191811774
v      50.32458823     0.6761700456      4.054324336
v      50.32458823      1.230027626      3.680027626
v      50.32458823      1.604324336      3.126170046
v      51.16776468      1.420835322             2.45
v      51.16776468      1.307555148      1.901818447
v      51.16776468      1.000351913      1.449648087
v      51.16776468     0.5481815531      1.142444852
v      51.16776468 -5.329070518e-17      1.029164678
v      51.16776468    -0.5481815531      1.142444852
v      51.16776468     -1.000351913      1.449648087
v      51.16776468     -1.307555148      1.901818447
v      51.16776468     -1.420835322             2.45
v      51.16776468     -1.307555148      2.998181553
v      51.16776468     -1.000351913      3.450351913
v      51.16776468    -0.5481815531      3.757555148
v      51.16776468 -5.102327051e-17      3.870835322
v      51.16776468     0.5481815531      3.757555148
v      51.16776468      1.000351913      3.450351913
v      51.16776468      1.307555148      2.998181553
v      51.98664702     0.9749529832             2.45
v      51.98664702     0.8959606264      2.077631456
v      51.98664702     0.6830606166      1.766939383
v      51.98664702     0.3723685443      1.554039374
v      51.98664702 -7.993605777e-17      1.475047017
v      51.98664702    -0.3723685443      1.554039374
v      51.98664702    -0.6830606166      1.766939383
v      51.98664702    -0.8959606264      2.077631456
v      51.98664702    -0.9749529832             2.45
v      51.98664702    -0.8959606264      2.822368544
v      51.98664702    -0.6830606166      3.133060617
v      51.98664702    -0.3723685443      3.345960626
v      51.98664702 -7.653490577e-17      3.424952983
v      51.98664702     0.3723685443      3.345960626
v      51.98664702     0.6830606166      3.133060617
v      51.98664702     0.8959606264      2.822368544
v       52.7083529     0.4770470961             2.45
v       52.7083529     0.4374668761      2.270586225
v       52.7083529     0.3317459179      2.118254082
v       52.7083529     0.1794137748      2.012533124
v       52.7083529 -7.105427358e-17      1.972952904
v       52.7083529    -0.1794137748      2.012533124
v       52.7083529    -0.3317459179      2.118254082
v       52.7083529    -0.4374668761      2.270586225
v       52.7083529    -0.4770470961             2.45
v       52.7083529    -0.4374668761      2.629413775
v       52.7083529    -0.3317459179      2.781745918
v       52.7083529    -0.1794137748      2.887466876
v       52.7083529 -6.803102735e-17      2.927047096
v       52.7083529     0.1794137748      2.887466876
v       52.7083529     0.3317459179      2.781745918
v       52.7083529     0.4374668761      2.629413775
v            53.26                0             2.45
v       53.8116471     0.4770470961             2.45
v       53.8116471     0.4374668761      2.270586225
v       53.8116471     0.3317459179      2.118254082
v       53.8116471     0.1794137748      2.012533124
v       53.8116471 -7.105427358e-17      1.972952904
v       53.8116471    -0.1794137748      2.012533124
v       53.8116471    -0.3317459179      2.118254082
v       53.8116471    -0.4374668761      2.270586225
v       53.8116471    -0.4770470961             2.45
v       53.8116471    -0.4374668761      2.629413775
v       53.8116471    -0.3317459179      2.781745918
v       53.8116471    -0.1794137748      2.887466876
v       53.8116471 -6.803102735e-17      2.927047096
v       53.8116471     0.1794137748      2.887466876
v       53.8116471     0.3317459179      2.781745918
v       53.8116471     0.4374668761      2.629413775
v      54.53335298     0.9749529832             2.45
v      54.53335298     0.8959606264      2.077631456
v      54.53335298     0.6830606166      1.766939383
v      54.53335298     0.3723685443      1.554039374
v      54.53335298 -7.993605777e-17      1.475047017
v      54.53335298    -0.3723685443      1.554039374
v      54.53335298    -0.6830606166      1.766939383
v      54.53335298    -0.8959606264      2.077631456
v      54.53335298    -0.9749529832             2.45
v      54.53335298    -0.8959606264      2.822368544
v      54.53335298    -0.6830606166      3.133060617
v      54.53335298    -0.3723685443      3.345960626
v      54.53335298 -7.653490577e-17      3.424952983
v      54.53335298     0.3723685443      3.345960626
v      54.53335298     0.6830606166      3.133060617
v      54.53335298     0.8959606264      2.822368544
v      55.35223532      1.420835322             2.45
v      55.35223532      1.307555148      1.901818447
v      55.35223532      1.000351913      1.449648087
v      55.35223532     0.5481815531      1.142444852
v      55.35223532 -5.329070518e-17      1.029164678
v      55.35223532    -0.5481815531      1.142444852
v      55.35223532     -1.000351913      1.449648087
v      55.35223532     -1.307555148      1.901818447
v      55.35223532     -1.420835322             2.45
v      55.35223532     -1.307555148      2.998181553
v      55.35223532     -1.000351913      3.450351913
v      55.35223532    -0.5481815531      3.757555148
v      55.35223532 -5.102327051e-17      3.870835322
v      55.35223532     0.5481815531      3.757555148
v      55.35223532      1.000351913      3.450351913
v      55.35223532      1.307555148      2.998181553
v      56.19541177      1.741811774             2.45
v      56.19541177      1.604324336      1.773829954
v      56.19541177      1.230027626      1.219972374
v      56.19541177     0.6761700456     0.8456756637
v      56.19541177 -1.776356839e-17      0.708188226
v      56.19541177    -0.6761700456     0.8456756637
v      56.19541177     -1.230027626      1.219972374
v      56.19541177     -1.604324336      1.773829954
v      56.19541177     -1.741811774             2.45
v      56.19541177     -1.604324336      3.126170046
v      56.19541177     -1.230027626      3.680027626
v      56.19541177    -0.6761700456      4.054324336
v      56.19541177 -1.700775684e-17      4.191811774
v      56.19541177     0.6761700456      4.054324336
v      56.19541177      1.230027626      3.680027626
v      56.19541177      1.604324336      3.126170046
v            56.99            1.865             2.45
v            56.99      1.718342089      1.724348733
v            56.99       1.31849557       1.13150443
v            56.99     0.7256512665     0.7316579112
v            56.99                0            0.585
v            56.99    -0.7256512665     0.7316579112
v            56.99      -1.31849557       1.13150443
v            56.99     -1.718342089      1.724348733
v            56.99           -1.865             2.45
v            56.99     -1.718342089      3.175651267
v            56.99      -1.31849557       3.76849557
v            56.99    -0.7256512665      4.168342089
v            56.99                0            4.315
v            56.99     0.7256512665      4.168342089
v            56.99       1.31849557       3.76849557
v            56.99      1.718342089      3.175651267
v           57.736            1.865             2.45
v           57.736      1.718342089      1.724348733
v           57.736       1.31849557       1.13150443
v           57.736     0.7256512665     0.7316579112
v           57.736                0            0.585
v           57.736    -0.7256512665     0.7316579112
v           57.736      -1.31849557       1.13150443
v           57.736     -1.718342089      1.724348733
v           57.736           -1.865             2.45
v           57.736     -1.718342089      3.175651267
v           57.736      -1.31849557       3.76849557
v           57.736    -0.7256512665      4.168342089
v           57.736                0            4.315
v           57.736     0.7256512665      4.168342089
v           57.736       1.31849557       3.76849557
v           57.736      1.718342089      3.175651267
v           58.482            1.865             2.45
v           58.482      1.718342089      1.724348733
v           58.482       1.31849557       1.13150443
v           58.482     0.7256512665     0.7316579112
v           58.482                0            0.585
v           58.482    -0.7256512665     0.7316579112
v           58.482      -1.31849557       1.13150443
v           58.482     -1.718342089      1.724348733
v           58.482           -1.865             2.45
v           58.482     -1.718342089      3.175651267
v           58.482      -1.31849557       3.76849557
v           58.482    -0.7256512665      4.168342089
v           58.482                0            4.315
v           58.482     0.7256512665      4.168342089
v           58.482       1.31849557       3.76849557
v           58.482      1.718342089      3.175651267
v           59.228            1.865             2.45
v           59.228      1.718342089      1.724348733
v           59.228       1.31849557       1.13150443
v           59.228     0.7256512665     0.7316579112
v           59.228                0            0.585
v           59.228    -0.7256512665     0.7316579112
v           59.228      -1.31849557       1.13150443
v           59.228     -1.718342089      1.724348733
v           59.228           -1.865             2.45
v           59.228     -1.718342089      3.175651267
v           59.228      -1.31849557       3.76849557
v           59.228    -0.7256512665      4.168342089
v           59.228                0            4.315
v           59.228     0.7256512665      4.168342089
v           59.228       1.31849557       3.76849557
v           59.228      1.718342089      3.175651267
v           59.974            1.865             2.45
v           59.974      1.718342089      1.724348733
v           59.974       1.31849557       1.13150443
v           59.974     0.7256512665     0.7316579112
v           59.974                0            0.585
v           59.974    -0.7256512665     0.7316579112
v           59.974      -1.31849557       1.13150443
v           59.974     -1.718342089      1.724348733
v           59.974           -1.865             2.45
v           59.974     -1.718342089      3.175651267
v           59.974      -1.31849557       3.76849557
v           59.974    -0.7256512665      4.168342089
v           59.974                0            4.315
v           59.974     0.7256512665      4.168342089
v           59.974       1.31849557       3.76849557
v           59.974      1.718342089      3.175651267
v            60.72            1.865             2.45
v            60.72      1.718342089      1.724348733
v            60.72       1.31849557       1.13150443
v            60.72     0.7256512665     0.7316579112
v            60.72                0            0.585
v            60.72    -0.7256512665     0.7316579112
v            60.72      -1.31849557       1.13150443
v            60.72     -1.718342089      1.724348733
v            60.72           -1.865             2.45
v            60.72     -1.718342089      3.175651267
v            60.72      -1.31849557       3.76849557
v            60.72    -0.7256512665      4.168342089
v            60.72                0            4.315
v            60.72     0.7256512665      4.168342089
v            60.72       1.31849557       3.76849557
v            60.72      1.718342089      3.175651267
v           61.466            1.865             2.45
v           61.466      1.718342089      1.724348733
v           61.466       1.31849557       1.13150443
v           61.466     0.7256512665     0.7316579112
v           61.466                0            0.585
v           61.466    -0.7256512665     0.7316579112
v           61.466      -1.31849557       1.13150443
v           61.466     -1.718342089      1.724348733
v           61.466           -1.865             2.45
v           61.466     -1.718342089      3.175651267
v           61.466      -1.31849557       3.76849557
v           61.466    -0.7256512665      4.168342089
v           61.466                0            4.315
v           61.466     0.7256512665      4.168342089
v           61.466       1.31849557       3.76849557
v           61.466      1.718342089      3.175651267
v           62.212            1.865             2.45
v           62.212      1.718342089      1.724348733
v           62.212       1.31849557       1.13150443
v           62.212     0.7256512665     0.7316579112
v           62.212                0            0.585
v           62.212    -0.7256512665     0.7316579112
v           62.212      -1.31849557       1.13150443
v           62.212     -1.718342089      1.724348733
v           62.212           -1.865             2.45
v           62.212     -1.718342089      3.175651267
v           62.212      -1.31849557       3.76849557
v           62.212    -0.7256512665      4.168342089
v           62.212                0            4.315
v           62.212     0.7256512665      4.168342089
v           62.212       1.31849557       3.76849557
v           62.212      1.718342089      3.175651267
v           62.958            1.865             2.45
v           62.958      1.718342089      1.724348733
v           62.958       1.31849557       1.13150443
v           62.958     0.7256512665     0.7316579112
v           62.958                0            0.585
v           62.958    -0.7256512665     0.7316579112
v           62.958      -1.31849557       1.13150443
v           62.958     -1.718342089      1.724348733
v           62.958           -1.865             2.45
v           62.958     -1.718342089      3.175651267
v           62.958      -1.31849557       3.76849557
v           62.958    -0.7256512665      4.168342089
v           62.958                0            4.315
v           62.958     0.7256512665      4.168342089
v           62.958       1.31849557       3.76849557
v           62.958      1.718342089      3.175651267
v           63.704            1.865             2.45
v           63.704      1.718342089      1.724348733
v           63.704       1.31849557       1.13150443
v           63.704     0.7256512665     0.7316579112
v           63.704                0            0.585
v           63.704    -0.7256512665     0.7316579112
v           63.704      -1.31849557       1.13150443
v           63.704     -1.718342089      1.724348733
v           63.704           -1.865             2.45
v           63.704     -1.718342089      3.175651267
v           63.704      -1.31849557       3.76849557
v           63.704    -0.7256512665      4.168342089
v           63.704                0            4.315
v           63.704     0.7256512665      4.168342089
v           63.704       1.31849557       3.76849557
v           63.704      1.718342089      3.175651267
v            64.45            1.865             2.45
v            64.45      1.718342089      1.724348733
v            64.45       1.31849557       1.13150443
v            64.45     0.7256512665     0.7316579112
v            64.45                0            0.585
v            64.45    -0.7256512665     0.7316579112
v            64.45      -1.31849557       1.13150443
v            64.45     -1.718342089      1.724348733
v            64.45           -1.865             2.45
v            64.45     -1.718342089      3.175651267
v            64.45      -1.31849557       3.76849557
v            64.45    -0.7256512665      4.168342089
v            64.45                0            4.315
v            64.45     0.7256512665      4.168342089
v            64.45       1.31849557       3.76849557
v            64.45      1.718342089      3.175651267
v      65.24458823      1.741811774             2.45
v      65.24458823      1.604324336      1.773829954
v      65.24458823      1.230027626      1.219972374
v      65.24458823     0.6761700456     0.8456756637
v      65.24458823 -1.776356839e-17      0.708188226
v      65.24458823    -0.6761700456     0.8456756637
v      65.24458823     -1.230027626      1.219972374
v      65.24458823     -1.604324336      1.773829954
v      65.24458823     -1.741811774             2.45
v      65.24458823     -1.604324336      3.126170046
v      65.24458823     -1.230027626      3.680027626
v      65.24458823    -0.6761700456      4.054324336
v      65.24458823 -1.700775684e-17      4.191811774
v      65.24458823     0.6761700456      4.054324336
v      65.24458823      1.230027626      3.680027626
v      65.24458823      1.604324336      3.126170046
v      66.08776468      1.420835322             2.45
v      66.08776468      1.307555148      1.901818447
v      66.08776468      1.000351913      1.449648087
v      66.08776468     0.5481815531      1.142444852
v      66.08776468 -5.329070518e-17      1.029164678
v      66.08776468    -0.5481815531      1.142444852
v      66.08776468     -1.000351913      1.449648087
v      66.08776468     -1.307555148      1.901818447
v      66.08776468     -1.420835322             2.45
v      66.08776468     -1.307555148      2.998181553
v      66.08776468     -1.000351913      3.450351913
v      66.08776468    -0.5481815531      3.757555148
v      66.08776468 -5.102327051e-17      3.870835322
v      66.08776468     0.5481815531      3.757555148
v      66.08776468      1.000351913      3.450351913
v      66.08776468      1.307555148      2.998181553
v      66.90664702     0.9749529832             2.45
v      66.90664702     0.8959606264      2.077631456
v      66.90664702     0.6830606166      1.766939383
v      66.90664702     0.3723685443      1.554039374
v      66.90664702 -7.993605777e-17      1.475047017
v      66.90664702    -0.3723685443      1.554039374
v      66.90664702    -0.6830606166      1.766939383
v      66.90664702    -0.8959606264      2.077631456
v      66.90664702    -0.9749529832             2.45
v      66.90664702    -0.8959606264      2.822368544
v      66.90664702    -0.6830606166      3.133060617
v      66.90664702    -0.3723685443      3.345960626
v      66.90664702 -7.653490577e-17      3.424952983
v      66.90664702     0.3723685443      3.345960626
v      66.90664702     0.6830606166      3.133060617
v      66.90664702     0.8959606264      2.822368544
v       67.6283529     0.4770470961             2.45
v       67.6283529     0.4374668761      2.270586225
v       67.6283529     0.3317459179      2.118254082
v       67.6283529     0.1794137748      2.012533124
v       67.6283529 -7.105427358e-17      1.972952904
v       67.6283529    -0.1794137748      2.012533124
v       67.6283529    -0.3317459179      2.118254082
v       67.6283529    -0.4374668761      2.270586225
v       67.6283529    -0.4770470961             2.45
v       67.6283529    -0.4374668761      2.629413775
v       67.6283529    -0.3317459179      2.781745918
v       67.6283529    -0.1794137748      2.887466876
v       67.6283529 -6.803102735e-17      2.927047096
v       67.6283529     0.1794137748      2.887466876
v       67.6283529     0.3317459179      2.781745918
v       67.6283529     0.4374668761      2.629413775
v            68.18                0             2.45
v             35.7                0             -1.2
v      35.52428499                0     -1.218696333
v      37.93656568      5.847952665    -0.6369062039
v        37.786849      5.848015421    -0.6525150162
v      35.27172561                0     -1.245026759
v       37.5716593      5.848103897    -0.6744982066
v      34.91620865                0     -1.281055289
v      37.26874912      5.848225183    -0.7045806431
v      34.43019075                0     -1.328474789
v      36.85465397      5.848385338    -0.7441795093
v      33.79168426                0     -1.387694078
v      36.31064477      5.848586415    -0.7936432066
v      32.99528698                0      -1.45646525
v      35.63212561      5.848821607    -0.8511027109
v      32.06380245                0     -1.528377306
v       34.8385339      5.849069774    -0.9112096622
v      31.05273645                0     -1.592134339
v      33.97716869      5.849291585    -0.9645188852
v      33.11486553      5.849435632    -0.9990917066
v      30.04053431                0     -1.633480377
v      32.31907339       5.84945763     -1.004995945
v      29.10638323                0     -1.640575114
v       31.6387036      5.849341441    -0.9789094492
v      28.30773812                0     -1.609475328
v      31.09379808      5.849195679    -0.9406554935
v      27.66815036                0     -1.563550128
v      30.68002984      5.849064733    -0.8984699686
v      27.18256289                0     -1.512518126
v       30.3814875      5.848870779    -0.8403264477
v      26.83241369                0     -1.442356584
v      30.18357152       5.84854542    -0.7554318295
v      26.60088796                0     -1.340462048
v      30.09656568      5.847952665    -0.6369062039
v             26.5                0             -1.2
v      26.54350006                0     -1.028817402
v      30.13501777      5.847168922    -0.4918206437
v      26.73310539                0     -0.852730808
v      30.29775665      5.846449038    -0.3434750814
v      27.05733714                0     -0.684632357
v      30.57459306       5.84576495     -0.201891797
v       27.5334504                0    -0.5346595651
v       30.9804632      5.845155959   -0.07558894585
v      28.18057014                0    -0.4308511368
v      31.53174401      5.844752513    0.01164774065
v      28.99716286                0    -0.3945901658
v      32.22721387      5.844630112    0.04192769487
v      29.95242815                0    -0.4119432802
v      33.04075971      5.844714876    0.02716489912
v      30.98623216                0    -0.4810465128
v      33.92122508      5.845002928   -0.03110921741
v      34.79899347      5.845444105     -0.121743805
v      32.01680612                0    -0.5886124901
v      35.60584579        5.8459595    -0.2278437689
v      32.96405844                0    -0.7145467271
v      36.29412989      5.846472106    -0.3332583262
v      33.77206426                0    -0.8396603935
v      36.84482032       5.84692792    -0.4268571296
v      34.41851126                0    -0.9507416376
v      37.26325487      5.847301237    -0.5034372613
v      34.90968471                0     -1.041620501
v      37.56889873      5.847589006    -0.5624205857
v      35.26844842                0     -1.111613908
v      37.78578978      5.847801181    -0.6058834353
v      35.52302782                0     -1.163188068
v      40.17313135      11.69590533   -0.07381240789
v      40.04941301      11.69603084     -0.086333699
v      39.87159299      11.69620779    -0.1039696542
v       39.6212896      11.69645037    -0.1281059975
v      39.27911719      11.69677068    -0.1598842293
v      38.82960528      11.69717283    -0.1995923351
v      38.26896423      11.69764321    -0.2457401722
v      37.61326534      11.69813955    -0.2940420189
v      36.90160093      11.69858317    -0.3369034317
v      36.18919676      11.69887126    -0.3647030366
v      35.53176356      11.69891526    -0.3694167759
v      34.96966908      11.69868288    -0.3483435702
v       34.5194458      11.69839136    -0.3177608592
v      34.17749679      11.69812947     -0.284421811
v       33.9305613      11.69774156    -0.2382963115
v      33.76625508      11.69709084    -0.1704016108
v      33.69313135      11.69590533   -0.07381240789
v      33.72653549      11.69433784     0.0451761145
v      33.86240792      11.69289808     0.1657806451
v      34.09184898       11.6915299      0.280848763
v        34.427476      11.69031192     0.3834816734
v      34.88291788      11.68950503     0.4541466181
v      35.45726487      11.68926022     0.4784455556
v      36.12909127      11.68942975     0.4662730785
v      36.85621799      11.69000586      0.418828078
v      37.58118082      11.69088821     0.3451248802
v      38.24763315        11.691919     0.2588591892
v      38.81619552      11.69294421     0.1731437411
v      39.27112937      11.69385584    0.09702737843
v      39.61682502      11.69460247    0.03474597809
v      39.86934903      11.69517801   -0.01322726321
v      40.04855174      11.69560236   -0.04857880286
v      42.40969703        17.543858     0.4892813882
v      42.31197702      17.54404626     0.4798476182
v      42.17152667      17.54431169     0.4665588982
v      41.97383007      17.54467555     0.4483686481
v       41.7035804      17.54515601     0.4244110507
v      41.34856578      17.54575924     0.3944585363
v      40.90580285      17.54646482     0.3596223665
v      40.38799679      17.54720932     0.3231256245
v      39.82603317      17.54787475     0.2907120219
v      39.26352799       17.5483069     0.2696856334
v      38.74445372      17.54837289     0.2661623932
v      38.30063456      17.54802432     0.2822223089
v      37.94509352      17.54758704     0.3051337751
v      37.67496375       17.5471942     0.3296263466
v      37.47963511      17.54661234     0.3637338247
v      37.34893864      17.54563626      0.414628608
v      37.28969703        17.543858     0.4892813882
v       37.3180532      17.54150677     0.5821728727
v      37.42705919      17.53934711     0.6750363717
v      37.60910489      17.53729485     0.7635893231
v      37.87448881      17.53546788     0.8425522927
v      38.23409176      17.53425754     0.8966454955
v      38.68731587      17.53389034     0.9149634163
v      39.21742283      17.53414463     0.9053812579
v      39.79121091      17.53500878     0.8687653735
v      40.36336818      17.53633232     0.8119935653
v      40.88942051       17.5378785     0.7455621474
v      41.33826115      17.53941632     0.6795458084
v      41.69743843      17.54078376     0.6209118865
v      41.97039518      17.54190371     0.5729292175
v      42.16979933      17.54276702     0.5359660593
v       42.3113137      17.54340354     0.5087258296
v      44.64626271      23.39181066      1.052375184
v      44.57454104      23.39206169      1.046028935
v      44.47146036      23.39241559      1.037087451
v      44.32637055      23.39290073      1.024843294
v      44.12804362      23.39354135      1.008706331
v      43.86752629      23.39434566     0.9885094078
v      43.54264148      23.39528643     0.9649849052
v      43.16272824       23.3962791     0.9402932679
v      42.75046541      23.39716634     0.9183274754
v      42.33785922      23.39774253     0.9040743034
v      41.95714388      23.39783052     0.9017415623
v      41.63160004      23.39736576     0.9127881879
v      41.37074124      23.39678272     0.9280284094
v       41.1724307      23.39625893     0.9436745043
v      41.02870891      23.39548312      0.965763961
v       40.9316222      23.39418168     0.9996588267
v      40.88626271      23.39181066      1.052375184
v      40.90957091      23.38867569      1.119169631
v      40.99171045      23.38579615      1.184292098
v      41.12636081       23.3830598      1.246329883
v      41.32150161      23.38062383      1.301622912
v      41.58526563      23.37901005      1.339144373
v      41.91736688      23.37852045      1.351481277
v      42.30575439       23.3788595      1.344489437
v      42.72620382      23.38001171      1.318702669
v      43.14555553      23.38177642       1.27886225
v      43.53120786        23.383838      1.232265106
v      43.86032678      23.38588843      1.185947876
v      44.12374749      23.38771168      1.144796395
v      44.32396534      23.38920495      1.111112457
v      44.47024964      23.39035602      1.085159382
v      44.57407566      23.39120473      1.066030462
v      46.88282839      29.23976333       1.61546898
v      46.83710505      29.24007711      1.612210253
v      46.77139404      29.24051948      1.607616003
v      46.67891102      29.24112592      1.601317939
v      46.55250684      29.24192669      1.593001611
v       46.3864868      29.24293207      1.582560279
v       46.1794801      29.24410804      1.570347444
v      45.93745968      29.24534887      1.557460911
v      45.67489765      29.24645792      1.545942929
v      45.41219044      29.24717816      1.538462973
v      45.16983404      29.24728815      1.537320731
v      44.96256552       29.2467072      1.543354067
v      44.79638896      29.24597839      1.550923044
v      44.66989765      29.24532367      1.557722662
v      44.57778272       29.2443539      1.567794097
v      44.51430576       29.2427271      1.584689045
v      44.48282839      29.23976333       1.61546898
v      44.50108862      29.23584461      1.656166389
v      44.55636172      29.23224519      1.693547825
v      44.64361673      29.22882475      1.729070443
v      44.76851441      29.22577979      1.760693531
v       44.9364395      29.22376256       1.78164325
v      45.14741788      29.22315056      1.787999138
v      45.39408596      29.22357438      1.783597617
v      45.66119674      29.22501464      1.768639964
v      45.92774288      29.22722053      1.745730936
v      46.17299522       29.2297975      1.718968064
v      46.38239242      29.23236053      1.692349943
v      46.55005654       29.2346396      1.668680903
v      46.67753549      29.23650618      1.649295696
v      46.77069994      29.23794503      1.634352704
v      46.83683762      29.23900591      1.623335094
v      46.83703819      29.23980931      1.614991463
v      46.77122052      29.23987587      1.614300178
v      46.67856714      29.23997098      1.613312379
v      46.55189426      29.24010492      1.611921434
v       46.3854632      29.24028919      1.610007695
v      46.17785888       29.2405304      1.607502599
v      45.93503048      29.24081678      1.604528417
v      45.67147242       29.2410971      1.601617188
v      45.40766432      29.24127722      1.599746634
v         45.16423      29.24125375      1.599990333
v      44.95603402      29.24097104      1.602926363
v      44.78942032      29.24092874      1.603365666
v      44.66332742      29.24119894      1.600559607
v      44.57242747      29.24132672      1.599232529
v      44.51100148      29.24100648      1.602558381
v      44.50439291      29.23756523      1.638297053
v      44.56171697      29.23527237      1.662109393
v      44.65018696      29.23294948      1.686233498
v      44.77548305      29.23082944      1.708250909
v      44.94297101      29.22949872      1.722070954
v      45.15302192      29.22918496      1.725329536
v      45.39861208      29.22947533      1.722313956
v      45.66462197      29.23037546      1.712965705
v      45.93017208      29.23175261      1.698663429
v      46.17461644      29.23337513      1.681812909
v      46.38341601      29.23500342      1.664902527
v      46.55066912      29.23646137       1.64976108
v      46.67787937      29.23766112      1.637301257
v      46.77087347      29.23858864      1.627668529
v      46.83690447      29.23927371      1.620553884
v      46.83697133      29.23954151      1.617772674
v      46.77104699      29.23923226      1.620984354
v      46.67822326      29.23881605      1.625306818
v      46.55128169      29.23828315      1.630841257
v      46.38443961       29.2376463      1.637455111
v      46.17623766      29.23695277      1.644657754
v      45.93260128       29.2362847      1.651595923
v       45.6680472      29.23573628      1.657291447
v       45.4031382      29.23537627      1.661030295
v      45.15862596      29.23521935      1.662659935
v      44.94950251      29.23523488      1.662498659
v      44.78245168      29.23587909      1.655808287
v      44.65675719      29.23707421      1.643396552
v      44.56707222      29.23829954      1.630670961
v      44.50769719      29.23928585      1.620427717
v      37.93656568     -5.847952665    -0.6369062039
v        37.786849     -5.848015421    -0.6525150162
v       37.5716593     -5.848103897    -0.6744982066
v      37.26874912     -5.848225183    -0.7045806431
v      36.85465397     -5.848385338    -0.7441795093
v      36.31064477     -5.848586415    -0.7936432066
v      35.63212561     -5.848821607    -0.8511027109
v       34.8385339     -5.849069774    -0.9112096622
v      33.97716869     -5.849291585    -0.9645188852
v      33.11486553     -5.849435632    -0.9990917066
v      32.31907339      -5.84945763     -1.004995945
v       31.6387036     -5.849341441    -0.9789094492
v      31.09379808     -5.849195679    -0.9406554935
v      30.68002984     -5.849064733    -0.8984699686
v       30.3814875     -5.848870779    -0.8403264477
v      30.18357152      -5.84854542    -0.7554318295
v      30.09656568     -5.847952665    -0.6369062039
v      30.13501777     -5.847168922    -0.4918206437
v      30.29775665     -5.846449038    -0.3434750814
v      30.57459306      -5.84576495     -0.201891797
v       30.9804632     -5.845155959   -0.07558894585
v      31.53174401     -5.844752513    0.01164774065
v      32.22721387     -5.844630112    0.04192769487
v      33.04075971     -5.844714876    0.02716489912
v      33.92122508     -5.845002928   -0.03110921741
v      34.79899347     -5.845444105     -0.121743805
v      35.60584579       -5.8459595    -0.2278437689
v      36.29412989     -5.846472106    -0.3332583262
v      36.84482032      -5.84692792    -0.4268571296
v      37.26325487     -5.847301237    -0.5034372613
v      37.56889873     -5.847589006    -0.5624205857
v      37.78578978     -5.847801181    -0.6058834353
v      40.17313135     -11.69590533   -0.07381240789
v      40.04941301     -11.69603084     -0.086333699
v      39.87159299     -11.69620779    -0.1039696542
v       39.6212896     -11.69645037    -0.1281059975
v      39.27911719     -11.69677068    -0.1598842293
v      38.82960528     -11.69717283    -0.1995923351
v      38.26896423     -11.69764321    -0.2457401722
v      37.61326534     -11.69813955    -0.2940420189
v      36.90160093     -11.69858317    -0.3369034317
v      36.18919676     -11.69887126    -0.3647030366
v      35.53176356     -11.69891526    -0.3694167759
v      34.96966908     -11.69868288    -0.3483435702
v       34.5194458     -11.69839136    -0.3177608592
v      34.17749679     -11.69812947     -0.284421811
v       33.9305613     -11.69774156    -0.2382963115
v      33.76625508     -11.69709084    -0.1704016108
v      33.69313135     -11.69590533   -0.07381240789
v      33.72653549     -11.69433784     0.0451761145
v      33.86240792     -11.69289808     0.1657806451
v      34.09184898      -11.6915299      0.280848763
v        34.427476     -11.69031192     0.3834816734
v      34.88291788     -11.68950503     0.4541466181
v      35.45726487     -11.68926022     0.4784455556
v      36.12909127     -11.68942975     0.4662730785
v      36.85621799     -11.69000586      0.418828078
v      37.58118082     -11.69088821     0.3451248802
v      38.24763315       -11.691919     0.2588591892
v      38.81619552     -11.69294421     0.1731437411
v      39.27112937     -11.69385584    0.09702737843
v      39.61682502     -11.69460247    0.03474597809
v      39.86934903     -11.69517801   -0.01322726321
v      40.04855174     -11.69560236   -0.04857880286
v      42.40969703       -17.543858     0.4892813882
v      42.31197702     -17.54404626     0.4798476182
v      42.17152667     -17.54431169     0.4665588982
v      41.97383007     -17.54467555     0.4483686481
v       41.7035804     -17.54515601     0.4244110507
v      41.34856578     -17.54575924     0.3944585363
v      40.90580285     -17.54646482     0.3596223665
v      40.38799679     -17.54720932     0.3231256245
v      39.82603317     -17.54787475     0.2907120219
v      39.26352799      -17.5483069     0.2696856334
v      38.74445372     -17.54837289     0.2661623932
v      38.30063456     -17.54802432     0.2822223089
v      37.94509352     -17.54758704     0.3051337751
v      37.67496375      -17.5471942     0.3296263466
v      37.47963511     -17.54661234     0.3637338247
v      37.34893864     -17.54563626      0.414628608
v      37.28969703       -17.543858     0.4892813882
v       37.3180532     -17.54150677     0.5821728727
v      37.42705919     -17.53934711     0.6750363717
v      37.60910489     -17.53729485     0.7635893231
v      37.87448881     -17.53546788     0.8425522927
v      38.23409176     -17.53425754     0.8966454955
v      38.68731587     -17.53389034     0.9149634163
v      39.21742283     -17.53414463     0.9053812579
v      39.79121091     -17.53500878     0.8687653735
v      40.36336818     -17.53633232     0.8119935653
v      40.88942051      -17.5378785     0.7455621474
v      41.33826115     -17.53941632     0.6795458084
v      41.69743843     -17.54078376     0.6209118865
v      41.97039518     -17.54190371     0.5729292175
v      42.16979933     -17.54276702     0.5359660593
v       42.3113137     -17.54340354     0.5087258296
v      44.64626271     -23.39181066      1.052375184
v      44.57454104     -23.39206169      1.046028935
v      44.47146036     -23.39241559      1.037087451
v      44.32637055     -23.39290073      1.024843294
v      44.12804362     -23.39354135      1.008706331
v      43.86752629     -23.39434566     0.9885094078
v      43.54264148     -23.39528643     0.9649849052
v      43.16272824      -23.3962791     0.9402932679
v      42.75046541     -23.39716634     0.9183274754
v      42.33785922     -23.39774253     0.9040743034
v      41.95714388     -23.39783052     0.9017415623
v      41.63160004     -23.39736576     0.9127881879
v      41.37074124     -23.39678272     0.9280284094
v       41.1724307     -23.39625893     0.9436745043
v      41.02870891     -23.39548312      0.965763961
v       40.9316222     -23.39418168     0.9996588267
v      40.88626271     -23.39181066      1.052375184
v      40.90957091     -23.38867569      1.119169631
v      40.99171045     -23.38579615      1.184292098
v      41.12636081      -23.3830598      1.246329883
v      41.32150161     -23.38062383      1.301622912
v      41.58526563     -23.37901005      1.339144373
v      41.91736688     -23.37852045      1.351481277
v      42.30575439      -23.3788595      1.344489437
v      42.72620382     -23.38001171      1.318702669
v      43.14555553     -23.38177642       1.27886225
v      43.53120786       -23.383838      1.232265106
v      43.86032678     -23.38588843      1.185947876
v      44.12374749     -23.38771168      1.144796395
v      44.32396534     -23.38920495      1.111112457
v      44.47024964     -23.39035602      1.085159382
v      44.57407566     -23.39120473      1.066030462
v      46.88282839     -29.23976333       1.61546898
v      46.83710505     -29.24007711      1.612210253
v      46.77139404     -29.24051948      1.607616003
v      46.67891102     -29.24112592      1.601317939
v      46.55250684     -29.24192669      1.593001611
v       46.3864868     -29.24293207      1.582560279
v       46.1794801     -29.24410804      1.570347444
v      45.93745968     -29.24534887      1.557460911
v      45.67489765     -29.24645792      1.545942929
v      45.41219044     -29.24717816      1.538462973
v      45.16983404     -29.24728815      1.537320731
v      44.96256552      -29.2467072      1.543354067
v      44.79638896     -29.24597839      1.550923044
v      44.66989765     -29.24532367      1.557722662
v      44.57778272      -29.2443539      1.567794097
v      44.51430576      -29.2427271      1.584689045
v      44.48282839     -29.23976333       1.61546898
v      44.50108862     -29.23584461      1.656166389
v      44.55636172     -29.23224519      1.693547825
v      44.64361673     -29.22882475      1.729070443
v      44.76851441     -29.22577979      1.760693531
v       44.9364395     -29.22376256       1.78164325
v      45.14741788     -29.22315056      1.787999138
v      45.39408596     -29.22357438      1.783597617
v      45.66119674     -29.22501464      1.768639964
v      45.92774288     -29.22722053      1.745730936
v      46.17299522      -29.2297975      1.718968064
v      46.38239242     -29.23236053      1.692349943
v      46.55005654      -29.2346396      1.668680903
v      46.67753549     -29.23650618      1.649295696
v      46.77069994     -29.23794503      1.634352704
v      46.83683762     -29.23900591      1.623335094
v      46.83703819     -29.23980931      1.614991463
v      46.77122052     -29.23987587      1.614300178
v      46.67856714     -29.23997098      1.613312379
v      46.55189426     -29.24010492      1.611921434
v       46.3854632     -29.24028919      1.610007695
v      46.17785888      -29.2405304      1.607502599
v      45.93503048     -29.24081678      1.604528417
v      45.67147242      -29.2410971      1.601617188
v      45.40766432     -29.24127722      1.599746634
v         45.16423     -29.24125375      1.599990333
v      44.95603402     -29.24097104      1.602926363
v      44.78942032     -29.24092874      1.603365666
v      44.66332742     -29.24119894      1.600559607
v      44.57242747     -29.24132672      1.599232529
v      44.51100148     -29.24100648      1.602558381
v      44.50439291     -29.23756523      1.638297053
v      44.56171697     -29.23527237      1.662109393
v      44.65018696     -29.23294948      1.686233498
v      44.77548305     -29.23082944      1.708250909
v      44.94297101     -29.22949872      1.722070954
v      45.15302192     -29.22918496      1.725329536
v      45.39861208     -29.22947533      1.722313956
v      45.66462197     -29.23037546      1.712965705
v      45.93017208     -29.23175261      1.698663429
v      46.17461644     -29.23337513      1.681812909
v      46.38341601     -29.23500342      1.664902527
v      46.55066912     -29.23646137       1.64976108
v      46.67787937     -29.23766112      1.637301257
v      46.77087347     -29.23858864      1.627668529
v      46.83690447     -29.23927371      1.620553884
v      46.83697133     -29.23954151      1.617772674
v      46.77104699     -29.23923226      1.620984354
v      46.67822326     -29.23881605      1.625306818
v      46.55128169     -29.23828315      1.630841257
v      46.38443961      -29.2376463      1.637455111
v      46.17623766     -29.23695277      1.644657754
v      45.93260128      -29.2362847      1.651595923
v       45.6680472     -29.23573628      1.657291447
v       45.4031382     -29.23537627      1.661030295
v      45.15862596     -29.23521935      1.662659935
v      44.94950251     -29.23523488      1.662498659
v      44.78245168     -29.23587909      1.655808287
v      44.65675719     -29.23707421      1.643396552
v      44.56707222     -29.23829954      1.630670961
v      44.50769719     -29.23928585      1.620427717
v             64.1                0              2.2
v      63.99308528                0       2.18755332
v      64.66634481      1.939317696      2.403830503
v      64.57279443      1.939414739      2.392949858
v      63.83940055                0      2.170086784
v      64.43832029       1.93955092      2.377680952
v      63.62303861                0      2.146322342
v      64.24900359      1.939736204      2.356906539
v      63.32720757                0      2.115328458
v      63.99015143      1.939977854      2.329812289
v       62.9384806                0      2.077158035
v      63.65001533      1.940275456      2.296444448
v      62.45351963                0      2.033686528
v      63.22567449       1.94061439      2.258442503
v      61.88618618                0      1.989263954
v      62.72925771      1.940960739      2.219609154
v      61.27031949                0      1.950613899
v      62.19037436      1.941262082      2.185822028
v      61.65089927      1.941459685      2.163666366
v      60.65377653                0      1.925269406
v      61.15303182      1.941510996      2.157913256
v      60.08478516                0       1.91868826
v      60.72719364      1.941407918      2.169470584
v      59.59811295                0      1.931909017
v      60.38647821      1.941174289      2.195665491
v      59.20872388                0      1.961874117
v      60.12886951      1.940846479      2.232420249
v      58.91431394                0      2.003918931
v      59.94376842      1.940449358      2.276946237
v      58.70276984                0      2.054853476
v       59.8198856       1.93996962      2.330735429
v      58.56118948                0      2.116384464
v      59.76634481      1.939317696      2.403830503
v             58.5                0              2.2
v      58.56118948                0      2.283615536
v       59.8198856      1.938665772      2.476925578
v      58.70276984                0      2.345146524
v      59.94376842      1.938186034       2.53071477
v      58.91431394                0      2.396081069
v      60.12886951      1.937788913      2.575240758
v      59.20872388                0      2.438125883
v      60.38647821      1.937461103      2.611995516
v      59.59811295                0      2.468090983
v      60.72719364      1.937227474      2.638190423
v      60.08478516                0       2.48131174
v      61.15303182      1.937124396      2.649747751
v      60.65377653                0      2.474730594
v      61.65089927      1.937175707      2.643994641
v      61.27031949                0      2.449386101
v      62.19037436       1.93737331      2.621838979
v      62.72925771      1.937674653      2.588051853
v      61.88618618                0      2.410736046
v      63.22567449      1.938021002      2.549218504
v      62.45351963                0      2.366313472
v      63.65001533      1.938359935      2.511216558
v       62.9384806                0      2.322841965
v      63.99015143      1.938657538      2.477848718
v      63.32720757                0      2.284671542
v      64.24900359      1.938899188      2.450754467
v      63.62303861                0      2.253677658
v      64.43832029      1.939084472      2.429980055
v      63.83940055                0      2.229913216
v      64.57279443      1.939220653      2.414711149
v      63.99308528                0       2.21244668
v      65.23268961      3.878635392      2.607661007
v      65.15250357      3.878829478      2.598346396
v      65.03724003       3.87910184       2.58527512
v      64.87496857      3.879472408      2.567490737
v      64.65309529      3.879955707      2.544296121
v      64.36155006      3.880550913      2.515730862
v      63.99782934      3.881228781      2.483198479
v      63.57232925      3.881921479      2.449954354
v      63.11042923      3.882524163      2.421030157
v      62.64802201       3.88291937      2.402063325
v      62.22127848      3.883021992      2.397138252
v      61.85627433      3.882815836      2.407032152
v      61.56423253      3.882348579      2.429456866
v      61.34342507      3.881692958      2.460921568
v      61.18476699      3.880898716      2.499038998
v      61.07858172      3.879939241      2.545086394
v      61.03268961      3.878635392      2.607661007
v      61.07858172      3.877331543      2.670235619
v      61.18476699      3.876372067      2.716283015
v      61.34342507      3.875577826      2.754400446
v      61.56423253      3.874922205      2.785865148
v      61.85627433      3.874454948      2.808289862
v      62.22127848      3.874248792      2.818183762
v      62.64802201      3.874351414      2.813258688
v      63.11042923       3.87474662      2.794291856
v      63.57232925      3.875349305       2.76536766
v      63.99782934      3.876042003      2.732123535
v      64.36155006      3.876719871      2.699591151
v      64.65309529      3.877315077      2.671025893
v      64.87496857      3.877798376      2.647831277
v      65.03724003      3.878168944      2.630046893
v      65.15250357      3.878441306      2.616975618
v      65.79903442      5.817953088       2.81149151
v      65.73221272      5.818244217      2.803742934
v      65.63615976       5.81865276      2.792869288
v      65.50093355      5.819208612      2.778074935
v      65.31603915      5.819933561      2.758779952
v      65.07308479      5.820826369      2.735017276
v      64.76998419      5.821843171      2.707954454
v      64.41540078      5.822882218      2.680299554
v       64.0304841      5.823786245      2.656238286
v      63.64514475      5.824379054      2.640460285
v      63.28952515      5.824532988      2.636363248
v      62.98535502      5.824223753      2.644593719
v      62.74198685      5.823522868       2.66324824
v      62.55798063      5.822539437      2.689422886
v      62.42576557      5.821348075       2.72113176
v      62.33727784      5.819908861       2.75943736
v      62.29903442      5.817953088       2.81149151
v      62.33727784      5.815997315       2.86354566
v      62.42576557      5.814558101       2.90185126
v      62.55798063      5.813366739      2.933560134
v      62.74198685      5.812383308       2.95973478
v      62.98535502      5.811682422      2.978389301
v      63.28952515      5.811373188      2.986619773
v      63.64514475      5.811527121      2.982522735
v       64.0304841      5.812119931      2.966744734
v      64.41540078      5.813023958      2.942683466
v      64.76998419      5.814063005      2.915028566
v      65.07308479      5.815079806      2.887965744
v      65.31603915      5.815972615      2.864203068
v      65.50093355      5.816697564      2.844908086
v      65.63615976      5.817253416      2.830113732
v      65.73221272      5.817661959      2.819240087
v      66.36537923      7.757270784      3.015322013
v      66.31192187      7.757658955      3.009139472
v       66.2350795       7.75820368      3.000463457
v      66.12689853      7.758944816      2.988659132
v      65.97898301      7.759911414      2.973263784
v      65.78461953      7.761101826       2.95430369
v      65.54213904      7.762457561       2.93271043
v      65.25847232      7.763842957      2.910644754
v      64.95053897      7.765048327      2.891446416
v      64.64226749      7.765838739      2.878857245
v      64.35777181      7.766043984      2.875588244
v       64.1144357      7.765631671      2.882155287
v      63.91974117      7.764697157      2.897039615
v       63.7725362      7.763385916      2.917924205
v      63.66676415      7.761797433      2.943224521
v      63.59597396      7.759878481      2.973788325
v      63.56537923      7.757270784      3.015322013
v      63.59597396      7.754663087      3.056855702
v      63.66676415      7.752744135      3.087419506
v       63.7725362      7.751155652      3.112719822
v      63.91974117      7.749844411      3.133604412
v       64.1144357      7.748909896       3.14848874
v      64.35777181      7.748497584      3.155055783
v      64.64226749      7.748702829      3.151786782
v      64.95053897      7.749493241      3.139197611
v      65.25847232      7.750698611      3.119999273
v      65.54213904      7.752084007      3.097933597
v      65.78461953      7.753439742      3.076340337
v      65.97898301      7.754630153      3.057380243
v      66.12689853      7.755596752      3.041984895
v       66.2350795      7.756337888       3.03018057
v      66.31192187      7.756882612      3.021504555
v      66.93172403       9.69658848      3.219152517
v      66.89163101      9.697073694       3.21453601
v      66.83399924        9.6977546      3.208057625
v      66.75286351       9.69868102       3.19924333
v      66.64192687      9.699889268      3.187747615
v      66.49615426      9.701377282      3.173590103
v       66.3142939      9.703071951      3.157466405
v      66.10154385      9.704803696      3.140989954
v      65.87059384      9.706310408      3.126654545
v      65.63939023      9.707298424      3.117254205
v      65.42601847       9.70755498       3.11481324
v      65.24351639      9.707039589      3.119716854
v      65.09749549      9.705871446       3.13083099
v      64.98709176      9.704232395      3.146425524
v      64.90776272      9.702246791      3.165317283
v      64.85467009      9.699848101      3.188139291
v      64.83172403       9.69658848      3.219152517
v      64.85467009      9.693328858      3.250165743
v      64.90776272      9.690930169      3.272987751
v      64.98709176      9.688944565       3.29187951
v      65.09749549      9.687305513      3.307474044
v      65.24351639      9.686137371       3.31858818
v      65.42601847       9.68562198      3.323491794
v      65.63939023      9.685878536      3.321050829
v      65.87059384      9.686866551      3.311650489
v      66.10154385      9.688373263       3.29731508
v       66.3142939      9.690105008      3.280838629
v      66.49615426      9.691799677       3.26471493
v      66.64192687      9.693287692      3.250557418
v      66.75286351       9.69449594      3.239061704
v      66.83399924       9.69542236      3.230247409
v      66.89163101      9.696103265      3.223769024
v      66.89163101      9.696831087      3.216844263
v      66.83399924       9.69717154      3.213605071
v      66.75286351       9.69763475      3.209197923
v      66.64192687      9.698238874      3.203450066
v      66.49615426      9.698982881       3.19637131
v       66.3142939      9.699830216      3.188309461
v      66.10154385      9.700696088      3.180071235
v      65.87059384      9.701449444      3.172903531
v      65.63939023      9.701943452      3.168203361
v      65.42601847       9.70207173      3.166982878
v      65.24351639      9.701814034      3.169434685
v      65.09749549      9.701229963      3.174991753
v      64.98709176      9.700410437       3.18278902
v      64.90776272      9.699417635        3.1922349
v      64.85467009      9.698218291      3.203645904
v      64.85467009      9.694958669       3.23465913
v      64.90776272      9.693759324      3.246070134
v      64.98709176      9.692766522      3.255516013
v      65.09749549      9.691946997       3.26331328
v      65.24351639      9.691362925      3.268870348
v      65.42601847       9.69110523      3.271322155
v      65.63939023      9.691233508      3.270101673
v      65.87059384      9.691727516      3.265401503
v      66.10154385      9.692480872      3.258233798
v       66.3142939      9.693346744      3.249995573
v      66.49615426      9.694194079      3.241933724
v      66.64192687      9.694938086      3.234854968
v      66.75286351       9.69554221       3.22910711
v      66.83399924       9.69600542      3.224699963
v      66.89163101      9.696345873       3.22146077
v      66.89163101       9.69658848      3.219152517
v      66.83399924       9.69658848      3.219152517
v      66.75286351       9.69658848      3.219152517
v      66.64192687       9.69658848      3.219152517
v      66.49615426       9.69658848      3.219152517
v       66.3142939       9.69658848      3.219152517
v      66.10154385       9.69658848      3.219152517
v      65.87059384       9.69658848      3.219152517
v      65.63939023       9.69658848      3.219152517
v      65.42601847       9.69658848      3.219152517
v      65.24351639       9.69658848      3.219152517
v      65.09749549       9.69658848      3.219152517
v      64.98709176       9.69658848      3.219152517
v      64.90776272       9.69658848      3.219152517
v      64.85467009       9.69658848      3.219152517
v      64.66634481     -1.939317696      2.403830503
v      64.57279443     -1.939414739      2.392949858
v      64.43832029      -1.93955092      2.377680952
v      64.24900359     -1.939736204      2.356906539
v      63.99015143     -1.939977854      2.329812289
v      63.65001533     -1.940275456      2.296444448
v      63.22567449      -1.94061439      2.258442503
v      62.72925771     -1.940960739      2.219609154
v      62.19037436     -1.941262082      2.185822028
v      61.65089927     -1.941459685      2.163666366
v      61.15303182     -1.941510996      2.157913256
v      60.72719364     -1.941407918      2.169470584
v      60.38647821     -1.941174289      2.195665491
v      60.12886951     -1.940846479      2.232420249
v      59.94376842     -1.940449358      2.276946237
v       59.8198856      -1.93996962      2.330735429
v      59.76634481     -1.939317696      2.403830503
v       59.8198856     -1.938665772      2.476925578
v      59.94376842     -1.938186034       2.53071477
v      60.12886951     -1.937788913      2.575240758
v      60.38647821     -1.937461103      2.611995516
v      60.72719364     -1.937227474      2.638190423
v      61.15303182     -1.937124396      2.649747751
v      61.65089927     -1.937175707      2.643994641
v      62.19037436      -1.93737331      2.621838979
v      62.72925771     -1.937674653      2.588051853
v      63.22567449     -1.938021002      2.549218504
v      63.65001533     -1.938359935      2.511216558
v      63.99015143     -1.938657538      2.477848718
v      64.24900359     -1.938899188      2.450754467
v      64.43832029     -1.939084472      2.429980055
v      64.57279443     -1.939220653      2.414711149
v      65.23268961     -3.878635392      2.607661007
v      65.15250357     -3.878829478      2.598346396
v      65.03724003      -3.87910184       2.58527512
v      64.87496857     -3.879472408      2.567490737
v      64.65309529     -3.879955707      2.544296121
v      64.36155006     -3.880550913      2.515730862
v      63.99782934     -3.881228781      2.483198479
v      63.57232925     -3.881921479      2.449954354
v      63.11042923     -3.882524163      2.421030157
v      62.64802201      -3.88291937      2.402063325
v      62.22127848     -3.883021992      2.397138252
v      61.85627433     -3.882815836      2.407032152
v      61.56423253     -3.882348579      2.429456866
v      61.34342507     -3.881692958      2.460921568
v      61.18476699     -3.880898716      2.499038998
v      61.07858172     -3.879939241      2.545086394
v      61.03268961     -3.878635392      2.607661007
v      61.07858172     -3.877331543      2.670235619
v      61.18476699     -3.876372067      2.716283015
v      61.34342507     -3.875577826      2.754400446
v      61.56423253     -3.874922205      2.785865148
v      61.85627433     -3.874454948      2.808289862
v      62.22127848     -3.874248792      2.818183762
v      62.64802201     -3.874351414      2.813258688
v      63.11042923      -3.87474662      2.794291856
v      63.57232925     -3.875349305       2.76536766
v      63.99782934     -3.876042003      2.732123535
v      64.36155006     -3.876719871      2.699591151
v      64.65309529     -3.877315077      2.671025893
v      64.87496857     -3.877798376      2.647831277
v      65.03724003     -3.878168944      2.630046893
v      65.15250357     -3.878441306      2.616975618
v      65.79903442     -5.817953088       2.81149151
v      65.73221272     -5.818244217      2.803742934
v      65.63615976      -5.81865276      2.792869288
v      65.50093355     -5.819208612      2.778074935
v      65.31603915     -5.819933561      2.758779952
v      65.07308479     -5.820826369      2.735017276
v      64.76998419     -5.821843171      2.707954454
v      64.41540078     -5.822882218      2.680299554
v       64.0304841     -5.823786245      2.656238286
v      63.64514475     -5.824379054      2.640460285
v      63.28952515     -5.824532988      2.636363248
v      62.98535502     -5.824223753      2.644593719
v      62.74198685     -5.823522868       2.66324824
v      62.55798063     -5.822539437      2.689422886
v      62.42576557     -5.821348075       2.72113176
v      62.33727784     -5.819908861       2.75943736
v      62.29903442     -5.817953088       2.81149151
v      62.33727784     -5.815997315       2.86354566
v      62.42576557     -5.814558101       2.90185126
v      62.55798063     -5.813366739      2.933560134
v      62.74198685     -5.812383308       2.95973478
v      62.98535502     -5.811682422      2.978389301
v      63.28952515     -5.811373188      2.986619773
v      63.64514475     -5.811527121      2.982522735
v       64.0304841     -5.812119931      2.966744734
v      64.41540078     -5.813023958      2.942683466
v      64.76998419     -5.814063005      2.915028566
v      65.07308479     -5.815079806      2.887965744
v      65.31603915     -5.815972615      2.864203068
v      65.50093355     -5.816697564      2.844908086
v      65.63615976     -5.817253416      2.830113732
v      65.73221272     -5.817661959      2.819240087
v      66.36537923     -7.757270784      3.015322013
v      66.31192187     -7.757658955      3.009139472
v       66.2350795      -7.75820368      3.000463457
v      66.12689853     -7.758944816      2.988659132
v      65.97898301     -7.759911414      2.973263784
v      65.78461953     -7.761101826       2.95430369
v      65.54213904     -7.762457561       2.93271043
v      65.25847232     -7.763842957      2.910644754
v      64.95053897     -7.765048327      2.891446416
v      64.64226749     -7.765838739      2.878857245
v      64.35777181     -7.766043984      2.875588244
v       64.1144357     -7.765631671      2.882155287
v      63.91974117     -7.764697157      2.897039615
v       63.7725362     -7.763385916      2.917924205
v      63.66676415     -7.761797433      2.943224521
v      63.59597396     -7.759878481      2.973788325
v      63.56537923     -7.757270784      3.015322013
v      63.59597396     -7.754663087      3.056855702
v      63.66676415     -7.752744135      3.087419506
v       63.7725362     -7.751155652      3.112719822
v      63.91974117     -7.749844411      3.133604412
v       64.1144357     -7.748909896       3.14848874
v      64.35777181     -7.748497584      3.155055783
v      64.64226749     -7.748702829      3.151786782
v      64.95053897     -7.749493241      3.139197611
v      65.25847232     -7.750698611      3.119999273
v      65.54213904     -7.752084007      3.097933597
v      65.78461953     -7.753439742      3.076340337
v      65.97898301     -7.754630153      3.057380243
v      66.12689853     -7.755596752      3.041984895
v       66.2350795     -7.756337888       3.03018057
v      66.31192187     -7.756882612      3.021504555
v      66.93172403      -9.69658848      3.219152517
v      66.89163101     -9.697073694       3.21453601
v      66.83399924       -9.6977546      3.208057625
v      66.75286351      -9.69868102       3.19924333
v      66.64192687     -9.699889268      3.187747615
v      66.49615426     -9.701377282      3.173590103
v       66.3142939     -9.703071951      3.157466405
v      66.10154385     -9.704803696      3.140989954
v      65.87059384     -9.706310408      3.126654545
v      65.63939023     -9.707298424      3.117254205
v      65.42601847      -9.70755498       3.11481324
v      65.24351639     -9.707039589      3.119716854
v      65.09749549     -9.705871446       3.13083099
v      64.98709176     -9.704232395      3.146425524
v      64.90776272     -9.702246791      3.165317283
v      64.85467009     -9.699848101      3.188139291
v      64.83172403      -9.69658848      3.219152517
v      64.85467009     -9.693328858      3.250165743
v      64.90776272     -9.690930169      3.272987751
v      64.98709176     -9.688944565       3.29187951
v      65.09749549     -9.687305513      3.307474044
v      65.24351639     -9.686137371       3.31858818
v      65.42601847      -9.68562198      3.323491794
v      65.63939023     -9.685878536      3.321050829
v      65.87059384     -9.686866551      3.311650489
v      66.10154385     -9.688373263       3.29731508
v       66.3142939     -9.690105008      3.280838629
v      66.49615426     -9.691799677       3.26471493
v      66.64192687     -9.693287692      3.250557418
v      66.75286351      -9.69449594      3.239061704
v      66.83399924      -9.69542236      3.230247409
v      66.89163101     -9.696103265      3.223769024
v      66.89163101     -9.696831087      3.216844263
v      66.83399924      -9.69717154      3.213605071
v      66.75286351      -9.69763475      3.209197923
v      66.64192687     -9.698238874      3.203450066
v      66.49615426     -9.698982881       3.19637131
v       66.3142939     -9.699830216      3.188309461
v      66.10154385     -9.700696088      3.180071235
v      65.87059384     -9.701449444      3.172903531
v      65.63939023     -9.701943452      3.168203361
v      65.42601847      -9.70207173      3.166982878
v      65.24351639     -9.701814034      3.169434685
v      65.09749549     -9.701229963      3.174991753
v      64.98709176     -9.700410437       3.18278902
v      64.90776272     -9.699417635        3.1922349
v      64.85467009     -9.698218291      3.203645904
v      64.85467009     -9.694958669       3.23465913
v      64.90776272     -9.693759324      3.246070134
v      64.98709176     -9.692766522      3.255516013
v      65.09749549     -9.691946997       3.26331328
v      65.24351639     -9.691362925      3.268870348
v      65.42601847      -9.69110523      3.271322155
v      65.63939023     -9.691233508      3.270101673
v      65.87059384     -9.691727516      3.265401503
v      66.10154385     -9.692480872      3.258233798
v       66.3142939     -9.693346744      3.249995573
v      66.49615426     -9.694194079      3.241933724
v      66.64192687     -9.694938086      3.234854968
v      66.75286351      -9.69554221       3.22910711
v      66.83399924      -9.69600542      3.224699963
v      66.89163101     -9.696345873       3.22146077
v      66.89163101      -9.69658848      3.219152517
v      66.83399924      -9.69658848      3.219152517
v      66.75286351      -9.69658848      3.219152517
v      66.64192687      -9.69658848      3.219152517
v      66.49615426      -9.69658848      3.219152517
v       66.3142939      -9.69658848      3.219152517
v      66.10154385      -9.69658848      3.219152517
v      65.87059384      -9.69658848      3.219152517
v      65.63939023      -9.69658848      3.219152517
v      65.42601847      -9.69658848      3.219152517
v      65.24351639      -9.69658848      3.219152517
v      65.09749549      -9.69658848      3.219152517
v      64.98709176      -9.69658848      3.219152517
v      64.90776272      -9.69658848      3.219152517
v      64.85467009      -9.69658848      3.219152517
v             58.8                0              2.8
v      58.65108307  6.024206522e-16              2.8
v      58.65108307   0.008620738454              2.8
v       58.4370222  8.006750179e-16              2.8
v       58.4370222    0.02071829632              2.8
v      58.13566093   3.76918023e-16              2.8
v      58.13566093    0.03717786876              2.8
v      57.72361055  6.966798036e-17              2.8
v      57.72361055    0.05864465023              2.8
v       57.1821694 -7.116435586e-17              2.8
v       57.1821694    0.08508199896              2.8
v      56.50668806  1.390194853e-16              2.8
v      56.50668806     0.1151909501              2.8
v      55.71647361  4.264105096e-18              2.8
v      55.71647361     0.1459586226              2.8
v      54.85865929  2.775557562e-17              2.8
v      54.85865929     0.1727281712              2.8
v      53.99990302      0.190282108              2.8
v      53.99990302  4.060531192e-17              2.8
v      53.20737933     0.1948402987              2.8
v      53.20737933                0              2.8
v      52.52951447     0.1856834243              2.8
v      52.52951447  6.169712548e-17              2.8
v      51.98715112     0.1649291927              2.8
v      51.98715112 -5.630372515e-17              2.8
v      51.57708013     0.1358083885              2.8
v      51.57708013  2.353583088e-16              2.8
v      51.28242942     0.1005304369              2.8
v      51.28242942 -3.210340022e-16              2.8
v       51.0852282    0.05791324623              2.8
v       51.0852282  6.414968646e-16              2.8
v               51                0              2.8
v       51.0852282   -0.05791324623              2.8
v      51.28242942    -0.1005304369              2.8
v      51.57708013    -0.1358083885              2.8
v      51.98715112    -0.1649291927              2.8
v      52.52951447    -0.1856834243              2.8
v      53.20737933    -0.1948402987              2.8
v      53.99990302     -0.190282108              2.8
v      54.85865929    -0.1727281712              2.8
v      55.71647361    -0.1459586226              2.8
v      56.50668806    -0.1151909501              2.8
v       57.1821694   -0.08508199896              2.8
v      57.72361055   -0.05864465023              2.8
v      58.13566093   -0.03717786876              2.8
v       58.4370222   -0.02071829632              2.8
v      58.65108307  -0.008620738454              2.8
v      58.65108307    0.01724147691              2.8
v       58.4370222    0.04143659263              2.8
v      58.13566093    0.07435573753              2.8
v      57.72361055     0.1172893005              2.8
v       57.1821694     0.1701639979              2.8
v      56.50668806     0.2303819002              2.8
v      55.71647361     0.2919172452              2.8
v      54.85865929     0.3454563424              2.8
v      53.99990302      0.380564216              2.8
v      53.20737933     0.3896805974              2.8
v      52.52951447     0.3713668486              2.8
v      51.98715112     0.3298583855              2.8
v      51.57708013     0.2716167769              2.8
v      51.28242942     0.2010608737              2.8
v       51.0852282     0.1158264925              2.8
v       51.0852282    -0.1158264925              2.8
v      51.28242942    -0.2010608737              2.8
v      51.57708013    -0.2716167769              2.8
v      51.98715112    -0.3298583855              2.8
v      52.52951447    -0.3713668486              2.8
v      53.20737933    -0.3896805974              2.8
v      53.99990302     -0.380564216              2.8
v      54.85865929    -0.3454563424              2.8
v      55.71647361    -0.2919172452              2.8
v      56.50668806    -0.2303819002              2.8
v       57.1821694    -0.1701639979              2.8
v      57.72361055    -0.1172893005              2.8
v      58.13566093   -0.07435573753              2.8
v       58.4370222   -0.04143659263              2.8
v      58.65108307   -0.01724147691              2.8
v      59.33131983  1.200153863e-16             4.76
v      59.20149481    0.01503103115             4.76
v      59.01487764    0.03612420896             4.76
v      58.75215243    0.06482295066             4.76
v      58.39292902     0.1022522107             4.76
v      57.92090341     0.1483481008             4.76
v      57.33202224     0.2008457591             4.76
v      56.64311733     0.2544919574             4.76
v      55.89527921     0.3011670678             4.76
v       55.1466199     0.3317739319             4.76
v      54.45570181     0.3397215465             4.76
v       53.8647427     0.3237557142             4.76
v      53.39191312     0.2875688489             4.76
v      53.03441533     0.2367941132             4.76
v      52.77754035     0.1752838386             4.76
v      52.60562133     0.1009769421             4.76
v      52.53131983  1.200153863e-16             4.76
v      52.60562133    -0.1009769421             4.76
v      52.77754035    -0.1752838386             4.76
v      53.03441533    -0.2367941132             4.76
v      53.39191312    -0.2875688489             4.76
v       53.8647427    -0.3237557142             4.76
v      54.45570181    -0.3397215465             4.76
v       55.1466199    -0.3317739319             4.76
v      55.89527921    -0.3011670678             4.76
v      56.64311733    -0.2544919574             4.76
v      57.33202224    -0.2008457591             4.76
v      57.92090341    -0.1483481008             4.76
v      58.39292902    -0.1022522107             4.76
v      58.75215243   -0.06482295066             4.76
v      59.01487764   -0.03612420896             4.76
v      59.20149481   -0.01503103115             4.76
v      59.86263966  2.400307726e-16             6.72
v      59.75190655    0.01282058539             6.72
v      59.59273308    0.03081182529             6.72
v      59.36864393     0.0552901638             6.72
v       59.0622475    0.08721512086             6.72
v      58.65963742     0.1265322036             6.72
v      58.15735642     0.1713096181             6.72
v      57.56976105     0.2170666695             6.72
v      56.93189913     0.2568777931             6.72
v      56.29333677     0.2829836478             6.72
v      55.70402429     0.2897624955             6.72
v      55.19997093     0.2761445798             6.72
v      54.79667511     0.2452793123             6.72
v      54.49175053     0.2019714495             6.72
v      54.27265128     0.1495068035             6.72
v      54.12601447    0.08612739182             6.72
v      54.06263966  2.400307726e-16             6.72
v      54.12601447   -0.08612739182             6.72
v      54.27265128    -0.1495068035             6.72
v      54.49175053    -0.2019714495             6.72
v      54.79667511    -0.2452793123             6.72
v      55.19997093    -0.2761445798             6.72
v      55.70402429    -0.2897624955             6.72
v      56.29333677    -0.2829836478             6.72
v      56.93189913    -0.2568777931             6.72
v      57.56976105    -0.2170666695             6.72
v      58.15735642    -0.1713096181             6.72
v      58.65963742    -0.1265322036             6.72
v       59.0622475   -0.08721512086             6.72
v      59.36864393    -0.0552901638             6.72
v      59.59273308   -0.03081182529             6.72
v      59.75190655   -0.01282058539             6.72
v      60.39395948  3.600461589e-16             8.68
v      60.30231829    0.01061013964             8.68
v      60.17058853    0.02549944162             8.68
v      59.98513544    0.04575737694             8.68
v      59.73156598    0.07217803105             8.68
v      59.39837142     0.1047163064             8.68
v       58.9826906      0.141773477             8.68
v      58.49640478     0.1796413817             8.68
v      57.96851905     0.2125885184             8.68
v      57.44005365     0.2341933637             8.68
v      56.95234677     0.2398034446             8.68
v      56.53519916     0.2285334453             8.68
v       56.2014371     0.2029897757             8.68
v      55.94908572     0.1671487858             8.68
v       55.7677622     0.1237297684             8.68
v      55.64640761    0.07127784151             8.68
v      55.59395948  3.600461589e-16             8.68
v      55.64640761   -0.07127784151             8.68
v       55.7677622    -0.1237297684             8.68
v      55.94908572    -0.1671487858             8.68
v       56.2014371    -0.2029897757             8.68
v      56.53519916    -0.2285334453             8.68
v      56.95234677    -0.2398034446             8.68
v      57.44005365    -0.2341933637             8.68
v      57.96851905    -0.2125885184             8.68
v      58.49640478    -0.1796413817             8.68
v       58.9826906     -0.141773477             8.68
v      59.39837142    -0.1047163064             8.68
v      59.73156598   -0.07217803105             8.68
v      59.98513544   -0.04575737694             8.68
v      60.17058853   -0.02549944162             8.68
v      60.30231829   -0.01061013964             8.68
v      60.85273004   0.008399693879            10.64
v      60.92527931  4.800615453e-16            10.64
v      60.74844397    0.02018705795            10.64
v      60.60162694    0.03622459008            10.64
v      60.40088445    0.05714094125            10.64
v      60.13710543    0.08290040924            10.64
v      59.80802478      0.112237336            10.64
v       59.4230485     0.1422160938            10.64
v      59.00513897     0.1682992438            10.64
v      58.58677053     0.1854030796            10.64
v      58.20066924     0.1898443936            10.64
v      57.87042739     0.1809223109            10.64
v      57.60619909     0.1607002391            10.64
v      57.40642092     0.1323261221            10.64
v      57.26287313    0.09795273334            10.64
v      57.16680074    0.05642829119            10.64
v      57.12527931  4.800615453e-16            10.64
v      57.16680074   -0.05642829119            10.64
v      57.26287313   -0.09795273334            10.64
v      57.40642092    -0.1323261221            10.64
v      57.60619909    -0.1607002391            10.64
v      57.87042739    -0.1809223109            10.64
v      58.20066924    -0.1898443936            10.64
v      58.58677053    -0.1854030796            10.64
v      59.00513897    -0.1682992438            10.64
v       59.4230485    -0.1422160938            10.64
v      59.80802478     -0.112237336            10.64
v      60.13710543   -0.08290040924            10.64
v      60.40088445   -0.05714094125            10.64
v      60.60162694   -0.03622459008            10.64
v      60.74844397   -0.02018705795            10.64
v      60.85273004  -0.008399693879            10.64
v      61.40314178   0.006189248121             12.6
v      61.45659914  6.000769316e-16             12.6
v      61.32629942    0.01487467428             12.6
v      61.21811845    0.02669180321             12.6
v      61.07020293    0.04210385145             12.6
v      60.87583944    0.06108451207             12.6
v      60.63335896    0.08270119494             12.6
v      60.34969223      0.104790806             12.6
v      60.04175889     0.1240099691             12.6
v       59.7334874     0.1366127955             12.6
v      59.44899172     0.1398853427             12.6
v      59.20565562     0.1333111764             12.6
v      59.01096108     0.1184107025             12.6
v      58.86375611    0.09750345839             12.6
v      58.75798406    0.07217569825             12.6
v      58.68719388    0.04157874088             12.6
v      58.65659914  6.000769316e-16             12.6
v      58.68719388   -0.04157874088             12.6
v      58.75798406   -0.07217569825             12.6
v      58.86375611   -0.09750345839             12.6
v      59.01096108    -0.1184107025             12.6
v      59.20565562    -0.1333111764             12.6
v      59.44899172    -0.1398853427             12.6
v       59.7334874    -0.1366127955             12.6
v      60.04175889    -0.1240099691             12.6
v      60.34969223     -0.104790806             12.6
v      60.63335896   -0.08270119494             12.6
v      60.87583944   -0.06108451207             12.6
v      61.07020293   -0.04210385145             12.6
v      61.21811845   -0.02669180321             12.6
v      61.32629942   -0.01487467428             12.6
v      61.40314178  -0.006189248121             12.6
v      61.40314178   0.003094624061             12.6
v      61.32629942   0.007437337139             12.6
v      61.21811845    0.01334590161             12.6
v      61.07020293    0.02105192572             12.6
v      60.87583944    0.03054225604             12.6
v      60.63335896    0.04135059747             12.6
v      60.34969223    0.05239540299             12.6
v      60.04175889    0.06200498454             12.6
v       59.7334874    0.06830639775             12.6
v      59.44899172    0.06994267133             12.6
v      59.20565562    0.06665558822             12.6
v      59.01096108    0.05920535124             12.6
v      58.86375611     0.0487517292             12.6
v      58.75798406    0.03608784913             12.6
v      58.68719388    0.02078937044             12.6
v      58.68719388   -0.02078937044             12.6
v      58.75798406   -0.03608784913             12.6
v      58.86375611    -0.0487517292             12.6
v      59.01096108   -0.05920535124             12.6
v      59.20565562   -0.06665558822             12.6
v      59.44899172   -0.06994267133             12.6
v       59.7334874   -0.06830639775             12.6
v      60.04175889   -0.06200498454             12.6
v      60.34969223   -0.05239540299             12.6
v      60.63335896   -0.04135059747             12.6
v      60.87583944   -0.03054225604             12.6
v      61.07020293   -0.02105192572             12.6
v      61.21811845   -0.01334590161             12.6
v      61.32629942  -0.007437337139             12.6
v      61.40314178  -0.003094624061             12.6
v      61.40314178    8.1676529e-16             12.6
v      61.32629942  8.901722348e-16             12.6
v      61.21811845  7.408797192e-16             12.6
v      61.07020293  6.242202282e-16             12.6
v      60.87583944  5.688436052e-16             12.6
v      60.63335896  6.460765115e-16             12.6
v      60.34969223  5.960710992e-16             12.6
v      60.04175889  6.000769316e-16             12.6
v       59.7334874  6.011049831e-16             12.6
v      59.44899172  5.895503553e-16             12.6
v      59.20565562  6.239355638e-16             12.6
v      59.01096108   5.81795584e-16             12.6
v      58.86375611  6.861616904e-16             12.6
v      58.75798406  4.896566964e-16             12.6
v      58.68719388  8.305877382e-16             12.6
v      24.70280619     -9.256193815             -1.8
v      24.70280619     -9.276215819     -1.892312854
v             24.5             -9.5             -1.8
v      24.70280619     -9.329903007     -1.970096993
v      24.70280619     -9.407687146     -2.023784181
v      24.70280619             -9.5     -2.043806185
v      24.70280619     -9.592312854     -2.023784181
v      24.70280619     -9.670096993     -1.970096993
v      24.70280619     -9.723784181     -1.892312854
v      24.70280619     -9.743806185             -1.8
v      24.70280619     -9.723784181     -1.707687146
v      24.70280619     -9.670096993     -1.629903007
v      24.70280619     -9.592312854     -1.576215819
v      24.70280619             -9.5     -1.556193815
v      24.70280619     -9.407687146     -1.576215819
v      24.70280619     -9.329903007     -1.629903007
v      24.70280619     -9.276215819     -1.707687146
v      24.93815696     -8.937843041             -1.8
v      24.93815696     -8.983005408        -2.015861
v      24.93815696     -9.105122432     -2.194877568
v      24.93815696        -9.284139     -2.316994592
v      24.93815696             -9.5     -2.362156959
v      24.93815696        -9.715861     -2.316994592
v      24.93815696     -9.894877568     -2.194877568
v      24.93815696     -10.01699459        -2.015861
v      24.93815696     -10.06215696             -1.8
v      24.93815696     -10.01699459        -1.584139
v      24.93815696     -9.894877568     -1.405122432
v      24.93815696        -9.715861     -1.283005408
v      24.93815696             -9.5     -1.237843041
v      24.93815696        -9.284139     -1.283005408
v      24.93815696     -9.105122432     -1.405122432
v      24.93815696     -8.983005408        -1.584139
v      25.19210464     -8.618895361             -1.8
v      25.19210464     -8.688820114      -2.14091614
v      25.19210464     -8.878786756     -2.421213244
v      25.19210464      -9.15908386     -2.611179886
v      25.19210464             -9.5     -2.681104639
v      25.19210464      -9.84091614     -2.611179886
v      25.19210464     -10.12121324     -2.421213244
v      25.19210464     -10.31117989      -2.14091614
v      25.19210464     -10.38110464             -1.8
v      25.19210464     -10.31117989      -1.45908386
v      25.19210464     -10.12121324     -1.178786756
v      25.19210464      -9.84091614     -0.988820114
v      25.19210464             -9.5    -0.9188953609
v      25.19210464      -9.15908386     -0.988820114
v      25.19210464     -8.878786756     -1.178786756
v      25.19210464     -8.688820114      -1.45908386
v      25.45070155     -8.373298454             -1.8
v      25.45070155     -8.462111284     -2.237749976
v      25.45070155     -8.704024463     -2.595975537
v      25.45070155     -9.062250024     -2.837888716
v      25.45070155             -9.5     -2.926701546
v      25.45070155     -9.937749976     -2.837888716
v      25.45070155     -10.29597554     -2.595975537
v      25.45070155     -10.53788872     -2.237749976
v      25.45070155     -10.62670155             -1.8
v      25.45070155     -10.53788872     -1.362250024
v      25.45070155     -10.29597554     -1.004024463
v      25.45070155     -9.937749976    -0.7621112838
v      25.45070155             -9.5    -0.6732984536
v      25.45070155     -9.062250024    -0.7621112838
v      25.45070155     -8.704024463     -1.004024463
v      25.45070155     -8.462111284     -1.362250024
v             25.7           -8.275             -1.8
v             25.7     -8.371330263      -2.27663421
v             25.7     -8.633964036     -2.666035964
v             25.7      -9.02336579     -2.928669737
v             25.7             -9.5           -3.025
v             25.7      -9.97663421     -2.928669737
v             25.7     -10.36603596     -2.666035964
v             25.7     -10.62866974      -2.27663421
v             25.7          -10.725             -1.8
v             25.7     -10.62866974      -1.32336579
v             25.7     -10.36603596    -0.9339640356
v             25.7      -9.97663421    -0.6713302634
v             25.7             -9.5           -0.575
v             25.7      -9.02336579    -0.6713302634
v             25.7     -8.633964036    -0.9339640356
v             25.7     -8.371330263      -1.32336579
v            25.94           -8.275             -1.8
v            25.94     -8.371330263      -2.27663421
v            25.94     -8.633964036     -2.666035964
v            25.94      -9.02336579     -2.928669737
v            25.94             -9.5           -3.025
v            25.94      -9.97663421     -2.928669737
v            25.94     -10.36603596     -2.666035964
v            25.94     -10.62866974      -2.27663421
v            25.94          -10.725             -1.8
v            25.94     -10.62866974      -1.32336579
v            25.94     -10.36603596    -0.9339640356
v            25.94      -9.97663421    -0.6713302634
v            25.94             -9.5           -0.575
v            25.94      -9.02336579    -0.6713302634
v            25.94     -8.633964036    -0.9339640356
v            25.94     -8.371330263      -1.32336579
v            26.18           -8.275             -1.8
v            26.18     -8.371330263      -2.27663421
v            26.18     -8.633964036     -2.666035964
v            26.18      -9.02336579     -2.928669737
v            26.18             -9.5           -3.025
v            26.18      -9.97663421     -2.928669737
v            26.18     -10.36603596     -2.666035964
v            26.18     -10.62866974      -2.27663421
v            26.18          -10.725             -1.8
v            26.18     -10.62866974      -1.32336579
v            26.18     -10.36603596    -0.9339640356
v            26.18      -9.97663421    -0.6713302634
v            26.18             -9.5           -0.575
v            26.18      -9.02336579    -0.6713302634
v            26.18     -8.633964036    -0.9339640356
v            26.18     -8.371330263      -1.32336579
v            26.42           -8.275             -1.8
v            26.42     -8.371330263      -2.27663421
v            26.42     -8.633964036     -2.666035964
v            26.42      -9.02336579     -2.928669737
v            26.42             -9.5           -3.025
v            26.42      -9.97663421     -2.928669737
v            26.42     -10.36603596     -2.666035964
v            26.42     -10.62866974      -2.27663421
v            26.42          -10.725             -1.8
v            26.42     -10.62866974      -1.32336579
v            26.42     -10.36603596    -0.9339640356
v            26.42      -9.97663421    -0.6713302634
v            26.42             -9.5           -0.575
v            26.42      -9.02336579    -0.6713302634
v            26.42     -8.633964036    -0.9339640356
v            26.42     -8.371330263      -1.32336579
v            26.66           -8.275             -1.8
v            26.66     -8.371330263      -2.27663421
v            26.66     -8.633964036     -2.666035964
v            26.66      -9.02336579     -2.928669737
v            26.66             -9.5           -3.025
v            26.66      -9.97663421     -2.928669737
v            26.66     -10.36603596     -2.666035964
v            26.66     -10.62866974      -2.27663421
v            26.66          -10.725             -1.8
v            26.66     -10.62866974      -1.32336579
v            26.66     -10.36603596    -0.9339640356
v            26.66      -9.97663421    -0.6713302634
v            26.66             -9.5           -0.575
v            26.66      -9.02336579    -0.6713302634
v            26.66     -8.633964036    -0.9339640356
v            26.66     -8.371330263      -1.32336579
v             26.9           -8.275             -1.8
v             26.9     -8.371330263      -2.27663421
v             26.9     -8.633964036     -2.666035964
v             26.9      -9.02336579     -2.928669737
v             26.9             -9.5           -3.025
v             26.9      -9.97663421     -2.928669737
v             26.9     -10.36603596     -2.666035964
v             26.9     -10.62866974      -2.27663421
v             26.9          -10.725             -1.8
v             26.9     -10.62866974      -1.32336579
v             26.9     -10.36603596    -0.9339640356
v             26.9      -9.97663421    -0.6713302634
v             26.9             -9.5           -0.575
v             26.9      -9.02336579    -0.6713302634
v             26.9     -8.633964036    -0.9339640356
v             26.9     -8.371330263      -1.32336579
v            27.14           -8.275             -1.8
v            27.14     -8.371330263      -2.27663421
v            27.14     -8.633964036     -2.666035964
v            27.14      -9.02336579     -2.928669737
v            27.14             -9.5           -3.025
v            27.14      -9.97663421     -2.928669737
v            27.14     -10.36603596     -2.666035964
v            27.14     -10.62866974      -2.27663421
v            27.14          -10.725             -1.8
v            27.14     -10.62866974      -1.32336579
v            27.14     -10.36603596    -0.9339640356
v            27.14      -9.97663421    -0.6713302634
v            27.14             -9.5           -0.575
v            27.14      -9.02336579    -0.6713302634
v            27.14     -8.633964036    -0.9339640356
v            27.14     -8.371330263      -1.32336579
v            27.38           -8.275             -1.8
v            27.38     -8.371330263      -2.27663421
v            27.38     -8.633964036     -2.666035964
v            27.38      -9.02336579     -2.928669737
v            27.38             -9.5           -3.025
v            27.38      -9.97663421     -2.928669737
v            27.38     -10.36603596     -2.666035964
v            27.38     -10.62866974      -2.27663421
v            27.38          -10.725             -1.8
v            27.38     -10.62866974      -1.32336579
v            27.38     -10.36603596    -0.9339640356
v            27.38      -9.97663421    -0.6713302634
v            27.38             -9.5           -0.575
v            27.38      -9.02336579    -0.6713302634
v            27.38     -8.633964036    -0.9339640356
v            27.38     -8.371330263      -1.32336579
v            27.62           -8.275             -1.8
v            27.62     -8.371330263      -2.27663421
v            27.62     -8.633964036     -2.666035964
v            27.62      -9.02336579     -2.928669737
v            27.62             -9.5           -3.025
v            27.62      -9.97663421     -2.928669737
v            27.62     -10.36603596     -2.666035964
v            27.62     -10.62866974      -2.27663421
v            27.62          -10.725             -1.8
v            27.62     -10.62866974      -1.32336579
v            27.62     -10.36603596    -0.9339640356
v            27.62      -9.97663421    -0.6713302634
v            27.62             -9.5           -0.575
v            27.62      -9.02336579    -0.6713302634
v            27.62     -8.633964036    -0.9339640356
v            27.62     -8.371330263      -1.32336579
v            27.86           -8.275             -1.8
v            27.86     -8.371330263      -2.27663421
v            27.86     -8.633964036     -2.666035964
v            27.86      -9.02336579     -2.928669737
v            27.86             -9.5           -3.025
v            27.86      -9.97663421     -2.928669737
v            27.86     -10.36603596     -2.666035964
v            27.86     -10.62866974      -2.27663421
v            27.86          -10.725             -1.8
v            27.86     -10.62866974      -1.32336579
v            27.86     -10.36603596    -0.9339640356
v            27.86      -9.97663421    -0.6713302634
v            27.86             -9.5           -0.575
v            27.86      -9.02336579    -0.6713302634
v            27.86     -8.633964036    -0.9339640356
v            27.86     -8.371330263      -1.32336579
v             28.1           -8.275             -1.8
v             28.1     -8.371330263      -2.27663421
v             28.1     -8.633964036     -2.666035964
v             28.1      -9.02336579     -2.928669737
v             28.1             -9.5           -3.025
v             28.1      -9.97663421     -2.928669737
v             28.1     -10.36603596     -2.666035964
v             28.1     -10.62866974      -2.27663421
v             28.1          -10.725             -1.8
v             28.1     -10.62866974      -1.32336579
v             28.1     -10.36603596    -0.9339640356
v             28.1      -9.97663421    -0.6713302634
v             28.1             -9.5           -0.575
v             28.1      -9.02336579    -0.6713302634
v             28.1     -8.633964036    -0.9339640356
v             28.1     -8.371330263      -1.32336579
v      28.34929845     -8.373298454             -1.8
v      28.34929845     -8.462111284     -2.237749976
v      28.34929845     -8.704024463     -2.595975537
v      28.34929845     -9.062250024     -2.837888716
v      28.34929845             -9.5     -2.926701546
v      28.34929845     -9.937749976     -2.837888716
v      28.34929845     -10.29597554     -2.595975537
v      28.34929845     -10.53788872     -2.237749976
v      28.34929845     -10.62670155             -1.8
v      28.34929845     -10.53788872     -1.362250024
v      28.34929845     -10.29597554     -1.004024463
v      28.34929845     -9.937749976    -0.7621112838
v      28.34929845             -9.5    -0.6732984536
v      28.34929845     -9.062250024    -0.7621112838
v      28.34929845     -8.704024463     -1.004024463
v      28.34929845     -8.462111284     -1.362250024
v      28.60789536     -8.618895361             -1.8
v      28.60789536     -8.688820114      -2.14091614
v      28.60789536     -8.878786756     -2.421213244
v      28.60789536      -9.15908386     -2.611179886
v      28.60789536             -9.5     -2.681104639
v      28.60789536      -9.84091614     -2.611179886
v      28.60789536     -10.12121324     -2.421213244
v      28.60789536     -10.31117989      -2.14091614
v      28.60789536     -10.38110464             -1.8
v      28.60789536     -10.31117989      -1.45908386
v      28.60789536     -10.12121324     -1.178786756
v      28.60789536      -9.84091614     -0.988820114
v      28.60789536             -9.5    -0.9188953609
v      28.60789536      -9.15908386     -0.988820114
v      28.60789536     -8.878786756     -1.178786756
v      28.60789536     -8.688820114      -1.45908386
v      28.86184304     -8.937843041             -1.8
v      28.86184304     -8.983005408        -2.015861
v      28.86184304     -9.105122432     -2.194877568
v      28.86184304        -9.284139     -2.316994592
v      28.86184304             -9.5     -2.362156959
v      28.86184304        -9.715861     -2.316994592
v      28.86184304     -9.894877568     -2.194877568
v      28.86184304     -10.01699459        -2.015861
v      28.86184304     -10.06215696             -1.8
v      28.86184304     -10.01699459        -1.584139
v      28.86184304     -9.894877568     -1.405122432
v      28.86184304        -9.715861     -1.283005408
v      28.86184304             -9.5     -1.237843041
v      28.86184304        -9.284139     -1.283005408
v      28.86184304     -9.105122432     -1.405122432
v      28.86184304     -8.983005408        -1.584139
v      29.09719381     -9.256193815             -1.8
v      29.09719381     -9.276215819     -1.892312854
v      29.09719381     -9.329903007     -1.970096993
v      29.09719381     -9.407687146     -2.023784181
v      29.09719381             -9.5     -2.043806185
v      29.09719381     -9.592312854     -2.023784181
v      29.09719381     -9.670096993     -1.970096993
v      29.09719381     -9.723784181     -1.892312854
v      29.09719381     -9.743806185             -1.8
v      29.09719381     -9.723784181     -1.707687146
v      29.09719381     -9.670096993     -1.629903007
v      29.09719381     -9.592312854     -1.576215819
v      29.09719381             -9.5     -1.556193815
v      29.09719381     -9.407687146     -1.576215819
v      29.09719381     -9.329903007     -1.629903007
v      29.09719381     -9.276215819     -1.707687146
v             29.3             -9.5             -1.8
v      24.70280619      9.743806185             -1.8
v      24.70280619      9.723784181     -1.892312854
v             24.5              9.5             -1.8
v      24.70280619      9.670096993     -1.970096993
v      24.70280619      9.592312854     -2.023784181
v      24.70280619              9.5     -2.043806185
v      24.70280619      9.407687146     -2.023784181
v      24.70280619      9.329903007     -1.970096993
v      24.70280619      9.276215819     -1.892312854
v      24.70280619      9.256193815             -1.8
v      24.70280619      9.276215819     -1.707687146
v      24.70280619      9.329903007     -1.629903007
v      24.70280619      9.407687146     -1.576215819
v      24.70280619              9.5     -1.556193815
v      24.70280619      9.592312854     -1.576215819
v      24.70280619      9.670096993     -1.629903007
v      24.70280619      9.723784181     -1.707687146
v      24.93815696      10.06215696             -1.8
v      24.93815696      10.01699459        -2.015861
v      24.93815696      9.894877568     -2.194877568
v      24.93815696         9.715861     -2.316994592
v      24.93815696              9.5     -2.362156959
v      24.93815696         9.284139     -2.316994592
v      24.93815696      9.105122432     -2.194877568
v      24.93815696      8.983005408        -2.015861
v      24.93815696      8.937843041             -1.8
v      24.93815696      8.983005408        -1.584139
v      24.93815696      9.105122432     -1.405122432
v      24.93815696         9.284139     -1.283005408
v      24.93815696              9.5     -1.237843041
v      24.93815696         9.715861     -1.283005408
v      24.93815696      9.894877568     -1.405122432
v      24.93815696      10.01699459        -1.584139
v      25.19210464      10.38110464             -1.8
v      25.19210464      10.31117989      -2.14091614
v      25.19210464      10.12121324     -2.421213244
v      25.19210464       9.84091614     -2.611179886
v      25.19210464              9.5     -2.681104639
v      25.19210464       9.15908386     -2.611179886
v      25.19210464      8.878786756     -2.421213244
v      25.19210464      8.688820114      -2.14091614
v      25.19210464      8.618895361             -1.8
v      25.19210464      8.688820114      -1.45908386
v      25.19210464      8.878786756     -1.178786756
v      25.19210464       9.15908386     -0.988820114
v      25.19210464              9.5    -0.9188953609
v      25.19210464       9.84091614     -0.988820114
v      25.19210464      10.12121324     -1.178786756
v      25.19210464      10.31117989      -1.45908386
v      25.45070155      10.62670155             -1.8
v      25.45070155      10.53788872     -2.237749976
v      25.45070155      10.29597554     -2.595975537
v      25.45070155      9.937749976     -2.837888716
v      25.45070155              9.5     -2.926701546
v      25.45070155      9.062250024     -2.837888716
v      25.45070155      8.704024463     -2.595975537
v      25.45070155      8.462111284     -2.237749976
v      25.45070155      8.373298454             -1.8
v      25.45070155      8.462111284     -1.362250024
v      25.45070155      8.704024463     -1.004024463
v      25.45070155      9.062250024    -0.7621112838
v      25.45070155              9.5    -0.6732984536
v      25.45070155      9.937749976    -0.7621112838
v      25.45070155      10.29597554     -1.004024463
v      25.45070155      10.53788872     -1.362250024
v             25.7           10.725             -1.8
v             25.7      10.62866974      -2.27663421
v             25.7      10.36603596     -2.666035964
v             25.7       9.97663421     -2.928669737
v             25.7              9.5           -3.025
v             25.7       9.02336579     -2.928669737
v             25.7      8.633964036     -2.666035964
v             25.7      8.371330263      -2.27663421
v             25.7            8.275             -1.8
v             25.7      8.371330263      -1.32336579
v             25.7      8.633964036    -0.9339640356
v             25.7       9.02336579    -0.6713302634
v             25.7              9.5           -0.575
v             25.7       9.97663421    -0.6713302634
v             25.7      10.36603596    -0.9339640356
v             25.7      10.62866974      -1.32336579
v            25.94           10.725             -1.8
v            25.94      10.62866974      -2.27663421
v            25.94      10.36603596     -2.666035964
v            25.94       9.97663421     -2.928669737
v            25.94              9.5           -3.025
v            25.94       9.02336579     -2.928669737
v            25.94      8.633964036     -2.666035964
v            25.94      8.371330263      -2.27663421
v            25.94            8.275             -1.8
v            25.94      8.371330263      -1.32336579
v            25.94      8.633964036    -0.9339640356
v            25.94       9.02336579    -0.6713302634
v            25.94              9.5           -0.575
v            25.94       9.97663421    -0.6713302634
v            25.94      10.36603596    -0.9339640356
v            25.94      10.62866974      -1.32336579
v            26.18           10.725             -1.8
v            26.18      10.62866974      -2.27663421
v            26.18      10.36603596     -2.666035964
v            26.18       9.97663421     -2.928669737
v            26.18              9.5           -3.025
v            26.18       9.02336579     -2.928669737
v            26.18      8.633964036     -2.666035964
v            26.18      8.371330263      -2.27663421
v            26.18            8.275             -1.8
v            26.18      8.371330263      -1.32336579
v            26.18      8.633964036    -0.9339640356
v            26.18       9.02336579    -0.6713302634
v            26.18              9.5           -0.575
v            26.18       9.97663421    -0.6713302634
v            26.18      10.36603596    -0.9339640356
v            26.18      10.62866974      -1.32336579
v            26.42           10.725             -1.8
v            26.42      10.62866974      -2.27663421
v            26.42      10.36603596     -2.666035964
v            26.42       9.97663421     -2.928669737
v            26.42              9.5           -3.025
v            26.42       9.02336579     -2.928669737
v            26.42      8.633964036     -2.666035964
v            26.42      8.371330263      -2.27663421
v            26.42            8.275             -1.8
v            26.42      8.371330263      -1.32336579
v            26.42      8.633964036    -0.9339640356
v            26.42       9.02336579    -0.6713302634
v            26.42              9.5           -0.575
v            26.42       9.97663421    -0.6713302634
v            26.42      10.36603596    -0.9339640356
v            26.42      10.62866974      -1.32336579
v            26.66           10.725             -1.8
v            26.66      10.62866974      -2.27663421
v            26.66      10.36603596     -2.666035964
v            26.66       9.97663421     -2.928669737
v            26.66              9.5           -3.025
v            26.66       9.02336579     -2.928669737
v            26.66      8.633964036     -2.666035964
v            26.66      8.371330263      -2.27663421
v            26.66            8.275             -1.8
v            26.66      8.371330263      -1.32336579
v            26.66      8.633964036    -0.9339640356
v            26.66       9.02336579    -0.6713302634
v            26.66              9.5           -0.575
v            26.66       9.97663421    -0.6713302634
v            26.66      10.36603596    -0.9339640356
v            26.66      10.62866974      -1.32336579
v             26.9           10.725             -1.8
v             26.9      10.62866974      -2.27663421
v             26.9      10.36603596     -2.666035964
v             26.9       9.97663421     -2.928669737
v             26.9              9.5           -3.025
v             26.9       9.02336579     -2.928669737
v             26.9      8.633964036     -2.666035964
v             26.9      8.371330263      -2.27663421
v             26.9            8.275             -1.8
v             26.9      8.371330263      -1.32336579
v             26.9      8.633964036    -0.9339640356
v             26.9       9.02336579    -0.6713302634
v             26.9              9.5           -0.575
v             26.9       9.97663421    -0.6713302634
v             26.9      10.36603596    -0.9339640356
v             26.9      10.62866974      -1.32336579
v            27.14           10.725             -1.8
v            27.14      10.62866974      -2.27663421
v            27.14      10.36603596     -2.666035964
v            27.14       9.97663421     -2.928669737
v            27.14              9.5           -3.025
v            27.14       9.02336579     -2.928669737
v            27.14      8.633964036     -2.666035964
v            27.14      8.371330263      -2.27663421
v            27.14            8.275             -1.8
v            27.14      8.371330263      -1.32336579
v            27.14      8.633964036    -0.9339640356
v            27.14       9.02336579    -0.6713302634
v            27.14              9.5           -0.575
v            27.14       9.97663421    -0.6713302634
v            27.14      10.36603596    -0.9339640356
v            27.14      10.62866974      -1.32336579
v            27.38           10.725             -1.8
v            27.38      10.62866974      -2.27663421
v            27.38      10.36603596     -2.666035964
v            27.38       9.97663421     -2.928669737
v            27.38              9.5           -3.025
v            27.38       9.02336579     -2.928669737
v            27.38      8.633964036     -2.666035964
v            27.38      8.371330263      -2.27663421
v            27.38            8.275             -1.8
v            27.38      8.371330263      -1.32336579
v            27.38      8.633964036    -0.9339640356
v            27.38       9.02336579    -0.6713302634
v            27.38              9.5           -0.575
v            27.38       9.97663421    -0.6713302634
v            27.38      10.36603596    -0.9339640356
v            27.38      10.62866974      -1.32336579
v            27.62           10.725             -1.8
v            27.62      10.62866974      -2.27663421
v            27.62      10.36603596     -2.666035964
v            27.62       9.97663421     -2.928669737
v            27.62              9.5           -3.025
v            27.62       9.02336579     -2.928669737
v            27.62      8.633964036     -2.666035964
v            27.62      8.371330263      -2.27663421
v            27.62            8.275             -1.8
v            27.62      8.371330263      -1.32336579
v            27.62      8.633964036    -0.9339640356
v            27.62       9.02336579    -0.6713302634
v            27.62              9.5           -0.575
v            27.62       9.97663421    -0.6713302634
v            27.62      10.36603596    -0.9339640356
v            27.62      10.62866974      -1.32336579
v            27.86           10.725             -1.8
v            27.86      10.62866974      -2.27663421
v            27.86      10.36603596     -2.666035964
v            27.86       9.97663421     -2.928669737
v            27.86              9.5           -3.025
v            27.86       9.02336579     -2.928669737
v            27.86      8.633964036     -2.666035964
v            27.86      8.371330263      -2.27663421
v            27.86            8.275             -1.8
v            27.86      8.371330263      -1.32336579
v            27.86      8.633964036    -0.9339640356
v            27.86       9.02336579    -0.6713302634
v            27.86              9.5           -0.575
v            27.86       9.97663421    -0.6713302634
v            27.86      10.36603596    -0.9339640356
v            27.86      10.62866974      -1.32336579
v             28.1           10.725             -1.8
v             28.1      10.62866974      -2.27663421
v             28.1      10.36603596     -2.666035964
v             28.1       9.97663421     -2.928669737
v             28.1              9.5           -3.025
v             28.1       9.02336579     -2.928669737
v             28.1      8.633964036     -2.666035964
v             28.1      8.371330263      -2.27663421
v             28.1            8.275             -1.8
v             28.1      8.371330263      -1.32336579
v             28.1      8.633964036    -0.9339640356
v             28.1       9.02336579    -0.6713302634
v             28.1              9.5           -0.575
v             28.1       9.97663421    -0.6713302634
v             28.1      10.36603596    -0.9339640356
v             28.1      10.62866974      -1.32336579
v      28.34929845      10.62670155             -1.8
v      28.34929845      10.53788872     -2.237749976
v      28.34929845      10.29597554     -2.595975537
v      28.34929845      9.937749976     -2.837888716
v      28.34929845              9.5     -2.926701546
v      28.34929845      9.062250024     -2.837888716
v      28.34929845      8.704024463     -2.595975537
v      28.34929845      8.462111284     -2.237749976
v      28.34929845      8.373298454             -1.8
v      28.34929845      8.462111284     -1.362250024
v      28.34929845      8.704024463     -1.004024463
v      28.34929845      9.062250024    -0.7621112838
v      28.34929845              9.5    -0.6732984536
v      28.34929845      9.937749976    -0.7621112838
v      28.34929845      10.29597554     -1.004024463
v      28.34929845      10.53788872     -1.362250024
v      28.60789536      10.38110464             -1.8
v      28.60789536      10.31117989      -2.14091614
v      28.60789536      10.12121324     -2.421213244
v      28.60789536       9.84091614     -2.611179886
v      28.60789536              9.5     -2.681104639
v      28.60789536       9.15908386     -2.611179886
v      28.60789536      8.878786756     -2.421213244
v      28.60789536      8.688820114      -2.14091614
v      28.60789536      8.618895361             -1.8
v      28.60789536      8.688820114      -1.45908386
v      28.60789536      8.878786756     -1.178786756
v      28.60789536       9.15908386     -0.988820114
v      28.60789536              9.5    -0.9188953609
v      28.60789536       9.84091614     -0.988820114
v      28.60789536      10.12121324     -1.178786756
v      28.60789536      10.31117989      -1.45908386
v      28.86184304      10.06215696             -1.8
v      28.86184304      10.01699459        -2.015861
v      28.86184304      9.894877568     -2.194877568
v      28.86184304         9.715861     -2.316994592
v      28.86184304              9.5     -2.362156959
v      28.86184304         9.284139     -2.316994592
v      28.86184304      9.105122432     -2.194877568
v      28.86184304      8.983005408        -2.015861
v      28.86184304      8.937843041             -1.8
v      28.86184304      8.983005408        -1.584139
v      28.86184304      9.105122432     -1.405122432
v      28.86184304         9.284139     -1.283005408
v      28.86184304              9.5     -1.237843041
v      28.86184304         9.715861     -1.283005408
v      28.86184304      9.894877568     -1.405122432
v      28.86184304      10.01699459        -1.584139
v      29.09719381      9.743806185             -1.8
v      29.09719381      9.723784181     -1.892312854
v      29.09719381      9.670096993     -1.970096993
v      29.09719381      9.592312854     -2.023784181
v      29.09719381              9.5     -2.043806185
v      29.09719381      9.407687146     -2.023784181
v      29.09719381      9.329903007     -1.970096993
v      29.09719381      9.276215819     -1.892312854
v      29.09719381      9.256193815             -1.8
v      29.09719381      9.276215819     -1.707687146
v      29.09719381      9.329903007     -1.629903007
v      29.09719381      9.407687146     -1.576215819
v      29.09719381              9.5     -1.556193815
v      29.09719381      9.592312854     -1.576215819
v      29.09719381      9.670096993     -1.629903007
v      29.09719381      9.723784181     -1.707687146
v             29.3              9.5             -1.8
v      31.20280619     -17.55619381             -0.9
v      31.20280619     -17.57621582     -0.992312854
v               31            -17.8             -0.9
v      31.20280619     -17.62990301     -1.070096993
v      31.20280619     -17.70768715     -1.123784181
v      31.20280619            -17.8     -1.143806185
v      31.20280619     -17.89231285     -1.123784181
v      31.20280619     -17.97009699     -1.070096993
v      31.20280619     -18.02378418     -0.992312854
v      31.20280619     -18.04380619             -0.9
v      31.20280619     -18.02378418     -0.807687146
v      31.20280619     -17.97009699    -0.7299030072
v      31.20280619     -17.89231285    -0.6762158185
v      31.20280619            -17.8    -0.6561938146
v      31.20280619     -17.70768715    -0.6762158185
v      31.20280619     -17.62990301    -0.7299030072
v      31.20280619     -17.57621582     -0.807687146
v      31.43815696     -17.23784304             -0.9
v      31.43815696     -17.28300541        -1.115861
v      31.43815696     -17.40512243     -1.294877568
v      31.43815696       -17.584139     -1.416994592
v      31.43815696            -17.8     -1.462156959
v      31.43815696       -18.015861     -1.416994592
v      31.43815696     -18.19487757     -1.294877568
v      31.43815696     -18.31699459        -1.115861
v      31.43815696     -18.36215696             -0.9
v      31.43815696     -18.31699459    -0.6841389999
v      31.43815696     -18.19487757    -0.5051224315
v      31.43815696       -18.015861    -0.3830054078
v      31.43815696            -17.8    -0.3378430414
v      31.43815696       -17.584139    -0.3830054078
v      31.43815696     -17.40512243    -0.5051224315
v      31.43815696     -17.28300541    -0.6841389999
v      31.69210464     -16.91889536             -0.9
v      31.69210464     -16.98882011      -1.24091614
v      31.69210464     -17.17878676     -1.521213244
v      31.69210464     -17.45908386     -1.711179886
v      31.69210464            -17.8     -1.781104639
v      31.69210464     -18.14091614     -1.711179886
v      31.69210464     -18.42121324     -1.521213244
v      31.69210464     -18.61117989      -1.24091614
v      31.69210464     -18.68110464             -0.9
v      31.69210464     -18.61117989    -0.5590838598
v      31.69210464     -18.42121324    -0.2787867557
v      31.69210464     -18.14091614   -0.08882011402
v      31.69210464            -17.8   -0.01889536095
v      31.69210464     -17.45908386   -0.08882011402
v      31.69210464     -17.17878676    -0.2787867557
v      31.69210464     -16.98882011    -0.5590838598
v      31.95070155     -16.67329845             -0.9
v      31.95070155     -16.76211128     -1.337749976
v      31.95070155     -17.00402446     -1.695975537
v      31.95070155     -17.36225002     -1.937888716
v      31.95070155            -17.8     -2.026701546
v      31.95070155     -18.23774998     -1.937888716
v      31.95070155     -18.59597554     -1.695975537
v      31.95070155     -18.83788872     -1.337749976
v      31.95070155     -18.92670155             -0.9
v      31.95070155     -18.83788872    -0.4622500239
v      31.95070155     -18.59597554    -0.1040244628
v      31.95070155     -18.23774998     0.1378887162
v      31.95070155            -17.8     0.2267015464
v      31.95070155     -17.36225002     0.1378887162
v      31.95070155     -17.00402446    -0.1040244628
v      31.95070155     -16.76211128    -0.4622500239
v             32.2          -16.575             -0.9
v             32.2     -16.67133026      -1.37663421
v             32.2     -16.93396404     -1.766035964
v             32.2     -17.32336579     -2.028669737
v             32.2            -17.8           -2.125
v             32.2     -18.27663421     -2.028669737
v             32.2     -18.66603596     -1.766035964
v             32.2     -18.92866974      -1.37663421
v             32.2          -19.025             -0.9
v             32.2     -18.92866974    -0.4233657901
v             32.2     -18.66603596   -0.03396403562
v             32.2     -18.27663421     0.2286697366
v             32.2            -17.8            0.325
v             32.2     -17.32336579     0.2286697366
v             32.2     -16.93396404   -0.03396403562
v             32.2     -16.67133026    -0.4233657901
v            32.44          -16.575             -0.9
v            32.44     -16.67133026      -1.37663421
v            32.44     -16.93396404     -1.766035964
v            32.44     -17.32336579     -2.028669737
v            32.44            -17.8           -2.125
v            32.44     -18.27663421     -2.028669737
v            32.44     -18.66603596     -1.766035964
v            32.44     -18.92866974      -1.37663421
v            32.44          -19.025             -0.9
v            32.44     -18.92866974    -0.4233657901
v            32.44     -18.66603596   -0.03396403562
v            32.44     -18.27663421     0.2286697366
v            32.44            -17.8            0.325
v            32.44     -17.32336579     0.2286697366
v            32.44     -16.93396404   -0.03396403562
v            32.44     -16.67133026    -0.4233657901
v            32.68          -16.575             -0.9
v            32.68     -16.67133026      -1.37663421
v            32.68     -16.93396404     -1.766035964
v            32.68     -17.32336579     -2.028669737
v            32.68            -17.8           -2.125
v            32.68     -18.27663421     -2.028669737
v            32.68     -18.66603596     -1.766035964
v            32.68     -18.92866974      -1.37663421
v            32.68          -19.025             -0.9
v            32.68     -18.92866974    -0.4233657901
v            32.68     -18.66603596   -0.03396403562
v            32.68     -18.27663421     0.2286697366
v            32.68            -17.8            0.325
v            32.68     -17.32336579     0.2286697366
v            32.68     -16.93396404   -0.03396403562
v            32.68     -16.67133026    -0.4233657901
v            32.92          -16.575             -0.9
v            32.92     -16.67133026      -1.37663421
v            32.92     -16.93396404     -1.766035964
v            32.92     -17.32336579     -2.028669737
v            32.92            -17.8           -2.125
v            32.92     -18.27663421     -2.028669737
v            32.92     -18.66603596     -1.766035964
v            32.92     -18.92866974      -1.37663421
v            32.92          -19.025             -0.9
v            32.92     -18.92866974    -0.4233657901
v            32.92     -18.66603596   -0.03396403562
v            32.92     -18.27663421     0.2286697366
v            32.92            -17.8            0.325
v            32.92     -17.32336579     0.2286697366
v            32.92     -16.93396404   -0.03396403562
v            32.92     -16.67133026    -0.4233657901
v            33.16          -16.575             -0.9
v            33.16     -16.67133026      -1.37663421
v            33.16     -16.93396404     -1.766035964
v            33.16     -17.32336579     -2.028669737
v            33.16            -17.8           -2.125
v            33.16     -18.27663421     -2.028669737
v            33.16     -18.66603596     -1.766035964
v            33.16     -18.92866974      -1.37663421
v            33.16          -19.025             -0.9
v            33.16     -18.92866974    -0.4233657901
v            33.16     -18.66603596   -0.03396403562
v            33.16     -18.27663421     0.2286697366
v            33.16            -17.8            0.325
v            33.16     -17.32336579     0.2286697366
v            33.16     -16.93396404   -0.03396403562
v            33.16     -16.67133026    -0.4233657901
v             33.4          -16.575             -0.9
v             33.4     -16.67133026      -1.37663421
v             33.4     -16.93396404     -1.766035964
v             33.4     -17.32336579     -2.028669737
v             33.4            -17.8           -2.125
v             33.4     -18.27663421     -2.028669737
v             33.4     -18.66603596     -1.766035964
v             33.4     -18.92866974      -1.37663421
v             33.4          -19.025             -0.9
v             33.4     -18.92866974    -0.4233657901
v             33.4     -18.66603596   -0.03396403562
v             33.4     -18.27663421     0.2286697366
v             33.4            -17.8            0.325
v             33.4     -17.32336579     0.2286697366
v             33.4     -16.93396404   -0.03396403562
v             33.4     -16.67133026    -0.4233657901
v            33.64          -16.575             -0.9
v            33.64     -16.67133026      -1.37663421
v            33.64     -16.93396404     -1.766035964
v            33.64     -17.32336579     -2.028669737
v            33.64            -17.8           -2.125
v            33.64     -18.27663421     -2.028669737
v            33.64     -18.66603596     -1.766035964
v            33.64     -18.92866974      -1.37663421
v            33.64          -19.025             -0.9
v            33.64     -18.92866974    -0.4233657901
v            33.64     -18.66603596   -0.03396403562
v            33.64     -18.27663421     0.2286697366
v            33.64            -17.8            0.325
v            33.64     -17.32336579     0.2286697366
v            33.64     -16.93396404   -0.03396403562
v            33.64     -16.67133026    -0.4233657901
v            33.88          -16.575             -0.9
v            33.88     -16.67133026      -1.37663421
v            33.88     -16.93396404     -1.766035964
v            33.88     -17.32336579     -2.028669737
v            33.88            -17.8           -2.125
v            33.88     -18.27663421     -2.028669737
v            33.88     -18.66603596     -1.766035964
v            33.88     -18.92866974      -1.37663421
v            33.88          -19.025             -0.9
v            33.88     -18.92866974    -0.4233657901
v            33.88     -18.66603596   -0.03396403562
v            33.88     -18.27663421     0.2286697366
v            33.88            -17.8            0.325
v            33.88     -17.32336579     0.2286697366
v            33.88     -16.93396404   -0.03396403562
v            33.88     -16.67133026    -0.4233657901
v            34.12          -16.575             -0.9
v            34.12     -16.67133026      -1.37663421
v            34.12     -16.93396404     -1.766035964
v            34.12     -17.32336579     -2.028669737
v            34.12            -17.8           -2.125
v            34.12     -18.27663421     -2.028669737
v            34.12     -18.66603596     -1.766035964
v            34.12     -18.92866974      -1.37663421
v            34.12          -19.025             -0.9
v            34.12     -18.92866974    -0.4233657901
v            34.12     -18.66603596   -0.03396403562
v            34.12     -18.27663421     0.2286697366
v            34.12            -17.8            0.325
v            34.12     -17.32336579     0.2286697366
v            34.12     -16.93396404   -0.03396403562
v            34.12     -16.67133026    -0.4233657901
v            34.36          -16.575             -0.9
v            34.36     -16.67133026      -1.37663421
v            34.36     -16.93396404     -1.766035964
v            34.36     -17.32336579     -2.028669737
v            34.36            -17.8           -2.125
v            34.36     -18.27663421     -2.028669737
v            34.36     -18.66603596     -1.766035964
v            34.36     -18.92866974      -1.37663421
v            34.36          -19.025             -0.9
v            34.36     -18.92866974    -0.4233657901
v            34.36     -18.66603596   -0.03396403562
v            34.36     -18.27663421     0.2286697366
v            34.36            -17.8            0.325
v            34.36     -17.32336579     0.2286697366
v            34.36     -16.93396404   -0.03396403562
v            34.36     -16.67133026    -0.4233657901
v             34.6          -16.575             -0.9
v             34.6     -16.67133026      -1.37663421
v             34.6     -16.93396404     -1.766035964
v             34.6     -17.32336579     -2.028669737
v             34.6            -17.8           -2.125
v             34.6     -18.27663421     -2.028669737
v             34.6     -18.66603596     -1.766035964
v             34.6     -18.92866974      -1.37663421
v             34.6          -19.025             -0.9
v             34.6     -18.92866974    -0.4233657901
v             34.6     -18.66603596   -0.03396403562
v             34.6     -18.27663421     0.2286697366
v             34.6            -17.8            0.325
v             34.6     -17.32336579     0.2286697366
v             34.6     -16.93396404   -0.03396403562
v             34.6     -16.67133026    -0.4233657901
v      34.84929845     -16.67329845             -0.9
v      34.84929845     -16.76211128     -1.337749976
v      34.84929845     -17.00402446     -1.695975537
v      34.84929845     -17.36225002     -1.937888716
v      34.84929845            -17.8     -2.026701546
v      34.84929845     -18.23774998     -1.937888716
v      34.84929845     -18.59597554     -1.695975537
v      34.84929845     -18.83788872     -1.337749976
v      34.84929845     -18.92670155             -0.9
v      34.84929845     -18.83788872    -0.4622500239
v      34.84929845     -18.59597554    -0.1040244628
v      34.84929845     -18.23774998     0.1378887162
v      34.84929845            -17.8     0.2267015464
v      34.84929845     -17.36225002     0.1378887162
v      34.84929845     -17.00402446    -0.1040244628
v      34.84929845     -16.76211128    -0.4622500239
v      35.10789536     -16.91889536             -0.9
v      35.10789536     -16.98882011      -1.24091614
v      35.10789536     -17.17878676     -1.521213244
v      35.10789536     -17.45908386     -1.711179886
v      35.10789536            -17.8     -1.781104639
v      35.10789536     -18.14091614     -1.711179886
v      35.10789536     -18.42121324     -1.521213244
v      35.10789536     -18.61117989      -1.24091614
v      35.10789536     -18.68110464             -0.9
v      35.10789536     -18.61117989    -0.5590838598
v      35.10789536     -18.42121324    -0.2787867557
v      35.10789536     -18.14091614   -0.08882011402
v      35.10789536            -17.8   -0.01889536095
v      35.10789536     -17.45908386   -0.08882011402
v      35.10789536     -17.17878676    -0.2787867557
v      35.10789536     -16.98882011    -0.5590838598
v      35.36184304     -17.23784304             -0.9
v      35.36184304     -17.28300541        -1.115861
v      35.36184304     -17.40512243     -1.294877568
v      35.36184304       -17.584139     -1.416994592
v      35.36184304            -17.8     -1.462156959
v      35.36184304       -18.015861     -1.416994592
v      35.36184304     -18.19487757     -1.294877568
v      35.36184304     -18.31699459        -1.115861
v      35.36184304     -18.36215696             -0.9
v      35.36184304     -18.31699459    -0.6841389999
v      35.36184304     -18.19487757    -0.5051224315
v      35.36184304       -18.015861    -0.3830054078
v      35.36184304            -17.8    -0.3378430414
v      35.36184304       -17.584139    -0.3830054078
v      35.36184304     -17.40512243    -0.5051224315
v      35.36184304     -17.28300541    -0.6841389999
v      35.59719381     -17.55619381             -0.9
v      35.59719381     -17.57621582     -0.992312854
v      35.59719381     -17.62990301     -1.070096993
v      35.59719381     -17.70768715     -1.123784181
v      35.59719381            -17.8     -1.143806185
v      35.59719381     -17.89231285     -1.123784181
v      35.59719381     -17.97009699     -1.070096993
v      35.59719381     -18.02378418     -0.992312854
v      35.59719381     -18.04380619             -0.9
v      35.59719381     -18.02378418     -0.807687146
v      35.59719381     -17.97009699    -0.7299030072
v      35.59719381     -17.89231285    -0.6762158185
v      35.59719381            -17.8    -0.6561938146
v      35.59719381     -17.70768715    -0.6762158185
v      35.59719381     -17.62990301    -0.7299030072
v      35.59719381     -17.57621582     -0.807687146
v             35.8            -17.8             -0.9
v      31.20280619      18.04380619             -0.9
v      31.20280619      18.02378418     -0.992312854
v               31             17.8             -0.9
v      31.20280619      17.97009699     -1.070096993
v      31.20280619      17.89231285     -1.123784181
v      31.20280619             17.8     -1.143806185
v      31.20280619      17.70768715     -1.123784181
v      31.20280619      17.62990301     -1.070096993
v      31.20280619      17.57621582     -0.992312854
v      31.20280619      17.55619381             -0.9
v      31.20280619      17.57621582     -0.807687146
v      31.20280619      17.62990301    -0.7299030072
v      31.20280619      17.70768715    -0.6762158185
v      31.20280619             17.8    -0.6561938146
v      31.20280619      17.89231285    -0.6762158185
v      31.20280619      17.97009699    -0.7299030072
v      31.20280619      18.02378418     -0.807687146
v      31.43815696      18.36215696             -0.9
v      31.43815696      18.31699459        -1.115861
v      31.43815696      18.19487757     -1.294877568
v      31.43815696        18.015861     -1.416994592
v      31.43815696             17.8     -1.462156959
v      31.43815696        17.584139     -1.416994592
v      31.43815696      17.40512243     -1.294877568
v      31.43815696      17.28300541        -1.115861
v      31.43815696      17.23784304             -0.9
v      31.43815696      17.28300541    -0.6841389999
v      31.43815696      17.40512243    -0.5051224315
v      31.43815696        17.584139    -0.3830054078
v      31.43815696             17.8    -0.3378430414
v      31.43815696        18.015861    -0.3830054078
v      31.43815696      18.19487757    -0.5051224315
v      31.43815696      18.31699459    -0.6841389999
v      31.69210464      18.68110464             -0.9
v      31.69210464      18.61117989      -1.24091614
v      31.69210464      18.42121324     -1.521213244
v      31.69210464      18.14091614     -1.711179886
v      31.69210464             17.8     -1.781104639
v      31.69210464      17.45908386     -1.711179886
v      31.69210464      17.17878676     -1.521213244
v      31.69210464      16.98882011      -1.24091614
v      31.69210464      16.91889536             -0.9
v      31.69210464      16.98882011    -0.5590838598
v      31.69210464      17.17878676    -0.2787867557
v      31.69210464      17.45908386   -0.08882011402
v      31.69210464             17.8   -0.01889536095
v      31.69210464      18.14091614   -0.08882011402
v      31.69210464      18.42121324    -0.2787867557
v      31.69210464      18.61117989    -0.5590838598
v      31.95070155      18.92670155             -0.9
v      31.95070155      18.83788872     -1.337749976
v      31.95070155      18.59597554     -1.695975537
v      31.95070155      18.23774998     -1.937888716
v      31.95070155             17.8     -2.026701546
v      31.95070155      17.36225002     -1.937888716
v      31.95070155      17.00402446     -1.695975537
v      31.95070155      16.76211128     -1.337749976
v      31.95070155      16.67329845             -0.9
v      31.95070155      16.76211128    -0.4622500239
v      31.95070155      17.00402446    -0.1040244628
v      31.95070155      17.36225002     0.1378887162
v      31.95070155             17.8     0.2267015464
v      31.95070155      18.23774998     0.1378887162
v      31.95070155      18.59597554    -0.1040244628
v      31.95070155      18.83788872    -0.4622500239
v             32.2           19.025             -0.9
v             32.2      18.92866974      -1.37663421
v             32.2      18.66603596     -1.766035964
v             32.2      18.27663421     -2.028669737
v             32.2             17.8           -2.125
v             32.2      17.32336579     -2.028669737
v             32.2      16.93396404     -1.766035964
v             32.2      16.67133026      -1.37663421
v             32.2           16.575             -0.9
v             32.2      16.67133026    -0.4233657901
v             32.2      16.93396404   -0.03396403562
v             32.2      17.32336579     0.2286697366
v             32.2             17.8            0.325
v             32.2      18.27663421     0.2286697366
v             32.2      18.66603596   -0.03396403562
v             32.2      18.92866974    -0.4233657901
v            32.44           19.025             -0.9
v            32.44      18.92866974      -1.37663421
v            32.44      18.66603596     -1.766035964
v            32.44      18.27663421     -2.028669737
v            32.44             17.8           -2.125
v            32.44      17.32336579     -2.028669737
v            32.44      16.93396404     -1.766035964
v            32.44      16.67133026      -1.37663421
v            32.44           16.575             -0.9
v            32.44      16.67133026    -0.4233657901
v            32.44      16.93396404   -0.03396403562
v            32.44      17.32336579     0.2286697366
v            32.44             17.8            0.325
v            32.44      18.27663421     0.2286697366
v            32.44      18.66603596   -0.03396403562
v            32.44      18.92866974    -0.4233657901
v            32.68           19.025             -0.9
v            32.68      18.92866974      -1.37663421
v            32.68      18.66603596     -1.766035964
v            32.68      18.27663421     -2.028669737
v            32.68             17.8           -2.125
v            32.68      17.32336579     -2.028669737
v            32.68      16.93396404     -1.766035964
v            32.68      16.67133026      -1.37663421
v            32.68           16.575             -0.9
v            32.68      16.67133026    -0.4233657901
v            32.68      16.93396404   -0.03396403562
v            32.68      17.32336579     0.2286697366
v            32.68             17.8            0.325
v            32.68      18.27663421     0.2286697366
v            32.68      18.66603596   -0.03396403562
v            32.68      18.92866974    -0.4233657901
v            32.92           19.025             -0.9
v            32.92      18.92866974      -1.37663421
v            32.92      18.66603596     -1.766035964
v            32.92      18.27663421     -2.028669737
v            32.92             17.8           -2.125
v            32.92      17.32336579     -2.028669737
v            32.92      16.93396404     -1.766035964
v            32.92      16.67133026      -1.37663421
v            32.92           16.575             -0.9
v            32.92      16.67133026    -0.4233657901
v            32.92      16.93396404   -0.03396403562
v            32.92      17.32336579     0.2286697366
v            32.92             17.8            0.325
v            32.92      18.27663421     0.2286697366
v            32.92      18.66603596   -0.03396403562
v            32.92      18.92866974    -0.4233657901
v            33.16           19.025             -0.9
v            33.16      18.92866974      -1.37663421
v            33.16      18.66603596     -1.766035964
v            33.16      18.27663421     -2.028669737
v            33.16             17.8           -2.125
v            33.16      17.32336579     -2.028669737
v            33.16      16.93396404     -1.766035964
v            33.16      16.67133026      -1.37663421
v            33.16           16.575             -0.9
v            33.16      16.67133026    -0.4233657901
v            33.16      16.93396404   -0.03396403562
v            33.16      17.32336579     0.2286697366
v            33.16             17.8            0.325
v            33.16      18.27663421     0.2286697366
v            33.16      18.66603596   -0.03396403562
v            33.16      18.92866974    -0.4233657901
v             33.4           19.025             -0.9
v             33.4      18.92866974      -1.37663421
v             33.4      18.66603596     -1.766035964
v             33.4      18.27663421     -2.028669737
v             33.4             17.8           -2.125
v             33.4      17.32336579     -2.028669737
v             33.4      16.93396404     -1.766035964
v             33.4      16.67133026      -1.37663421
v             33.4           16.575             -0.9
v             33.4      16.67133026    -0.4233657901
v             33.4      16.93396404   -0.03396403562
v             33.4      17.32336579     0.2286697366
v             33.4             17.8            0.325
v             33.4      18.27663421     0.2286697366
v             33.4      18.66603596   -0.03396403562
v             33.4      18.92866974    -0.4233657901
v            33.64           19.025             -0.9
v            33.64      18.92866974      -1.37663421
v            33.64      18.66603596     -1.766035964
v            33.64      18.27663421     -2.028669737
v            33.64             17.8           -2.125
v            33.64      17.32336579     -2.028669737
v            33.64      16.93396404     -1.766035964
v            33.64      16.67133026      -1.37663421
v            33.64           16.575             -0.9
v            33.64      16.67133026    -0.4233657901
v            33.64      16.93396404   -0.03396403562
v            33.64      17.32336579     0.2286697366
v            33.64             17.8            0.325
v            33.64      18.27663421     0.2286697366
v            33.64      18.66603596   -0.03396403562
v            33.64      18.92866974    -0.4233657901
v            33.88           19.025             -0.9
v            33.88      18.92866974      -1.37663421
v            33.88      18.66603596     -1.766035964
v            33.88      18.27663421     -2.028669737
v            33.88             17.8           -2.125
v            33.88      17.32336579     -2.028669737
v            33.88      16.93396404     -1.766035964
v            33.88      16.67133026      -1.37663421
v            33.88           16.575             -0.9
v            33.88      16.67133026    -0.4233657901
v            33.88      16.93396404   -0.03396403562
v            33.88      17.32336579     0.2286697366
v            33.88             17.8            0.325
v            33.88      18.27663421     0.2286697366
v            33.88      18.66603596   -0.03396403562
v            33.88      18.92866974    -0.4233657901
v            34.12           19.025             -0.9
v            34.12      18.92866974      -1.37663421
v            34.12      18.66603596     -1.766035964
v            34.12      18.27663421     -2.028669737
v            34.12             17.8           -2.125
v            34.12      17.32336579     -2.028669737
v            34.12      16.93396404     -1.766035964
v            34.12      16.67133026      -1.37663421
v            34.12           16.575             -0.9
v            34.12      16.67133026    -0.4233657901
v            34.12      16.93396404   -0.03396403562
v            34.12      17.32336579     0.2286697366
v            34.12             17.8            0.325
v            34.12      18.27663421     0.2286697366
v            34.12      18.66603596   -0.03396403562
v            34.12      18.92866974    -0.4233657901
v            34.36           19.025             -0.9
v            34.36      18.92866974      -1.37663421
v            34.36      18.66603596     -1.766035964
v            34.36      18.27663421     -2.028669737
v            34.36             17.8           -2.125
v            34.36      17.32336579     -2.028669737
v            34.36      16.93396404     -1.766035964
v            34.36      16.67133026      -1.37663421
v            34.36           16.575             -0.9
v            34.36      16.67133026    -0.4233657901
v            34.36      16.93396404   -0.03396403562
v            34.36      17.32336579     0.2286697366
v            34.36             17.8            0.325
v            34.36      18.27663421     0.2286697366
v            34.36      18.66603596   -0.03396403562
v            34.36      18.92866974    -0.4233657901
v             34.6           19.025             -0.9
v             34.6      18.92866974      -1.37663421
v             34.6      18.66603596     -1.766035964
v             34.6      18.27663421     -2.028669737
v             34.6             17.8           -2.125
v             34.6      17.32336579     -2.028669737
v             34.6      16.93396404     -1.766035964
v             34.6      16.67133026      -1.37663421
v             34.6           16.575             -0.9
v             34.6      16.67133026    -0.4233657901
v             34.6      16.93396404   -0.03396403562
v             34.6      17.32336579     0.2286697366
v             34.6             17.8            0.325
v             34.6      18.27663421     0.2286697366
v             34.6      18.66603596   -0.03396403562
v             34.6      18.92866974    -0.4233657901
v      34.84929845      18.92670155             -0.9
v      34.84929845      18.83788872     -1.337749976
v      34.84929845      18.59597554     -1.695975537
v      34.84929845      18.23774998     -1.937888716
v      34.84929845             17.8     -2.026701546
v      34.84929845      17.36225002     -1.937888716
v      34.84929845      17.00402446     -1.695975537
v      34.84929845      16.76211128     -1.337749976
v      34.84929845      16.67329845             -0.9
v      34.84929845      16.76211128    -0.4622500239
v      34.84929845      17.00402446    -0.1040244628
v      34.84929845      17.36225002     0.1378887162
v      34.84929845             17.8     0.2267015464
v      34.84929845      18.23774998     0.1378887162
v      34.84929845      18.59597554    -0.1040244628
v      34.84929845      18.83788872    -0.4622500239
v      35.10789536      18.68110464             -0.9
v      35.10789536      18.61117989      -1.24091614
v      35.10789536      18.42121324     -1.521213244
v      35.10789536      18.14091614     -1.711179886
v      35.10789536             17.8     -1.781104639
v      35.10789536      17.45908386     -1.711179886
v      35.10789536      17.17878676     -1.521213244
v      35.10789536      16.98882011      -1.24091614
v      35.10789536      16.91889536             -0.9
v      35.10789536      16.98882011    -0.5590838598
v      35.10789536      17.17878676    -0.2787867557
v      35.10789536      17.45908386   -0.08882011402
v      35.10789536             17.8   -0.01889536095
v      35.10789536      18.14091614   -0.08882011402
v      35.10789536      18.42121324    -0.2787867557
v      35.10789536      18.61117989    -0.5590838598
v      35.36184304      18.36215696             -0.9
v      35.36184304      18.31699459        -1.115861
v      35.36184304      18.19487757     -1.294877568
v      35.36184304        18.015861     -1.416994592
v      35.36184304             17.8     -1.462156959
v      35.36184304        17.584139     -1.416994592
v      35.36184304      17.40512243     -1.294877568
v      35.36184304      17.28300541        -1.115861
v      35.36184304      17.23784304             -0.9
v      35.36184304      17.28300541    -0.6841389999
v      35.36184304      17.40512243    -0.5051224315
v      35.36184304        17.584139    -0.3830054078
v      35.36184304             17.8    -0.3378430414
v      35.36184304        18.015861    -0.3830054078
v      35.36184304      18.19487757    -0.5051224315
v      35.36184304      18.31699459    -0.6841389999
v      35.59719381      18.04380619             -0.9
v      35.59719381      18.02378418     -0.992312854
v      35.59719381      17.97009699     -1.070096993
v      35.59719381      17.89231285     -1.123784181
v      35.59719381             17.8     -1.143806185
v      35.59719381      17.70768715     -1.123784181
v      35.59719381      17.62990301     -1.070096993
v      35.59719381      17.57621582     -0.992312854
v      35.59719381      17.55619381             -0.9
v      35.59719381      17.57621582     -0.807687146
v      35.59719381      17.62990301    -0.7299030072
v      35.59719381      17.70768715    -0.6762158185
v      35.59719381             17.8    -0.6561938146
v      35.59719381      17.89231285    -0.6762158185
v      35.59719381      17.97009699    -0.7299030072
v      35.59719381      18.02378418     -0.807687146
v             35.8             17.8             -0.9
g MeshGeom
f 1 2 3
f 2 4 3
f 4 5 3
f 5 6 3
f 6 7 3
f 7 8 3
f 8 9 3
f 9 10 3
f 10 11 3
f 11 12 3
f 12 13 3
f 13 14 3
f 3 14 15
f 3 15 16
f 3 16 17
f 3 17 18
f 3 18 19
f 3 19 20
f 3 20 21
f 3 21 22
f 3 22 23
f 3 23 24
f 3 24 25
f 3 25 26
f 26 27 3
f 27 28 3
f 28 29 3
f 29 30 3
f 30 31 3
f 31 32 3
f 32 33 3
f 33 34 3
f 34 35 3
f 35 36 3
f 36 37 3
f 37 38 3
f 3 38 39
f 3 39 40
f 3 40 41
f 3 41 42
f 3 42 43
f 3 43 44
f 3 44 45
f 3 45 46
f 3 46 47
f 3 47 48
f 3 48 49
f 3 49 1
f 1 50 2
f 50 51 2
f 2 51 4
f 51 52 4
f 4 52 5
f 52 53 5
f 5 53 6
f 53 54 6
f 6 54 7
f 54 55 7
f 7 55 8
f 55 56 8
f 8 56 9
f 56 57 9
f 9 57 10
f 57 58 10
f 10 58 11
f 58 59 11
f 11 59 12
f 59 60 12
f 12 60 13
f 60 61 13
f 13 61 14
f 61 62 14
f 14 62 63
f 14 63 15
f 15 63 64
f 15 64 16
f 16 64 65
f 16 65 17
f 17 65 66
f 17 66 18
f 18 66 67
f 18 67 19
f 19 67 68
f 19 68 20
f 20 68 69
f 20 69 21
f 21 69 70
f 21 70 22
f 22 70 71
f 22 71 23
f 23 71 72
f 23 72 24
f 24 72 73
f 24 73 25
f 25 73 74
f 25 74 26
f 26 74 27
f 74 75 27
f 27 75 28
f 75 76 28
f 28 76 29
f 76 77 29
f 29 77 30
f 77 78 30
f 30 78 31
f 78 79 31
f 31 79 32
f 79 80 32
f 32 80 33
f 80 81 33
f 33 81 34
f 81 82 34
f 34 82 35
f 82 83 35
f 35 83 36
f 83 84 36
f 36 84 37
f 84 85 37
f 37 85 38
f 85 86 38
f 38 86 87
f 38 87 39
f 39 87 88
f 39 88 40
f 40 88 89
f 40 89 41
f 41 89 90
f 41 90 42
f 42 90 91
f 42 91 43
f 43 91 92
f 43 92 44
f 44 92 93
f 44 93 45
f 45 93 94
f 45 94 46
f 46 94 95
f 46 95 47
f 47 95 96
f 47 96 48
f 48 96 97
f 48 97 49
f 49 97 50
f 49 50 1
f 50 98 51
f 98 99 51
f 51 99 52
f 99 100 52
f 52 100 53
f 100 101 53
f 53 101 54
f 101 102 54
f 54 102 55
f 102 103 55
f 55 103 56
f 103 104 56
f 56 104 57
f 104 105 57
f 57 105 58
f 105 106 58
f 58 106 59
f 106 107 59
f 59 107 60
f 107 108 60
f 60 108 61
f 108 109 61
f 61 109 62
f 109 110 62
f 62 110 111
f 62 111 63
f 63 111 112
f 63 112 64
f 64 112 113
f 64 113 65
f 65 113 114
f 65 114 66
f 66 114 115
f 66 115 67
f 67 115 116
f 67 116 68
f 68 116 117
f 68 117 69
f 69 117 118
f 69 118 70
f 70 118 119
f 70 119 71
f 71 119 120
f 71 120 72
f 72 120 121
f 72 121 73
f 73 121 122
f 73 122 74
f 74 122 75
f 122 123 75
f 75 123 76
f 123 124 76
f 76 124 77
f 124 125 77
f 77 125 78
f 125 126 78
f 78 126 79
f 126 127 79
f 79 127 80
f 127 128 80
f 80 128 81
f 128 129 81
f 81 129 82
f 129 130 82
f 82 130 83
f 130 131 83
f 83 131 84
f 131 132 84
f 84 132 85
f 132 133 85
f 85 133 86
f 133 134 86
f 86 134 135
f 86 135 87
f 87 135 136
f 87 136 88
f 88 136 137
f 88 137 89
f 89 137 138
f 89 138 90
f 90 138 139
f 90 139 91
f 91 139 140
f 91 140 92
f 92 140 141
f 92 141 93
f 93 141 142
f 93 142 94
f 94 142 143
f 94 143 95
f 95 143 144
f 95 144 96
f 96 144 145
f 96 145 97
f 97 145 98
f 97 98 50
f 98 146 99
f 146 147 99
f 99 147 100
f 147 148 100
f 100 148 101
f 148 149 101
f 101 149 102
f 149 150 102
f 102 150 103
f 150 151 103
f 103 151 104
f 151 152 104
f 104 152 105
f 152 153 105
f 105 153 106
f 153 154 106
f 106 154 107
f 154 155 107
f 107 155 108
f 155 156 108
f 108 156 109
f 156 157 109
f 109 157 110
f 157 158 110
f 110 158 159
f 110 159 111
f 111 159 160
f 111 160 112
f 112 160 161
f 112 161 113
f 113 161 162
f 113 162 114
f 114 162 163
f 114 163 115
f 115 163 164
f 115 164 116
f 116 164 165
f 116 165 117
f 117 165 166
f 117 166 118
f 118 166 167
f 118 167 119
f 119 167 168
f 119 168 120
f 120 168 169
f 120 169 121
f 121 169 170
f 121 170 122
f 122 170 123
f 170 171 123
f 123 171 124
f 171 172 124
f 124 172 125
f 172 173 125
f 125 173 126
f 173 174 126
f 126 174 127
f 174 175 127
f 127 175 128
f 175 176 128
f 128 176 129
f 176 177 129
f 129 177 130
f 177 178 130
f 130 178 131
f 178 179 131
f 131 179 132
f 179 180 132
f 132 180 133
f 180 181 133
f 133 181 134
f 181 182 134
f 134 182 183
f 134 183 135
f 135 183 184
f 135 184 136
f 136 184 185
f 136 185 137
f 137 185 186
f 137 186 138
f 138 186 187
f 138 187 139
f 139 187 188
f 139 188 140
f 140 188 189
f 140 189 141
f 141 189 190
f 141 190 142
f 142 190 191
f 142 191 143
f 143 191 192
f 143 192 144
f 144 192 193
f 144 193 145
f 145 193 146
f 145 146 98
f 146 194 147
f 194 195 147
f 147 195 148
f 195 196 148
f 148 196 149
f 196 197 149
f 149 197 150
f 197 198 150
f 150 198 151
f 198 199 151
f 151 199 152
f 199 200 152
f 152 200 153
f 200 201 153
f 153 201 154
f 201 202 154
f 154 202 155
f 202 203 155
f 155 203 156
f 203 204 156
f 156 204 157
f 204 205 157
f 157 205 158
f 205 206 158
f 158 206 207
f 158 207 159
f 159 207 208
f 159 208 160
f 160 208 209
f 160 209 161
f 161 209 210
f 161 210 162
f 162 210 211
f 162 211 163
f 163 211 212
f 163 212 164
f 164 212 213
f 164 213 165
f 165 213 214
f 165 214 166
f 166 214 215
f 166 215 167
f 167 215 216
f 167 216 168
f 168 216 217
f 168 217 169
f 169 217 218
f 169 218 170
f 170 218 171
f 218 219 171
f 171 219 172
f 219 220 172
f 172 220 173
f 220 221 173
f 173 221 174
f 221 222 174
f 174 222 175
f 222 223 175
f 175 223 176
f 223 224 176
f 176 224 177
f 224 225 177
f 177 225 178
f 225 226 178
f 178 226 179
f 226 227 179
f 179 227 180
f 227 228 180
f 180 228 181
f 228 229 181
f 181 229 182
f 229 230 182
f 182 230 231
f 182 231 183
f 183 231 232
f 183 232 184
f 184 232 233
f 184 233 185
f 185 233 234
f 185 234 186
f 186 234 235
f 186 235 187
f 187 235 236
f 187 236 188
f 188 236 237
f 188 237 189
f 189 237 238
f 189 238 190
f 190 238 239
f 190 239 191
f 191 239 240
f 191 240 192
f 192 240 241
f 192 241 193
f 193 241 194
f 193 194 146
f 194 242 195
f 242 243 195
f 195 243 196
f 243 244 196
f 196 244 197
f 244 245 197
f 197 245 198
f 245 246 198
f 198 246 199
f 246 247 199
f 199 247 200
f 247 248 200
f 200 248 201
f 248 249 201
f 201 249 202
f 249 250 202
f 202 250 203
f 250 251 203
f 203 251 204
f 251 252 204
f 204 252 205
f 252 253 205
f 205 253 206
f 253 254 206
f 206 254 255
f 206 255 207
f 207 255 256
f 207 256 208
f 208 256 257
f 208 257 209
f 209 257 258
f 209 258 210
f 210 258 259
f 210 259 211
f 211 259 260
f 211 260 212
f 212 260 261
f 212 261 213
f 213 261 262
f 213 262 214
f 214 262 263
f 214 263 215
f 215 263 264
f 215 264 216
f 216 264 265
f 216 265 217
f 217 265 266
f 217 266 218
f 218 266 219
f 266 267 219
f 219 267 220
f 267 268 220
f 220 268 221
f 268 269 221
f 221 269 222
f 269 270 222
f 222 270 223
f 270 271 223
f 223 271 224
f 271 272 224
f 224 272 225
f 272 273 225
f 225 273 226
f 273 274 226
f 226 274 227
f 274 275 227
f 227 275 228
f 275 276 228
f 228 276 229
f 276 277 229
f 229 277 230
f 277 278 230
f 230 278 279
f 230 279 231
f 231 279 280
f 231 280 232
f 232 280 281
f 232 281 233
f 233 281 282
f 233 282 234
f 234 282 283
f 234 283 235
f 235 283 284
f 235 284 236
f 236 284 285
f 236 285 237
f 237 285 286
f 237 286 238
f 238 286 287
f 238 287 239
f 239 287 288
f 239 288 240
f 240 288 289
f 240 289 241
f 241 289 242
f 241 242 194
f 242 290 243
f 290 291 243
f 243 291 244
f 291 292 244
f 244 292 245
f 292 293 245
f 245 293 246
f 293 294 246
f 246 294 247
f 294 295 247
f 247 295 248
f 295 296 248
f 248 296 249
f 296 297 249
f 249 297 250
f 297 298 250
f 250 298 251
f 298 299 251
f 251 299 252
f 299 300 252
f 252 300 253
f 300 301 253
f 253 301 254
f 301 302 254
f 254 302 303
f 254 303 255
f 255 303 304
f 255 304 256
f 256 304 305
f 256 305 257
f 257 305 306
f 257 306 258
f 258 306 307
f 258 307 259
f 259 307 308
f 259 308 260
f 260 308 309
f 260 309 261
f 261 309 310
f 261 310 262
f 262 310 311
f 262 311 263
f 263 311 312
f 263 312 264
f 264 312 313
f 264 313 265
f 265 313 314
f 265 314 266
f 266 314 267
f 314 315 267
f 267 315 268
f 315 316 268
f 268 316 269
f 316 317 269
f 269 317 270
f 317 318 270
f 270 318 271
f 318 319 271
f 271 319 272
f 319 320 272
f 272 320 273
f 320 321 273
f 273 321 274
f 321 322 274
f 274 322 275
f 322 323 275
f 275 323 276
f 323 324 276
f 276 324 277
f 324 325 277
f 277 325 278
f 325 326 278
f 278 326 327
f 278 327 279
f 279 327 328
f 279 328 280
f 280 328 329
f 280 329 281
f 281 329 330
f 281 330 282
f 282 330 331
f 282 331 283
f 283 331 332
f 283 332 284
f 284 332 333
f 284 333 285
f 285 333 334
f 285 334 286
f 286 334 335
f 286 335 287
f 287 335 336
f 287 336 288
f 288 336 337
f 288 337 289
f 289 337 290
f 289 290 242
f 290 338 291
f 338 339 291
f 291 339 292
f 339 340 292
f 292 340 293
f 340 341 293
f 293 341 294
f 341 342 294
f 294 342 295
f 342 343 295
f 295 343 296
f 343 344 296
f 296 344 297
f 344 345 297
f 297 345 298
f 345 346 298
f 298 346 299
f 346 347 299
f 299 347 300
f 347 348 300
f 300 348 301
f 348 349 301
f 301 349 302
f 349 350 302
f 302 350 351
f 302 351 303
f 303 351 352
f 303 352 304
f 304 352 353
f 304 353 305
f 305 353 354
f 305 354 306
f 306 354 355
f 306 355 307
f 307 355 356
f 307 356 308
f 308 356 357
f 308 357 309
f 309 357 358
f 309 358 310
f 310 358 359
f 310 359 311
f 311 359 360
f 311 360 312
f 312 360 361
f 312 361 313
f 313 361 362
f 313 362 314
f 314 362 315
f 362 363 315
f 315 363 316
f 363 364 316
f 316 364 317
f 364 365 317
f 317 365 318
f 365 366 318
f 318 366 319
f 366 367 319
f 319 367 320
f 367 368 320
f 320 368 321
f 368 369 321
f 321 369 322
f 369 370 322
f 322 370 323
f 370 371 323
f 323 371 324
f 371 372 324
f 324 372 325
f 372 373 325
f 325 373 326
f 373 374 326
f 326 374 375
f 326 375 327
f 327 375 376
f 327 376 328
f 328 376 377
f 328 377 329
f 329 377 378
f 329 378 330
f 330 378 379
f 330 379 331
f 331 379 380
f 331 380 332
f 332 380 381
f 332 381 333
f 333 381 382
f 333 382 334
f 334 382 383
f 334 383 335
f 335 383 384
f 335 384 336
f 336 384 385
f 336 385 337
f 337 385 338
f 337 338 290
f 338 386 339
f 386 387 339
f 339 387 340
f 387 388 340
f 340 388 341
f 388 389 341
f 341 389 342
f 389 390 342
f 342 390 343
f 390 391 343
f 343 391 344
f 391 392 344
f 344 392 345
f 392 393 345
f 345 393 346
f 393 394 346
f 346 394 347
f 394 395 347
f 347 395 348
f 395 396 348
f 348 396 349
f 396 397 349
f 349 397 350
f 397 398 350
f 350 398 399
f 350 399 351
f 351 399 400
f 351 400 352
f 352 400 401
f 352 401 353
f 353 401 402
f 353 402 354
f 354 402 403
f 354 403 355
f 355 403 404
f 355 404 356
f 356 404 405
f 356 405 357
f 357 405 406
f 357 406 358
f 358 406 407
f 358 407 359
f 359 407 408
f 359 408 360
f 360 408 409
f 360 409 361
f 361 409 410
f 361 410 362
f 362 410 363
f 410 411 363
f 363 411 364
f 411 412 364
f 364 412 365
f 412 413 365
f 365 413 366
f 413 414 366
f 366 414 367
f 414 415 367
f 367 415 368
f 415 416 368
f 368 416 369
f 416 417 369
f 369 417 370
f 417 418 370
f 370 418 371
f 418 419 371
f 371 419 372
f 419 420 372
f 372 420 373
f 420 421 373
f 373 421 374
f 421 422 374
f 374 422 423
f 374 423 375
f 375 423 424
f 375 424 376
f 376 424 425
f 376 425 377
f 377 425 426
f 377 426 378
f 378 426 427
f 378 427 379
f 379 427 428
f 379 428 380
f 380 428 429
f 380 429 381
f 381 429 430
f 381 430 382
f 382 430 431
f 382 431 383
f 383 431 432
f 383 432 384
f 384 432 433
f 384 433 385
f 385 433 386
f 385 386 338
f 386 434 387
f 434 435 387
f 387 435 388
f 435 436 388
f 388 436 389
f 436 437 389
f 389 437 390
f 437 438 390
f 390 438 391
f 438 439 391
f 391 439 392
f 439 440 392
f 392 440 393
f 440 441 393
f 393 441 394
f 441 442 394
f 394 442 395
f 442 443 395
f 395 443 396
f 443 444 396
f 396 444 397
f 444 445 397
f 397 445 398
f 445 446 398
f 398 446 447
f 398 447 399
f 399 447 448
f 399 448 400
f 400 448 449
f 400 449 401
f 401 449 450
f 401 450 402
f 402 450 451
f 402 451 403
f 403 451 452
f 403 452 404
f 404 452 453
f 404 453 405
f 405 453 454
f 405 454 406
f 406 454 455
f 406 455 407
f 407 455 456
f 407 456 408
f 408 456 457
f 408 457 409
f 409 457 458
f 409 458 410
f 410 458 411
f 458 459 411
f 411 459 412
f 459 460 412
f 412 460 413
f 460 461 413
f 413 461 414
f 461 462 414
f 414 462 415
f 462 463 415
f 415 463 416
f 463 464 416
f 416 464 417
f 464 465 417
f 417 465 418
f 465 466 418
f 418 466 419
f 466 467 419
f 419 467 420
f 467 468 420
f 420 468 421
f 468 469 421
f 421 469 422
f 469 470 422
f 422 470 471
f 422 471 423
f 423 471 472
f 423 472 424
f 424 472 473
f 424 473 425
f 425 473 474
f 425 474 426
f 426 474 475
f 426 475 427
f 427 475 476
f 427 476 428
f 428 476 477
f 428 477 429
f 429 477 478
f 429 478 430
f 430 478 479
f 430 479 431
f 431 479 480
f 431 480 432
f 432 480 481
f 432 481 433
f 433 481 434
f 433 434 386
f 434 482 483
f 434 483 435
f 435 483 484
f 435 484 436
f 436 484 485
f 436 485 437
f 437 485 486
f 437 486 438
f 438 486 487
f 438 487 439
f 439 487 488
f 439 488 440
f 440 488 489
f 440 489 441
f 441 489 490
f 441 490 442
f 442 490 491
f 442 491 443
f 443 491 492
f 443 492 444
f 444 492 493
f 444 493 445
f 445 493 494
f 445 494 446
f 446 494 447
f 494 495 447
f 447 495 448
f 495 496 448
f 448 496 449
f 496 497 449
f 449 497 450
f 497 498 450
f 450 498 451
f 498 499 451
f 451 499 452
f 499 500 452
f 452 500 453
f 500 501 453
f 453 501 454
f 501 502 454
f 454 502 455
f 502 503 455
f 455 503 456
f 503 504 456
f 456 504 457
f 504 505 457
f 457 505 458
f 505 506 458
f 458 506 507
f 458 507 459
f 459 507 508
f 459 508 460
f 460 508 509
f 460 509 461
f 461 509 510
f 461 510 462
f 462 510 511
f 462 511 463
f 463 511 512
f 463 512 464
f 464 512 513
f 464 513 465
f 465 513 514
f 465 514 466
f 466 514 515
f 466 515 467
f 467 515 516
f 467 516 468
f 468 516 517
f 468 517 469
f 469 517 518
f 469 518 470
f 470 518 471
f 518 519 471
f 471 519 472
f 519 520 472
f 472 520 473
f 520 521 473
f 473 521 474
f 521 522 474
f 474 522 475
f 522 523 475
f 475 523 476
f 523 524 476
f 476 524 477
f 524 525 477
f 477 525 478
f 525 526 478
f 478 526 479
f 526 527 479
f 479 527 480
f 527 528 480
f 480 528 481
f 528 529 481
f 481 529 434
f 529 482 434
f 482 530 531
f 482 531 483
f 483 531 532
f 483 532 484
f 484 532 533
f 484 533 485
f 485 533 534
f 485 534 486
f 486 534 535
f 486 535 487
f 487 535 536
f 487 536 488
f 488 536 537
f 488 537 489
f 489 537 538
f 489 538 490
f 490 538 539
f 490 539 491
f 491 539 540
f 491 540 492
f 492 540 541
f 492 541 493
f 493 541 542
f 493 542 494
f 494 542 495
f 542 543 495
f 495 543 496
f 543 544 496
f 496 544 497
f 544 545 497
f 497 545 498
f 545 546 498
f 498 546 499
f 546 547 499
f 499 547 500
f 547 548 500
f 500 548 501
f 548 549 501
f 501 549 502
f 549 550 502
f 502 550 503
f 550 551 503
f 503 551 504
f 551 552 504
f 504 552 505
f 552 553 505
f 505 553 506
f 553 554 506
f 506 554 555
f 506 555 507
f 507 555 556
f 507 556 508
f 508 556 557
f 508 557 509
f 509 557 558
f 509 558 510
f 510 558 559
f 510 559 511
f 511 559 560
f 511 560 512
f 512 560 561
f 512 561 513
f 513 561 562
f 513 562 514
f 514 562 563
f 514 563 515
f 515 563 564
f 515 564 516
f 516 564 565
f 516 565 517
f 517 565 566
f 517 566 518
f 518 566 519
f 566 567 519
f 519 567 520
f 567 568 520
f 520 568 521
f 568 569 521
f 521 569 522
f 569 570 522
f 522 570 523
f 570 571 523
f 523 571 524
f 571 572 524
f 524 572 525
f 572 573 525
f 525 573 526
f 573 574 526
f 526 574 527
f 574 575 527
f 527 575 528
f 575 576 528
f 528 576 529
f 576 577 529
f 529 577 482
f 577 530 482
f 530 578 579
f 530 579 531
f 531 579 580
f 531 580 532
f 532 580 581
f 532 581 533
f 533 581 582
f 533 582 534
f 534 582 583
f 534 583 535
f 535 583 584
f 535 584 536
f 536 584 585
f 536 585 537
f 537 585 586
f 537 586 538
f 538 586 587
f 538 587 539
f 539 587 588
f 539 588 540
f 540 588 589
f 540 589 541
f 541 589 590
f 541 590 542
f 542 590 543
f 590 591 543
f 543 591 544
f 591 592 544
f 544 592 545
f 592 593 545
f 545 593 546
f 593 594 546
f 546 594 547
f 594 595 547
f 547 595 548
f 595 596 548
f 548 596 549
f 596 597 549
f 549 597 550
f 597 598 550
f 550 598 551
f 598 599 551
f 551 599 552
f 599 600 552
f 552 600 553
f 600 601 553
f 553 601 554
f 601 602 554
f 554 602 603
f 554 603 555
f 555 603 604
f 555 604 556
f 556 604 605
f 556 605 557
f 557 605 606
f 557 606 558
f 558 606 607
f 558 607 559
f 559 607 608
f 559 608 560
f 560 608 609
f 560 609 561
f 561 609 610
f 561 610 562
f 562 610 611
f 562 611 563
f 563 611 612
f 563 612 564
f 564 612 613
f 564 613 565
f 565 613 614
f 565 614 566
f 566 614 567
f 614 615 567
f 567 615 568
f 615 616 568
f 568 616 569
f 616 617 569
f 569 617 570
f 617 618 570
f 570 618 571
f 618 619 571
f 571 619 572
f 619 620 572
f 572 620 573
f 620 621 573
f 573 621 574
f 621 622 574
f 574 622 575
f 622 623 575
f 575 623 576
f 623 624 576
f 576 624 577
f 624 625 577
f 577 625 530
f 625 578 530
f 578 626 627
f 578 627 579
f 579 627 628
f 579 628 580
f 580 628 629
f 580 629 581
f 581 629 630
f 581 630 582
f 582 630 631
f 582 631 583
f 583 631 632
f 583 632 584
f 584 632 633
f 584 633 585
f 585 633 634
f 585 634 586
f 586 634 635
f 586 635 587
f 587 635 636
f 587 636 588
f 588 636 637
f 588 637 589
f 589 637 638
f 589 638 590
f 590 638 591
f 638 639 591
f 591 639 592
f 639 640 592
f 592 640 593
f 640 641 593
f 593 641 594
f 641 642 594
f 594 642 595
f 642 643 595
f 595 643 596
f 643 644 596
f 596 644 597
f 644 645 597
f 597 645 598
f 645 646 598
f 598 646 599
f 646 647 599
f 599 647 600
f 647 648 600
f 600 648 601
f 648 649 601
f 601 649 602
f 649 650 602
f 602 650 651
f 602 651 603
f 603 651 652
f 603 652 604
f 604 652 653
f 604 653 605
f 605 653 654
f 605 654 606
f 606 654 655
f 606 655 607
f 607 655 656
f 607 656 608
f 608 656 657
f 608 657 609
f 609 657 658
f 609 658 610
f 610 658 659
f 610 659 611
f 611 659 660
f 611 660 612
f 612 660 661
f 612 661 613
f 613 661 662
f 613 662 614
f 614 662 615
f 662 663 615
f 615 663 616
f 663 664 616
f 616 664 617
f 664 665 617
f 617 665 618
f 665 666 618
f 618 666 619
f 666 667 619
f 619 667 620
f 667 668 620
f 620 668 621
f 668 669 621
f 621 669 622
f 669 670 622
f 622 670 623
f 670 671 623
f 623 671 624
f 671 672 624
f 624 672 625
f 672 673 625
f 625 673 578
f 673 626 578
f 626 674 675
f 626 675 627
f 627 675 676
f 627 676 628
f 628 676 677
f 628 677 629
f 629 677 678
f 629 678 630
f 630 678 679
f 630 679 631
f 631 679 680
f 631 680 632
f 632 680 681
f 632 681 633
f 633 681 682
f 633 682 634
f 634 682 683
f 634 683 635
f 635 683 684
f 635 684 636
f 636 684 685
f 636 685 637
f 637 685 686
f 637 686 638
f 638 686 639
f 686 687 639
f 639 687 640
f 687 688 640
f 640 688 641
f 688 689 641
f 641 689 642
f 689 690 642
f 642 690 643
f 690 691 643
f 643 691 644
f 691 692 644
f 644 692 645
f 692 693 645
f 645 693 646
f 693 694 646
f 646 694 647
f 694 695 647
f 647 695 648
f 695 696 648
f 648 696 649
f 696 697 649
f 649 697 650
f 697 698 650
f 650 698 699
f 650 699 651
f 651 699 700
f 651 700 652
f 652 700 701
f 652 701 653
f 653 701 702
f 653 702 654
f 654 702 703
f 654 703 655
f 655 703 704
f 655 704 656
f 656 704 705
f 656 705 657
f 657 705 706
f 657 706 658
f 658 706 707
f 658 707 659
f 659 707 708
f 659 708 660
f 660 708 709
f 660 709 661
f 661 709 710
f 661 710 662
f 662 710 663
f 710 711 663
f 663 711 664
f 711 712 664
f 664 712 665
f 712 713 665
f 665 713 666
f 713 714 666
f 666 714 667
f 714 715 667
f 667 715 668
f 715 716 668
f 668 716 669
f 716 717 669
f 669 717 670
f 717 718 670
f 670 718 671
f 718 719 671
f 671 719 672
f 719 720 672
f 672 720 673
f 720 721 673
f 673 721 626
f 721 674 626
f 674 722 723
f 674 723 675
f 675 723 724
f 675 724 676
f 676 724 725
f 676 725 677
f 677 725 726
f 677 726 678
f 678 726 727
f 678 727 679
f 679 727 728
f 679 728 680
f 680 728 729
f 680 729 681
f 681 729 730
f 681 730 682
f 682 730 731
f 682 731 683
f 683 731 732
f 683 732 684
f 684 732 733
f 684 733 685
f 685 733 734
f 685 734 686
f 686 734 687
f 734 735 687
f 687 735 688
f 735 736 688
f 688 736 689
f 736 737 689
f 689 737 690
f 737 738 690
f 690 738 691
f 738 739 691
f 691 739 692
f 739 740 692
f 692 740 693
f 740 741 693
f 693 741 694
f 741 742 694
f 694 742 695
f 742 743 695
f 695 743 696
f 743 744 696
f 696 744 697
f 744 745 697
f 697 745 698
f 745 746 698
f 698 746 747
f 698 747 699
f 699 747 748
f 699 748 700
f 700 748 749
f 700 749 701
f 701 749 750
f 701 750 702
f 702 750 751
f 702 751 703
f 703 751 752
f 703 752 704
f 704 752 753
f 704 753 705
f 705 753 754
f 705 754 706
f 706 754 755
f 706 755 707
f 707 755 756
f 707 756 708
f 708 756 757
f 708 757 709
f 709 757 758
f 709 758 710
f 710 758 711
f 758 759 711
f 711 759 712
f 759 760 712
f 712 760 713
f 760 761 713
f 713 761 714
f 761 762 714
f 714 762 715
f 762 763 715
f 715 763 716
f 763 764 716
f 716 764 717
f 764 765 717
f 717 765 718
f 765 766 718
f 718 766 719
f 766 767 719
f 719 767 720
f 767 768 720
f 720 768 721
f 768 769 721
f 721 769 674
f 769 722 674
f 722 770 771
f 722 771 723
f 723 771 772
f 723 772 724
f 724 772 773
f 724 773 725
f 725 773 774
f 725 774 726
f 726 774 775
f 726 775 727
f 727 775 776
f 727 776 728
f 728 776 777
f 728 777 729
f 729 777 778
f 729 778 730
f 730 778 779
f 730 779 731
f 731 779 780
f 731 780 732
f 732 780 781
f 732 781 733
f 733 781 782
f 733 782 734
f 734 782 735
f 782 783 735
f 735 783 736
f 783 784 736
f 736 784 737
f 784 785 737
f 737 785 738
f 785 786 738
f 738 786 739
f 786 787 739
f 739 787 740
f 787 788 740
f 740 788 741
f 788 789 741
f 741 789 742
f 789 790 742
f 742 790 743
f 790 791 743
f 743 791 744
f 791 792 744
f 744 792 745
f 792 793 745
f 745 793 746
f 793 794 746
f 746 794 795
f 746 795 747
f 747 795 796
f 747 796 748
f 748 796 797
f 748 797 749
f 749 797 798
f 749 798 750
f 750 798 799
f 750 799 751
f 751 799 800
f 751 800 752
f 752 800 801
f 752 801 753
f 753 801 802
f 753 802 754
f 754 802 803
f 754 803 755
f 755 803 804
f 755 804 756
f 756 804 805
f 756 805 757
f 757 805 806
f 757 806 758
f 758 806 759
f 806 807 759
f 759 807 760
f 807 808 760
f 760 808 761
f 808 809 761
f 761 809 762
f 809 810 762
f 762 810 763
f 810 811 763
f 763 811 764
f 811 812 764
f 764 812 765
f 812 813 765
f 765 813 766
f 813 814 766
f 766 814 767
f 814 815 767
f 767 815 768
f 815 816 768
f 768 816 769
f 816 817 769
f 769 817 722
f 817 770 722
f 770 818 819
f 770 819 771
f 771 819 820
f 771 820 772
f 772 820 821
f 772 821 773
f 773 821 822
f 773 822 774
f 774 822 823
f 774 823 775
f 775 823 824
f 775 824 776
f 776 824 825
f 776 825 777
f 777 825 826
f 777 826 778
f 778 826 827
f 778 827 779
f 779 827 828
f 779 828 780
f 780 828 829
f 780 829 781
f 781 829 830
f 781 830 782
f 782 830 783
f 830 831 783
f 783 831 784
f 831 832 784
f 784 832 785
f 832 833 785
f 785 833 786
f 833 834 786
f 786 834 787
f 834 835 787
f 787 835 788
f 835 836 788
f 788 836 789
f 836 837 789
f 789 837 790
f 837 838 790
f 790 838 791
f 838 839 791
f 791 839 792
f 839 840 792
f 792 840 793
f 840 841 793
f 793 841 794
f 841 842 794
f 794 842 843
f 794 843 795
f 795 843 844
f 795 844 796
f 796 844 845
f 796 845 797
f 797 845 846
f 797 846 798
f 798 846 847
f 798 847 799
f 799 847 848
f 799 848 800
f 800 848 849
f 800 849 801
f 801 849 850
f 801 850 802
f 802 850 851
f 802 851 803
f 803 851 852
f 803 852 804
f 804 852 853
f 804 853 805
f 805 853 854
f 805 854 806
f 806 854 807
f 854 855 807
f 807 855 808
f 855 856 808
f 808 856 809
f 856 857 809
f 809 857 810
f 857 858 810
f 810 858 811
f 858 859 811
f 811 859 812
f 859 860 812
f 812 860 813
f 860 861 813
f 813 861 814
f 861 862 814
f 814 862 815
f 862 863 815
f 815 863 816
f 863 864 816
f 816 864 817
f 864 865 817
f 817 865 770
f 865 818 770
f 818 866 867
f 818 867 819
f 819 867 868
f 819 868 820
f 820 868 869
f 820 869 821
f 821 869 870
f 821 870 822
f 822 870 871
f 822 871 823
f 823 871 872
f 823 872 824
f 824 872 873
f 824 873 825
f 825 873 874
f 825 874 826
f 826 874 875
f 826 875 827
f 827 875 876
f 827 876 828
f 828 876 877
f 828 877 829
f 829 877 878
f 829 878 830
f 830 878 831
f 878 879 831
f 831 879 832
f 879 880 832
f 832 880 833
f 880 881 833
f 833 881 834
f 881 882 834
f 834 882 835
f 882 883 835
f 835 883 836
f 883 884 836
f 836 884 837
f 884 885 837
f 837 885 838
f 885 886 838
f 838 886 839
f 886 887 839
f 839 887 840
f 887 888 840
f 840 888 841
f 888 889 841
f 841 889 842
f 889 890 842
f 842 890 891
f 842 891 843
f 843 891 892
f 843 892 844
f 844 892 893
f 844 893 845
f 845 893 894
f 845 894 846
f 846 894 895
f 846 895 847
f 847 895 896
f 847 896 848
f 848 896 897
f 848 897 849
f 849 897 898
f 849 898 850
f 850 898 899
f 850 899 851
f 851 899 900
f 851 900 852
f 852 900 901
f 852 901 853
f 853 901 902
f 853 902 854
f 854 902 855
f 902 903 855
f 855 903 856
f 903 904 856
f 856 904 857
f 904 905 857
f 857 905 858
f 905 906 858
f 858 906 859
f 906 907 859
f 859 907 860
f 907 908 860
f 860 908 861
f 908 909 861
f 861 909 862
f 909 910 862
f 862 910 863
f 910 911 863
f 863 911 864
f 911 912 864
f 864 912 865
f 912 913 865
f 865 913 818
f 913 866 818
f 866 914 867
f 867 914 868
f 868 914 869
f 869 914 870
f 870 914 871
f 871 914 872
f 872 914 873
f 873 914 874
f 874 914 875
f 875 914 876
f 876 914 877
f 877 914 878
f 878 914 879
f 879 914 880
f 880 914 881
f 881 914 882
f 882 914 883
f 883 914 884
f 884 914 885
f 885 914 886
f 886 914 887
f 887 914 888
f 888 914 889
f 889 914 890
f 890 914 891
f 891 914 892
f 892 914 893
f 893 914 894
f 894 914 895
f 895 914 896
f 896 914 897
f 897 914 898
f 898 914 899
f 899 914 900
f 900 914 901
f 901 914 902
f 902 914 903
f 903 914 904
f 904 914 905
f 905 914 906
f 906 914 907
f 907 914 908
f 908 914 909
f 909 914 910
f 910 914 911
f 911 914 912
f 912 914 913
f 913 914 866
f 915 916 917
f 916 918 917
f 918 919 917
f 919 920 917
f 917 920 921
f 917 921 922
f 917 922 923
f 917 923 924
f 924 925 917
f 925 926 917
f 926 927 917
f 927 928 917
f 917 928 929
f 917 929 930
f 917 930 931
f 917 931 915
f 915 932 916
f 932 933 916
f 916 933 918
f 933 934 918
f 918 934 919
f 934 935 919
f 919 935 920
f 935 936 920
f 920 936 937
f 920 937 921
f 921 937 938
f 921 938 922
f 922 938 939
f 922 939 923
f 923 939 940
f 923 940 924
f 924 940 925
f 940 941 925
f 925 941 926
f 941 942 926
f 926 942 927
f 942 943 927
f 927 943 928
f 943 944 928
f 928 944 945
f 928 945 929
f 929 945 946
f 929 946 930
f 930 946 947
f 930 947 931
f 931 947 932
f 931 932 915
f 932 948 933
f 948 949 933
f 933 949 934
f 949 950 934
f 934 950 935
f 950 951 935
f 935 951 936
f 951 952 936
f 936 952 953
f 936 953 937
f 937 953 954
f 937 954 938
f 938 954 955
f 938 955 939
f 939 955 956
f 939 956 940
f 940 956 941
f 956 957 941
f 941 957 942
f 957 958 942
f 942 958 943
f 958 959 943
f 943 959 944
f 959 960 944
f 944 960 961
f 944 961 945
f 945 961 962
f 945 962 946
f 946 962 963
f 946 963 947
f 947 963 948
f 947 948 932
f 948 964 949
f 964 965 949
f 949 965 950
f 965 966 950
f 950 966 951
f 966 967 951
f 951 967 952
f 967 968 952
f 952 968 969
f 952 969 953
f 953 969 970
f 953 970 954
f 954 970 971
f 954 971 955
f 955 971 972
f 955 972 956
f 956 972 957
f 972 973 957
f 957 973 958
f 973 974 958
f 958 974 959
f 974 975 959
f 959 975 960
f 975 976 960
f 960 976 977
f 960 977 961
f 961 977 978
f 961 978 962
f 962 978 979
f 962 979 963
f 963 979 964
f 963 964 948
f 964 980 965
f 980 981 965
f 965 981 966
f 981 982 966
f 966 982 967
f 982 983 967
f 967 983 968
f 983 984 968
f 968 984 985
f 968 985 969
f 969 985 986
f 969 986 970
f 970 986 987
f 970 987 971
f 971 987 988
f 971 988 972
f 972 988 973
f 988 989 973
f 973 989 974
f 989 990 974
f 974 990 975
f 990 991 975
f 975 991 976
f 991 992 976
f 976 992 993
f 976 993 977
f 977 993 994
f 977 994 978
f 978 994 995
f 978 995 979
f 979 995 980
f 979 980 964
f 980 996 981
f 996 997 981
f 981 997 982
f 997 998 982
f 982 998 983
f 998 999 983
f 983 999 984
f 999 1000 984
f 984 1000 1001
f 984 1001 985
f 985 1001 1002
f 985 1002 986
f 986 1002 1003
f 986 1003 987
f 987 1003 1004
f 987 1004 988
f 988 1004 989
f 1004 1005 989
f 989 1005 990
f 1005 1006 990
f 990 1006 991
f 1006 1007 991
f 991 1007 992
f 1007 1008 992
f 992 1008 1009
f 992 1009 993
f 993 1009 1010
f 993 1010 994
f 994 1010 1011
f 994 1011 995
f 995 1011 996
f 995 996 980
f 996 1012 997
f 1012 1013 997
f 997 1013 998
f 1013 1014 998
f 998 1014 999
f 1014 1015 999
f 999 1015 1000
f 1015 1016 1000
f 1000 1016 1017
f 1000 1017 1001
f 1001 1017 1018
f 1001 1018 1002
f 1002 1018 1019
f 1002 1019 1003
f 1003 1019 1020
f 1003 1020 1004
f 1004 1020 1005
f 1020 1021 1005
f 1005 1021 1006
f 1021 1022 1006
f 1006 1022 1007
f 1022 1023 1007
f 1007 1023 1008
f 1023 1024 1008
f 1008 1024 1025
f 1008 1025 1009
f 1009 1025 1026
f 1009 1026 1010
f 1010 1026 1027
f 1010 1027 1011
f 1011 1027 1012
f 1011 1012 996
f 1012 1028 1013
f 1028 1029 1013
f 1013 1029 1014
f 1029 1030 1014
f 1014 1030 1015
f 1030 1031 1015
f 1015 1031 1016
f 1031 1032 1016
f 1016 1032 1033
f 1016 1033 1017
f 1017 1033 1034
f 1017 1034 1018
f 1018 1034 1035
f 1018 1035 1019
f 1019 1035 1036
f 1019 1036 1020
f 1020 1036 1021
f 1036 1037 1021
f 1021 1037 1022
f 1037 1038 1022
f 1022 1038 1023
f 1038 1039 1023
f 1023 1039 1024
f 1039 1040 1024
f 1024 1040 1041
f 1024 1041 1025
f 1025 1041 1042
f 1025 1042 1026
f 1026 1042 1043
f 1026 1043 1027
f 1027 1043 1028
f 1027 1028 1012
f 1028 1044 1029
f 1044 1045 1029
f 1029 1045 1030
f 1045 1046 1030
f 1030 1046 1031
f 1046 1047 1031
f 1031 1047 1032
f 1047 1048 1032
f 1032 1048 1049
f 1032 1049 1033
f 1033 1049 1050
f 1033 1050 1034
f 1034 1050 1051
f 1034 1051 1035
f 1035 1051 1052
f 1035 1052 1036
f 1036 1052 1037
f 1052 1053 1037
f 1037 1053 1038
f 1053 1054 1038
f 1038 1054 1039
f 1054 1055 1039
f 1039 1055 1040
f 1055 1056 1040
f 1040 1056 1057
f 1040 1057 1041
f 1041 1057 1058
f 1041 1058 1042
f 1042 1058 1059
f 1042 1059 1043
f 1043 1059 1044
f 1043 1044 1028
f 1044 1060 1045
f 1060 1061 1045
f 1045 1061 1046
f 1061 1062 1046
f 1046 1062 1047
f 1062 1063 1047
f 1047 1063 1048
f 1063 1064 1048
f 1048 1064 1065
f 1048 1065 1049
f 1049 1065 1066
f 1049 1066 1050
f 1050 1066 1067
f 1050 1067 1051
f 1051 1067 1068
f 1051 1068 1052
f 1052 1068 1053
f 1068 1069 1053
f 1053 1069 1054
f 1069 1070 1054
f 1054 1070 1055
f 1070 1071 1055
f 1055 1071 1056
f 1071 1072 1056
f 1056 1072 1073
f 1056 1073 1057
f 1057 1073 1074
f 1057 1074 1058
f 1058 1074 1075
f 1058 1075 1059
f 1059 1075 1060
f 1059 1060 1044
f 1060 1076 1077
f 1060 1077 1061
f 1061 1077 1078
f 1061 1078 1062
f 1062 1078 1079
f 1062 1079 1063
f 1063 1079 1080
f 1063 1080 1064
f 1064 1080 1065
f 1080 1081 1065
f 1065 1081 1066
f 1081 1082 1066
f 1066 1082 1067
f 1082 1083 1067
f 1067 1083 1068
f 1083 1084 1068
f 1068 1084 1085
f 1068 1085 1069
f 1069 1085 1086
f 1069 1086 1070
f 1070 1086 1087
f 1070 1087 1071
f 1071 1087 1088
f 1071 1088 1072
f 1072 1088 1073
f 1088 1089 1073
f 1073 1089 1074
f 1089 1090 1074
f 1074 1090 1075
f 1090 1091 1075
f 1075 1091 1060
f 1091 1076 1060
f 1076 1092 1093
f 1076 1093 1077
f 1077 1093 1094
f 1077 1094 1078
f 1078 1094 1095
f 1078 1095 1079
f 1079 1095 1096
f 1079 1096 1080
f 1080 1096 1081
f 1096 1097 1081
f 1081 1097 1082
f 1097 1098 1082
f 1082 1098 1083
f 1098 1099 1083
f 1083 1099 1084
f 1099 1100 1084
f 1084 1100 1101
f 1084 1101 1085
f 1085 1101 1102
f 1085 1102 1086
f 1086 1102 1103
f 1086 1103 1087
f 1087 1103 1104
f 1087 1104 1088
f 1088 1104 1089
f 1104 1105 1089
f 1089 1105 1090
f 1105 1106 1090
f 1090 1106 1091
f 1106 1107 1091
f 1091 1107 1076
f 1107 1092 1076
f 1092 1108 1109
f 1092 1109 1093
f 1093 1109 1110
f 1093 1110 1094
f 1094 1110 1111
f 1094 1111 1095
f 1095 1111 1112
f 1095 1112 1096
f 1096 1112 1097
f 1112 1113 1097
f 1097 1113 1098
f 1113 1114 1098
f 1098 1114 1099
f 1114 1115 1099
f 1099 1115 1100
f 1115 1116 1100
f 1100 1116 1117
f 1100 1117 1101
f 1101 1117 1118
f 1101 1118 1102
f 1102 1118 1119
f 1102 1119 1103
f 1103 1119 1120
f 1103 1120 1104
f 1104 1120 1105
f 1120 1121 1105
f 1105 1121 1106
f 1121 1122 1106
f 1106 1122 1107
f 1122 1123 1107
f 1107 1123 1092
f 1123 1108 1092
f 1108 1124 1125
f 1108 1125 1109
f 1109 1125 1126
f 1109 1126 1110
f 1110 1126 1127
f 1110 1127 1111
f 1111 1127 1128
f 1111 1128 1112
f 1112 1128 1113
f 1128 1129 1113
f 1113 1129 1114
f 1129 1130 1114
f 1114 1130 1115
f 1130 1131 1115
f 1115 1131 1116
f 1131 1132 1116
f 1116 1132 1133
f 1116 1133 1117
f 1117 1133 1134
f 1117 1134 1118
f 1118 1134 1135
f 1118 1135 1119
f 1119 1135 1136
f 1119 1136 1120
f 1120 1136 1121
f 1136 1137 1121
f 1121 1137 1122
f 1137 1138 1122
f 1122 1138 1123
f 1138 1139 1123
f 1123 1139 1108
f 1139 1124 1108
f 1124 1140 1141
f 1124 1141 1125
f 1125 1141 1142
f 1125 1142 1126
f 1126 1142 1143
f 1126 1143 1127
f 1127 1143 1144
f 1127 1144 1128
f 1128 1144 1129
f 1144 1145 1129
f 1129 1145 1130
f 1145 1146 1130
f 1130 1146 1131
f 1146 1147 1131
f 1131 1147 1132
f 1147 1148 1132
f 1132 1148 1149
f 1132 1149 1133
f 1133 1149 1150
f 1133 1150 1134
f 1134 1150 1151
f 1134 1151 1135
f 1135 1151 1152
f 1135 1152 1136
f 1136 1152 1137
f 1152 1153 1137
f 1137 1153 1138
f 1153 1154 1138
f 1138 1154 1139
f 1154 1155 1139
f 1139 1155 1124
f 1155 1140 1124
f 1140 1156 1157
f 1140 1157 1141
f 1141 1157 1158
f 1141 1158 1142
f 1142 1158 1159
f 1142 1159 1143
f 1143 1159 1160
f 1143 1160 1144
f 1144 1160 1145
f 1160 1161 1145
f 1145 1161 1146
f 1161 1162 1146
f 1146 1162 1147
f 1162 1163 1147
f 1147 1163 1148
f 1163 1164 1148
f 1148 1164 1165
f 1148 1165 1149
f 1149 1165 1166
f 1149 1166 1150
f 1150 1166 1167
f 1150 1167 1151
f 1151 1167 1168
f 1151 1168 1152
f 1152 1168 1153
f 1168 1169 1153
f 1153 1169 1154
f 1169 1170 1154
f 1154 1170 1155
f 1170 1171 1155
f 1155 1171 1140
f 1171 1156 1140
f 1156 1172 1173
f 1156 1173 1157
f 1157 1173 1174
f 1157 1174 1158
f 1158 1174 1175
f 1158 1175 1159
f 1159 1175 1176
f 1159 1176 1160
f 1160 1176 1161
f 1176 1177 1161
f 1161 1177 1162
f 1177 1178 1162
f 1162 1178 1163
f 1178 1179 1163
f 1163 1179 1164
f 1179 1180 1164
f 1164 1180 1181
f 1164 1181 1165
f 1165 1181 1182
f 1165 1182 1166
f 1166 1182 1183
f 1166 1183 1167
f 1167 1183 1184
f 1167 1184 1168
f 1168 1184 1169
f 1184 1185 1169
f 1169 1185 1170
f 1185 1186 1170
f 1170 1186 1171
f 1186 1187 1171
f 1171 1187 1156
f 1187 1172 1156
f 1172 1188 1189
f 1172 1189 1173
f 1173 1189 1190
f 1173 1190 1174
f 1174 1190 1191
f 1174 1191 1175
f 1175 1191 1192
f 1175 1192 1176
f 1176 1192 1177
f 1192 1193 1177
f 1177 1193 1178
f 1193 1194 1178
f 1178 1194 1179
f 1194 1195 1179
f 1179 1195 1180
f 1195 1196 1180
f 1180 1196 1197
f 1180 1197 1181
f 1181 1197 1198
f 1181 1198 1182
f 1182 1198 1199
f 1182 1199 1183
f 1183 1199 1200
f 1183 1200 1184
f 1184 1200 1185
f 1200 1201 1185
f 1185 1201 1186
f 1201 1202 1186
f 1186 1202 1187
f 1202 1203 1187
f 1187 1203 1172
f 1203 1188 1172
f 1188 1204 1205
f 1188 1205 1189
f 1189 1205 1206
f 1189 1206 1190
f 1190 1206 1207
f 1190 1207 1191
f 1191 1207 1208
f 1191 1208 1192
f 1192 1208 1193
f 1208 1209 1193
f 1193 1209 1194
f 1209 1210 1194
f 1194 1210 1195
f 1210 1211 1195
f 1195 1211 1196
f 1211 1212 1196
f 1196 1212 1213
f 1196 1213 1197
f 1197 1213 1214
f 1197 1214 1198
f 1198 1214 1215
f 1198 1215 1199
f 1199 1215 1216
f 1199 1216 1200
f 1200 1216 1201
f 1216 1217 1201
f 1201 1217 1202
f 1217 1218 1202
f 1202 1218 1203
f 1218 1219 1203
f 1203 1219 1188
f 1219 1204 1188
f 1204 1220 1205
f 1205 1220 1206
f 1206 1220 1207
f 1207 1220 1208
f 1208 1220 1209
f 1209 1220 1210
f 1210 1220 1211
f 1211 1220 1212
f 1212 1220 1213
f 1213 1220 1214
f 1214 1220 1215
f 1215 1220 1216
f 1216 1220 1217
f 1217 1220 1218
f 1218 1220 1219
f 1219 1220 1204
f 1221 1222 1220
f 1222 1223 1220
f 1223 1224 1220
f 1224 1225 1220
f 1220 1225 1226
f 1220 1226 1227
f 1220 1227 1228
f 1220 1228 1229
f 1229 1230 1220
f 1230 1231 1220
f 1231 1232 1220
f 1232 1233 1220
f 1220 1233 1234
f 1220 1234 1235
f 1220 1235 1236
f 1220 1236 1221
f 1221 1237 1222
f 1237 1238 1222
f 1222 1238 1223
f 1238 1239 1223
f 1223 1239 1224
f 1239 1240 1224
f 1224 1240 1225
f 1240 1241 1225
f 1225 1241 1242
f 1225 1242 1226
f 1226 1242 1243
f 1226 1243 1227
f 1227 1243 1244
f 1227 1244 1228
f 1228 1244 1245
f 1228 1245 1229
f 1229 1245 1230
f 1245 1246 1230
f 1230 1246 1231
f 1246 1247 1231
f 1231 1247 1232
f 1247 1248 1232
f 1232 1248 1233
f 1248 1249 1233
f 1233 1249 1250
f 1233 1250 1234
f 1234 1250 1251
f 1234 1251 1235
f 1235 1251 1252
f 1235 1252 1236
f 1236 1252 1237
f 1236 1237 1221
f 1237 1253 1238
f 1253 1254 1238
f 1238 1254 1239
f 1254 1255 1239
f 1239 1255 1240
f 1255 1256 1240
f 1240 1256 1241
f 1256 1257 1241
f 1241 1257 1258
f 1241 1258 1242
f 1242 1258 1259
f 1242 1259 1243
f 1243 1259 1260
f 1243 1260 1244
f 1244 1260 1261
f 1244 1261 1245
f 1245 1261 1246
f 1261 1262 1246
f 1246 1262 1247
f 1262 1263 1247
f 1247 1263 1248
f 1263 1264 1248
f 1248 1264 1249
f 1264 1265 1249
f 1249 1265 1266
f 1249 1266 1250
f 1250 1266 1267
f 1250 1267 1251
f 1251 1267 1268
f 1251 1268 1252
f 1252 1268 1253
f 1252 1253 1237
f 1253 1269 1254
f 1269 1270 1254
f 1254 1270 1255
f 1270 1271 1255
f 1255 1271 1256
f 1271 1272 1256
f 1256 1272 1257
f 1272 1273 1257
f 1257 1273 1274
f 1257 1274 1258
f 1258 1274 1275
f 1258 1275 1259
f 1259 1275 1276
f 1259 1276 1260
f 1260 1276 1277
f 1260 1277 1261
f 1261 1277 1262
f 1277 1278 1262
f 1262 1278 1263
f 1278 1279 1263
f 1263 1279 1264
f 1279 1280 1264
f 1264 1280 1265
f 1280 1281 1265
f 1265 1281 1282
f 1265 1282 1266
f 1266 1282 1283
f 1266 1283 1267
f 1267 1283 1284
f 1267 1284 1268
f 1268 1284 1269
f 1268 1269 1253
f 1269 1285 1270
f 1285 1286 1270
f 1270 1286 1271
f 1286 1287 1271
f 1271 1287 1272
f 1287 1288 1272
f 1272 1288 1273
f 1288 1289 1273
f 1273 1289 1290
f 1273 1290 1274
f 1274 1290 1291
f 1274 1291 1275
f 1275 1291 1292
f 1275 1292 1276
f 1276 1292 1293
f 1276 1293 1277
f 1277 1293 1278
f 1293 1294 1278
f 1278 1294 1279
f 1294 1295 1279
f 1279 1295 1280
f 1295 1296 1280
f 1280 1296 1281
f 1296 1297 1281
f 1281 1297 1298
f 1281 1298 1282
f 1282 1298 1299
f 1282 1299 1283
f 1283 1299 1300
f 1283 1300 1284
f 1284 1300 1285
f 1284 1285 1269
f 1285 1301 1286
f 1301 1302 1286
f 1286 1302 1287
f 1302 1303 1287
f 1287 1303 1288
f 1303 1304 1288
f 1288 1304 1289
f 1304 1305 1289
f 1289 1305 1306
f 1289 1306 1290
f 1290 1306 1307
f 1290 1307 1291
f 1291 1307 1308
f 1291 1308 1292
f 1292 1308 1309
f 1292 1309 1293
f 1293 1309 1294
f 1309 1310 1294
f 1294 1310 1295
f 1310 1311 1295
f 1295 1311 1296
f 1311 1312 1296
f 1296 1312 1297
f 1312 1313 1297
f 1297 1313 1314
f 1297 1314 1298
f 1298 1314 1315
f 1298 1315 1299
f 1299 1315 1316
f 1299 1316 1300
f 1300 1316 1301
f 1300 1301 1285
f 1301 1317 1302
f 1317 1318 1302
f 1302 1318 1303
f 1318 1319 1303
f 1303 1319 1304
f 1319 1320 1304
f 1304 1320 1305
f 1320 1321 1305
f 1305 1321 1322
f 1305 1322 1306
f 1306 1322 1323
f 1306 1323 1307
f 1307 1323 1324
f 1307 1324 1308
f 1308 1324 1325
f 1308 1325 1309
f 1309 1325 1310
f 1325 1326 1310
f 1310 1326 1311
f 1326 1327 1311
f 1311 1327 1312
f 1327 1328 1312
f 1312 1328 1313
f 1328 1329 1313
f 1313 1329 1330
f 1313 1330 1314
f 1314 1330 1331
f 1314 1331 1315
f 1315 1331 1332
f 1315 1332 1316
f 1316 1332 1317
f 1316 1317 1301
f 1317 1333 1318
f 1333 1334 1318
f 1318 1334 1319
f 1334 1335 1319
f 1319 1335 1320
f 1335 1336 1320
f 1320 1336 1321
f 1336 1337 1321
f 1321 1337 1338
f 1321 1338 1322
f 1322 1338 1339
f 1322 1339 1323
f 1323 1339 1340
f 1323 1340 1324
f 1324 1340 1341
f 1324 1341 1325
f 1325 1341 1326
f 1341 1342 1326
f 1326 1342 1327
f 1342 1343 1327
f 1327 1343 1328
f 1343 1344 1328
f 1328 1344 1329
f 1344 1345 1329
f 1329 1345 1346
f 1329 1346 1330
f 1330 1346 1347
f 1330 1347 1331
f 1331 1347 1348
f 1331 1348 1332
f 1332 1348 1333
f 1332 1333 1317
f 1333 1349 1334
f 1349 1350 1334
f 1334 1350 1335
f 1350 1351 1335
f 1335 1351 1336
f 1351 1352 1336
f 1336 1352 1337
f 1352 1353 1337
f 1337 1353 1354
f 1337 1354 1338
f 1338 1354 1355
f 1338 1355 1339
f 1339 1355 1356
f 1339 1356 1340
f 1340 1356 1357
f 1340 1357 1341
f 1341 1357 1342
f 1357 1358 1342
f 1342 1358 1343
f 1358 1359 1343
f 1343 1359 1344
f 1359 1360 1344
f 1344 1360 1345
f 1360 1361 1345
f 1345 1361 1362
f 1345 1362 1346
f 1346 1362 1363
f 1346 1363 1347
f 1347 1363 1364
f 1347 1364 1348
f 1348 1364 1349
f 1348 1349 1333
f 1349 1365 1350
f 1365 1366 1350
f 1350 1366 1351
f 1366 1367 1351
f 1351 1367 1352
f 1367 1368 1352
f 1352 1368 1353
f 1368 1369 1353
f 1353 1369 1370
f 1353 1370 1354
f 1354 1370 1371
f 1354 1371 1355
f 1355 1371 1372
f 1355 1372 1356
f 1356 1372 1373
f 1356 1373 1357
f 1357 1373 1358
f 1373 1374 1358
f 1358 1374 1359
f 1374 1375 1359
f 1359 1375 1360
f 1375 1376 1360
f 1360 1376 1361
f 1376 1377 1361
f 1361 1377 1378
f 1361 1378 1362
f 1362 1378 1379
f 1362 1379 1363
f 1363 1379 1380
f 1363 1380 1364
f 1364 1380 1365
f 1364 1365 1349
f 1365 1381 1382
f 1365 1382 1366
f 1366 1382 1383
f 1366 1383 1367
f 1367 1383 1384
f 1367 1384 1368
f 1368 1384 1385
f 1368 1385 1369
f 1369 1385 1370
f 1385 1386 1370
f 1370 1386 1371
f 1386 1387 1371
f 1371 1387 1372
f 1387 1388 1372
f 1372 1388 1373
f 1388 1389 1373
f 1373 1389 1390
f 1373 1390 1374
f 1374 1390 1391
f 1374 1391 1375
f 1375 1391 1392
f 1375 1392 1376
f 1376 1392 1393
f 1376 1393 1377
f 1377 1393 1378
f 1393 1394 1378
f 1378 1394 1379
f 1394 1395 1379
f 1379 1395 1380
f 1395 1396 1380
f 1380 1396 1365
f 1396 1381 1365
f 1381 1397 1398
f 1381 1398 1382
f 1382 1398 1399
f 1382 1399 1383
f 1383 1399 1400
f 1383 1400 1384
f 1384 1400 1401
f 1384 1401 1385
f 1385 1401 1386
f 1401 1402 1386
f 1386 1402 1387
f 1402 1403 1387
f 1387 1403 1388
f 1403 1404 1388
f 1388 1404 1389
f 1404 1405 1389
f 1389 1405 1406
f 1389 1406 1390
f 1390 1406 1407
f 1390 1407 1391
f 1391 1407 1408
f 1391 1408 1392
f 1392 1408 1409
f 1392 1409 1393
f 1393 1409 1394
f 1409 1410 1394
f 1394 1410 1395
f 1410 1411 1395
f 1395 1411 1396
f 1411 1412 1396
f 1396 1412 1381
f 1412 1397 1381
f 1397 1413 1414
f 1397 1414 1398
f 1398 1414 1415
f 1398 1415 1399
f 1399 1415 1416
f 1399 1416 1400
f 1400 1416 1417
f 1400 1417 1401
f 1401 1417 1402
f 1417 1418 1402
f 1402 1418 1403
f 1418 1419 1403
f 1403 1419 1404
f 1419 1420 1404
f 1404 1420 1405
f 1420 1421 1405
f 1405 1421 1422
f 1405 1422 1406
f 1406 1422 1423
f 1406 1423 1407
f 1407 1423 1424
f 1407 1424 1408
f 1408 1424 1425
f 1408 1425 1409
f 1409 1425 1410
f 1425 1426 1410
f 1410 1426 1411
f 1426 1427 1411
f 1411 1427 1412
f 1427 1428 1412
f 1412 1428 1397
f 1428 1413 1397
f 1413 1429 1430
f 1413 1430 1414
f 1414 1430 1431
f 1414 1431 1415
f 1415 1431 1432
f 1415 1432 1416
f 1416 1432 1433
f 1416 1433 1417
f 1417 1433 1418
f 1433 1434 1418
f 1418 1434 1419
f 1434 1435 1419
f 1419 1435 1420
f 1435 1436 1420
f 1420 1436 1421
f 1436 1437 1421
f 1421 1437 1438
f 1421 1438 1422
f 1422 1438 1439
f 1422 1439 1423
f 1423 1439 1440
f 1423 1440 1424
f 1424 1440 1441
f 1424 1441 1425
f 1425 1441 1426
f 1441 1442 1426
f 1426 1442 1427
f 1442 1443 1427
f 1427 1443 1428
f 1443 1444 1428
f 1428 1444 1413
f 1444 1429 1413
f 1429 1445 1446
f 1429 1446 1430
f 1430 1446 1447
f 1430 1447 1431
f 1431 1447 1448
f 1431 1448 1432
f 1432 1448 1449
f 1432 1449 1433
f 1433 1449 1434
f 1449 1450 1434
f 1434 1450 1435
f 1450 1451 1435
f 1435 1451 1436
f 1451 1452 1436
f 1436 1452 1437
f 1452 1453 1437
f 1437 1453 1454
f 1437 1454 1438
f 1438 1454 1455
f 1438 1455 1439
f 1439 1455 1456
f 1439 1456 1440
f 1440 1456 1457
f 1440 1457 1441
f 1441 1457 1442
f 1457 1458 1442
f 1442 1458 1443
f 1458 1459 1443
f 1443 1459 1444
f 1459 1460 1444
f 1444 1460 1429
f 1460 1445 1429
f 1445 1461 1462
f 1445 1462 1446
f 1446 1462 1463
f 1446 1463 1447
f 1447 1463 1464
f 1447 1464 1448
f 1448 1464 1465
f 1448 1465 1449
f 1449 1465 1450
f 1465 1466 1450
f 1450 1466 1451
f 1466 1467 1451
f 1451 1467 1452
f 1467 1468 1452
f 1452 1468 1453
f 1468 1469 1453
f 1453 1469 1470
f 1453 1470 1454
f 1454 1470 1471
f 1454 1471 1455
f 1455 1471 1472
f 1455 1472 1456
f 1456 1472 1473
f 1456 1473 1457
f 1457 1473 1458
f 1473 1474 1458
f 1458 1474 1459
f 1474 1475 1459
f 1459 1475 1460
f 1475 1476 1460
f 1460 1476 1445
f 1476 1461 1445
f 1461 1477 1478
f 1461 1478 1462
f 1462 1478 1479
f 1462 1479 1463
f 1463 1479 1480
f 1463 1480 1464
f 1464 1480 1481
f 1464 1481 1465
f 1465 1481 1466
f 1481 1482 1466
f 1466 1482 1467
f 1482 1483 1467
f 1467 1483 1468
f 1483 1484 1468
f 1468 1484 1469
f 1484 1485 1469
f 1469 1485 1486
f 1469 1486 1470
f 1470 1486 1487
f 1470 1487 1471
f 1471 1487 1488
f 1471 1488 1472
f 1472 1488 1489
f 1472 1489 1473
f 1473 1489 1474
f 1489 1490 1474
f 1474 1490 1475
f 1490 1491 1475
f 1475 1491 1476
f 1491 1492 1476
f 1476 1492 1461
f 1492 1477 1461
f 1477 1493 1494
f 1477 1494 1478
f 1478 1494 1495
f 1478 1495 1479
f 1479 1495 1496
f 1479 1496 1480
f 1480 1496 1497
f 1480 1497 1481
f 1481 1497 1482
f 1497 1498 1482
f 1482 1498 1483
f 1498 1499 1483
f 1483 1499 1484
f 1499 1500 1484
f 1484 1500 1485
f 1500 1501 1485
f 1485 1501 1502
f 1485 1502 1486
f 1486 1502 1503
f 1486 1503 1487
f 1487 1503 1504
f 1487 1504 1488
f 1488 1504 1505
f 1488 1505 1489
f 1489 1505 1490
f 1505 1506 1490
f 1490 1506 1491
f 1506 1507 1491
f 1491 1507 1492
f 1507 1508 1492
f 1492 1508 1477
f 1508 1493 1477
f 1493 1509 1510
f 1493 1510 1494
f 1494 1510 1511
f 1494 1511 1495
f 1495 1511 1512
f 1495 1512 1496
f 1496 1512 1513
f 1496 1513 1497
f 1497 1513 1498
f 1513 1514 1498
f 1498 1514 1499
f 1514 1515 1499
f 1499 1515 1500
f 1515 1516 1500
f 1500 1516 1501
f 1516 1517 1501
f 1501 1517 1518
f 1501 1518 1502
f 1502 1518 1519
f 1502 1519 1503
f 1503 1519 1520
f 1503 1520 1504
f 1504 1520 1521
f 1504 1521 1505
f 1505 1521 1506
f 1521 1522 1506
f 1506 1522 1507
f 1522 1523 1507
f 1507 1523 1508
f 1523 1524 1508
f 1508 1524 1493
f 1524 1509 1493
f 1509 1525 1510
f 1510 1525 1511
f 1511 1525 1512
f 1512 1525 1513
f 1513 1525 1514
f 1514 1525 1515
f 1515 1525 1516
f 1516 1525 1517
f 1517 1525 1518
f 1518 1525 1519
f 1519 1525 1520
f 1520 1525 1521
f 1521 1525 1522
f 1522 1525 1523
f 1523 1525 1524
f 1524 1525 1509
f 1526 1527 1525
f 1527 1528 1525
f 1528 1529 1525
f 1529 1530 1525
f 1525 1530 1531
f 1525 1531 1532
f 1525 1532 1533
f 1525 1533 1534
f 1534 1535 1525
f 1535 1536 1525
f 1536 1537 1525
f 1537 1538 1525
f 1525 1538 1539
f 1525 1539 1540
f 1525 1540 1541
f 1525 1541 1526
f 1526 1542 1527
f 1542 1543 1527
f 1527 1543 1528
f 1543 1544 1528
f 1528 1544 1529
f 1544 1545 1529
f 1529 1545 1530
f 1545 1546 1530
f 1530 1546 1547
f 1530 1547 1531
f 1531 1547 1548
f 1531 1548 1532
f 1532 1548 1549
f 1532 1549 1533
f 1533 1549 1550
f 1533 1550 1534
f 1534 1550 1535
f 1550 1551 1535
f 1535 1551 1536
f 1551 1552 1536
f 1536 1552 1537
f 1552 1553 1537
f 1537 1553 1538
f 1553 1554 1538
f 1538 1554 1555
f 1538 1555 1539
f 1539 1555 1556
f 1539 1556 1540
f 1540 1556 1557
f 1540 1557 1541
f 1541 1557 1542
f 1541 1542 1526
f 1542 1558 1543
f 1558 1559 1543
f 1543 1559 1544
f 1559 1560 1544
f 1544 1560 1545
f 1560 1561 1545
f 1545 1561 1546
f 1561 1562 1546
f 1546 1562 1563
f 1546 1563 1547
f 1547 1563 1564
f 1547 1564 1548
f 1548 1564 1565
f 1548 1565 1549
f 1549 1565 1566
f 1549 1566 1550
f 1550 1566 1551
f 1566 1567 1551
f 1551 1567 1552
f 1567 1568 1552
f 1552 1568 1553
f 1568 1569 1553
f 1553 1569 1554
f 1569 1570 1554
f 1554 1570 1571
f 1554 1571 1555
f 1555 1571 1572
f 1555 1572 1556
f 1556 1572 1573
f 1556 1573 1557
f 1557 1573 1558
f 1557 1558 1542
f 1558 1574 1559
f 1574 1575 1559
f 1559 1575 1560
f 1575 1576 1560
f 1560 1576 1561
f 1576 1577 1561
f 1561 1577 1562
f 1577 1578 1562
f 1562 1578 1579
f 1562 1579 1563
f 1563 1579 1580
f 1563 1580 1564
f 1564 1580 1581
f 1564 1581 1565
f 1565 1581 1582
f 1565 1582 1566
f 1566 1582 1567
f 1582 1583 1567
f 1567 1583 1568
f 1583 1584 1568
f 1568 1584 1569
f 1584 1585 1569
f 1569 1585 1570
f 1585 1586 1570
f 1570 1586 1587
f 1570 1587 1571
f 1571 1587 1588
f 1571 1588 1572
f 1572 1588 1589
f 1572 1589 1573
f 1573 1589 1574
f 1573 1574 1558
f 1574 1590 1575
f 1590 1591 1575
f 1575 1591 1576
f 1591 1592 1576
f 1576 1592 1577
f 1592 1593 1577
f 1577 1593 1578
f 1593 1594 1578
f 1578 1594 1595
f 1578 1595 1579
f 1579 1595 1596
f 1579 1596 1580
f 1580 1596 1597
f 1580 1597 1581
f 1581 1597 1598
f 1581 1598 1582
f 1582 1598 1583
f 1598 1599 1583
f 1583 1599 1584
f 1599 1600 1584
f 1584 1600 1585
f 1600 1601 1585
f 1585 1601 1586
f 1601 1602 1586
f 1586 1602 1603
f 1586 1603 1587
f 1587 1603 1604
f 1587 1604 1588
f 1588 1604 1605
f 1588 1605 1589
f 1589 1605 1590
f 1589 1590 1574
f 1590 1606 1591
f 1606 1607 1591
f 1591 1607 1592
f 1607 1608 1592
f 1592 1608 1593
f 1608 1609 1593
f 1593 1609 1594
f 1609 1610 1594
f 1594 1610 1611
f 1594 1611 1595
f 1595 1611 1612
f 1595 1612 1596
f 1596 1612 1613
f 1596 1613 1597
f 1597 1613 1614
f 1597 1614 1598
f 1598 1614 1599
f 1614 1615 1599
f 1599 1615 1600
f 1615 1616 1600
f 1600 1616 1601
f 1616 1617 1601
f 1601 1617 1602
f 1617 1618 1602
f 1602 1618 1619
f 1602 1619 1603
f 1603 1619 1620
f 1603 1620 1604
f 1604 1620 1621
f 1604 1621 1605
f 1605 1621 1606
f 1605 1606 1590
f 1606 1622 1607
f 1622 1623 1607
f 1607 1623 1608
f 1623 1624 1608
f 1608 1624 1609
f 1624 1625 1609
f 1609 1625 1610
f 1625 1626 1610
f 1610 1626 1627
f 1610 1627 1611
f 1611 1627 1628
f 1611 1628 1612
f 1612 1628 1629
f 1612 1629 1613
f 1613 1629 1630
f 1613 1630 1614
f 1614 1630 1615
f 1630 1631 1615
f 1615 1631 1616
f 1631 1632 1616
f 1616 1632 1617
f 1632 1633 1617
f 1617 1633 1618
f 1633 1634 1618
f 1618 1634 1635
f 1618 1635 1619
f 1619 1635 1636
f 1619 1636 1620
f 1620 1636 1637
f 1620 1637 1621
f 1621 1637 1622
f 1621 1622 1606
f 1622 1638 1623
f 1638 1639 1623
f 1623 1639 1624
f 1639 1640 1624
f 1624 1640 1625
f 1640 1641 1625
f 1625 1641 1626
f 1641 1642 1626
f 1626 1642 1643
f 1626 1643 1627
f 1627 1643 1644
f 1627 1644 1628
f 1628 1644 1645
f 1628 1645 1629
f 1629 1645 1646
f 1629 1646 1630
f 1630 1646 1631
f 1646 1647 1631
f 1631 1647 1632
f 1647 1648 1632
f 1632 1648 1633
f 1648 1649 1633
f 1633 1649 1634
f 1649 1650 1634
f 1634 1650 1651
f 1634 1651 1635
f 1635 1651 1652
f 1635 1652 1636
f 1636 1652 1653
f 1636 1653 1637
f 1637 1653 1638
f 1637 1638 1622
f 1638 1654 1639
f 1654 1655 1639
f 1639 1655 1640
f 1655 1656 1640
f 1640 1656 1641
f 1656 1657 1641
f 1641 1657 1642
f 1657 1658 1642
f 1642 1658 1659
f 1642 1659 1643
f 1643 1659 1660
f 1643 1660 1644
f 1644 1660 1661
f 1644 1661 1645
f 1645 1661 1662
f 1645 1662 1646
f 1646 1662 1647
f 1662 1663 1647
f 1647 1663 1648
f 1663 1664 1648
f 1648 1664 1649
f 1664 1665 1649
f 1649 1665 1650
f 1665 1666 1650
f 1650 1666 1667
f 1650 1667 1651
f 1651 1667 1668
f 1651 1668 1652
f 1652 1668 1669
f 1652 1669 1653
f 1653 1669 1654
f 1653 1654 1638
f 1654 1670 1655
f 1670 1671 1655
f 1655 1671 1656
f 1671 1672 1656
f 1656 1672 1657
f 1672 1673 1657
f 1657 1673 1658
f 1673 1674 1658
f 1658 1674 1675
f 1658 1675 1659
f 1659 1675 1676
f 1659 1676 1660
f 1660 1676 1677
f 1660 1677 1661
f 1661 1677 1678
f 1661 1678 1662
f 1662 1678 1663
f 1678 1679 1663
f 1663 1679 1664
f 1679 1680 1664
f 1664 1680 1665
f 1680 1681 1665
f 1665 1681 1666
f 1681 1682 1666
f 1666 1682 1683
f 1666 1683 1667
f 1667 1683 1684
f 1667 1684 1668
f 1668 1684 1685
f 1668 1685 1669
f 1669 1685 1670
f 1669 1670 1654
f 1670 1686 1687
f 1670 1687 1671
f 1671 1687 1688
f 1671 1688 1672
f 1672 1688 1689
f 1672 1689 1673
f 1673 1689 1690
f 1673 1690 1674
f 1674 1690 1675
f 1690 1691 1675
f 1675 1691 1676
f 1691 1692 1676
f 1676 1692 1677
f 1692 1693 1677
f 1677 1693 1678
f 1693 1694 1678
f 1678 1694 1695
f 1678 1695 1679
f 1679 1695 1696
f 1679 1696 1680
f 1680 1696 1697
f 1680 1697 1681
f 1681 1697 1698
f 1681 1698 1682
f 1682 1698 1683
f 1698 1699 1683
f 1683 1699 1684
f 1699 1700 1684
f 1684 1700 1685
f 1700 1701 1685
f 1685 1701 1670
f 1701 1686 1670
f 1686 1702 1703
f 1686 1703 1687
f 1687 1703 1704
f 1687 1704 1688
f 1688 1704 1705
f 1688 1705 1689
f 1689 1705 1706
f 1689 1706 1690
f 1690 1706 1691
f 1706 1707 1691
f 1691 1707 1692
f 1707 1708 1692
f 1692 1708 1693
f 1708 1709 1693
f 1693 1709 1694
f 1709 1710 1694
f 1694 1710 1711
f 1694 1711 1695
f 1695 1711 1712
f 1695 1712 1696
f 1696 1712 1713
f 1696 1713 1697
f 1697 1713 1714
f 1697 1714 1698
f 1698 1714 1699
f 1714 1715 1699
f 1699 1715 1700
f 1715 1716 1700
f 1700 1716 1701
f 1716 1717 1701
f 1701 1717 1686
f 1717 1702 1686
f 1702 1718 1719
f 1702 1719 1703
f 1703 1719 1720
f 1703 1720 1704
f 1704 1720 1721
f 1704 1721 1705
f 1705 1721 1722
f 1705 1722 1706
f 1706 1722 1707
f 1722 1723 1707
f 1707 1723 1708
f 1723 1724 1708
f 1708 1724 1709
f 1724 1725 1709
f 1709 1725 1710
f 1725 1726 1710
f 1710 1726 1727
f 1710 1727 1711
f 1711 1727 1728
f 1711 1728 1712
f 1712 1728 1729
f 1712 1729 1713
f 1713 1729 1730
f 1713 1730 1714
f 1714 1730 1715
f 1730 1731 1715
f 1715 1731 1716
f 1731 1732 1716
f 1716 1732 1717
f 1732 1733 1717
f 1717 1733 1702
f 1733 1718 1702
f 1718 1734 1735
f 1718 1735 1719
f 1719 1735 1736
f 1719 1736 1720
f 1720 1736 1737
f 1720 1737 1721
f 1721 1737 1738
f 1721 1738 1722
f 1722 1738 1723
f 1738 1739 1723
f 1723 1739 1724
f 1739 1740 1724
f 1724 1740 1725
f 1740 1741 1725
f 1725 1741 1726
f 1741 1742 1726
f 1726 1742 1743
f 1726 1743 1727
f 1727 1743 1744
f 1727 1744 1728
f 1728 1744 1745
f 1728 1745 1729
f 1729 1745 1746
f 1729 1746 1730
f 1730 1746 1731
f 1746 1747 1731
f 1731 1747 1732
f 1747 1748 1732
f 1732 1748 1733
f 1748 1749 1733
f 1733 1749 1718
f 1749 1734 1718
f 1734 1750 1751
f 1734 1751 1735
f 1735 1751 1752
f 1735 1752 1736
f 1736 1752 1753
f 1736 1753 1737
f 1737 1753 1754
f 1737 1754 1738
f 1738 1754 1739
f 1754 1755 1739
f 1739 1755 1740
f 1755 1756 1740
f 1740 1756 1741
f 1756 1757 1741
f 1741 1757 1742
f 1757 1758 1742
f 1742 1758 1759
f 1742 1759 1743
f 1743 1759 1760
f 1743 1760 1744
f 1744 1760 1761
f 1744 1761 1745
f 1745 1761 1762
f 1745 1762 1746
f 1746 1762 1747
f 1762 1763 1747
f 1747 1763 1748
f 1763 1764 1748
f 1748 1764 1749
f 1764 1765 1749
f 1749 1765 1734
f 1765 1750 1734
f 1750 1766 1767
f 1750 1767 1751
f 1751 1767 1768
f 1751 1768 1752
f 1752 1768 1769
f 1752 1769 1753
f 1753 1769 1770
f 1753 1770 1754
f 1754 1770 1755
f 1770 1771 1755
f 1755 1771 1756
f 1771 1772 1756
f 1756 1772 1757
f 1772 1773 1757
f 1757 1773 1758
f 1773 1774 1758
f 1758 1774 1775
f 1758 1775 1759
f 1759 1775 1776
f 1759 1776 1760
f 1760 1776 1777
f 1760 1777 1761
f 1761 1777 1778
f 1761 1778 1762
f 1762 1778 1763
f 1778 1779 1763
f 1763 1779 1764
f 1779 1780 1764
f 1764 1780 1765
f 1780 1781 1765
f 1765 1781 1750
f 1781 1766 1750
f 1766 1782 1783
f 1766 1783 1767
f 1767 1783 1784
f 1767 1784 1768
f 1768 1784 1785
f 1768 1785 1769
f 1769 1785 1786
f 1769 1786 1770
f 1770 1786 1771
f 1786 1787 1771
f 1771 1787 1772
f 1787 1788 1772
f 1772 1788 1773
f 1788 1789 1773
f 1773 1789 1774
f 1789 1790 1774
f 1774 1790 1791
f 1774 1791 1775
f 1775 1791 1792
f 1775 1792 1776
f 1776 1792 1793
f 1776 1793 1777
f 1777 1793 1794
f 1777 1794 1778
f 1778 1794 1779
f 1794 1795 1779
f 1779 1795 1780
f 1795 1796 1780
f 1780 1796 1781
f 1796 1797 1781
f 1781 1797 1766
f 1797 1782 1766
f 1782 1798 1799
f 1782 1799 1783
f 1783 1799 1800
f 1783 1800 1784
f 1784 1800 1801
f 1784 1801 1785
f 1785 1801 1802
f 1785 1802 1786
f 1786 1802 1787
f 1802 1803 1787
f 1787 1803 1788
f 1803 1804 1788
f 1788 1804 1789
f 1804 1805 1789
f 1789 1805 1790
f 1805 1806 1790
f 1790 1806 1807
f 1790 1807 1791
f 1791 1807 1808
f 1791 1808 1792
f 1792 1808 1809
f 1792 1809 1793
f 1793 1809 1810
f 1793 1810 1794
f 1794 1810 1795
f 1810 1811 1795
f 1795 1811 1796
f 1811 1812 1796
f 1796 1812 1797
f 1812 1813 1797
f 1797 1813 1782
f 1813 1798 1782
f 1798 1814 1815
f 1798 1815 1799
f 1799 1815 1816
f 1799 1816 1800
f 1800 1816 1817
f 1800 1817 1801
f 1801 1817 1818
f 1801 1818 1802
f 1802 1818 1803
f 1818 1819 1803
f 1803 1819 1804
f 1819 1820 1804
f 1804 1820 1805
f 1820 1821 1805
f 1805 1821 1806
f 1821 1822 1806
f 1806 1822 1823
f 1806 1823 1807
f 1807 1823 1824
f 1807 1824 1808
f 1808 1824 1825
f 1808 1825 1809
f 1809 1825 1826
f 1809 1826 1810
f 1810 1826 1811
f 1826 1827 1811
f 1811 1827 1812
f 1827 1828 1812
f 1812 1828 1813
f 1828 1829 1813
f 1813 1829 1798
f 1829 1814 1798
f 1814 1830 1815
f 1815 1830 1816
f 1816 1830 1817
f 1817 1830 1818
f 1818 1830 1819
f 1819 1830 1820
f 1820 1830 1821
f 1821 1830 1822
f 1822 1830 1823
f 1823 1830 1824
f 1824 1830 1825
f 1825 1830 1826
f 1826 1830 1827
f 1827 1830 1828
f 1828 1830 1829
f 1829 1830 1814
f 1831 1832 1830
f 1832 1833 1830
f 1833 1834 1830
f 1834 1835 1830
f 1830 1835 1836
f 1830 1836 1837
f 1830 1837 1838
f 1830 1838 1839
f 1839 1840 1830
f 1840 1841 1830
f 1841 1842 1830
f 1842 1843 1830
f 1830 1843 1844
f 1830 1844 1845
f 1830 1845 1846
f 1830 1846 1831
f 1831 1847 1832
f 1847 1848 1832
f 1832 1848 1833
f 1848 1849 1833
f 1833 1849 1834
f 1849 1850 1834
f 1834 1850 1835
f 1850 1851 1835
f 1835 1851 1852
f 1835 1852 1836
f 1836 1852 1853
f 1836 1853 1837
f 1837 1853 1854
f 1837 1854 1838
f 1838 1854 1855
f 1838 1855 1839
f 1839 1855 1840
f 1855 1856 1840
f 1840 1856 1841
f 1856 1857 1841
f 1841 1857 1842
f 1857 1858 1842
f 1842 1858 1843
f 1858 1859 1843
f 1843 1859 1860
f 1843 1860 1844
f 1844 1860 1861
f 1844 1861 1845
f 1845 1861 1862
f 1845 1862 1846
f 1846 1862 1847
f 1846 1847 1831
f 1847 1863 1848
f 1863 1864 1848
f 1848 1864 1849
f 1864 1865 1849
f 1849 1865 1850
f 1865 1866 1850
f 1850 1866 1851
f 1866 1867 1851
f 1851 1867 1868
f 1851 1868 1852
f 1852 1868 1869
f 1852 1869 1853
f 1853 1869 1870
f 1853 1870 1854
f 1854 1870 1871
f 1854 1871 1855
f 1855 1871 1856
f 1871 1872 1856
f 1856 1872 1857
f 1872 1873 1857
f 1857 1873 1858
f 1873 1874 1858
f 1858 1874 1859
f 1874 1875 1859
f 1859 1875 1876
f 1859 1876 1860
f 1860 1876 1877
f 1860 1877 1861
f 1861 1877 1878
f 1861 1878 1862
f 1862 1878 1863
f 1862 1863 1847
f 1863 1879 1864
f 1879 1880 1864
f 1864 1880 1865
f 1880 1881 1865
f 1865 1881 1866
f 1881 1882 1866
f 1866 1882 1867
f 1882 1883 1867
f 1867 1883 1884
f 1867 1884 1868
f 1868 1884 1885
f 1868 1885 1869
f 1869 1885 1886
f 1869 1886 1870
f 1870 1886 1887
f 1870 1887 1871
f 1871 1887 1872
f 1887 1888 1872
f 1872 1888 1873
f 1888 1889 1873
f 1873 1889 1874
f 1889 1890 1874
f 1874 1890 1875
f 1890 1891 1875
f 1875 1891 1892
f 1875 1892 1876
f 1876 1892 1893
f 1876 1893 1877
f 1877 1893 1894
f 1877 1894 1878
f 1878 1894 1879
f 1878 1879 1863
f 1879 1895 1880
f 1895 1896 1880
f 1880 1896 1881
f 1896 1897 1881
f 1881 1897 1882
f 1897 1898 1882
f 1882 1898 1883
f 1898 1899 1883
f 1883 1899 1900
f 1883 1900 1884
f 1884 1900 1901
f 1884 1901 1885
f 1885 1901 1902
f 1885 1902 1886
f 1886 1902 1903
f 1886 1903 1887
f 1887 1903 1888
f 1903 1904 1888
f 1888 1904 1889
f 1904 1905 1889
f 1889 1905 1890
f 1905 1906 1890
f 1890 1906 1891
f 1906 1907 1891
f 1891 1907 1908
f 1891 1908 1892
f 1892 1908 1909
f 1892 1909 1893
f 1893 1909 1910
f 1893 1910 1894
f 1894 1910 1895
f 1894 1895 1879
f 1895 1911 1896
f 1911 1912 1896
f 1896 1912 1897
f 1912 1913 1897
f 1897 1913 1898
f 1913 1914 1898
f 1898 1914 1899
f 1914 1915 1899
f 1899 1915 1916
f 1899 1916 1900
f 1900 1916 1917
f 1900 1917 1901
f 1901 1917 1918
f 1901 1918 1902
f 1902 1918 1919
f 1902 1919 1903
f 1903 1919 1904
f 1919 1920 1904
f 1904 1920 1905
f 1920 1921 1905
f 1905 1921 1906
f 1921 1922 1906
f 1906 1922 1907
f 1922 1923 1907
f 1907 1923 1924
f 1907 1924 1908
f 1908 1924 1925
f 1908 1925 1909
f 1909 1925 1926
f 1909 1926 1910
f 1910 1926 1911
f 1910 1911 1895
f 1911 1927 1912
f 1927 1928 1912
f 1912 1928 1913
f 1928 1929 1913
f 1913 1929 1914
f 1929 1930 1914
f 1914 1930 1915
f 1930 1931 1915
f 1915 1931 1932
f 1915 1932 1916
f 1916 1932 1933
f 1916 1933 1917
f 1917 1933 1934
f 1917 1934 1918
f 1918 1934 1935
f 1918 1935 1919
f 1919 1935 1920
f 1935 1936 1920
f 1920 1936 1921
f 1936 1937 1921
f 1921 1937 1922
f 1937 1938 1922
f 1922 1938 1923
f 1938 1939 1923
f 1923 1939 1940
f 1923 1940 1924
f 1924 1940 1941
f 1924 1941 1925
f 1925 1941 1942
f 1925 1942 1926
f 1926 1942 1927
f 1926 1927 1911
f 1927 1943 1928
f 1943 1944 1928
f 1928 1944 1929
f 1944 1945 1929
f 1929 1945 1930
f 1945 1946 1930
f 1930 1946 1931
f 1946 1947 1931
f 1931 1947 1948
f 1931 1948 1932
f 1932 1948 1949
f 1932 1949 1933
f 1933 1949 1950
f 1933 1950 1934
f 1934 1950 1951
f 1934 1951 1935
f 1935 1951 1936
f 1951 1952 1936
f 1936 1952 1937
f 1952 1953 1937
f 1937 1953 1938
f 1953 1954 1938
f 1938 1954 1939
f 1954 1955 1939
f 1939 1955 1956
f 1939 1956 1940
f 1940 1956 1957
f 1940 1957 1941
f 1941 1957 1958
f 1941 1958 1942
f 1942 1958 1943
f 1942 1943 1927
f 1943 1959 1944
f 1959 1960 1944
f 1944 1960 1945
f 1960 1961 1945
f 1945 1961 1946
f 1961 1962 1946
f 1946 1962 1947
f 1962 1963 1947
f 1947 1963 1964
f 1947 1964 1948
f 1948 1964 1965
f 1948 1965 1949
f 1949 1965 1966
f 1949 1966 1950
f 1950 1966 1967
f 1950 1967 1951
f 1951 1967 1952
f 1967 1968 1952
f 1952 1968 1953
f 1968 1969 1953
f 1953 1969 1954
f 1969 1970 1954
f 1954 1970 1955
f 1970 1971 1955
f 1955 1971 1972
f 1955 1972 1956
f 1956 1972 1973
f 1956 1973 1957
f 1957 1973 1974
f 1957 1974 1958
f 1958 1974 1959
f 1958 1959 1943
f 1959 1975 1960
f 1975 1976 1960
f 1960 1976 1961
f 1976 1977 1961
f 1961 1977 1962
f 1977 1978 1962
f 1962 1978 1963
f 1978 1979 1963
f 1963 1979 1980
f 1963 1980 1964
f 1964 1980 1981
f 1964 1981 1965
f 1965 1981 1982
f 1965 1982 1966
f 1966 1982 1983
f 1966 1983 1967
f 1967 1983 1968
f 1983 1984 1968
f 1968 1984 1969
f 1984 1985 1969
f 1969 1985 1970
f 1985 1986 1970
f 1970 1986 1971
f 1986 1987 1971
f 1971 1987 1988
f 1971 1988 1972
f 1972 1988 1989
f 1972 1989 1973
f 1973 1989 1990
f 1973 1990 1974
f 1974 1990 1975
f 1974 1975 1959
f 1975 1991 1992
f 1975 1992 1976
f 1976 1992 1993
f 1976 1993 1977
f 1977 1993 1994
f 1977 1994 1978
f 1978 1994 1995
f 1978 1995 1979
f 1979 1995 1980
f 1995 1996 1980
f 1980 1996 1981
f 1996 1997 1981
f 1981 1997 1982
f 1997 1998 1982
f 1982 1998 1983
f 1998 1999 1983
f 1983 1999 2000
f 1983 2000 1984
f 1984 2000 2001
f 1984 2001 1985
f 1985 2001 2002
f 1985 2002 1986
f 1986 2002 2003
f 1986 2003 1987
f 1987 2003 1988
f 2003 2004 1988
f 1988 2004 1989
f 2004 2005 1989
f 1989 2005 1990
f 2005 2006 1990
f 1990 2006 1975
f 2006 1991 1975
f 1991 2007 2008
f 1991 2008 1992
f 1992 2008 2009
f 1992 2009 1993
f 1993 2009 2010
f 1993 2010 1994
f 1994 2010 2011
f 1994 2011 1995
f 1995 2011 1996
f 2011 2012 1996
f 1996 2012 1997
f 2012 2013 1997
f 1997 2013 1998
f 2013 2014 1998
f 1998 2014 1999
f 2014 2015 1999
f 1999 2015 2016
f 1999 2016 2000
f 2000 2016 2017
f 2000 2017 2001
f 2001 2017 2018
f 2001 2018 2002
f 2002 2018 2019
f 2002 2019 2003
f 2003 2019 2004
f 2019 2020 2004
f 2004 2020 2005
f 2020 2021 2005
f 2005 2021 2006
f 2021 2022 2006
f 2006 2022 1991
f 2022 2007 1991
f 2007 2023 2024
f 2007 2024 2008
f 2008 2024 2025
f 2008 2025 2009
f 2009 2025 2026
f 2009 2026 2010
f 2010 2026 2027
f 2010 2027 2011
f 2011 2027 2012
f 2027 2028 2012
f 2012 2028 2013
f 2028 2029 2013
f 2013 2029 2014
f 2029 2030 2014
f 2014 2030 2015
f 2030 2031 2015
f 2015 2031 2032
f 2015 2032 2016
f 2016 2032 2033
f 2016 2033 2017
f 2017 2033 2034
f 2017 2034 2018
f 2018 2034 2035
f 2018 2035 2019
f 2019 2035 2020
f 2035 2036 2020
f 2020 2036 2021
f 2036 2037 2021
f 2021 2037 2022
f 2037 2038 2022
f 2022 2038 2007
f 2038 2023 2007
f 2023 2039 2040
f 2023 2040 2024
f 2024 2040 2041
f 2024 2041 2025
f 2025 2041 2042
f 2025 2042 2026
f 2026 2042 2043
f 2026 2043 2027
f 2027 2043 2028
f 2043 2044 2028
f 2028 2044 2029
f 2044 2045 2029
f 2029 2045 2030
f 2045 2046 2030
f 2030 2046 2031
f 2046 2047 2031
f 2031 2047 2048
f 2031 2048 2032
f 2032 2048 2049
f 2032 2049 2033
f 2033 2049 2050
f 2033 2050 2034
f 2034 2050 2051
f 2034 2051 2035
f 2035 2051 2036
f 2051 2052 2036
f 2036 2052 2037
f 2052 2053 2037
f 2037 2053 2038
f 2053 2054 2038
f 2038 2054 2023
f 2054 2039 2023
f 2039 2055 2056
f 2039 2056 2040
f 2040 2056 2057
f 2040 2057 2041
f 2041 2057 2058
f 2041 2058 2042
f 2042 2058 2059
f 2042 2059 2043
f 2043 2059 2044
f 2059 2060 2044
f 2044 2060 2045
f 2060 2061 2045
f 2045 2061 2046
f 2061 2062 2046
f 2046 2062 2047
f 2062 2063 2047
f 2047 2063 2064
f 2047 2064 2048
f 2048 2064 2065
f 2048 2065 2049
f 2049 2065 2066
f 2049 2066 2050
f 2050 2066 2067
f 2050 2067 2051
f 2051 2067 2052
f 2067 2068 2052
f 2052 2068 2053
f 2068 2069 2053
f 2053 2069 2054
f 2069 2070 2054
f 2054 2070 2039
f 2070 2055 2039
f 2055 2071 2072
f 2055 2072 2056
f 2056 2072 2073
f 2056 2073 2057
f 2057 2073 2074
f 2057 2074 2058
f 2058 2074 2075
f 2058 2075 2059
f 2059 2075 2060
f 2075 2076 2060
f 2060 2076 2061
f 2076 2077 2061
f 2061 2077 2062
f 2077 2078 2062
f 2062 2078 2063
f 2078 2079 2063
f 2063 2079 2080
f 2063 2080 2064
f 2064 2080 2081
f 2064 2081 2065
f 2065 2081 2082
f 2065 2082 2066
f 2066 2082 2083
f 2066 2083 2067
f 2067 2083 2068
f 2083 2084 2068
f 2068 2084 2069
f 2084 2085 2069
f 2069 2085 2070
f 2085 2086 2070
f 2070 2086 2055
f 2086 2071 2055
f 2071 2087 2088
f 2071 2088 2072
f 2072 2088 2089
f 2072 2089 2073
f 2073 2089 2090
f 2073 2090 2074
f 2074 2090 2091
f 2074 2091 2075
f 2075 2091 2076
f 2091 2092 2076
f 2076 2092 2077
f 2092 2093 2077
f 2077 2093 2078
f 2093 2094 2078
f 2078 2094 2079
f 2094 2095 2079
f 2079 2095 2096
f 2079 2096 2080
f 2080 2096 2097
f 2080 2097 2081
f 2081 2097 2098
f 2081 2098 2082
f 2082 2098 2099
f 2082 2099 2083
f 2083 2099 2084
f 2099 2100 2084
f 2084 2100 2085
f 2100 2101 2085
f 2085 2101 2086
f 2101 2102 2086
f 2086 2102 2071
f 2102 2087 2071
f 2087 2103 2104
f 2087 2104 2088
f 2088 2104 2105
f 2088 2105 2089
f 2089 2105 2106
f 2089 2106 2090
f 2090 2106 2107
f 2090 2107 2091
f 2091 2107 2092
f 2107 2108 2092
f 2092 2108 2093
f 2108 2109 2093
f 2093 2109 2094
f 2109 2110 2094
f 2094 2110 2095
f 2110 2111 2095
f 2095 2111 2112
f 2095 2112 2096
f 2096 2112 2113
f 2096 2113 2097
f 2097 2113 2114
f 2097 2114 2098
f 2098 2114 2115
f 2098 2115 2099
f 2099 2115 2100
f 2115 2116 2100
f 2100 2116 2101
f 2116 2117 2101
f 2101 2117 2102
f 2117 2118 2102
f 2102 2118 2087
f 2118 2103 2087
f 2103 2119 2120
f 2103 2120 2104
f 2104 2120 2121
f 2104 2121 2105
f 2105 2121 2122
f 2105 2122 2106
f 2106 2122 2123
f 2106 2123 2107
f 2107 2123 2108
f 2123 2124 2108
f 2108 2124 2109
f 2124 2125 2109
f 2109 2125 2110
f 2125 2126 2110
f 2110 2126 2111
f 2126 2127 2111
f 2111 2127 2128
f 2111 2128 2112
f 2112 2128 2129
f 2112 2129 2113
f 2113 2129 2130
f 2113 2130 2114
f 2114 2130 2131
f 2114 2131 2115
f 2115 2131 2116
f 2131 2132 2116
f 2116 2132 2117
f 2132 2133 2117
f 2117 2133 2118
f 2133 2134 2118
f 2118 2134 2103
f 2134 2119 2103
f 2119 2135 2120
f 2120 2135 2121
f 2121 2135 2122
f 2122 2135 2123
f 2123 2135 2124
f 2124 2135 2125
f 2125 2135 2126
f 2126 2135 2127
f 2127 2135 2128
f 2128 2135 2129
f 2129 2135 2130
f 2130 2135 2131
f 2131 2135 2132
f 2132 2135 2133
f 2133 2135 2134
f 2134 2135 2119
f 2136 2137 2138
f 2138 2137 2139
f 2137 2140 2139
f 2139 2140 2141
f 2140 2142 2141
f 2141 2142 2143
f 2142 2144 2143
f 2143 2144 2145
f 2144 2146 2145
f 2145 2146 2147
f 2146 2148 2147
f 2147 2148 2149
f 2148 2150 2149
f 2149 2150 2151
f 2150 2152 2151
f 2151 2152 2153
f 2152 2154 2153
f 2152 2155 2154
f 2155 2156 2154
f 2155 2157 2156
f 2157 2158 2156
f 2157 2159 2158
f 2159 2160 2158
f 2159 2161 2160
f 2161 2162 2160
f 2161 2163 2162
f 2163 2164 2162
f 2163 2165 2164
f 2165 2166 2164
f 2165 2167 2166
f 2167 2168 2166
f 2167 2169 2168
f 2169 2170 2168
f 2168 2170 2171
f 2170 2172 2171
f 2171 2172 2173
f 2172 2174 2173
f 2173 2174 2175
f 2174 2176 2175
f 2175 2176 2177
f 2176 2178 2177
f 2177 2178 2179
f 2178 2180 2179
f 2179 2180 2181
f 2180 2182 2181
f 2181 2182 2183
f 2182 2184 2183
f 2183 2184 2185
f 2184 2186 2185
f 2184 2187 2186
f 2187 2188 2186
f 2187 2189 2188
f 2189 2190 2188
f 2189 2191 2190
f 2191 2192 2190
f 2191 2193 2192
f 2193 2194 2192
f 2193 2195 2194
f 2195 2196 2194
f 2195 2197 2196
f 2197 2198 2196
f 2197 2199 2198
f 2199 2138 2198
f 2199 2136 2138
f 2138 2139 2200
f 2200 2139 2201
f 2139 2141 2201
f 2201 2141 2202
f 2141 2143 2202
f 2202 2143 2203
f 2143 2145 2203
f 2203 2145 2204
f 2145 2147 2204
f 2204 2147 2205
f 2147 2149 2205
f 2205 2149 2206
f 2149 2151 2206
f 2206 2151 2207
f 2151 2153 2207
f 2207 2153 2208
f 2153 2209 2208
f 2153 2154 2209
f 2154 2210 2209
f 2154 2156 2210
f 2156 2211 2210
f 2156 2158 2211
f 2158 2212 2211
f 2158 2160 2212
f 2160 2213 2212
f 2160 2162 2213
f 2162 2214 2213
f 2162 2164 2214
f 2164 2215 2214
f 2164 2166 2215
f 2166 2216 2215
f 2166 2168 2216
f 2168 2171 2216
f 2216 2171 2217
f 2171 2173 2217
f 2217 2173 2218
f 2173 2175 2218
f 2218 2175 2219
f 2175 2177 2219
f 2219 2177 2220
f 2177 2179 2220
f 2220 2179 2221
f 2179 2181 2221
f 2221 2181 2222
f 2181 2183 2222
f 2222 2183 2223
f 2183 2185 2223
f 2223 2185 2224
f 2185 2225 2224
f 2185 2186 2225
f 2186 2226 2225
f 2186 2188 2226
f 2188 2227 2226
f 2188 2190 2227
f 2190 2228 2227
f 2190 2192 2228
f 2192 2229 2228
f 2192 2194 2229
f 2194 2230 2229
f 2194 2196 2230
f 2196 2231 2230
f 2196 2198 2231
f 2198 2200 2231
f 2198 2138 2200
f 2200 2201 2232
f 2232 2201 2233
f 2201 2202 2233
f 2233 2202 2234
f 2202 2203 2234
f 2234 2203 2235
f 2203 2204 2235
f 2235 2204 2236
f 2204 2205 2236
f 2236 2205 2237
f 2205 2206 2237
f 2237 2206 2238
f 2206 2207 2238
f 2238 2207 2239
f 2207 2208 2239
f 2239 2208 2240
f 2208 2241 2240
f 2208 2209 2241
f 2209 2242 2241
f 2209 2210 2242
f 2210 2243 2242
f 2210 2211 2243
f 2211 2244 2243
f 2211 2212 2244
f 2212 2245 2244
f 2212 2213 2245
f 2213 2246 2245
f 2213 2214 2246
f 2214 2247 2246
f 2214 2215 2247
f 2215 2248 2247
f 2215 2216 2248
f 2216 2217 2248
f 2248 2217 2249
f 2217 2218 2249
f 2249 2218 2250
f 2218 2219 2250
f 2250 2219 2251
f 2219 2220 2251
f 2251 2220 2252
f 2220 2221 2252
f 2252 2221 2253
f 2221 2222 2253
f 2253 2222 2254
f 2222 2223 2254
f 2254 2223 2255
f 2223 2224 2255
f 2255 2224 2256
f 2224 2257 2256
f 2224 2225 2257
f 2225 2258 2257
f 2225 2226 2258
f 2226 2259 2258
f 2226 2227 2259
f 2227 2260 2259
f 2227 2228 2260
f 2228 2261 2260
f 2228 2229 2261
f 2229 2262 2261
f 2229 2230 2262
f 2230 2263 2262
f 2230 2231 2263
f 2231 2232 2263
f 2231 2200 2232
f 2232 2233 2264
f 2264 2233 2265
f 2233 2234 2265
f 2265 2234 2266
f 2234 2235 2266
f 2266 2235 2267
f 2235 2236 2267
f 2267 2236 2268
f 2236 2237 2268
f 2268 2237 2269
f 2237 2238 2269
f 2269 2238 2270
f 2238 2239 2270
f 2270 2239 2271
f 2239 2240 2271
f 2271 2240 2272
f 2240 2273 2272
f 2240 2241 2273
f 2241 2274 2273
f 2241 2242 2274
f 2242 2275 2274
f 2242 2243 2275
f 2243 2276 2275
f 2243 2244 2276
f 2244 2277 2276
f 2244 2245 2277
f 2245 2278 2277
f 2245 2246 2278
f 2246 2279 2278
f 2246 2247 2279
f 2247 2280 2279
f 2247 2248 2280
f 2248 2249 2280
f 2280 2249 2281
f 2249 2250 2281
f 2281 2250 2282
f 2250 2251 2282
f 2282 2251 2283
f 2251 2252 2283
f 2283 2252 2284
f 2252 2253 2284
f 2284 2253 2285
f 2253 2254 2285
f 2285 2254 2286
f 2254 2255 2286
f 2286 2255 2287
f 2255 2256 2287
f 2287 2256 2288
f 2256 2289 2288
f 2256 2257 2289
f 2257 2290 2289
f 2257 2258 2290
f 2258 2291 2290
f 2258 2259 2291
f 2259 2292 2291
f 2259 2260 2292
f 2260 2293 2292
f 2260 2261 2293
f 2261 2294 2293
f 2261 2262 2294
f 2262 2295 2294
f 2262 2263 2295
f 2263 2264 2295
f 2263 2232 2264
f 2264 2265 2296
f 2296 2265 2297
f 2265 2266 2297
f 2297 2266 2298
f 2266 2267 2298
f 2298 2267 2299
f 2267 2268 2299
f 2299 2268 2300
f 2268 2269 2300
f 2300 2269 2301
f 2269 2270 2301
f 2301 2270 2302
f 2270 2271 2302
f 2302 2271 2303
f 2271 2272 2303
f 2303 2272 2304
f 2272 2305 2304
f 2272 2273 2305
f 2273 2306 2305
f 2273 2274 2306
f 2274 2307 2306
f 2274 2275 2307
f 2275 2308 2307
f 2275 2276 2308
f 2276 2309 2308
f 2276 2277 2309
f 2277 2310 2309
f 2277 2278 2310
f 2278 2311 2310
f 2278 2279 2311
f 2279 2312 2311
f 2279 2280 2312
f 2280 2281 2312
f 2312 2281 2313
f 2281 2282 2313
f 2313 2282 2314
f 2282 2283 2314
f 2314 2283 2315
f 2283 2284 2315
f 2315 2284 2316
f 2284 2285 2316
f 2316 2285 2317
f 2285 2286 2317
f 2317 2286 2318
f 2286 2287 2318
f 2318 2287 2319
f 2287 2288 2319
f 2319 2288 2320
f 2288 2321 2320
f 2288 2289 2321
f 2289 2322 2321
f 2289 2290 2322
f 2290 2323 2322
f 2290 2291 2323
f 2291 2324 2323
f 2291 2292 2324
f 2292 2325 2324
f 2292 2293 2325
f 2293 2326 2325
f 2293 2294 2326
f 2294 2327 2326
f 2294 2295 2327
f 2295 2296 2327
f 2295 2264 2296
f 2296 2297 2328
f 2297 2329 2328
f 2297 2298 2329
f 2298 2330 2329
f 2298 2299 2330
f 2299 2331 2330
f 2299 2300 2331
f 2300 2332 2331
f 2300 2301 2332
f 2301 2333 2332
f 2301 2302 2333
f 2302 2334 2333
f 2302 2303 2334
f 2303 2335 2334
f 2303 2304 2335
f 2304 2305 2335
f 2335 2305 2336
f 2305 2306 2336
f 2336 2306 2337
f 2306 2307 2337
f 2337 2307 2338
f 2307 2308 2338
f 2338 2308 2339
f 2308 2309 2339
f 2339 2309 2340
f 2309 2310 2340
f 2340 2310 2341
f 2310 2311 2341
f 2341 2311 2342
f 2311 2312 2342
f 2312 2313 2343
f 2313 2344 2343
f 2313 2314 2344
f 2314 2345 2344
f 2314 2315 2345
f 2315 2346 2345
f 2315 2316 2346
f 2316 2347 2346
f 2316 2317 2347
f 2317 2348 2347
f 2317 2318 2348
f 2318 2349 2348
f 2318 2319 2349
f 2319 2350 2349
f 2319 2320 2350
f 2320 2321 2350
f 2350 2321 2351
f 2321 2322 2351
f 2351 2322 2352
f 2322 2323 2352
f 2352 2323 2353
f 2323 2324 2353
f 2353 2324 2354
f 2324 2325 2354
f 2354 2325 2355
f 2325 2326 2355
f 2355 2326 2356
f 2326 2327 2356
f 2356 2327 2357
f 2327 2296 2357
f 2296 2328 2358
f 2328 2359 2358
f 2328 2329 2359
f 2329 2360 2359
f 2329 2330 2360
f 2330 2361 2360
f 2330 2331 2361
f 2331 2362 2361
f 2331 2332 2362
f 2332 2363 2362
f 2332 2333 2363
f 2333 2364 2363
f 2333 2334 2364
f 2334 2365 2364
f 2334 2335 2365
f 2335 2336 2365
f 2365 2336 2366
f 2336 2337 2366
f 2366 2337 2367
f 2337 2338 2367
f 2367 2338 2368
f 2338 2339 2368
f 2368 2339 2369
f 2339 2340 2369
f 2369 2340 2370
f 2340 2341 2370
f 2370 2341 2371
f 2341 2342 2371
f 2371 2342 2372
f 2342 2312 2372
f 2312 2343 2372
f 2343 2371 2372
f 2343 2344 2371
f 2344 2370 2371
f 2344 2345 2370
f 2345 2369 2370
f 2345 2346 2369
f 2346 2368 2369
f 2346 2347 2368
f 2347 2367 2368
f 2347 2348 2367
f 2348 2366 2367
f 2348 2349 2366
f 2349 2365 2366
f 2349 2350 2365
f 2350 2351 2365
f 2365 2351 2364
f 2351 2352 2364
f 2364 2352 2363
f 2352 2353 2363
f 2363 2353 2362
f 2353 2354 2362
f 2362 2354 2361
f 2354 2355 2361
f 2361 2355 2360
f 2355 2356 2360
f 2360 2356 2359
f 2356 2357 2359
f 2359 2357 2358
f 2357 2296 2358
f 2136 2373 2137
f 2373 2374 2137
f 2137 2374 2140
f 2374 2375 2140
f 2140 2375 2142
f 2375 2376 2142
f 2142 2376 2144
f 2376 2377 2144
f 2144 2377 2146
f 2377 2378 2146
f 2146 2378 2148
f 2378 2379 2148
f 2148 2379 2150
f 2379 2380 2150
f 2150 2380 2152
f 2380 2381 2152
f 2152 2381 2382
f 2152 2382 2155
f 2155 2382 2383
f 2155 2383 2157
f 2157 2383 2384
f 2157 2384 2159
f 2159 2384 2385
f 2159 2385 2161
f 2161 2385 2386
f 2161 2386 2163
f 2163 2386 2387
f 2163 2387 2165
f 2165 2387 2388
f 2165 2388 2167
f 2167 2388 2389
f 2167 2389 2169
f 2169 2389 2170
f 2389 2390 2170
f 2170 2390 2172
f 2390 2391 2172
f 2172 2391 2174
f 2391 2392 2174
f 2174 2392 2176
f 2392 2393 2176
f 2176 2393 2178
f 2393 2394 2178
f 2178 2394 2180
f 2394 2395 2180
f 2180 2395 2182
f 2395 2396 2182
f 2182 2396 2184
f 2396 2397 2184
f 2184 2397 2398
f 2184 2398 2187
f 2187 2398 2399
f 2187 2399 2189
f 2189 2399 2400
f 2189 2400 2191
f 2191 2400 2401
f 2191 2401 2193
f 2193 2401 2402
f 2193 2402 2195
f 2195 2402 2403
f 2195 2403 2197
f 2197 2403 2404
f 2197 2404 2199
f 2199 2404 2373
f 2199 2373 2136
f 2373 2405 2374
f 2405 2406 2374
f 2374 2406 2375
f 2406 2407 2375
f 2375 2407 2376
f 2407 2408 2376
f 2376 2408 2377
f 2408 2409 2377
f 2377 2409 2378
f 2409 2410 2378
f 2378 2410 2379
f 2410 2411 2379
f 2379 2411 2380
f 2411 2412 2380
f 2380 2412 2381
f 2412 2413 2381
f 2381 2413 2414
f 2381 2414 2382
f 2382 2414 2415
f 2382 2415 2383
f 2383 2415 2416
f 2383 2416 2384
f 2384 2416 2417
f 2384 2417 2385
f 2385 2417 2418
f 2385 2418 2386
f 2386 2418 2419
f 2386 2419 2387
f 2387 2419 2420
f 2387 2420 2388
f 2388 2420 2421
f 2388 2421 2389
f 2389 2421 2390
f 2421 2422 2390
f 2390 2422 2391
f 2422 2423 2391
f 2391 2423 2392
f 2423 2424 2392
f 2392 2424 2393
f 2424 2425 2393
f 2393 2425 2394
f 2425 2426 2394
f 2394 2426 2395
f 2426 2427 2395
f 2395 2427 2396
f 2427 2428 2396
f 2396 2428 2397
f 2428 2429 2397
f 2397 2429 2430
f 2397 2430 2398
f 2398 2430 2431
f 2398 2431 2399
f 2399 2431 2432
f 2399 2432 2400
f 2400 2432 2433
f 2400 2433 2401
f 2401 2433 2434
f 2401 2434 2402
f 2402 2434 2435
f 2402 2435 2403
f 2403 2435 2436
f 2403 2436 2404
f 2404 2436 2405
f 2404 2405 2373
f 2405 2437 2406
f 2437 2438 2406
f 2406 2438 2407
f 2438 2439 2407
f 2407 2439 2408
f 2439 2440 2408
f 2408 2440 2409
f 2440 2441 2409
f 2409 2441 2410
f 2441 2442 2410
f 2410 2442 2411
f 2442 2443 2411
f 2411 2443 2412
f 2443 2444 2412
f 2412 2444 2413
f 2444 2445 2413
f 2413 2445 2446
f 2413 2446 2414
f 2414 2446 2447
f 2414 2447 2415
f 2415 2447 2448
f 2415 2448 2416
f 2416 2448 2449
f 2416 2449 2417
f 2417 2449 2450
f 2417 2450 2418
f 2418 2450 2451
f 2418 2451 2419
f 2419 2451 2452
f 2419 2452 2420
f 2420 2452 2453
f 2420 2453 2421
f 2421 2453 2422
f 2453 2454 2422
f 2422 2454 2423
f 2454 2455 2423
f 2423 2455 2424
f 2455 2456 2424
f 2424 2456 2425
f 2456 2457 2425
f 2425 2457 2426
f 2457 2458 2426
f 2426 2458 2427
f 2458 2459 2427
f 2427 2459 2428
f 2459 2460 2428
f 2428 2460 2429
f 2460 2461 2429
f 2429 2461 2462
f 2429 2462 2430
f 2430 2462 2463
f 2430 2463 2431
f 2431 2463 2464
f 2431 2464 2432
f 2432 2464 2465
f 2432 2465 2433
f 2433 2465 2466
f 2433 2466 2434
f 2434 2466 2467
f 2434 2467 2435
f 2435 2467 2468
f 2435 2468 2436
f 2436 2468 2437
f 2436 2437 2405
f 2437 2469 2438
f 2469 2470 2438
f 2438 2470 2439
f 2470 2471 2439
f 2439 2471 2440
f 2471 2472 2440
f 2440 2472 2441
f 2472 2473 2441
f 2441 2473 2442
f 2473 2474 2442
f 2442 2474 2443
f 2474 2475 2443
f 2443 2475 2444
f 2475 2476 2444
f 2444 2476 2445
f 2476 2477 2445
f 2445 2477 2478
f 2445 2478 2446
f 2446 2478 2479
f 2446 2479 2447
f 2447 2479 2480
f 2447 2480 2448
f 2448 2480 2481
f 2448 2481 2449
f 2449 2481 2482
f 2449 2482 2450
f 2450 2482 2483
f 2450 2483 2451
f 2451 2483 2484
f 2451 2484 2452
f 2452 2484 2485
f 2452 2485 2453
f 2453 2485 2454
f 2485 2486 2454
f 2454 2486 2455
f 2486 2487 2455
f 2455 2487 2456
f 2487 2488 2456
f 2456 2488 2457
f 2488 2489 2457
f 2457 2489 2458
f 2489 2490 2458
f 2458 2490 2459
f 2490 2491 2459
f 2459 2491 2460
f 2491 2492 2460
f 2460 2492 2461
f 2492 2493 2461
f 2461 2493 2494
f 2461 2494 2462
f 2462 2494 2495
f 2462 2495 2463
f 2463 2495 2496
f 2463 2496 2464
f 2464 2496 2497
f 2464 2497 2465
f 2465 2497 2498
f 2465 2498 2466
f 2466 2498 2499
f 2466 2499 2467
f 2467 2499 2500
f 2467 2500 2468
f 2468 2500 2469
f 2468 2469 2437
f 2469 2501 2470
f 2501 2502 2470
f 2470 2502 2471
f 2502 2503 2471
f 2471 2503 2472
f 2503 2504 2472
f 2472 2504 2473
f 2504 2505 2473
f 2473 2505 2474
f 2505 2506 2474
f 2474 2506 2475
f 2506 2507 2475
f 2475 2507 2476
f 2507 2508 2476
f 2476 2508 2477
f 2508 2509 2477
f 2477 2509 2510
f 2477 2510 2478
f 2478 2510 2511
f 2478 2511 2479
f 2479 2511 2512
f 2479 2512 2480
f 2480 2512 2513
f 2480 2513 2481
f 2481 2513 2514
f 2481 2514 2482
f 2482 2514 2515
f 2482 2515 2483
f 2483 2515 2516
f 2483 2516 2484
f 2484 2516 2517
f 2484 2517 2485
f 2485 2517 2486
f 2517 2518 2486
f 2486 2518 2487
f 2518 2519 2487
f 2487 2519 2488
f 2519 2520 2488
f 2488 2520 2489
f 2520 2521 2489
f 2489 2521 2490
f 2521 2522 2490
f 2490 2522 2491
f 2522 2523 2491
f 2491 2523 2492
f 2523 2524 2492
f 2492 2524 2493
f 2524 2525 2493
f 2493 2525 2526
f 2493 2526 2494
f 2494 2526 2527
f 2494 2527 2495
f 2495 2527 2528
f 2495 2528 2496
f 2496 2528 2529
f 2496 2529 2497
f 2497 2529 2530
f 2497 2530 2498
f 2498 2530 2531
f 2498 2531 2499
f 2499 2531 2532
f 2499 2532 2500
f 2500 2532 2501
f 2500 2501 2469
f 2501 2533 2502
f 2502 2533 2534
f 2502 2534 2503
f 2503 2534 2535
f 2503 2535 2504
f 2504 2535 2536
f 2504 2536 2505
f 2505 2536 2537
f 2505 2537 2506
f 2506 2537 2538
f 2506 2538 2507
f 2507 2538 2539
f 2507 2539 2508
f 2508 2539 2540
f 2508 2540 2509
f 2509 2540 2510
f 2540 2541 2510
f 2510 2541 2511
f 2541 2542 2511
f 2511 2542 2512
f 2542 2543 2512
f 2512 2543 2513
f 2543 2544 2513
f 2513 2544 2514
f 2544 2545 2514
f 2514 2545 2515
f 2545 2546 2515
f 2515 2546 2516
f 2546 2547 2516
f 2516 2547 2517
f 2517 2548 2518
f 2518 2548 2549
f 2518 2549 2519
f 2519 2549 2550
f 2519 2550 2520
f 2520 2550 2551
f 2520 2551 2521
f 2521 2551 2552
f 2521 2552 2522
f 2522 2552 2553
f 2522 2553 2523
f 2523 2553 2554
f 2523 2554 2524
f 2524 2554 2555
f 2524 2555 2525
f 2525 2555 2526
f 2555 2556 2526
f 2526 2556 2527
f 2556 2557 2527
f 2527 2557 2528
f 2557 2558 2528
f 2528 2558 2529
f 2558 2559 2529
f 2529 2559 2530
f 2559 2560 2530
f 2530 2560 2531
f 2560 2561 2531
f 2531 2561 2532
f 2561 2562 2532
f 2532 2562 2501
f 2501 2563 2533
f 2533 2563 2564
f 2533 2564 2534
f 2534 2564 2565
f 2534 2565 2535
f 2535 2565 2566
f 2535 2566 2536
f 2536 2566 2567
f 2536 2567 2537
f 2537 2567 2568
f 2537 2568 2538
f 2538 2568 2569
f 2538 2569 2539
f 2539 2569 2570
f 2539 2570 2540
f 2540 2570 2541
f 2570 2571 2541
f 2541 2571 2542
f 2571 2572 2542
f 2542 2572 2543
f 2572 2573 2543
f 2543 2573 2544
f 2573 2574 2544
f 2544 2574 2545
f 2574 2575 2545
f 2545 2575 2546
f 2575 2576 2546
f 2546 2576 2547
f 2576 2577 2547
f 2547 2577 2517
f 2517 2577 2548
f 2548 2577 2576
f 2548 2576 2549
f 2549 2576 2575
f 2549 2575 2550
f 2550 2575 2574
f 2550 2574 2551
f 2551 2574 2573
f 2551 2573 2552
f 2552 2573 2572
f 2552 2572 2553
f 2553 2572 2571
f 2553 2571 2554
f 2554 2571 2570
f 2554 2570 2555
f 2555 2570 2556
f 2570 2569 2556
f 2556 2569 2557
f 2569 2568 2557
f 2557 2568 2558
f 2568 2567 2558
f 2558 2567 2559
f 2567 2566 2559
f 2559 2566 2560
f 2566 2565 2560
f 2560 2565 2561
f 2565 2564 2561
f 2561 2564 2562
f 2564 2563 2562
f 2562 2563 2501
f 2578 2579 2580
f 2580 2579 2581
f 2579 2582 2581
f 2581 2582 2583
f 2582 2584 2583
f 2583 2584 2585
f 2584 2586 2585
f 2585 2586 2587
f 2586 2588 2587
f 2587 2588 2589
f 2588 2590 2589
f 2589 2590 2591
f 2590 2592 2591
f 2591 2592 2593
f 2592 2594 2593
f 2593 2594 2595
f 2594 2596 2595
f 2594 2597 2596
f 2597 2598 2596
f 2597 2599 2598
f 2599 2600 2598
f 2599 2601 2600
f 2601 2602 2600
f 2601 2603 2602
f 2603 2604 2602
f 2603 2605 2604
f 2605 2606 2604
f 2605 2607 2606
f 2607 2608 2606
f 2607 2609 2608
f 2609 2610 2608
f 2609 2611 2610
f 2611 2612 2610
f 2610 2612 2613
f 2612 2614 2613
f 2613 2614 2615
f 2614 2616 2615
f 2615 2616 2617
f 2616 2618 2617
f 2617 2618 2619
f 2618 2620 2619
f 2619 2620 2621
f 2620 2622 2621
f 2621 2622 2623
f 2622 2624 2623
f 2623 2624 2625
f 2624 2626 2625
f 2625 2626 2627
f 2626 2628 2627
f 2626 2629 2628
f 2629 2630 2628
f 2629 2631 2630
f 2631 2632 2630
f 2631 2633 2632
f 2633 2634 2632
f 2633 2635 2634
f 2635 2636 2634
f 2635 2637 2636
f 2637 2638 2636
f 2637 2639 2638
f 2639 2640 2638
f 2639 2641 2640
f 2641 2580 2640
f 2641 2578 2580
f 2580 2581 2642
f 2642 2581 2643
f 2581 2583 2643
f 2643 2583 2644
f 2583 2585 2644
f 2644 2585 2645
f 2585 2587 2645
f 2645 2587 2646
f 2587 2589 2646
f 2646 2589 2647
f 2589 2591 2647
f 2647 2591 2648
f 2591 2593 2648
f 2648 2593 2649
f 2593 2595 2649
f 2649 2595 2650
f 2595 2651 2650
f 2595 2596 2651
f 2596 2652 2651
f 2596 2598 2652
f 2598 2653 2652
f 2598 2600 2653
f 2600 2654 2653
f 2600 2602 2654
f 2602 2655 2654
f 2602 2604 2655
f 2604 2656 2655
f 2604 2606 2656
f 2606 2657 2656
f 2606 2608 2657
f 2608 2658 2657
f 2608 2610 2658
f 2610 2613 2658
f 2658 2613 2659
f 2613 2615 2659
f 2659 2615 2660
f 2615 2617 2660
f 2660 2617 2661
f 2617 2619 2661
f 2661 2619 2662
f 2619 2621 2662
f 2662 2621 2663
f 2621 2623 2663
f 2663 2623 2664
f 2623 2625 2664
f 2664 2625 2665
f 2625 2627 2665
f 2665 2627 2666
f 2627 2667 2666
f 2627 2628 2667
f 2628 2668 2667
f 2628 2630 2668
f 2630 2669 2668
f 2630 2632 2669
f 2632 2670 2669
f 2632 2634 2670
f 2634 2671 2670
f 2634 2636 2671
f 2636 2672 2671
f 2636 2638 2672
f 2638 2673 2672
f 2638 2640 2673
f 2640 2642 2673
f 2640 2580 2642
f 2642 2643 2674
f 2674 2643 2675
f 2643 2644 2675
f 2675 2644 2676
f 2644 2645 2676
f 2676 2645 2677
f 2645 2646 2677
f 2677 2646 2678
f 2646 2647 2678
f 2678 2647 2679
f 2647 2648 2679
f 2679 2648 2680
f 2648 2649 2680
f 2680 2649 2681
f 2649 2650 2681
f 2681 2650 2682
f 2650 2683 2682
f 2650 2651 2683
f 2651 2684 2683
f 2651 2652 2684
f 2652 2685 2684
f 2652 2653 2685
f 2653 2686 2685
f 2653 2654 2686
f 2654 2687 2686
f 2654 2655 2687
f 2655 2688 2687
f 2655 2656 2688
f 2656 2689 2688
f 2656 2657 2689
f 2657 2690 2689
f 2657 2658 2690
f 2658 2659 2690
f 2690 2659 2691
f 2659 2660 2691
f 2691 2660 2692
f 2660 2661 2692
f 2692 2661 2693
f 2661 2662 2693
f 2693 2662 2694
f 2662 2663 2694
f 2694 2663 2695
f 2663 2664 2695
f 2695 2664 2696
f 2664 2665 2696
f 2696 2665 2697
f 2665 2666 2697
f 2697 2666 2698
f 2666 2699 2698
f 2666 2667 2699
f 2667 2700 2699
f 2667 2668 2700
f 2668 2701 2700
f 2668 2669 2701
f 2669 2702 2701
f 2669 2670 2702
f 2670 2703 2702
f 2670 2671 2703
f 2671 2704 2703
f 2671 2672 2704
f 2672 2705 2704
f 2672 2673 2705
f 2673 2674 2705
f 2673 2642 2674
f 2674 2675 2706
f 2706 2675 2707
f 2675 2676 2707
f 2707 2676 2708
f 2676 2677 2708
f 2708 2677 2709
f 2677 2678 2709
f 2709 2678 2710
f 2678 2679 2710
f 2710 2679 2711
f 2679 2680 2711
f 2711 2680 2712
f 2680 2681 2712
f 2712 2681 2713
f 2681 2682 2713
f 2713 2682 2714
f 2682 2715 2714
f 2682 2683 2715
f 2683 2716 2715
f 2683 2684 2716
f 2684 2717 2716
f 2684 2685 2717
f 2685 2718 2717
f 2685 2686 2718
f 2686 2719 2718
f 2686 2687 2719
f 2687 2720 2719
f 2687 2688 2720
f 2688 2721 2720
f 2688 2689 2721
f 2689 2722 2721
f 2689 2690 2722
f 2690 2691 2722
f 2722 2691 2723
f 2691 2692 2723
f 2723 2692 2724
f 2692 2693 2724
f 2724 2693 2725
f 2693 2694 2725
f 2725 2694 2726
f 2694 2695 2726
f 2726 2695 2727
f 2695 2696 2727
f 2727 2696 2728
f 2696 2697 2728
f 2728 2697 2729
f 2697 2698 2729
f 2729 2698 2730
f 2698 2731 2730
f 2698 2699 2731
f 2699 2732 2731
f 2699 2700 2732
f 2700 2733 2732
f 2700 2701 2733
f 2701 2734 2733
f 2701 2702 2734
f 2702 2735 2734
f 2702 2703 2735
f 2703 2736 2735
f 2703 2704 2736
f 2704 2737 2736
f 2704 2705 2737
f 2705 2706 2737
f 2705 2674 2706
f 2706 2707 2738
f 2738 2707 2739
f 2707 2708 2739
f 2739 2708 2740
f 2708 2709 2740
f 2740 2709 2741
f 2709 2710 2741
f 2741 2710 2742
f 2710 2711 2742
f 2742 2711 2743
f 2711 2712 2743
f 2743 2712 2744
f 2712 2713 2744
f 2744 2713 2745
f 2713 2714 2745
f 2745 2714 2746
f 2714 2747 2746
f 2714 2715 2747
f 2715 2748 2747
f 2715 2716 2748
f 2716 2749 2748
f 2716 2717 2749
f 2717 2750 2749
f 2717 2718 2750
f 2718 2751 2750
f 2718 2719 2751
f 2719 2752 2751
f 2719 2720 2752
f 2720 2753 2752
f 2720 2721 2753
f 2721 2754 2753
f 2721 2722 2754
f 2722 2723 2754
f 2754 2723 2755
f 2723 2724 2755
f 2755 2724 2756
f 2724 2725 2756
f 2756 2725 2757
f 2725 2726 2757
f 2757 2726 2758
f 2726 2727 2758
f 2758 2727 2759
f 2727 2728 2759
f 2759 2728 2760
f 2728 2729 2760
f 2760 2729 2761
f 2729 2730 2761
f 2761 2730 2762
f 2730 2763 2762
f 2730 2731 2763
f 2731 2764 2763
f 2731 2732 2764
f 2732 2765 2764
f 2732 2733 2765
f 2733 2766 2765
f 2733 2734 2766
f 2734 2767 2766
f 2734 2735 2767
f 2735 2768 2767
f 2735 2736 2768
f 2736 2769 2768
f 2736 2737 2769
f 2737 2738 2769
f 2737 2706 2738
f 2738 2739 2770
f 2739 2771 2770
f 2739 2740 2771
f 2740 2772 2771
f 2740 2741 2772
f 2741 2773 2772
f 2741 2742 2773
f 2742 2774 2773
f 2742 2743 2774
f 2743 2775 2774
f 2743 2744 2775
f 2744 2776 2775
f 2744 2745 2776
f 2745 2777 2776
f 2745 2746 2777
f 2746 2747 2777
f 2777 2747 2778
f 2747 2748 2778
f 2778 2748 2779
f 2748 2749 2779
f 2779 2749 2780
f 2749 2750 2780
f 2780 2750 2781
f 2750 2751 2781
f 2781 2751 2782
f 2751 2752 2782
f 2782 2752 2783
f 2752 2753 2783
f 2783 2753 2784
f 2753 2754 2784
f 2754 2755 2785
f 2755 2786 2785
f 2755 2756 2786
f 2756 2787 2786
f 2756 2757 2787
f 2757 2788 2787
f 2757 2758 2788
f 2758 2789 2788
f 2758 2759 2789
f 2759 2790 2789
f 2759 2760 2790
f 2760 2791 2790
f 2760 2761 2791
f 2761 2792 2791
f 2761 2762 2792
f 2762 2763 2792
f 2792 2763 2793
f 2763 2764 2793
f 2793 2764 2794
f 2764 2765 2794
f 2794 2765 2795
f 2765 2766 2795
f 2795 2766 2796
f 2766 2767 2796
f 2796 2767 2797
f 2767 2768 2797
f 2797 2768 2798
f 2768 2769 2798
f 2798 2769 2799
f 2769 2738 2799
f 2738 2770 2800
f 2770 2801 2800
f 2770 2771 2801
f 2771 2802 2801
f 2771 2772 2802
f 2772 2803 2802
f 2772 2773 2803
f 2773 2804 2803
f 2773 2774 2804
f 2774 2805 2804
f 2774 2775 2805
f 2775 2806 2805
f 2775 2776 2806
f 2776 2807 2806
f 2776 2777 2807
f 2777 2778 2807
f 2807 2778 2808
f 2778 2779 2808
f 2808 2779 2809
f 2779 2780 2809
f 2809 2780 2810
f 2780 2781 2810
f 2810 2781 2811
f 2781 2782 2811
f 2811 2782 2812
f 2782 2783 2812
f 2812 2783 2813
f 2783 2784 2813
f 2813 2784 2814
f 2784 2754 2814
f 2754 2785 2814
f 2785 2813 2814
f 2785 2786 2813
f 2786 2812 2813
f 2786 2787 2812
f 2787 2811 2812
f 2787 2788 2811
f 2788 2810 2811
f 2788 2789 2810
f 2789 2809 2810
f 2789 2790 2809
f 2790 2808 2809
f 2790 2791 2808
f 2791 2807 2808
f 2791 2792 2807
f 2792 2793 2807
f 2807 2793 2806
f 2793 2794 2806
f 2806 2794 2805
f 2794 2795 2805
f 2805 2795 2804
f 2795 2796 2804
f 2804 2796 2803
f 2796 2797 2803
f 2803 2797 2802
f 2797 2798 2802
f 2802 2798 2801
f 2798 2799 2801
f 2801 2799 2800
f 2799 2738 2800
f 2578 2815 2579
f 2815 2816 2579
f 2579 2816 2582
f 2816 2817 2582
f 2582 2817 2584
f 2817 2818 2584
f 2584 2818 2586
f 2818 2819 2586
f 2586 2819 2588
f 2819 2820 2588
f 2588 2820 2590
f 2820 2821 2590
f 2590 2821 2592
f 2821 2822 2592
f 2592 2822 2594
f 2822 2823 2594
f 2594 2823 2824
f 2594 2824 2597
f 2597 2824 2825
f 2597 2825 2599
f 2599 2825 2826
f 2599 2826 2601
f 2601 2826 2827
f 2601 2827 2603
f 2603 2827 2828
f 2603 2828 2605
f 2605 2828 2829
f 2605 2829 2607
f 2607 2829 2830
f 2607 2830 2609
f 2609 2830 2831
f 2609 2831 2611
f 2611 2831 2612
f 2831 2832 2612
f 2612 2832 2614
f 2832 2833 2614
f 2614 2833 2616
f 2833 2834 2616
f 2616 2834 2618
f 2834 2835 2618
f 2618 2835 2620
f 2835 2836 2620
f 2620 2836 2622
f 2836 2837 2622
f 2622 2837 2624
f 2837 2838 2624
f 2624 2838 2626
f 2838 2839 2626
f 2626 2839 2840
f 2626 2840 2629
f 2629 2840 2841
f 2629 2841 2631
f 2631 2841 2842
f 2631 2842 2633
f 2633 2842 2843
f 2633 2843 2635
f 2635 2843 2844
f 2635 2844 2637
f 2637 2844 2845
f 2637 2845 2639
f 2639 2845 2846
f 2639 2846 2641
f 2641 2846 2815
f 2641 2815 2578
f 2815 2847 2816
f 2847 2848 2816
f 2816 2848 2817
f 2848 2849 2817
f 2817 2849 2818
f 2849 2850 2818
f 2818 2850 2819
f 2850 2851 2819
f 2819 2851 2820
f 2851 2852 2820
f 2820 2852 2821
f 2852 2853 2821
f 2821 2853 2822
f 2853 2854 2822
f 2822 2854 2823
f 2854 2855 2823
f 2823 2855 2856
f 2823 2856 2824
f 2824 2856 2857
f 2824 2857 2825
f 2825 2857 2858
f 2825 2858 2826
f 2826 2858 2859
f 2826 2859 2827
f 2827 2859 2860
f 2827 2860 2828
f 2828 2860 2861
f 2828 2861 2829
f 2829 2861 2862
f 2829 2862 2830
f 2830 2862 2863
f 2830 2863 2831
f 2831 2863 2832
f 2863 2864 2832
f 2832 2864 2833
f 2864 2865 2833
f 2833 2865 2834
f 2865 2866 2834
f 2834 2866 2835
f 2866 2867 2835
f 2835 2867 2836
f 2867 2868 2836
f 2836 2868 2837
f 2868 2869 2837
f 2837 2869 2838
f 2869 2870 2838
f 2838 2870 2839
f 2870 2871 2839
f 2839 2871 2872
f 2839 2872 2840
f 2840 2872 2873
f 2840 2873 2841
f 2841 2873 2874
f 2841 2874 2842
f 2842 2874 2875
f 2842 2875 2843
f 2843 2875 2876
f 2843 2876 2844
f 2844 2876 2877
f 2844 2877 2845
f 2845 2877 2878
f 2845 2878 2846
f 2846 2878 2847
f 2846 2847 2815
f 2847 2879 2848
f 2879 2880 2848
f 2848 2880 2849
f 2880 2881 2849
f 2849 2881 2850
f 2881 2882 2850
f 2850 2882 2851
f 2882 2883 2851
f 2851 2883 2852
f 2883 2884 2852
f 2852 2884 2853
f 2884 2885 2853
f 2853 2885 2854
f 2885 2886 2854
f 2854 2886 2855
f 2886 2887 2855
f 2855 2887 2888
f 2855 2888 2856
f 2856 2888 2889
f 2856 2889 2857
f 2857 2889 2890
f 2857 2890 2858
f 2858 2890 2891
f 2858 2891 2859
f 2859 2891 2892
f 2859 2892 2860
f 2860 2892 2893
f 2860 2893 2861
f 2861 2893 2894
f 2861 2894 2862
f 2862 2894 2895
f 2862 2895 2863
f 2863 2895 2864
f 2895 2896 2864
f 2864 2896 2865
f 2896 2897 2865
f 2865 2897 2866
f 2897 2898 2866
f 2866 2898 2867
f 2898 2899 2867
f 2867 2899 2868
f 2899 2900 2868
f 2868 2900 2869
f 2900 2901 2869
f 2869 2901 2870
f 2901 2902 2870
f 2870 2902 2871
f 2902 2903 2871
f 2871 2903 2904
f 2871 2904 2872
f 2872 2904 2905
f 2872 2905 2873
f 2873 2905 2906
f 2873 2906 2874
f 2874 2906 2907
f 2874 2907 2875
f 2875 2907 2908
f 2875 2908 2876
f 2876 2908 2909
f 2876 2909 2877
f 2877 2909 2910
f 2877 2910 2878
f 2878 2910 2879
f 2878 2879 2847
f 2879 2911 2880
f 2911 2912 2880
f 2880 2912 2881
f 2912 2913 2881
f 2881 2913 2882
f 2913 2914 2882
f 2882 2914 2883
f 2914 2915 2883
f 2883 2915 2884
f 2915 2916 2884
f 2884 2916 2885
f 2916 2917 2885
f 2885 2917 2886
f 2917 2918 2886
f 2886 2918 2887
f 2918 2919 2887
f 2887 2919 2920
f 2887 2920 2888
f 2888 2920 2921
f 2888 2921 2889
f 2889 2921 2922
f 2889 2922 2890
f 2890 2922 2923
f 2890 2923 2891
f 2891 2923 2924
f 2891 2924 2892
f 2892 2924 2925
f 2892 2925 2893
f 2893 2925 2926
f 2893 2926 2894
f 2894 2926 2927
f 2894 2927 2895
f 2895 2927 2896
f 2927 2928 2896
f 2896 2928 2897
f 2928 2929 2897
f 2897 2929 2898
f 2929 2930 2898
f 2898 2930 2899
f 2930 2931 2899
f 2899 2931 2900
f 2931 2932 2900
f 2900 2932 2901
f 2932 2933 2901
f 2901 2933 2902
f 2933 2934 2902
f 2902 2934 2903
f 2934 2935 2903
f 2903 2935 2936
f 2903 2936 2904
f 2904 2936 2937
f 2904 2937 2905
f 2905 2937 2938
f 2905 2938 2906
f 2906 2938 2939
f 2906 2939 2907
f 2907 2939 2940
f 2907 2940 2908
f 2908 2940 2941
f 2908 2941 2909
f 2909 2941 2942
f 2909 2942 2910
f 2910 2942 2911
f 2910 2911 2879
f 2911 2943 2912
f 2943 2944 2912
f 2912 2944 2913
f 2944 2945 2913
f 2913 2945 2914
f 2945 2946 2914
f 2914 2946 2915
f 2946 2947 2915
f 2915 2947 2916
f 2947 2948 2916
f 2916 2948 2917
f 2948 2949 2917
f 2917 2949 2918
f 2949 2950 2918
f 2918 2950 2919
f 2950 2951 2919
f 2919 2951 2952
f 2919 2952 2920
f 2920 2952 2953
f 2920 2953 2921
f 2921 2953 2954
f 2921 2954 2922
f 2922 2954 2955
f 2922 2955 2923
f 2923 2955 2956
f 2923 2956 2924
f 2924 2956 2957
f 2924 2957 2925
f 2925 2957 2958
f 2925 2958 2926
f 2926 2958 2959
f 2926 2959 2927
f 2927 2959 2928
f 2959 2960 2928
f 2928 2960 2929
f 2960 2961 2929
f 2929 2961 2930
f 2961 2962 2930
f 2930 2962 2931
f 2962 2963 2931
f 2931 2963 2932
f 2963 2964 2932
f 2932 2964 2933
f 2964 2965 2933
f 2933 2965 2934
f 2965 2966 2934
f 2934 2966 2935
f 2966 2967 2935
f 2935 2967 2968
f 2935 2968 2936
f 2936 2968 2969
f 2936 2969 2937
f 2937 2969 2970
f 2937 2970 2938
f 2938 2970 2971
f 2938 2971 2939
f 2939 2971 2972
f 2939 2972 2940
f 2940 2972 2973
f 2940 2973 2941
f 2941 2973 2974
f 2941 2974 2942
f 2942 2974 2943
f 2942 2943 2911
f 2943 2975 2944
f 2944 2975 2976
f 2944 2976 2945
f 2945 2976 2977
f 2945 2977 2946
f 2946 2977 2978
f 2946 2978 2947
f 2947 2978 2979
f 2947 2979 2948
f 2948 2979 2980
f 2948 2980 2949
f 2949 2980 2981
f 2949 2981 2950
f 2950 2981 2982
f 2950 2982 2951
f 2951 2982 2952
f 2982 2983 2952
f 2952 2983 2953
f 2983 2984 2953
f 2953 2984 2954
f 2984 2985 2954
f 2954 2985 2955
f 2985 2986 2955
f 2955 2986 2956
f 2986 2987 2956
f 2956 2987 2957
f 2987 2988 2957
f 2957 2988 2958
f 2988 2989 2958
f 2958 2989 2959
f 2959 2990 2960
f 2960 2990 2991
f 2960 2991 2961
f 2961 2991 2992
f 2961 2992 2962
f 2962 2992 2993
f 2962 2993 2963
f 2963 2993 2994
f 2963 2994 2964
f 2964 2994 2995
f 2964 2995 2965
f 2965 2995 2996
f 2965 2996 2966
f 2966 2996 2997
f 2966 2997 2967
f 2967 2997 2968
f 2997 2998 2968
f 2968 2998 2969
f 2998 2999 2969
f 2969 2999 2970
f 2999 3000 2970
f 2970 3000 2971
f 3000 3001 2971
f 2971 3001 2972
f 3001 3002 2972
f 2972 3002 2973
f 3002 3003 2973
f 2973 3003 2974
f 3003 3004 2974
f 2974 3004 2943
f 2943 3005 2975
f 2975 3005 3006
f 2975 3006 2976
f 2976 3006 3007
f 2976 3007 2977
f 2977 3007 3008
f 2977 3008 2978
f 2978 3008 3009
f 2978 3009 2979
f 2979 3009 3010
f 2979 3010 2980
f 2980 3010 3011
f 2980 3011 2981
f 2981 3011 3012
f 2981 3012 2982
f 2982 3012 2983
f 3012 3013 2983
f 2983 3013 2984
f 3013 3014 2984
f 2984 3014 2985
f 3014 3015 2985
f 2985 3015 2986
f 3015 3016 2986
f 2986 3016 2987
f 3016 3017 2987
f 2987 3017 2988
f 3017 3018 2988
f 2988 3018 2989
f 3018 3019 2989
f 2989 3019 2959
f 2959 3019 2990
f 2990 3019 3018
f 2990 3018 2991
f 2991 3018 3017
f 2991 3017 2992
f 2992 3017 3016
f 2992 3016 2993
f 2993 3016 3015
f 2993 3015 2994
f 2994 3015 3014
f 2994 3014 2995
f 2995 3014 3013
f 2995 3013 2996
f 2996 3013 3012
f 2996 3012 2997
f 2997 3012 2998
f 3012 3011 2998
f 2998 3011 2999
f 3011 3010 2999
f 2999 3010 3000
f 3010 3009 3000
f 3000 3009 3001
f 3009 3008 3001
f 3001 3008 3002
f 3008 3007 3002
f 3002 3007 3003
f 3007 3006 3003
f 3003 3006 3004
f 3006 3005 3004
f 3004 3005 2943
f 3020 3021 3022
f 3021 3023 3022
f 3022 3023 3024
f 3023 3025 3024
f 3024 3025 3026
f 3025 3027 3026
f 3026 3027 3028
f 3027 3029 3028
f 3028 3029 3030
f 3029 3031 3030
f 3030 3031 3032
f 3031 3033 3032
f 3032 3033 3034
f 3033 3035 3034
f 3034 3035 3036
f 3035 3037 3036
f 3035 3038 3037
f 3038 3039 3037
f 3038 3040 3039
f 3040 3041 3039
f 3040 3042 3041
f 3042 3043 3041
f 3042 3044 3043
f 3044 3045 3043
f 3044 3046 3045
f 3046 3047 3045
f 3046 3048 3047
f 3048 3049 3047
f 3048 3050 3049
f 3050 3051 3049
f 3051 3050 3052
f 3050 3048 3052
f 3052 3048 3053
f 3048 3046 3053
f 3053 3046 3054
f 3046 3044 3054
f 3054 3044 3055
f 3044 3042 3055
f 3055 3042 3056
f 3042 3040 3056
f 3056 3040 3057
f 3040 3038 3057
f 3057 3038 3058
f 3038 3035 3058
f 3058 3035 3059
f 3035 3060 3059
f 3035 3033 3060
f 3033 3061 3060
f 3033 3031 3061
f 3031 3062 3061
f 3031 3029 3062
f 3029 3063 3062
f 3029 3027 3063
f 3027 3064 3063
f 3027 3025 3064
f 3025 3065 3064
f 3025 3023 3065
f 3023 3066 3065
f 3023 3021 3066
f 3021 3020 3066
f 3020 3022 3067
f 3022 3024 3067
f 3067 3024 3068
f 3024 3026 3068
f 3068 3026 3069
f 3026 3028 3069
f 3069 3028 3070
f 3028 3030 3070
f 3070 3030 3071
f 3030 3032 3071
f 3071 3032 3072
f 3032 3034 3072
f 3072 3034 3073
f 3034 3036 3073
f 3073 3036 3074
f 3036 3075 3074
f 3036 3037 3075
f 3037 3076 3075
f 3037 3039 3076
f 3039 3077 3076
f 3039 3041 3077
f 3041 3078 3077
f 3041 3043 3078
f 3043 3079 3078
f 3043 3045 3079
f 3045 3080 3079
f 3045 3047 3080
f 3047 3081 3080
f 3047 3049 3081
f 3049 3051 3081
f 3051 3052 3082
f 3052 3053 3082
f 3082 3053 3083
f 3053 3054 3083
f 3083 3054 3084
f 3054 3055 3084
f 3084 3055 3085
f 3055 3056 3085
f 3085 3056 3086
f 3056 3057 3086
f 3086 3057 3087
f 3057 3058 3087
f 3087 3058 3088
f 3058 3059 3088
f 3088 3059 3089
f 3059 3090 3089
f 3059 3060 3090
f 3060 3091 3090
f 3060 3061 3091
f 3061 3092 3091
f 3061 3062 3092
f 3062 3093 3092
f 3062 3063 3093
f 3063 3094 3093
f 3063 3064 3094
f 3064 3095 3094
f 3064 3065 3095
f 3065 3096 3095
f 3065 3066 3096
f 3066 3020 3096
f 3020 3067 3097
f 3097 3067 3098
f 3067 3068 3098
f 3098 3068 3099
f 3068 3069 3099
f 3099 3069 3100
f 3069 3070 3100
f 3100 3070 3101
f 3070 3071 3101
f 3101 3071 3102
f 3071 3072 3102
f 3102 3072 3103
f 3072 3073 3103
f 3103 3073 3104
f 3073 3074 3104
f 3104 3074 3105
f 3074 3106 3105
f 3074 3075 3106
f 3075 3107 3106
f 3075 3076 3107
f 3076 3108 3107
f 3076 3077 3108
f 3077 3109 3108
f 3077 3078 3109
f 3078 3110 3109
f 3078 3079 3110
f 3079 3111 3110
f 3079 3080 3111
f 3080 3112 3111
f 3080 3081 3112
f 3081 3113 3112
f 3081 3051 3113
f 3051 3082 3113
f 3113 3082 3114
f 3082 3083 3114
f 3114 3083 3115
f 3083 3084 3115
f 3115 3084 3116
f 3084 3085 3116
f 3116 3085 3117
f 3085 3086 3117
f 3117 3086 3118
f 3086 3087 3118
f 3118 3087 3119
f 3087 3088 3119
f 3119 3088 3120
f 3088 3089 3120
f 3120 3089 3121
f 3089 3122 3121
f 3089 3090 3122
f 3090 3123 3122
f 3090 3091 3123
f 3091 3124 3123
f 3091 3092 3124
f 3092 3125 3124
f 3092 3093 3125
f 3093 3126 3125
f 3093 3094 3126
f 3094 3127 3126
f 3094 3095 3127
f 3095 3128 3127
f 3095 3096 3128
f 3096 3097 3128
f 3096 3020 3097
f 3097 3098 3129
f 3129 3098 3130
f 3098 3099 3130
f 3130 3099 3131
f 3099 3100 3131
f 3131 3100 3132
f 3100 3101 3132
f 3132 3101 3133
f 3101 3102 3133
f 3133 3102 3134
f 3102 3103 3134
f 3134 3103 3135
f 3103 3104 3135
f 3135 3104 3136
f 3104 3105 3136
f 3136 3105 3137
f 3105 3138 3137
f 3105 3106 3138
f 3106 3139 3138
f 3106 3107 3139
f 3107 3140 3139
f 3107 3108 3140
f 3108 3141 3140
f 3108 3109 3141
f 3109 3142 3141
f 3109 3110 3142
f 3110 3143 3142
f 3110 3111 3143
f 3111 3144 3143
f 3111 3112 3144
f 3112 3145 3144
f 3112 3113 3145
f 3113 3114 3145
f 3145 3114 3146
f 3114 3115 3146
f 3146 3115 3147
f 3115 3116 3147
f 3147 3116 3148
f 3116 3117 3148
f 3148 3117 3149
f 3117 3118 3149
f 3149 3118 3150
f 3118 3119 3150
f 3150 3119 3151
f 3119 3120 3151
f 3151 3120 3152
f 3120 3121 3152
f 3152 3121 3153
f 3121 3154 3153
f 3121 3122 3154
f 3122 3155 3154
f 3122 3123 3155
f 3123 3156 3155
f 3123 3124 3156
f 3124 3157 3156
f 3124 3125 3157
f 3125 3158 3157
f 3125 3126 3158
f 3126 3159 3158
f 3126 3127 3159
f 3127 3160 3159
f 3127 3128 3160
f 3128 3129 3160
f 3128 3097 3129
f 3129 3130 3161
f 3161 3130 3162
f 3130 3131 3162
f 3162 3131 3163
f 3131 3132 3163
f 3163 3132 3164
f 3132 3133 3164
f 3164 3133 3165
f 3133 3134 3165
f 3165 3134 3166
f 3134 3135 3166
f 3166 3135 3167
f 3135 3136 3167
f 3167 3136 3168
f 3136 3137 3168
f 3168 3137 3169
f 3137 3170 3169
f 3137 3138 3170
f 3138 3171 3170
f 3138 3139 3171
f 3139 3172 3171
f 3139 3140 3172
f 3140 3173 3172
f 3140 3141 3173
f 3141 3174 3173
f 3141 3142 3174
f 3142 3175 3174
f 3142 3143 3175
f 3143 3176 3175
f 3143 3144 3176
f 3144 3177 3176
f 3144 3145 3177
f 3145 3146 3177
f 3177 3146 3178
f 3146 3147 3178
f 3178 3147 3179
f 3147 3148 3179
f 3179 3148 3180
f 3148 3149 3180
f 3180 3149 3181
f 3149 3150 3181
f 3181 3150 3182
f 3150 3151 3182
f 3182 3151 3183
f 3151 3152 3183
f 3183 3152 3184
f 3152 3153 3184
f 3184 3153 3185
f 3153 3186 3185
f 3153 3154 3186
f 3154 3187 3186
f 3154 3155 3187
f 3155 3188 3187
f 3155 3156 3188
f 3156 3189 3188
f 3156 3157 3189
f 3157 3190 3189
f 3157 3158 3190
f 3158 3191 3190
f 3158 3159 3191
f 3159 3192 3191
f 3159 3160 3192
f 3160 3161 3192
f 3160 3129 3161
f 3161 3193 3194
f 3161 3162 3193
f 3162 3195 3193
f 3162 3163 3195
f 3163 3196 3195
f 3163 3164 3196
f 3164 3197 3196
f 3164 3165 3197
f 3165 3198 3197
f 3165 3166 3198
f 3166 3199 3198
f 3166 3167 3199
f 3167 3200 3199
f 3167 3168 3200
f 3168 3201 3200
f 3168 3169 3201
f 3169 3170 3201
f 3201 3170 3202
f 3170 3171 3202
f 3202 3171 3203
f 3171 3172 3203
f 3203 3172 3204
f 3172 3173 3204
f 3204 3173 3205
f 3173 3174 3205
f 3205 3174 3206
f 3174 3175 3206
f 3206 3175 3207
f 3175 3176 3207
f 3207 3176 3208
f 3176 3177 3208
f 3208 3177 3209
f 3177 3210 3209
f 3177 3178 3210
f 3178 3211 3210
f 3178 3179 3211
f 3179 3212 3211
f 3179 3180 3212
f 3180 3213 3212
f 3180 3181 3213
f 3181 3214 3213
f 3181 3182 3214
f 3182 3215 3214
f 3182 3183 3215
f 3183 3216 3215
f 3183 3184 3216
f 3184 3217 3216
f 3184 3185 3217
f 3185 3186 3217
f 3217 3186 3218
f 3186 3187 3218
f 3218 3187 3219
f 3187 3188 3219
f 3219 3188 3220
f 3188 3189 3220
f 3220 3189 3221
f 3189 3190 3221
f 3221 3190 3222
f 3190 3191 3222
f 3222 3191 3223
f 3191 3192 3223
f 3223 3192 3224
f 3192 3161 3224
f 3224 3161 3194
f 3194 3225 3226
f 3194 3193 3225
f 3193 3227 3225
f 3193 3195 3227
f 3195 3228 3227
f 3195 3196 3228
f 3196 3229 3228
f 3196 3197 3229
f 3197 3230 3229
f 3197 3198 3230
f 3198 3231 3230
f 3198 3199 3231
f 3199 3232 3231
f 3199 3200 3232
f 3200 3233 3232
f 3200 3201 3233
f 3201 3202 3233
f 3233 3202 3234
f 3202 3203 3234
f 3234 3203 3235
f 3203 3204 3235
f 3235 3204 3236
f 3204 3205 3236
f 3236 3205 3237
f 3205 3206 3237
f 3237 3206 3238
f 3206 3207 3238
f 3238 3207 3239
f 3207 3208 3239
f 3239 3208 3240
f 3208 3209 3240
f 3240 3209 3241
f 3209 3242 3241
f 3209 3210 3242
f 3210 3243 3242
f 3210 3211 3243
f 3211 3244 3243
f 3211 3212 3244
f 3212 3245 3244
f 3212 3213 3245
f 3213 3246 3245
f 3213 3214 3246
f 3214 3247 3246
f 3214 3215 3247
f 3215 3248 3247
f 3215 3216 3248
f 3216 3249 3248
f 3216 3217 3249
f 3217 3218 3249
f 3249 3218 3250
f 3218 3219 3250
f 3250 3219 3251
f 3219 3220 3251
f 3251 3220 3252
f 3220 3221 3252
f 3252 3221 3253
f 3221 3222 3253
f 3253 3222 3254
f 3222 3223 3254
f 3254 3223 3255
f 3223 3224 3255
f 3255 3224 3256
f 3224 3194 3256
f 3256 3194 3226
f 3226 3225 3257
f 3225 3258 3257
f 3225 3227 3258
f 3227 3259 3258
f 3227 3228 3259
f 3228 3260 3259
f 3228 3229 3260
f 3229 3261 3260
f 3229 3230 3261
f 3230 3262 3261
f 3230 3231 3262
f 3231 3263 3262
f 3231 3232 3263
f 3232 3264 3263
f 3232 3233 3264
f 3233 3234 3264
f 3264 3234 3265
f 3234 3235 3265
f 3265 3235 3266
f 3235 3236 3266
f 3266 3236 3267
f 3236 3237 3267
f 3267 3237 3268
f 3237 3238 3268
f 3268 3238 3269
f 3238 3239 3269
f 3269 3239 3270
f 3239 3240 3270
f 3270 3240 3271
f 3240 3241 3271
f 3241 3242 3272
f 3242 3273 3272
f 3242 3243 3273
f 3243 3274 3273
f 3243 3244 3274
f 3244 3275 3274
f 3244 3245 3275
f 3245 3276 3275
f 3245 3246 3276
f 3246 3277 3276
f 3246 3247 3277
f 3247 3278 3277
f 3247 3248 3278
f 3248 3279 3278
f 3248 3249 3279
f 3249 3250 3279
f 3279 3250 3280
f 3250 3251 3280
f 3280 3251 3281
f 3251 3252 3281
f 3281 3252 3282
f 3252 3253 3282
f 3282 3253 3283
f 3253 3254 3283
f 3283 3254 3284
f 3254 3255 3284
f 3284 3255 3285
f 3255 3256 3285
f 3285 3256 3286
f 3256 3226 3286
f 3226 3257 3287
f 3257 3288 3287
f 3257 3258 3288
f 3258 3289 3288
f 3258 3259 3289
f 3259 3290 3289
f 3259 3260 3290
f 3260 3291 3290
f 3260 3261 3291
f 3261 3292 3291
f 3261 3262 3292
f 3262 3293 3292
f 3262 3263 3293
f 3263 3294 3293
f 3263 3264 3294
f 3264 3265 3294
f 3294 3265 3295
f 3265 3266 3295
f 3295 3266 3296
f 3266 3267 3296
f 3296 3267 3297
f 3267 3268 3297
f 3297 3268 3298
f 3268 3269 3298
f 3298 3269 3299
f 3269 3270 3299
f 3299 3270 3300
f 3270 3271 3300
f 3300 3271 3301
f 3271 3241 3301
f 3241 3272 3301
f 3272 3300 3301
f 3272 3273 3300
f 3273 3299 3300
f 3273 3274 3299
f 3274 3298 3299
f 3274 3275 3298
f 3275 3297 3298
f 3275 3276 3297
f 3276 3296 3297
f 3276 3277 3296
f 3277 3295 3296
f 3277 3278 3295
f 3278 3294 3295
f 3278 3279 3294
f 3279 3280 3294
f 3294 3280 3293
f 3280 3281 3293
f 3293 3281 3292
f 3281 3282 3292
f 3292 3282 3291
f 3282 3283 3291
f 3291 3283 3290
f 3283 3284 3290
f 3290 3284 3289
f 3284 3285 3289
f 3289 3285 3288
f 3285 3286 3288
f 3288 3286 3287
f 3286 3226 3287
f 3302 3303 3304
f 3303 3305 3304
f 3305 3306 3304
f 3306 3307 3304
f 3304 3307 3308
f 3304 3308 3309
f 3304 3309 3310
f 3304 3310 3311
f 3311 3312 3304
f 3312 3313 3304
f 3313 3314 3304
f 3314 3315 3304
f 3304 3315 3316
f 3304 3316 3317
f 3304 3317 3318
f 3304 3318 3302
f 3302 3319 3303
f 3319 3320 3303
f 3303 3320 3305
f 3320 3321 3305
f 3305 3321 3306
f 3321 3322 3306
f 3306 3322 3307
f 3322 3323 3307
f 3307 3323 3324
f 3307 3324 3308
f 3308 3324 3325
f 3308 3325 3309
f 3309 3325 3326
f 3309 3326 3310
f 3310 3326 3327
f 3310 3327 3311
f 3311 3327 3312
f 3327 3328 3312
f 3312 3328 3313
f 3328 3329 3313
f 3313 3329 3314
f 3329 3330 3314
f 3314 3330 3315
f 3330 3331 3315
f 3315 3331 3332
f 3315 3332 3316
f 3316 3332 3333
f 3316 3333 3317
f 3317 3333 3334
f 3317 3334 3318
f 3318 3334 3319
f 3318 3319 3302
f 3319 3335 3320
f 3335 3336 3320
f 3320 3336 3321
f 3336 3337 3321
f 3321 3337 3322
f 3337 3338 3322
f 3322 3338 3323
f 3338 3339 3323
f 3323 3339 3340
f 3323 3340 3324
f 3324 3340 3341
f 3324 3341 3325
f 3325 3341 3342
f 3325 3342 3326
f 3326 3342 3343
f 3326 3343 3327
f 3327 3343 3328
f 3343 3344 3328
f 3328 3344 3329
f 3344 3345 3329
f 3329 3345 3330
f 3345 3346 3330
f 3330 3346 3331
f 3346 3347 3331
f 3331 3347 3348
f 3331 3348 3332
f 3332 3348 3349
f 3332 3349 3333
f 3333 3349 3350
f 3333 3350 3334
f 3334 3350 3335
f 3334 3335 3319
f 3335 3351 3336
f 3351 3352 3336
f 3336 3352 3337
f 3352 3353 3337
f 3337 3353 3338
f 3353 3354 3338
f 3338 3354 3339
f 3354 3355 3339
f 3339 3355 3356
f 3339 3356 3340
f 3340 3356 3357
f 3340 3357 3341
f 3341 3357 3358
f 3341 3358 3342
f 3342 3358 3359
f 3342 3359 3343
f 3343 3359 3344
f 3359 3360 3344
f 3344 3360 3345
f 3360 3361 3345
f 3345 3361 3346
f 3361 3362 3346
f 3346 3362 3347
f 3362 3363 3347
f 3347 3363 3364
f 3347 3364 3348
f 3348 3364 3365
f 3348 3365 3349
f 3349 3365 3366
f 3349 3366 3350
f 3350 3366 3351
f 3350 3351 3335
f 3351 3367 3352
f 3367 3368 3352
f 3352 3368 3353
f 3368 3369 3353
f 3353 3369 3354
f 3369 3370 3354
f 3354 3370 3355
f 3370 3371 3355
f 3355 3371 3372
f 3355 3372 3356
f 3356 3372 3373
f 3356 3373 3357
f 3357 3373 3374
f 3357 3374 3358
f 3358 3374 3375
f 3358 3375 3359
f 3359 3375 3360
f 3375 3376 3360
f 3360 3376 3361
f 3376 3377 3361
f 3361 3377 3362
f 3377 3378 3362
f 3362 3378 3363
f 3378 3379 3363
f 3363 3379 3380
f 3363 3380 3364
f 3364 3380 3381
f 3364 3381 3365
f 3365 3381 3382
f 3365 3382 3366
f 3366 3382 3367
f 3366 3367 3351
f 3367 3383 3368
f 3383 3384 3368
f 3368 3384 3369
f 3384 3385 3369
f 3369 3385 3370
f 3385 3386 3370
f 3370 3386 3371
f 3386 3387 3371
f 3371 3387 3388
f 3371 3388 3372
f 3372 3388 3389
f 3372 3389 3373
f 3373 3389 3390
f 3373 3390 3374
f 3374 3390 3391
f 3374 3391 3375
f 3375 3391 3376
f 3391 3392 3376
f 3376 3392 3377
f 3392 3393 3377
f 3377 3393 3378
f 3393 3394 3378
f 3378 3394 3379
f 3394 3395 3379
f 3379 3395 3396
f 3379 3396 3380
f 3380 3396 3397
f 3380 3397 3381
f 3381 3397 3398
f 3381 3398 3382
f 3382 3398 3383
f 3382 3383 3367
f 3383 3399 3384
f 3399 3400 3384
f 3384 3400 3385
f 3400 3401 3385
f 3385 3401 3386
f 3401 3402 3386
f 3386 3402 3387
f 3402 3403 3387
f 3387 3403 3404
f 3387 3404 3388
f 3388 3404 3405
f 3388 3405 3389
f 3389 3405 3406
f 3389 3406 3390
f 3390 3406 3407
f 3390 3407 3391
f 3391 3407 3392
f 3407 3408 3392
f 3392 3408 3393
f 3408 3409 3393
f 3393 3409 3394
f 3409 3410 3394
f 3394 3410 3395
f 3410 3411 3395
f 3395 3411 3412
f 3395 3412 3396
f 3396 3412 3413
f 3396 3413 3397
f 3397 3413 3414
f 3397 3414 3398
f 3398 3414 3399
f 3398 3399 3383
f 3399 3415 3400
f 3415 3416 3400
f 3400 3416 3401
f 3416 3417 3401
f 3401 3417 3402
f 3417 3418 3402
f 3402 3418 3403
f 3418 3419 3403
f 3403 3419 3420
f 3403 3420 3404
f 3404 3420 3421
f 3404 3421 3405
f 3405 3421 3422
f 3405 3422 3406
f 3406 3422 3423
f 3406 3423 3407
f 3407 3423 3408
f 3423 3424 3408
f 3408 3424 3409
f 3424 3425 3409
f 3409 3425 3410
f 3425 3426 3410
f 3410 3426 3411
f 3426 3427 3411
f 3411 3427 3428
f 3411 3428 3412
f 3412 3428 3429
f 3412 3429 3413
f 3413 3429 3430
f 3413 3430 3414
f 3414 3430 3415
f 3414 3415 3399
f 3415 3431 3416
f 3431 3432 3416
f 3416 3432 3417
f 3432 3433 3417
f 3417 3433 3418
f 3433 3434 3418
f 3418 3434 3419
f 3434 3435 3419
f 3419 3435 3436
f 3419 3436 3420
f 3420 3436 3437
f 3420 3437 3421
f 3421 3437 3438
f 3421 3438 3422
f 3422 3438 3439
f 3422 3439 3423
f 3423 3439 3424
f 3439 3440 3424
f 3424 3440 3425
f 3440 3441 3425
f 3425 3441 3426
f 3441 3442 3426
f 3426 3442 3427
f 3442 3443 3427
f 3427 3443 3444
f 3427 3444 3428
f 3428 3444 3445
f 3428 3445 3429
f 3429 3445 3446
f 3429 3446 3430
f 3430 3446 3431
f 3430 3431 3415
f 3431 3447 3432
f 3447 3448 3432
f 3432 3448 3433
f 3448 3449 3433
f 3433 3449 3434
f 3449 3450 3434
f 3434 3450 3435
f 3450 3451 3435
f 3435 3451 3452
f 3435 3452 3436
f 3436 3452 3453
f 3436 3453 3437
f 3437 3453 3454
f 3437 3454 3438
f 3438 3454 3455
f 3438 3455 3439
f 3439 3455 3440
f 3455 3456 3440
f 3440 3456 3441
f 3456 3457 3441
f 3441 3457 3442
f 3457 3458 3442
f 3442 3458 3443
f 3458 3459 3443
f 3443 3459 3460
f 3443 3460 3444
f 3444 3460 3461
f 3444 3461 3445
f 3445 3461 3462
f 3445 3462 3446
f 3446 3462 3447
f 3446 3447 3431
f 3447 3463 3464
f 3447 3464 3448
f 3448 3464 3465
f 3448 3465 3449
f 3449 3465 3466
f 3449 3466 3450
f 3450 3466 3467
f 3450 3467 3451
f 3451 3467 3452
f 3467 3468 3452
f 3452 3468 3453
f 3468 3469 3453
f 3453 3469 3454
f 3469 3470 3454
f 3454 3470 3455
f 3470 3471 3455
f 3455 3471 3472
f 3455 3472 3456
f 3456 3472 3473
f 3456 3473 3457
f 3457 3473 3474
f 3457 3474 3458
f 3458 3474 3475
f 3458 3475 3459
f 3459 3475 3460
f 3475 3476 3460
f 3460 3476 3461
f 3476 3477 3461
f 3461 3477 3462
f 3477 3478 3462
f 3462 3478 3447
f 3478 3463 3447
f 3463 3479 3480
f 3463 3480 3464
f 3464 3480 3481
f 3464 3481 3465
f 3465 3481 3482
f 3465 3482 3466
f 3466 3482 3483
f 3466 3483 3467
f 3467 3483 3468
f 3483 3484 3468
f 3468 3484 3469
f 3484 3485 3469
f 3469 3485 3470
f 3485 3486 3470
f 3470 3486 3471
f 3486 3487 3471
f 3471 3487 3488
f 3471 3488 3472
f 3472 3488 3489
f 3472 3489 3473
f 3473 3489 3490
f 3473 3490 3474
f 3474 3490 3491
f 3474 3491 3475
f 3475 3491 3476
f 3491 3492 3476
f 3476 3492 3477
f 3492 3493 3477
f 3477 3493 3478
f 3493 3494 3478
f 3478 3494 3463
f 3494 3479 3463
f 3479 3495 3496
f 3479 3496 3480
f 3480 3496 3497
f 3480 3497 3481
f 3481 3497 3498
f 3481 3498 3482
f 3482 3498 3499
f 3482 3499 3483
f 3483 3499 3484
f 3499 3500 3484
f 3484 3500 3485
f 3500 3501 3485
f 3485 3501 3486
f 3501 3502 3486
f 3486 3502 3487
f 3502 3503 3487
f 3487 3503 3504
f 3487 3504 3488
f 3488 3504 3505
f 3488 3505 3489
f 3489 3505 3506
f 3489 3506 3490
f 3490 3506 3507
f 3490 3507 3491
f 3491 3507 3492
f 3507 3508 3492
f 3492 3508 3493
f 3508 3509 3493
f 3493 3509 3494
f 3509 3510 3494
f 3494 3510 3479
f 3510 3495 3479
f 3495 3511 3512
f 3495 3512 3496
f 3496 3512 3513
f 3496 3513 3497
f 3497 3513 3514
f 3497 3514 3498
f 3498 3514 3515
f 3498 3515 3499
f 3499 3515 3500
f 3515 3516 3500
f 3500 3516 3501
f 3516 3517 3501
f 3501 3517 3502
f 3517 3518 3502
f 3502 3518 3503
f 3518 3519 3503
f 3503 3519 3520
f 3503 3520 3504
f 3504 3520 3521
f 3504 3521 3505
f 3505 3521 3522
f 3505 3522 3506
f 3506 3522 3523
f 3506 3523 3507
f 3507 3523 3508
f 3523 3524 3508
f 3508 3524 3509
f 3524 3525 3509
f 3509 3525 3510
f 3525 3526 3510
f 3510 3526 3495
f 3526 3511 3495
f 3511 3527 3528
f 3511 3528 3512
f 3512 3528 3529
f 3512 3529 3513
f 3513 3529 3530
f 3513 3530 3514
f 3514 3530 3531
f 3514 3531 3515
f 3515 3531 3516
f 3531 3532 3516
f 3516 3532 3517
f 3532 3533 3517
f 3517 3533 3518
f 3533 3534 3518
f 3518 3534 3519
f 3534 3535 3519
f 3519 3535 3536
f 3519 3536 3520
f 3520 3536 3537
f 3520 3537 3521
f 3521 3537 3538
f 3521 3538 3522
f 3522 3538 3539
f 3522 3539 3523
f 3523 3539 3524
f 3539 3540 3524
f 3524 3540 3525
f 3540 3541 3525
f 3525 3541 3526
f 3541 3542 3526
f 3526 3542 3511
f 3542 3527 3511
f 3527 3543 3544
f 3527 3544 3528
f 3528 3544 3545
f 3528 3545 3529
f 3529 3545 3546
f 3529 3546 3530
f 3530 3546 3547
f 3530 3547 3531
f 3531 3547 3532
f 3547 3548 3532
f 3532 3548 3533
f 3548 3549 3533
f 3533 3549 3534
f 3549 3550 3534
f 3534 3550 3535
f 3550 3551 3535
f 3535 3551 3552
f 3535 3552 3536
f 3536 3552 3553
f 3536 3553 3537
f 3537 3553 3554
f 3537 3554 3538
f 3538 3554 3555
f 3538 3555 3539
f 3539 3555 3540
f 3555 3556 3540
f 3540 3556 3541
f 3556 3557 3541
f 3541 3557 3542
f 3557 3558 3542
f 3542 3558 3527
f 3558 3543 3527
f 3543 3559 3560
f 3543 3560 3544
f 3544 3560 3561
f 3544 3561 3545
f 3545 3561 3562
f 3545 3562 3546
f 3546 3562 3563
f 3546 3563 3547
f 3547 3563 3548
f 3563 3564 3548
f 3548 3564 3549
f 3564 3565 3549
f 3549 3565 3550
f 3565 3566 3550
f 3550 3566 3551
f 3566 3567 3551
f 3551 3567 3568
f 3551 3568 3552
f 3552 3568 3569
f 3552 3569 3553
f 3553 3569 3570
f 3553 3570 3554
f 3554 3570 3571
f 3554 3571 3555
f 3555 3571 3556
f 3571 3572 3556
f 3556 3572 3557
f 3572 3573 3557
f 3557 3573 3558
f 3573 3574 3558
f 3558 3574 3543
f 3574 3559 3543
f 3559 3575 3576
f 3559 3576 3560
f 3560 3576 3577
f 3560 3577 3561
f 3561 3577 3578
f 3561 3578 3562
f 3562 3578 3579
f 3562 3579 3563
f 3563 3579 3564
f 3579 3580 3564
f 3564 3580 3565
f 3580 3581 3565
f 3565 3581 3566
f 3581 3582 3566
f 3566 3582 3567
f 3582 3583 3567
f 3567 3583 3584
f 3567 3584 3568
f 3568 3584 3585
f 3568 3585 3569
f 3569 3585 3586
f 3569 3586 3570
f 3570 3586 3587
f 3570 3587 3571
f 3571 3587 3572
f 3587 3588 3572
f 3572 3588 3573
f 3588 3589 3573
f 3573 3589 3574
f 3589 3590 3574
f 3574 3590 3559
f 3590 3575 3559
f 3575 3591 3592
f 3575 3592 3576
f 3576 3592 3593
f 3576 3593 3577
f 3577 3593 3594
f 3577 3594 3578
f 3578 3594 3595
f 3578 3595 3579
f 3579 3595 3580
f 3595 3596 3580
f 3580 3596 3581
f 3596 3597 3581
f 3581 3597 3582
f 3597 3598 3582
f 3582 3598 3583
f 3598 3599 3583
f 3583 3599 3600
f 3583 3600 3584
f 3584 3600 3601
f 3584 3601 3585
f 3585 3601 3602
f 3585 3602 3586
f 3586 3602 3603
f 3586 3603 3587
f 3587 3603 3588
f 3603 3604 3588
f 3588 3604 3589
f 3604 3605 3589
f 3589 3605 3590
f 3605 3606 3590
f 3590 3606 3575
f 3606 3591 3575
f 3591 3607 3592
f 3592 3607 3593
f 3593 3607 3594
f 3594 3607 3595
f 3595 3607 3596
f 3596 3607 3597
f 3597 3607 3598
f 3598 3607 3599
f 3599 3607 3600
f 3600 3607 3601
f 3601 3607 3602
f 3602 3607 3603
f 3603 3607 3604
f 3604 3607 3605
f 3605 3607 3606
f 3606 3607 3591
f 3608 3609 3610
f 3609 3611 3610
f 3611 3612 3610
f 3612 3613 3610
f 3610 3613 3614
f 3610 3614 3615
f 3610 3615 3616
f 3610 3616 3617
f 3617 3618 3610
f 3618 3619 3610
f 3619 3620 3610
f 3620 3621 3610
f 3610 3621 3622
f 3610 3622 3623
f 3610 3623 3624
f 3610 3624 3608
f 3608 3625 3609
f 3625 3626 3609
f 3609 3626 3611
f 3626 3627 3611
f 3611 3627 3612
f 3627 3628 3612
f 3612 3628 3613
f 3628 3629 3613
f 3613 3629 3630
f 3613 3630 3614
f 3614 3630 3631
f 3614 3631 3615
f 3615 3631 3632
f 3615 3632 3616
f 3616 3632 3633
f 3616 3633 3617
f 3617 3633 3618
f 3633 3634 3618
f 3618 3634 3619
f 3634 3635 3619
f 3619 3635 3620
f 3635 3636 3620
f 3620 3636 3621
f 3636 3637 3621
f 3621 3637 3638
f 3621 3638 3622
f 3622 3638 3639
f 3622 3639 3623
f 3623 3639 3640
f 3623 3640 3624
f 3624 3640 3625
f 3624 3625 3608
f 3625 3641 3626
f 3641 3642 3626
f 3626 3642 3627
f 3642 3643 3627
f 3627 3643 3628
f 3643 3644 3628
f 3628 3644 3629
f 3644 3645 3629
f 3629 3645 3646
f 3629 3646 3630
f 3630 3646 3647
f 3630 3647 3631
f 3631 3647 3648
f 3631 3648 3632
f 3632 3648 3649
f 3632 3649 3633
f 3633 3649 3634
f 3649 3650 3634
f 3634 3650 3635
f 3650 3651 3635
f 3635 3651 3636
f 3651 3652 3636
f 3636 3652 3637
f 3652 3653 3637
f 3637 3653 3654
f 3637 3654 3638
f 3638 3654 3655
f 3638 3655 3639
f 3639 3655 3656
f 3639 3656 3640
f 3640 3656 3641
f 3640 3641 3625
f 3641 3657 3642
f 3657 3658 3642
f 3642 3658 3643
f 3658 3659 3643
f 3643 3659 3644
f 3659 3660 3644
f 3644 3660 3645
f 3660 3661 3645
f 3645 3661 3662
f 3645 3662 3646
f 3646 3662 3663
f 3646 3663 3647
f 3647 3663 3664
f 3647 3664 3648
f 3648 3664 3665
f 3648 3665 3649
f 3649 3665 3650
f 3665 3666 3650
f 3650 3666 3651
f 3666 3667 3651
f 3651 3667 3652
f 3667 3668 3652
f 3652 3668 3653
f 3668 3669 3653
f 3653 3669 3670
f 3653 3670 3654
f 3654 3670 3671
f 3654 3671 3655
f 3655 3671 3672
f 3655 3672 3656
f 3656 3672 3657
f 3656 3657 3641
f 3657 3673 3658
f 3673 3674 3658
f 3658 3674 3659
f 3674 3675 3659
f 3659 3675 3660
f 3675 3676 3660
f 3660 3676 3661
f 3676 3677 3661
f 3661 3677 3678
f 3661 3678 3662
f 3662 3678 3679
f 3662 3679 3663
f 3663 3679 3680
f 3663 3680 3664
f 3664 3680 3681
f 3664 3681 3665
f 3665 3681 3666
f 3681 3682 3666
f 3666 3682 3667
f 3682 3683 3667
f 3667 3683 3668
f 3683 3684 3668
f 3668 3684 3669
f 3684 3685 3669
f 3669 3685 3686
f 3669 3686 3670
f 3670 3686 3687
f 3670 3687 3671
f 3671 3687 3688
f 3671 3688 3672
f 3672 3688 3673
f 3672 3673 3657
f 3673 3689 3674
f 3689 3690 3674
f 3674 3690 3675
f 3690 3691 3675
f 3675 3691 3676
f 3691 3692 3676
f 3676 3692 3677
f 3692 3693 3677
f 3677 3693 3694
f 3677 3694 3678
f 3678 3694 3695
f 3678 3695 3679
f 3679 3695 3696
f 3679 3696 3680
f 3680 3696 3697
f 3680 3697 3681
f 3681 3697 3682
f 3697 3698 3682
f 3682 3698 3683
f 3698 3699 3683
f 3683 3699 3684
f 3699 3700 3684
f 3684 3700 3685
f 3700 3701 3685
f 3685 3701 3702
f 3685 3702 3686
f 3686 3702 3703
f 3686 3703 3687
f 3687 3703 3704
f 3687 3704 3688
f 3688 3704 3689
f 3688 3689 3673
f 3689 3705 3690
f 3705 3706 3690
f 3690 3706 3691
f 3706 3707 3691
f 3691 3707 3692
f 3707 3708 3692
f 3692 3708 3693
f 3708 3709 3693
f 3693 3709 3710
f 3693 3710 3694
f 3694 3710 3711
f 3694 3711 3695
f 3695 3711 3712
f 3695 3712 3696
f 3696 3712 3713
f 3696 3713 3697
f 3697 3713 3698
f 3713 3714 3698
f 3698 3714 3699
f 3714 3715 3699
f 3699 3715 3700
f 3715 3716 3700
f 3700 3716 3701
f 3716 3717 3701
f 3701 3717 3718
f 3701 3718 3702
f 3702 3718 3719
f 3702 3719 3703
f 3703 3719 3720
f 3703 3720 3704
f 3704 3720 3705
f 3704 3705 3689
f 3705 3721 3706
f 3721 3722 3706
f 3706 3722 3707
f 3722 3723 3707
f 3707 3723 3708
f 3723 3724 3708
f 3708 3724 3709
f 3724 3725 3709
f 3709 3725 3726
f 3709 3726 3710
f 3710 3726 3727
f 3710 3727 3711
f 3711 3727 3728
f 3711 3728 3712
f 3712 3728 3729
f 3712 3729 3713
f 3713 3729 3714
f 3729 3730 3714
f 3714 3730 3715
f 3730 3731 3715
f 3715 3731 3716
f 3731 3732 3716
f 3716 3732 3717
f 3732 3733 3717
f 3717 3733 3734
f 3717 3734 3718
f 3718 3734 3735
f 3718 3735 3719
f 3719 3735 3736
f 3719 3736 3720
f 3720 3736 3721
f 3720 3721 3705
f 3721 3737 3722
f 3737 3738 3722
f 3722 3738 3723
f 3738 3739 3723
f 3723 3739 3724
f 3739 3740 3724
f 3724 3740 3725
f 3740 3741 3725
f 3725 3741 3742
f 3725 3742 3726
f 3726 3742 3743
f 3726 3743 3727
f 3727 3743 3744
f 3727 3744 3728
f 3728 3744 3745
f 3728 3745 3729
f 3729 3745 3730
f 3745 3746 3730
f 3730 3746 3731
f 3746 3747 3731
f 3731 3747 3732
f 3747 3748 3732
f 3732 3748 3733
f 3748 3749 3733
f 3733 3749 3750
f 3733 3750 3734
f 3734 3750 3751
f 3734 3751 3735
f 3735 3751 3752
f 3735 3752 3736
f 3736 3752 3737
f 3736 3737 3721
f 3737 3753 3738
f 3753 3754 3738
f 3738 3754 3739
f 3754 3755 3739
f 3739 3755 3740
f 3755 3756 3740
f 3740 3756 3741
f 3756 3757 3741
f 3741 3757 3758
f 3741 3758 3742
f 3742 3758 3759
f 3742 3759 3743
f 3743 3759 3760
f 3743 3760 3744
f 3744 3760 3761
f 3744 3761 3745
f 3745 3761 3746
f 3761 3762 3746
f 3746 3762 3747
f 3762 3763 3747
f 3747 3763 3748
f 3763 3764 3748
f 3748 3764 3749
f 3764 3765 3749
f 3749 3765 3766
f 3749 3766 3750
f 3750 3766 3767
f 3750 3767 3751
f 3751 3767 3768
f 3751 3768 3752
f 3752 3768 3753
f 3752 3753 3737
f 3753 3769 3770
f 3753 3770 3754
f 3754 3770 3771
f 3754 3771 3755
f 3755 3771 3772
f 3755 3772 3756
f 3756 3772 3773
f 3756 3773 3757
f 3757 3773 3758
f 3773 3774 3758
f 3758 3774 3759
f 3774 3775 3759
f 3759 3775 3760
f 3775 3776 3760
f 3760 3776 3761
f 3776 3777 3761
f 3761 3777 3778
f 3761 3778 3762
f 3762 3778 3779
f 3762 3779 3763
f 3763 3779 3780
f 3763 3780 3764
f 3764 3780 3781
f 3764 3781 3765
f 3765 3781 3766
f 3781 3782 3766
f 3766 3782 3767
f 3782 3783 3767
f 3767 3783 3768
f 3783 3784 3768
f 3768 3784 3753
f 3784 3769 3753
f 3769 3785 3786
f 3769 3786 3770
f 3770 3786 3787
f 3770 3787 3771
f 3771 3787 3788
f 3771 3788 3772
f 3772 3788 3789
f 3772 3789 3773
f 3773 3789 3774
f 3789 3790 3774
f 3774 3790 3775
f 3790 3791 3775
f 3775 3791 3776
f 3791 3792 3776
f 3776 3792 3777
f 3792 3793 3777
f 3777 3793 3794
f 3777 3794 3778
f 3778 3794 3795
f 3778 3795 3779
f 3779 3795 3796
f 3779 3796 3780
f 3780 3796 3797
f 3780 3797 3781
f 3781 3797 3782
f 3797 3798 3782
f 3782 3798 3783
f 3798 3799 3783
f 3783 3799 3784
f 3799 3800 3784
f 3784 3800 3769
f 3800 3785 3769
f 3785 3801 3802
f 3785 3802 3786
f 3786 3802 3803
f 3786 3803 3787
f 3787 3803 3804
f 3787 3804 3788
f 3788 3804 3805
f 3788 3805 3789
f 3789 3805 3790
f 3805 3806 3790
f 3790 3806 3791
f 3806 3807 3791
f 3791 3807 3792
f 3807 3808 3792
f 3792 3808 3793
f 3808 3809 3793
f 3793 3809 3810
f 3793 3810 3794
f 3794 3810 3811
f 3794 3811 3795
f 3795 3811 3812
f 3795 3812 3796
f 3796 3812 3813
f 3796 3813 3797
f 3797 3813 3798
f 3813 3814 3798
f 3798 3814 3799
f 3814 3815 3799
f 3799 3815 3800
f 3815 3816 3800
f 3800 3816 3785
f 3816 3801 3785
f 3801 3817 3818
f 3801 3818 3802
f 3802 3818 3819
f 3802 3819 3803
f 3803 3819 3820
f 3803 3820 3804
f 3804 3820 3821
f 3804 3821 3805
f 3805 3821 3806
f 3821 3822 3806
f 3806 3822 3807
f 3822 3823 3807
f 3807 3823 3808
f 3823 3824 3808
f 3808 3824 3809
f 3824 3825 3809
f 3809 3825 3826
f 3809 3826 3810
f 3810 3826 3827
f 3810 3827 3811
f 3811 3827 3828
f 3811 3828 3812
f 3812 3828 3829
f 3812 3829 3813
f 3813 3829 3814
f 3829 3830 3814
f 3814 3830 3815
f 3830 3831 3815
f 3815 3831 3816
f 3831 3832 3816
f 3816 3832 3801
f 3832 3817 3801
f 3817 3833 3834
f 3817 3834 3818
f 3818 3834 3835
f 3818 3835 3819
f 3819 3835 3836
f 3819 3836 3820
f 3820 3836 3837
f 3820 3837 3821
f 3821 3837 3822
f 3837 3838 3822
f 3822 3838 3823
f 3838 3839 3823
f 3823 3839 3824
f 3839 3840 3824
f 3824 3840 3825
f 3840 3841 3825
f 3825 3841 3842
f 3825 3842 3826
f 3826 3842 3843
f 3826 3843 3827
f 3827 3843 3844
f 3827 3844 3828
f 3828 3844 3845
f 3828 3845 3829
f 3829 3845 3830
f 3845 3846 3830
f 3830 3846 3831
f 3846 3847 3831
f 3831 3847 3832
f 3847 3848 3832
f 3832 3848 3817
f 3848 3833 3817
f 3833 3849 3850
f 3833 3850 3834
f 3834 3850 3851
f 3834 3851 3835
f 3835 3851 3852
f 3835 3852 3836
f 3836 3852 3853
f 3836 3853 3837
f 3837 3853 3838
f 3853 3854 3838
f 3838 3854 3839
f 3854 3855 3839
f 3839 3855 3840
f 3855 3856 3840
f 3840 3856 3841
f 3856 3857 3841
f 3841 3857 3858
f 3841 3858 3842
f 3842 3858 3859
f 3842 3859 3843
f 3843 3859 3860
f 3843 3860 3844
f 3844 3860 3861
f 3844 3861 3845
f 3845 3861 3846
f 3861 3862 3846
f 3846 3862 3847
f 3862 3863 3847
f 3847 3863 3848
f 3863 3864 3848
f 3848 3864 3833
f 3864 3849 3833
f 3849 3865 3866
f 3849 3866 3850
f 3850 3866 3867
f 3850 3867 3851
f 3851 3867 3868
f 3851 3868 3852
f 3852 3868 3869
f 3852 3869 3853
f 3853 3869 3854
f 3869 3870 3854
f 3854 3870 3855
f 3870 3871 3855
f 3855 3871 3856
f 3871 3872 3856
f 3856 3872 3857
f 3872 3873 3857
f 3857 3873 3874
f 3857 3874 3858
f 3858 3874 3875
f 3858 3875 3859
f 3859 3875 3876
f 3859 3876 3860
f 3860 3876 3877
f 3860 3877 3861
f 3861 3877 3862
f 3877 3878 3862
f 3862 3878 3863
f 3878 3879 3863
f 3863 3879 3864
f 3879 3880 3864
f 3864 3880 3849
f 3880 3865 3849
f 3865 3881 3882
f 3865 3882 3866
f 3866 3882 3883
f 3866 3883 3867
f 3867 3883 3884
f 3867 3884 3868
f 3868 3884 3885
f 3868 3885 3869
f 3869 3885 3870
f 3885 3886 3870
f 3870 3886 3871
f 3886 3887 3871
f 3871 3887 3872
f 3887 3888 3872
f 3872 3888 3873
f 3888 3889 3873
f 3873 3889 3890
f 3873 3890 3874
f 3874 3890 3891
f 3874 3891 3875
f 3875 3891 3892
f 3875 3892 3876
f 3876 3892 3893
f 3876 3893 3877
f 3877 3893 3878
f 3893 3894 3878
f 3878 3894 3879
f 3894 3895 3879
f 3879 3895 3880
f 3895 3896 3880
f 3880 3896 3865
f 3896 3881 3865
f 3881 3897 3898
f 3881 3898 3882
f 3882 3898 3899
f 3882 3899 3883
f 3883 3899 3900
f 3883 3900 3884
f 3884 3900 3901
f 3884 3901 3885
f 3885 3901 3886
f 3901 3902 3886
f 3886 3902 3887
f 3902 3903 3887
f 3887 3903 3888
f 3903 3904 3888
f 3888 3904 3889
f 3904 3905 3889
f 3889 3905 3906
f 3889 3906 3890
f 3890 3906 3907
f 3890 3907 3891
f 3891 3907 3908
f 3891 3908 3892
f 3892 3908 3909
f 3892 3909 3893
f 3893 3909 3894
f 3909 3910 3894
f 3894 3910 3895
f 3910 3911 3895
f 3895 3911 3896
f 3911 3912 3896
f 3896 3912 3881
f 3912 3897 3881
f 3897 3913 3898
f 3898 3913 3899
f 3899 3913 3900
f 3900 3913 3901
f 3901 3913 3902
f 3902 3913 3903
f 3903 3913 3904
f 3904 3913 3905
f 3905 3913 3906
f 3906 3913 3907
f 3907 3913 3908
f 3908 3913 3909
f 3909 3913 3910
f 3910 3913 3911
f 3911 3913 3912
f 3912 3913 3897
f 3914 3915 3916
f 3915 3917 3916
f 3917 3918 3916
f 3918 3919 3916
f 3916 3919 3920
f 3916 3920 3921
f 3916 3921 3922
f 3916 3922 3923
f 3923 3924 3916
f 3924 3925 3916
f 3925 3926 3916
f 3926 3927 3916
f 3916 3927 3928
f 3916 3928 3929
f 3916 3929 3930
f 3916 3930 3914
f 3914 3931 3915
f 3931 3932 3915
f 3915 3932 3917
f 3932 3933 3917
f 3917 3933 3918
f 3933 3934 3918
f 3918 3934 3919
f 3934 3935 3919
f 3919 3935 3936
f 3919 3936 3920
f 3920 3936 3937
f 3920 3937 3921
f 3921 3937 3938
f 3921 3938 3922
f 3922 3938 3939
f 3922 3939 3923
f 3923 3939 3924
f 3939 3940 3924
f 3924 3940 3925
f 3940 3941 3925
f 3925 3941 3926
f 3941 3942 3926
f 3926 3942 3927
f 3942 3943 3927
f 3927 3943 3944
f 3927 3944 3928
f 3928 3944 3945
f 3928 3945 3929
f 3929 3945 3946
f 3929 3946 3930
f 3930 3946 3931
f 3930 3931 3914
f 3931 3947 3932
f 3947 3948 3932
f 3932 3948 3933
f 3948 3949 3933
f 3933 3949 3934
f 3949 3950 3934
f 3934 3950 3935
f 3950 3951 3935
f 3935 3951 3952
f 3935 3952 3936
f 3936 3952 3953
f 3936 3953 3937
f 3937 3953 3954
f 3937 3954 3938
f 3938 3954 3955
f 3938 3955 3939
f 3939 3955 3940
f 3955 3956 3940
f 3940 3956 3941
f 3956 3957 3941
f 3941 3957 3942
f 3957 3958 3942
f 3942 3958 3943
f 3958 3959 3943
f 3943 3959 3960
f 3943 3960 3944
f 3944 3960 3961
f 3944 3961 3945
f 3945 3961 3962
f 3945 3962 3946
f 3946 3962 3947
f 3946 3947 3931
f 3947 3963 3948
f 3963 3964 3948
f 3948 3964 3949
f 3964 3965 3949
f 3949 3965 3950
f 3965 3966 3950
f 3950 3966 3951
f 3966 3967 3951
f 3951 3967 3968
f 3951 3968 3952
f 3952 3968 3969
f 3952 3969 3953
f 3953 3969 3970
f 3953 3970 3954
f 3954 3970 3971
f 3954 3971 3955
f 3955 3971 3956
f 3971 3972 3956
f 3956 3972 3957
f 3972 3973 3957
f 3957 3973 3958
f 3973 3974 3958
f 3958 3974 3959
f 3974 3975 3959
f 3959 3975 3976
f 3959 3976 3960
f 3960 3976 3977
f 3960 3977 3961
f 3961 3977 3978
f 3961 3978 3962
f 3962 3978 3963
f 3962 3963 3947
f 3963 3979 3964
f 3979 3980 3964
f 3964 3980 3965
f 3980 3981 3965
f 3965 3981 3966
f 3981 3982 3966
f 3966 3982 3967
f 3982 3983 3967
f 3967 3983 3984
f 3967 3984 3968
f 3968 3984 3985
f 3968 3985 3969
f 3969 3985 3986
f 3969 3986 3970
f 3970 3986 3987
f 3970 3987 3971
f 3971 3987 3972
f 3987 3988 3972
f 3972 3988 3973
f 3988 3989 3973
f 3973 3989 3974
f 3989 3990 3974
f 3974 3990 3975
f 3990 3991 3975
f 3975 3991 3992
f 3975 3992 3976
f 3976 3992 3993
f 3976 3993 3977
f 3977 3993 3994
f 3977 3994 3978
f 3978 3994 3979
f 3978 3979 3963
f 3979 3995 3980
f 3995 3996 3980
f 3980 3996 3981
f 3996 3997 3981
f 3981 3997 3982
f 3997 3998 3982
f 3982 3998 3983
f 3998 3999 3983
f 3983 3999 4000
f 3983 4000 3984
f 3984 4000 4001
f 3984 4001 3985
f 3985 4001 4002
f 3985 4002 3986
f 3986 4002 4003
f 3986 4003 3987
f 3987 4003 3988
f 4003 4004 3988
f 3988 4004 3989
f 4004 4005 3989
f 3989 4005 3990
f 4005 4006 3990
f 3990 4006 3991
f 4006 4007 3991
f 3991 4007 4008
f 3991 4008 3992
f 3992 4008 4009
f 3992 4009 3993
f 3993 4009 4010
f 3993 4010 3994
f 3994 4010 3995
f 3994 3995 3979
f 3995 4011 3996
f 4011 4012 3996
f 3996 4012 3997
f 4012 4013 3997
f 3997 4013 3998
f 4013 4014 3998
f 3998 4014 3999
f 4014 4015 3999
f 3999 4015 4016
f 3999 4016 4000
f 4000 4016 4017
f 4000 4017 4001
f 4001 4017 4018
f 4001 4018 4002
f 4002 4018 4019
f 4002 4019 4003
f 4003 4019 4004
f 4019 4020 4004
f 4004 4020 4005
f 4020 4021 4005
f 4005 4021 4006
f 4021 4022 4006
f 4006 4022 4007
f 4022 4023 4007
f 4007 4023 4024
f 4007 4024 4008
f 4008 4024 4025
f 4008 4025 4009
f 4009 4025 4026
f 4009 4026 4010
f 4010 4026 4011
f 4010 4011 3995
f 4011 4027 4012
f 4027 4028 4012
f 4012 4028 4013
f 4028 4029 4013
f 4013 4029 4014
f 4029 4030 4014
f 4014 4030 4015
f 4030 4031 4015
f 4015 4031 4032
f 4015 4032 4016
f 4016 4032 4033
f 4016 4033 4017
f 4017 4033 4034
f 4017 4034 4018
f 4018 4034 4035
f 4018 4035 4019
f 4019 4035 4020
f 4035 4036 4020
f 4020 4036 4021
f 4036 4037 4021
f 4021 4037 4022
f 4037 4038 4022
f 4022 4038 4023
f 4038 4039 4023
f 4023 4039 4040
f 4023 4040 4024
f 4024 4040 4041
f 4024 4041 4025
f 4025 4041 4042
f 4025 4042 4026
f 4026 4042 4027
f 4026 4027 4011
f 4027 4043 4028
f 4043 4044 4028
f 4028 4044 4029
f 4044 4045 4029
f 4029 4045 4030
f 4045 4046 4030
f 4030 4046 4031
f 4046 4047 4031
f 4031 4047 4048
f 4031 4048 4032
f 4032 4048 4049
f 4032 4049 4033
f 4033 4049 4050
f 4033 4050 4034
f 4034 4050 4051
f 4034 4051 4035
f 4035 4051 4036
f 4051 4052 4036
f 4036 4052 4037
f 4052 4053 4037
f 4037 4053 4038
f 4053 4054 4038
f 4038 4054 4039
f 4054 4055 4039
f 4039 4055 4056
f 4039 4056 4040
f 4040 4056 4057
f 4040 4057 4041
f 4041 4057 4058
f 4041 4058 4042
f 4042 4058 4043
f 4042 4043 4027
f 4043 4059 4044
f 4059 4060 4044
f 4044 4060 4045
f 4060 4061 4045
f 4045 4061 4046
f 4061 4062 4046
f 4046 4062 4047
f 4062 4063 4047
f 4047 4063 4064
f 4047 4064 4048
f 4048 4064 4065
f 4048 4065 4049
f 4049 4065 4066
f 4049 4066 4050
f 4050 4066 4067
f 4050 4067 4051
f 4051 4067 4052
f 4067 4068 4052
f 4052 4068 4053
f 4068 4069 4053
f 4053 4069 4054
f 4069 4070 4054
f 4054 4070 4055
f 4070 4071 4055
f 4055 4071 4072
f 4055 4072 4056
f 4056 4072 4073
f 4056 4073 4057
f 4057 4073 4074
f 4057 4074 4058
f 4058 4074 4059
f 4058 4059 4043
f 4059 4075 4076
f 4059 4076 4060
f 4060 4076 4077
f 4060 4077 4061
f 4061 4077 4078
f 4061 4078 4062
f 4062 4078 4079
f 4062 4079 4063
f 4063 4079 4064
f 4079 4080 4064
f 4064 4080 4065
f 4080 4081 4065
f 4065 4081 4066
f 4081 4082 4066
f 4066 4082 4067
f 4082 4083 4067
f 4067 4083 4084
f 4067 4084 4068
f 4068 4084 4085
f 4068 4085 4069
f 4069 4085 4086
f 4069 4086 4070
f 4070 4086 4087
f 4070 4087 4071
f 4071 4087 4072
f 4087 4088 4072
f 4072 4088 4073
f 4088 4089 4073
f 4073 4089 4074
f 4089 4090 4074
f 4074 4090 4059
f 4090 4075 4059
f 4075 4091 4092
f 4075 4092 4076
f 4076 4092 4093
f 4076 4093 4077
f 4077 4093 4094
f 4077 4094 4078
f 4078 4094 4095
f 4078 4095 4079
f 4079 4095 4080
f 4095 4096 4080
f 4080 4096 4081
f 4096 4097 4081
f 4081 4097 4082
f 4097 4098 4082
f 4082 4098 4083
f 4098 4099 4083
f 4083 4099 4100
f 4083 4100 4084
f 4084 4100 4101
f 4084 4101 4085
f 4085 4101 4102
f 4085 4102 4086
f 4086 4102 4103
f 4086 4103 4087
f 4087 4103 4088
f 4103 4104 4088
f 4088 4104 4089
f 4104 4105 4089
f 4089 4105 4090
f 4105 4106 4090
f 4090 4106 4075
f 4106 4091 4075
f 4091 4107 4108
f 4091 4108 4092
f 4092 4108 4109
f 4092 4109 4093
f 4093 4109 4110
f 4093 4110 4094
f 4094 4110 4111
f 4094 4111 4095
f 4095 4111 4096
f 4111 4112 4096
f 4096 4112 4097
f 4112 4113 4097
f 4097 4113 4098
f 4113 4114 4098
f 4098 4114 4099
f 4114 4115 4099
f 4099 4115 4116
f 4099 4116 4100
f 4100 4116 4117
f 4100 4117 4101
f 4101 4117 4118
f 4101 4118 4102
f 4102 4118 4119
f 4102 4119 4103
f 4103 4119 4104
f 4119 4120 4104
f 4104 4120 4105
f 4120 4121 4105
f 4105 4121 4106
f 4121 4122 4106
f 4106 4122 4091
f 4122 4107 4091
f 4107 4123 4124
f 4107 4124 4108
f 4108 4124 4125
f 4108 4125 4109
f 4109 4125 4126
f 4109 4126 4110
f 4110 4126 4127
f 4110 4127 4111
f 4111 4127 4112
f 4127 4128 4112
f 4112 4128 4113
f 4128 4129 4113
f 4113 4129 4114
f 4129 4130 4114
f 4114 4130 4115
f 4130 4131 4115
f 4115 4131 4132
f 4115 4132 4116
f 4116 4132 4133
f 4116 4133 4117
f 4117 4133 4134
f 4117 4134 4118
f 4118 4134 4135
f 4118 4135 4119
f 4119 4135 4120
f 4135 4136 4120
f 4120 4136 4121
f 4136 4137 4121
f 4121 4137 4122
f 4137 4138 4122
f 4122 4138 4107
f 4138 4123 4107
f 4123 4139 4140
f 4123 4140 4124
f 4124 4140 4141
f 4124 4141 4125
f 4125 4141 4142
f 4125 4142 4126
f 4126 4142 4143
f 4126 4143 4127
f 4127 4143 4128
f 4143 4144 4128
f 4128 4144 4129
f 4144 4145 4129
f 4129 4145 4130
f 4145 4146 4130
f 4130 4146 4131
f 4146 4147 4131
f 4131 4147 4148
f 4131 4148 4132
f 4132 4148 4149
f 4132 4149 4133
f 4133 4149 4150
f 4133 4150 4134
f 4134 4150 4151
f 4134 4151 4135
f 4135 4151 4136
f 4151 4152 4136
f 4136 4152 4137
f 4152 4153 4137
f 4137 4153 4138
f 4153 4154 4138
f 4138 4154 4123
f 4154 4139 4123
f 4139 4155 4156
f 4139 4156 4140
f 4140 4156 4157
f 4140 4157 4141
f 4141 4157 4158
f 4141 4158 4142
f 4142 4158 4159
f 4142 4159 4143
f 4143 4159 4144
f 4159 4160 4144
f 4144 4160 4145
f 4160 4161 4145
f 4145 4161 4146
f 4161 4162 4146
f 4146 4162 4147
f 4162 4163 4147
f 4147 4163 4164
f 4147 4164 4148
f 4148 4164 4165
f 4148 4165 4149
f 4149 4165 4166
f 4149 4166 4150
f 4150 4166 4167
f 4150 4167 4151
f 4151 4167 4152
f 4167 4168 4152
f 4152 4168 4153
f 4168 4169 4153
f 4153 4169 4154
f 4169 4170 4154
f 4154 4170 4139
f 4170 4155 4139
f 4155 4171 4172
f 4155 4172 4156
f 4156 4172 4173
f 4156 4173 4157
f 4157 4173 4174
f 4157 4174 4158
f 4158 4174 4175
f 4158 4175 4159
f 4159 4175 4160
f 4175 4176 4160
f 4160 4176 4161
f 4176 4177 4161
f 4161 4177 4162
f 4177 4178 4162
f 4162 4178 4163
f 4178 4179 4163
f 4163 4179 4180
f 4163 4180 4164
f 4164 4180 4181
f 4164 4181 4165
f 4165 4181 4182
f 4165 4182 4166
f 4166 4182 4183
f 4166 4183 4167
f 4167 4183 4168
f 4183 4184 4168
f 4168 4184 4169
f 4184 4185 4169
f 4169 4185 4170
f 4185 4186 4170
f 4170 4186 4155
f 4186 4171 4155
f 4171 4187 4188
f 4171 4188 4172
f 4172 4188 4189
f 4172 4189 4173
f 4173 4189 4190
f 4173 4190 4174
f 4174 4190 4191
f 4174 4191 4175
f 4175 4191 4176
f 4191 4192 4176
f 4176 4192 4177
f 4192 4193 4177
f 4177 4193 4178
f 4193 4194 4178
f 4178 4194 4179
f 4194 4195 4179
f 4179 4195 4196
f 4179 4196 4180
f 4180 4196 4197
f 4180 4197 4181
f 4181 4197 4198
f 4181 4198 4182
f 4182 4198 4199
f 4182 4199 4183
f 4183 4199 4184
f 4199 4200 4184
f 4184 4200 4185
f 4200 4201 4185
f 4185 4201 4186
f 4201 4202 4186
f 4186 4202 4171
f 4202 4187 4171
f 4187 4203 4204
f 4187 4204 4188
f 4188 4204 4205
f 4188 4205 4189
f 4189 4205 4206
f 4189 4206 4190
f 4190 4206 4207
f 4190 4207 4191
f 4191 4207 4192
f 4207 4208 4192
f 4192 4208 4193
f 4208 4209 4193
f 4193 4209 4194
f 4209 4210 4194
f 4194 4210 4195
f 4210 4211 4195
f 4195 4211 4212
f 4195 4212 4196
f 4196 4212 4213
f 4196 4213 4197
f 4197 4213 4214
f 4197 4214 4198
f 4198 4214 4215
f 4198 4215 4199
f 4199 4215 4200
f 4215 4216 4200
f 4200 4216 4201
f 4216 4217 4201
f 4201 4217 4202
f 4217 4218 4202
f 4202 4218 4187
f 4218 4203 4187
f 4203 4219 4204
f 4204 4219 4205
f 4205 4219 4206
f 4206 4219 4207
f 4207 4219 4208
f 4208 4219 4209
f 4209 4219 4210
f 4210 4219 4211
f 4211 4219 4212
f 4212 4219 4213
f 4213 4219 4214
f 4214 4219 4215
f 4215 4219 4216
f 4216 4219 4217
f 4217 4219 4218
f 4218 4219 4203
f 4220 4221 4222
f 4221 4223 4222
f 4223 4224 4222
f 4224 4225 4222
f 4222 4225 4226
f 4222 4226 4227
f 4222 4227 4228
f 4222 4228 4229
f 4229 4230 4222
f 4230 4231 4222
f 4231 4232 4222
f 4232 4233 4222
f 4222 4233 4234
f 4222 4234 4235
f 4222 4235 4236
f 4222 4236 4220
f 4220 4237 4221
f 4237 4238 4221
f 4221 4238 4223
f 4238 4239 4223
f 4223 4239 4224
f 4239 4240 4224
f 4224 4240 4225
f 4240 4241 4225
f 4225 4241 4242
f 4225 4242 4226
f 4226 4242 4243
f 4226 4243 4227
f 4227 4243 4244
f 4227 4244 4228
f 4228 4244 4245
f 4228 4245 4229
f 4229 4245 4230
f 4245 4246 4230
f 4230 4246 4231
f 4246 4247 4231
f 4231 4247 4232
f 4247 4248 4232
f 4232 4248 4233
f 4248 4249 4233
f 4233 4249 4250
f 4233 4250 4234
f 4234 4250 4251
f 4234 4251 4235
f 4235 4251 4252
f 4235 4252 4236
f 4236 4252 4237
f 4236 4237 4220
f 4237 4253 4238
f 4253 4254 4238
f 4238 4254 4239
f 4254 4255 4239
f 4239 4255 4240
f 4255 4256 4240
f 4240 4256 4241
f 4256 4257 4241
f 4241 4257 4258
f 4241 4258 4242
f 4242 4258 4259
f 4242 4259 4243
f 4243 4259 4260
f 4243 4260 4244
f 4244 4260 4261
f 4244 4261 4245
f 4245 4261 4246
f 4261 4262 4246
f 4246 4262 4247
f 4262 4263 4247
f 4247 4263 4248
f 4263 4264 4248
f 4248 4264 4249
f 4264 4265 4249
f 4249 4265 4266
f 4249 4266 4250
f 4250 4266 4267
f 4250 4267 4251
f 4251 4267 4268
f 4251 4268 4252
f 4252 4268 4253
f 4252 4253 4237
f 4253 4269 4254
f 4269 4270 4254
f 4254 4270 4255
f 4270 4271 4255
f 4255 4271 4256
f 4271 4272 4256
f 4256 4272 4257
f 4272 4273 4257
f 4257 4273 4274
f 4257 4274 4258
f 4258 4274 4275
f 4258 4275 4259
f 4259 4275 4276
f 4259 4276 4260
f 4260 4276 4277
f 4260 4277 4261
f 4261 4277 4262
f 4277 4278 4262
f 4262 4278 4263
f 4278 4279 4263
f 4263 4279 4264
f 4279 4280 4264
f 4264 4280 4265
f 4280 4281 4265
f 4265 4281 4282
f 4265 4282 4266
f 4266 4282 4283
f 4266 4283 4267
f 4267 4283 4284
f 4267 4284 4268
f 4268 4284 4269
f 4268 4269 4253
f 4269 4285 4270
f 4285 4286 4270
f 4270 4286 4271
f 4286 4287 4271
f 4271 4287 4272
f 4287 4288 4272
f 4272 4288 4273
f 4288 4289 4273
f 4273 4289 4290
f 4273 4290 4274
f 4274 4290 4291
f 4274 4291 4275
f 4275 4291 4292
f 4275 4292 4276
f 4276 4292 4293
f 4276 4293 4277
f 4277 4293 4278
f 4293 4294 4278
f 4278 4294 4279
f 4294 4295 4279
f 4279 4295 4280
f 4295 4296 4280
f 4280 4296 4281
f 4296 4297 4281
f 4281 4297 4298
f 4281 4298 4282
f 4282 4298 4299
f 4282 4299 4283
f 4283 4299 4300
f 4283 4300 4284
f 4284 4300 4285
f 4284 4285 4269
f 4285 4301 4286
f 4301 4302 4286
f 4286 4302 4287
f 4302 4303 4287
f 4287 4303 4288
f 4303 4304 4288
f 4288 4304 4289
f 4304 4305 4289
f 4289 4305 4306
f 4289 4306 4290
f 4290 4306 4307
f 4290 4307 4291
f 4291 4307 4308
f 4291 4308 4292
f 4292 4308 4309
f 4292 4309 4293
f 4293 4309 4294
f 4309 4310 4294
f 4294 4310 4295
f 4310 4311 4295
f 4295 4311 4296
f 4311 4312 4296
f 4296 4312 4297
f 4312 4313 4297
f 4297 4313 4314
f 4297 4314 4298
f 4298 4314 4315
f 4298 4315 4299
f 4299 4315 4316
f 4299 4316 4300
f 4300 4316 4301
f 4300 4301 4285
f 4301 4317 4302
f 4317 4318 4302
f 4302 4318 4303
f 4318 4319 4303
f 4303 4319 4304
f 4319 4320 4304
f 4304 4320 4305
f 4320 4321 4305
f 4305 4321 4322
f 4305 4322 4306
f 4306 4322 4323
f 4306 4323 4307
f 4307 4323 4324
f 4307 4324 4308
f 4308 4324 4325
f 4308 4325 4309
f 4309 4325 4310
f 4325 4326 4310
f 4310 4326 4311
f 4326 4327 4311
f 4311 4327 4312
f 4327 4328 4312
f 4312 4328 4313
f 4328 4329 4313
f 4313 4329 4330
f 4313 4330 4314
f 4314 4330 4331
f 4314 4331 4315
f 4315 4331 4332
f 4315 4332 4316
f 4316 4332 4317
f 4316 4317 4301
f 4317 4333 4318
f 4333 4334 4318
f 4318 4334 4319
f 4334 4335 4319
f 4319 4335 4320
f 4335 4336 4320
f 4320 4336 4321
f 4336 4337 4321
f 4321 4337 4338
f 4321 4338 4322
f 4322 4338 4339
f 4322 4339 4323
f 4323 4339 4340
f 4323 4340 4324
f 4324 4340 4341
f 4324 4341 4325
f 4325 4341 4326
f 4341 4342 4326
f 4326 4342 4327
f 4342 4343 4327
f 4327 4343 4328
f 4343 4344 4328
f 4328 4344 4329
f 4344 4345 4329
f 4329 4345 4346
f 4329 4346 4330
f 4330 4346 4347
f 4330 4347 4331
f 4331 4347 4348
f 4331 4348 4332
f 4332 4348 4333
f 4332 4333 4317
f 4333 4349 4334
f 4349 4350 4334
f 4334 4350 4335
f 4350 4351 4335
f 4335 4351 4336
f 4351 4352 4336
f 4336 4352 4337
f 4352 4353 4337
f 4337 4353 4354
f 4337 4354 4338
f 4338 4354 4355
f 4338 4355 4339
f 4339 4355 4356
f 4339 4356 4340
f 4340 4356 4357
f 4340 4357 4341
f 4341 4357 4342
f 4357 4358 4342
f 4342 4358 4343
f 4358 4359 4343
f 4343 4359 4344
f 4359 4360 4344
f 4344 4360 4345
f 4360 4361 4345
f 4345 4361 4362
f 4345 4362 4346
f 4346 4362 4363
f 4346 4363 4347
f 4347 4363 4364
f 4347 4364 4348
f 4348 4364 4349
f 4348 4349 4333
f 4349 4365 4350
f 4365 4366 4350
f 4350 4366 4351
f 4366 4367 4351
f 4351 4367 4352
f 4367 4368 4352
f 4352 4368 4353
f 4368 4369 4353
f 4353 4369 4370
f 4353 4370 4354
f 4354 4370 4371
f 4354 4371 4355
f 4355 4371 4372
f 4355 4372 4356
f 4356 4372 4373
f 4356 4373 4357
f 4357 4373 4358
f 4373 4374 4358
f 4358 4374 4359
f 4374 4375 4359
f 4359 4375 4360
f 4375 4376 4360
f 4360 4376 4361
f 4376 4377 4361
f 4361 4377 4378
f 4361 4378 4362
f 4362 4378 4379
f 4362 4379 4363
f 4363 4379 4380
f 4363 4380 4364
f 4364 4380 4365
f 4364 4365 4349
f 4365 4381 4382
f 4365 4382 4366
f 4366 4382 4383
f 4366 4383 4367
f 4367 4383 4384
f 4367 4384 4368
f 4368 4384 4385
f 4368 4385 4369
f 4369 4385 4370
f 4385 4386 4370
f 4370 4386 4371
f 4386 4387 4371
f 4371 4387 4372
f 4387 4388 4372
f 4372 4388 4373
f 4388 4389 4373
f 4373 4389 4390
f 4373 4390 4374
f 4374 4390 4391
f 4374 4391 4375
f 4375 4391 4392
f 4375 4392 4376
f 4376 4392 4393
f 4376 4393 4377
f 4377 4393 4378
f 4393 4394 4378
f 4378 4394 4379
f 4394 4395 4379
f 4379 4395 4380
f 4395 4396 4380
f 4380 4396 4365
f 4396 4381 4365
f 4381 4397 4398
f 4381 4398 4382
f 4382 4398 4399
f 4382 4399 4383
f 4383 4399 4400
f 4383 4400 4384
f 4384 4400 4401
f 4384 4401 4385
f 4385 4401 4386
f 4401 4402 4386
f 4386 4402 4387
f 4402 4403 4387
f 4387 4403 4388
f 4403 4404 4388
f 4388 4404 4389
f 4404 4405 4389
f 4389 4405 4406
f 4389 4406 4390
f 4390 4406 4407
f 4390 4407 4391
f 4391 4407 4408
f 4391 4408 4392
f 4392 4408 4409
f 4392 4409 4393
f 4393 4409 4394
f 4409 4410 4394
f 4394 4410 4395
f 4410 4411 4395
f 4395 4411 4396
f 4411 4412 4396
f 4396 4412 4381
f 4412 4397 4381
f 4397 4413 4414
f 4397 4414 4398
f 4398 4414 4415
f 4398 4415 4399
f 4399 4415 4416
f 4399 4416 4400
f 4400 4416 4417
f 4400 4417 4401
f 4401 4417 4402
f 4417 4418 4402
f 4402 4418 4403
f 4418 4419 4403
f 4403 4419 4404
f 4419 4420 4404
f 4404 4420 4405
f 4420 4421 4405
f 4405 4421 4422
f 4405 4422 4406
f 4406 4422 4423
f 4406 4423 4407
f 4407 4423 4424
f 4407 4424 4408
f 4408 4424 4425
f 4408 4425 4409
f 4409 4425 4410
f 4425 4426 4410
f 4410 4426 4411
f 4426 4427 4411
f 4411 4427 4412
f 4427 4428 4412
f 4412 4428 4397
f 4428 4413 4397
f 4413 4429 4430
f 4413 4430 4414
f 4414 4430 4431
f 4414 4431 4415
f 4415 4431 4432
f 4415 4432 4416
f 4416 4432 4433
f 4416 4433 4417
f 4417 4433 4418
f 4433 4434 4418
f 4418 4434 4419
f 4434 4435 4419
f 4419 4435 4420
f 4435 4436 4420
f 4420 4436 4421
f 4436 4437 4421
f 4421 4437 4438
f 4421 4438 4422
f 4422 4438 4439
f 4422 4439 4423
f 4423 4439 4440
f 4423 4440 4424
f 4424 4440 4441
f 4424 4441 4425
f 4425 4441 4426
f 4441 4442 4426
f 4426 4442 4427
f 4442 4443 4427
f 4427 4443 4428
f 4443 4444 4428
f 4428 4444 4413
f 4444 4429 4413
f 4429 4445 4446
f 4429 4446 4430
f 4430 4446 4447
f 4430 4447 4431
f 4431 4447 4448
f 4431 4448 4432
f 4432 4448 4449
f 4432 4449 4433
f 4433 4449 4434
f 4449 4450 4434
f 4434 4450 4435
f 4450 4451 4435
f 4435 4451 4436
f 4451 4452 4436
f 4436 4452 4437
f 4452 4453 4437
f 4437 4453 4454
f 4437 4454 4438
f 4438 4454 4455
f 4438 4455 4439
f 4439 4455 4456
f 4439 4456 4440
f 4440 4456 4457
f 4440 4457 4441
f 4441 4457 4442
f 4457 4458 4442
f 4442 4458 4443
f 4458 4459 4443
f 4443 4459 4444
f 4459 4460 4444
f 4444 4460 4429
f 4460 4445 4429
f 4445 4461 4462
f 4445 4462 4446
f 4446 4462 4463
f 4446 4463 4447
f 4447 4463 4464
f 4447 4464 4448
f 4448 4464 4465
f 4448 4465 4449
f 4449 4465 4450
f 4465 4466 4450
f 4450 4466 4451
f 4466 4467 4451
f 4451 4467 4452
f 4467 4468 4452
f 4452 4468 4453
f 4468 4469 4453
f 4453 4469 4470
f 4453 4470 4454
f 4454 4470 4471
f 4454 4471 4455
f 4455 4471 4472
f 4455 4472 4456
f 4456 4472 4473
f 4456 4473 4457
f 4457 4473 4458
f 4473 4474 4458
f 4458 4474 4459
f 4474 4475 4459
f 4459 4475 4460
f 4475 4476 4460
f 4460 4476 4445
f 4476 4461 4445
f 4461 4477 4478
f 4461 4478 4462
f 4462 4478 4479
f 4462 4479 4463
f 4463 4479 4480
f 4463 4480 4464
f 4464 4480 4481
f 4464 4481 4465
f 4465 4481 4466
f 4481 4482 4466
f 4466 4482 4467
f 4482 4483 4467
f 4467 4483 4468
f 4483 4484 4468
f 4468 4484 4469
f 4484 4485 4469
f 4469 4485 4486
f 4469 4486 4470
f 4470 4486 4487
f 4470 4487 4471
f 4471 4487 4488
f 4471 4488 4472
f 4472 4488 4489
f 4472 4489 4473
f 4473 4489 4474
f 4489 4490 4474
f 4474 4490 4475
f 4490 4491 4475
f 4475 4491 4476
f 4491 4492 4476
f 4476 4492 4461
f 4492 4477 4461
f 4477 4493 4494
f 4477 4494 4478
f 4478 4494 4495
f 4478 4495 4479
f 4479 4495 4496
f 4479 4496 4480
f 4480 4496 4497
f 4480 4497 4481
f 4481 4497 4482
f 4497 4498 4482
f 4482 4498 4483
f 4498 4499 4483
f 4483 4499 4484
f 4499 4500 4484
f 4484 4500 4485
f 4500 4501 4485
f 4485 4501 4502
f 4485 4502 4486
f 4486 4502 4503
f 4486 4503 4487
f 4487 4503 4504
f 4487 4504 4488
f 4488 4504 4505
f 4488 4505 4489
f 4489 4505 4490
f 4505 4506 4490
f 4490 4506 4491
f 4506 4507 4491
f 4491 4507 4492
f 4507 4508 4492
f 4492 4508 4477
f 4508 4493 4477
f 4493 4509 4510
f 4493 4510 4494
f 4494 4510 4511
f 4494 4511 4495
f 4495 4511 4512
f 4495 4512 4496
f 4496 4512 4513
f 4496 4513 4497
f 4497 4513 4498
f 4513 4514 4498
f 4498 4514 4499
f 4514 4515 4499
f 4499 4515 4500
f 4515 4516 4500
f 4500 4516 4501
f 4516 4517 4501
f 4501 4517 4518
f 4501 4518 4502
f 4502 4518 4519
f 4502 4519 4503
f 4503 4519 4520
f 4503 4520 4504
f 4504 4520 4521
f 4504 4521 4505
f 4505 4521 4506
f 4521 4522 4506
f 4506 4522 4507
f 4522 4523 4507
f 4507 4523 4508
f 4523 4524 4508
f 4508 4524 4493
f 4524 4509 4493
f 4509 4525 4510
f 4510 4525 4511
f 4511 4525 4512
f 4512 4525 4513
f 4513 4525 4514
f 4514 4525 4515
f 4515 4525 4516
f 4516 4525 4517
f 4517 4525 4518
f 4518 4525 4519
f 4519 4525 4520
f 4520 4525 4521
f 4521 4525 4522
f 4522 4525 4523
f 4523 4525 4524
f 4524 4525 4509
