v     0.9793130611     0.7753476805                0
v     0.9793130611     0.7710534987   -0.07809567777
v -7.719519468e-17 -1.418136442e-16  1.069746144e-17
v     0.9793130611     0.7585084147    -0.1549354814
v     0.9793130611     0.7382186205    -0.2299974854
v     0.9793130611      0.710690308    -0.3027597643
v     0.9793130611     0.6764296691    -0.3727003927
v     0.9793130611     0.6359428958     -0.439297445
v     0.9793130611       0.58973618    -0.5020289958
v     0.9793130611     0.5383157138    -0.5603731196
v     0.9793130611      0.482187689    -0.6138078909
v     0.9793130611     0.4218582976    -0.6618113842
v     0.9793130611     0.3578337316    -0.7038616741
v     0.9793130611     0.2906201828    -0.7394368351
v     0.9793130611     0.2207238434    -0.7680149418
v     0.9793130611     0.1486509051    -0.7890740685
v     0.9793130611    0.07490755999    -0.8020922899
v     0.9793130611 -7.105427358e-17    -0.8065476805
v     0.9793130611   -0.07490755999    -0.8020922899
v     0.9793130611    -0.1486509051    -0.7890740685
v     0.9793130611    -0.2207238434    -0.7680149418
v     0.9793130611    -0.2906201828    -0.7394368351
v     0.9793130611    -0.3578337316    -0.7038616741
v     0.9793130611    -0.4218582976    -0.6618113842
v     0.9793130611     -0.482187689    -0.6138078909
v     0.9793130611    -0.5383157138    -0.5603731196
v     0.9793130611      -0.58973618    -0.5020289958
v     0.9793130611    -0.6359428958     -0.439297445
v     0.9793130611    -0.6764296691    -0.3727003927
v     0.9793130611     -0.710690308    -0.3027597643
v     0.9793130611    -0.7382186205    -0.2299974854
v     0.9793130611    -0.7585084147    -0.1549354814
v     0.9793130611    -0.7710534987   -0.07809567777
v     0.9793130611    -0.7753476805 -4.211058764e-17
v     0.9793130611    -0.7710534987    0.07809567777
v     0.9793130611    -0.7585084147     0.1549354814
v     0.9793130611    -0.7382186205     0.2299974854
v     0.9793130611     -0.710690308     0.3027597643
v     0.9793130611    -0.6764296691     0.3727003927
v     0.9793130611    -0.6359428958      0.439297445
v     0.9793130611      -0.58973618     0.5020289958
v     0.9793130611    -0.5383157138     0.5603731196
v     0.9793130611     -0.482187689     0.6138078909
v     0.9793130611    -0.4218582976     0.6618113842
v     0.9793130611    -0.3578337316     0.7038616741
v     0.9793130611    -0.2906201828     0.7394368351
v     0.9793130611    -0.2207238434     0.7680149418
v     0.9793130611    -0.1486509051     0.7890740685
v     0.9793130611   -0.07490755999     0.8020922899
v     0.9793130611 -1.065977221e-16     0.8065476805
v     0.9793130611    0.07490755999     0.8020922899
v     0.9793130611     0.1486509051     0.7890740685
v     0.9793130611     0.2207238434     0.7680149418
v     0.9793130611     0.2906201828     0.7394368351
v     0.9793130611     0.3578337316     0.7038616741
v     0.9793130611     0.4218582976     0.6618113842
v     0.9793130611      0.482187689     0.6138078909
v     0.9793130611     0.5383157138     0.5603731196
v     0.9793130611       0.58973618     0.5020289958
v     0.9793130611     0.6359428958      0.439297445
v     0.9793130611     0.6764296691     0.3727003927
v     0.9793130611      0.710690308     0.3027597643
v     0.9793130611     0.7382186205     0.2299974854
v     0.9793130611     0.7585084147     0.1549354814
v     0.9793130611     0.7710534987    0.07809567777
v      2.265162283      1.483266141                0
v      2.265162283       1.47527818    -0.1574955306
v      2.265162283      1.451899353    -0.3115760945
v      2.265162283      1.414007239     -0.461310859
v      2.265162283       1.36247942    -0.6057689913
v      2.265162283      1.298193477    -0.7440196586
v      2.265162283       1.22202699    -0.8751320281
v      2.265162283       1.13485754    -0.9981752672
v      2.265162283      1.037562708     -1.112218543
v      2.265162283     0.9310200749     -1.216331023
v      2.265162283     0.8161072215     -1.309581874
v      2.265162283     0.6937017286     -1.391040263
v      2.265162283     0.5646811769     -1.459775358
v      2.265162283     0.4299231474     -1.514856326
v      2.265162283     0.2903052209     -1.555352335
v      2.265162283     0.1467049781      -1.58033255
v      2.265162283 -7.993605777e-17     -1.588866141
v      2.265162283    -0.1467049781      -1.58033255
v      2.265162283    -0.2903052209     -1.555352335
v      2.265162283    -0.4299231474     -1.514856326
v      2.265162283    -0.5646811769     -1.459775358
v      2.265162283    -0.6937017286     -1.391040263
v      2.265162283    -0.8161072215     -1.309581874
v      2.265162283    -0.9310200749     -1.216331023
v      2.265162283     -1.037562708     -1.112218543
v      2.265162283      -1.13485754    -0.9981752672
v      2.265162283      -1.22202699    -0.8751320281
v      2.265162283     -1.298193477    -0.7440196586
v      2.265162283      -1.36247942    -0.6057689913
v      2.265162283     -1.414007239     -0.461310859
v      2.265162283     -1.451899353    -0.3115760945
v      2.265162283      -1.47527818    -0.1574955306
v      2.265162283     -1.483266141  -4.73744111e-17
v      2.265162283      -1.47527818     0.1574955306
v      2.265162283     -1.451899353     0.3115760945
v      2.265162283     -1.414007239      0.461310859
v      2.265162283      -1.36247942     0.6057689913
v      2.265162283     -1.298193477     0.7440196586
v      2.265162283      -1.22202699     0.8751320281
v      2.265162283      -1.13485754     0.9981752672
v      2.265162283     -1.037562708      1.112218543
v      2.265162283    -0.9310200749      1.216331023
v      2.265162283    -0.8161072215      1.309581874
v      2.265162283    -0.6937017286      1.391040263
v      2.265162283    -0.5646811769      1.459775358
v      2.265162283    -0.4299231474      1.514856326
v      2.265162283    -0.2903052209      1.555352335
v      2.265162283    -0.1467049781       1.58033255
v      2.265162283 -1.199224374e-16      1.588866141
v      2.265162283     0.1467049781       1.58033255
v      2.265162283     0.2903052209      1.555352335
v      2.265162283     0.4299231474      1.514856326
v      2.265162283     0.5646811769      1.459775358
v      2.265162283     0.6937017286      1.391040263
v      2.265162283     0.8161072215      1.309581874
v      2.265162283     0.9310200749      1.216331023
v      2.265162283      1.037562708      1.112218543
v      2.265162283       1.13485754     0.9981752672
v      2.265162283       1.22202699     0.8751320281
v      2.265162283      1.298193477     0.7440196586
v      2.265162283       1.36247942     0.6057689913
v      2.265162283      1.414007239      0.461310859
v      2.265162283      1.451899353     0.3115760945
v      2.265162283       1.47527818     0.1574955306
v      3.746354973       2.06351076                0
v      3.746354973      2.052632705    -0.2274806906
v      3.746354973      2.020749865     -0.449163298
v      3.746354973      1.968989224    -0.6638228039
v      3.746354973      1.898477772    -0.8702341898
v      3.746354973      1.810342492     -1.067172437
v      3.746354973      1.705710373     -1.253412528
v      3.746354973        1.5857084     -1.427729444
v      3.746354973       1.45146356     -1.588898165
v      3.746354973       1.30410284     -1.735693675
v      3.746354973      1.144753225     -1.866890955
v      3.746354973     0.9745417026     -1.981264985
v      3.746354973     0.7945952588     -2.077590749
v      3.746354973     0.6060408803     -2.154643226
v      3.746354973     0.4100055533       -2.2111974
v      3.746354973     0.2076162644      -2.24602825
v      3.746354973 -5.329070518e-17      -2.25791076
v      3.746354973    -0.2076162644      -2.24602825
v      3.746354973    -0.4100055533       -2.2111974
v      3.746354973    -0.6060408803     -2.154643226
v      3.746354973    -0.7945952588     -2.077590749
v      3.746354973    -0.9745417026     -1.981264985
v      3.746354973     -1.144753225     -1.866890955
v      3.746354973      -1.30410284     -1.735693675
v      3.746354973      -1.45146356     -1.588898165
v      3.746354973       -1.5857084     -1.427729444
v      3.746354973     -1.705710373     -1.253412528
v      3.746354973     -1.810342492     -1.067172437
v      3.746354973     -1.898477772    -0.8702341898
v      3.746354973     -1.968989224    -0.6638228039
v      3.746354973     -2.020749865     -0.449163298
v      3.746354973     -2.052632705    -0.2274806906
v      3.746354973      -2.06351076 -3.158294073e-17
v      3.746354973     -2.052632705     0.2274806906
v      3.746354973     -2.020749865      0.449163298
v      3.746354973     -1.968989224     0.6638228039
v      3.746354973     -1.898477772     0.8702341898
v      3.746354973     -1.810342492      1.067172437
v      3.746354973     -1.705710373      1.253412528
v      3.746354973       -1.5857084      1.427729444
v      3.746354973      -1.45146356      1.588898165
v      3.746354973      -1.30410284      1.735693675
v      3.746354973     -1.144753225      1.866890955
v      3.746354973    -0.9745417026      1.981264985
v      3.746354973    -0.7945952588      2.077590749
v      3.746354973    -0.6060408803      2.154643226
v      3.746354973    -0.4100055533        2.2111974
v      3.746354973    -0.2076162644       2.24602825
v      3.746354973  -7.99482916e-17       2.25791076
v      3.746354973     0.2076162644       2.24602825
v      3.746354973     0.4100055533        2.2111974
v      3.746354973     0.6060408803      2.154643226
v      3.746354973     0.7945952588      2.077590749
v      3.746354973     0.9745417026      1.981264985
v      3.746354973      1.144753225      1.866890955
v      3.746354973       1.30410284      1.735693675
v      3.746354973       1.45146356      1.588898165
v      3.746354973        1.5857084      1.427729444
v      3.746354973      1.705710373      1.253412528
v      3.746354973      1.810342492      1.067172437
v      3.746354973      1.898477772     0.8702341898
v      3.746354973      1.968989224     0.6638228039
v      3.746354973      2.020749865      0.449163298
v      3.746354973      2.052632705     0.2274806906
v      5.311698443       2.45583692                0
v      5.311698443      2.443075736    -0.2773322897
v      5.311698443      2.405637001    -0.5469385504
v      5.311698443      2.344787945    -0.8074160032
v      5.311698443      2.261795797     -1.057361869
v      5.311698443      2.157927784     -1.295373369
v      5.311698443      2.034451136     -1.520047724
v      5.311698443      1.892633081     -1.729982155
v      5.311698443      1.733740848     -1.923773882
v      5.311698443      1.559041665     -2.100020128
v      5.311698443      1.369802761     -2.257318113
v      5.311698443      1.167291365     -2.394265059
v      5.311698443     0.9527747052     -2.509458185
v      5.311698443     0.7275200101     -2.601494713
v      5.311698443     0.4927945084     -2.668971864
v      5.311698443     0.2498654289      -2.71048686
v      5.311698443 -1.776356839e-17      -2.72463692
v      5.311698443    -0.2498654289      -2.71048686
v      5.311698443    -0.4927945084     -2.668971864
v      5.311698443    -0.7275200101     -2.601494713
v      5.311698443    -0.9527747052     -2.509458185
v      5.311698443     -1.167291365     -2.394265059
v      5.311698443     -1.369802761     -2.257318113
v      5.311698443     -1.559041665     -2.100020128
v      5.311698443     -1.733740848     -1.923773882
v      5.311698443     -1.892633081     -1.729982155
v      5.311698443     -2.034451136     -1.520047724
v      5.311698443     -2.157927784     -1.295373369
v      5.311698443     -2.261795797     -1.057361869
v      5.311698443     -2.344787945    -0.8074160032
v      5.311698443     -2.405637001    -0.5469385504
v      5.311698443     -2.443075736    -0.2773322897
v      5.311698443      -2.45583692 -1.052764691e-17
v      5.311698443     -2.443075736     0.2773322897
v      5.311698443     -2.405637001     0.5469385504
v      5.311698443     -2.344787945     0.8074160032
v      5.311698443     -2.261795797      1.057361869
v      5.311698443     -2.157927784      1.295373369
v      5.311698443     -2.034451136      1.520047724
v      5.311698443     -1.892633081      1.729982155
v      5.311698443     -1.733740848      1.923773882
v      5.311698443     -1.559041665      2.100020128
v      5.311698443     -1.369802761      2.257318113
v      5.311698443     -1.167291365      2.394265059
v      5.311698443    -0.9527747052      2.509458185
v      5.311698443    -0.7275200101      2.601494713
v      5.311698443    -0.4927945084      2.668971864
v      5.311698443    -0.2498654289       2.71048686
v      5.311698443 -2.664943053e-17       2.72463692
v      5.311698443     0.2498654289       2.71048686
v      5.311698443     0.4927945084      2.668971864
v      5.311698443     0.7275200101      2.601494713
v      5.311698443     0.9527747052      2.509458185
v      5.311698443      1.167291365      2.394265059
v      5.311698443      1.369802761      2.257318113
v      5.311698443      1.559041665      2.100020128
v      5.311698443      1.733740848      1.923773882
v      5.311698443      1.892633081      1.729982155
v      5.311698443      2.034451136      1.520047724
v      5.311698443      2.157927784      1.295373369
v      5.311698443      2.261795797      1.057361869
v      5.311698443      2.344787945     0.8074160032
v      5.311698443      2.405637001     0.5469385504
v      5.311698443      2.443075736     0.2773322897
v             6.85              2.6                0
v             6.85      2.586565932    -0.2963314601
v             6.85      2.547137813    -0.5841433104
v             6.85       2.48302677      -0.86197314
v             6.85      2.395543931     -1.128358538
v             6.85      2.286000422     -1.381837093
v             6.85       2.15570737     -1.620946394
v             6.85      2.005975904     -1.844224029
v             6.85      1.838117149     -2.050207589
v             6.85      1.653442233     -2.237434662
v             6.85      1.453262284     -2.404442836
v             6.85      1.238888428     -2.549769701
v             6.85      1.011631792     -2.671952846
v             6.85     0.7728035048     -2.769529859
v             6.85     0.5237146921      -2.84103833
v             6.85     0.2656764814     -2.885015847
v             6.85                0             -2.9
v             6.85    -0.2656764814     -2.885015847
v             6.85    -0.5237146921      -2.84103833
v             6.85    -0.7728035048     -2.769529859
v             6.85     -1.011631792     -2.671952846
v             6.85     -1.238888428     -2.549769701
v             6.85     -1.453262284     -2.404442836
v             6.85     -1.653442233     -2.237434662
v             6.85     -1.838117149     -2.050207589
v             6.85     -2.005975904     -1.844224029
v             6.85      -2.15570737     -1.620946394
v             6.85     -2.286000422     -1.381837093
v             6.85     -2.395543931     -1.128358538
v             6.85      -2.48302677      -0.86197314
v             6.85     -2.547137813    -0.5841433104
v             6.85     -2.586565932    -0.2963314601
v             6.85             -2.6                0
v             6.85     -2.586565932     0.2963314601
v             6.85     -2.547137813     0.5841433104
v             6.85      -2.48302677       0.86197314
v             6.85     -2.395543931      1.128358538
v             6.85     -2.286000422      1.381837093
v             6.85      -2.15570737      1.620946394
v             6.85     -2.005975904      1.844224029
v             6.85     -1.838117149      2.050207589
v             6.85     -1.653442233      2.237434662
v             6.85     -1.453262284      2.404442836
v             6.85     -1.238888428      2.549769701
v             6.85     -1.011631792      2.671952846
v             6.85    -0.7728035048      2.769529859
v             6.85    -0.5237146921       2.84103833
v             6.85    -0.2656764814      2.885015847
v             6.85                0              2.9
v             6.85     0.2656764814      2.885015847
v             6.85     0.5237146921       2.84103833
v             6.85     0.7728035048      2.769529859
v             6.85      1.011631792      2.671952846
v             6.85      1.238888428      2.549769701
v             6.85      1.453262284      2.404442836
v             6.85      1.653442233      2.237434662
v             6.85      1.838117149      2.050207589
v             6.85      2.005975904      1.844224029
v             6.85       2.15570737      1.620946394
v             6.85      2.286000422      1.381837093
v             6.85      2.395543931      1.128358538
v             6.85       2.48302677       0.86197314
v             6.85      2.547137813     0.5841433104
v             6.85      2.586565932     0.2963314601
v      9.861760874            2.652                0
v      9.861760874      2.638297251    -0.3021763427
v      9.861760874      2.598080569    -0.5956650337
v      9.861760874      2.532687306    -0.8789748171
v      9.861760874      2.443454809     -1.150614437
v      9.861760874       2.33172043     -1.409092638
v      9.861760874      2.198821518     -1.652918164
v      9.861760874      2.046095422     -1.880599759
v      9.861760874      1.874879492     -2.090646166
v      9.861760874      1.686511078     -2.281566132
v      9.861760874       1.48232753     -2.451868398
v      9.861760874      1.263666196      -2.60006171
v      9.861760874      1.031864428     -2.724654812
v      9.861760874     0.7882595749     -2.824156448
v      9.861760874      0.534188986     -2.897075362
v      9.861760874     0.2709900111     -2.941920298
v      9.861760874                0          -2.9572
v      9.861760874    -0.2709900111     -2.941920298
v      9.861760874     -0.534188986     -2.897075362
v      9.861760874    -0.7882595749     -2.824156448
v      9.861760874     -1.031864428     -2.724654812
v      9.861760874     -1.263666196      -2.60006171
v      9.861760874      -1.48232753     -2.451868398
v      9.861760874     -1.686511078     -2.281566132
v      9.861760874     -1.874879492     -2.090646166
v      9.861760874     -2.046095422     -1.880599759
v      9.861760874     -2.198821518     -1.652918164
v      9.861760874      -2.33172043     -1.409092638
v      9.861760874     -2.443454809     -1.150614437
v      9.861760874     -2.532687306    -0.8789748171
v      9.861760874     -2.598080569    -0.5956650337
v      9.861760874     -2.638297251    -0.3021763427
v      9.861760874           -2.652                0
v      9.861760874     -2.638297251     0.3021763427
v      9.861760874     -2.598080569     0.5956650337
v      9.861760874     -2.532687306     0.8789748171
v      9.861760874     -2.443454809      1.150614437
v      9.861760874      -2.33172043      1.409092638
v      9.861760874     -2.198821518      1.652918164
v      9.861760874     -2.046095422      1.880599759
v      9.861760874     -1.874879492      2.090646166
v      9.861760874     -1.686511078      2.281566132
v      9.861760874      -1.48232753      2.451868398
v      9.861760874     -1.263666196       2.60006171
v      9.861760874     -1.031864428      2.724654812
v      9.861760874    -0.7882595749      2.824156448
v      9.861760874     -0.534188986      2.897075362
v      9.861760874    -0.2709900111      2.941920298
v      9.861760874                0           2.9572
v      9.861760874     0.2709900111      2.941920298
v      9.861760874      0.534188986      2.897075362
v      9.861760874     0.7882595749      2.824156448
v      9.861760874      1.031864428      2.724654812
v      9.861760874      1.263666196       2.60006171
v      9.861760874       1.48232753      2.451868398
v      9.861760874      1.686511078      2.281566132
v      9.861760874      1.874879492      2.090646166
v      9.861760874      2.046095422      1.880599759
v      9.861760874      2.198821518      1.652918164
v      9.861760874       2.33172043      1.409092638
v      9.861760874      2.443454809      1.150614437
v      9.861760874      2.532687306     0.8789748171
v      9.861760874      2.598080569     0.5956650337
v      9.861760874      2.638297251     0.3021763427
v      15.19602298            2.776                0
v      15.19602298      2.761656549    -0.3161141396
v      15.19602298       2.71955945    -0.6231399121
v      15.19602298      2.651108582    -0.9195172779
v      15.19602298      2.557703828     -1.203686197
v      15.19602298      2.440745066     -1.474086631
v      15.19602298      2.301632177     -1.729158539
v      15.19602298      2.141765042     -1.967341882
v      15.19602298       1.96254354      -2.18707662
v      15.19602298      1.765367554     -2.386802714
v      15.19602298      1.551636962     -2.564960123
v      15.19602298      1.322751645      -2.71998881
v      15.19602298      1.080111483     -2.850328732
v      15.19602298     0.8251163575     -2.954419853
v      15.19602298     0.5591661482      -3.03070213
v      15.19602298     0.2836607356     -3.077615526
v      15.19602298                0          -3.0936
v      15.19602298    -0.2836607356     -3.077615526
v      15.19602298    -0.5591661482      -3.03070213
v      15.19602298    -0.8251163575     -2.954419853
v      15.19602298     -1.080111483     -2.850328732
v      15.19602298     -1.322751645      -2.71998881
v      15.19602298     -1.551636962     -2.564960123
v      15.19602298     -1.765367554     -2.386802714
v      15.19602298      -1.96254354      -2.18707662
v      15.19602298     -2.141765042     -1.967341882
v      15.19602298     -2.301632177     -1.729158539
v      15.19602298     -2.440745066     -1.474086631
v      15.19602298     -2.557703828     -1.203686197
v      15.19602298     -2.651108582    -0.9195172779
v      15.19602298      -2.71955945    -0.6231399121
v      15.19602298     -2.761656549    -0.3161141396
v      15.19602298           -2.776                0
v      15.19602298     -2.761656549     0.3161141396
v      15.19602298      -2.71955945     0.6231399121
v      15.19602298     -2.651108582     0.9195172779
v      15.19602298     -2.557703828      1.203686197
v      15.19602298     -2.440745066      1.474086631
v      15.19602298     -2.301632177      1.729158539
v      15.19602298     -2.141765042      1.967341882
v      15.19602298      -1.96254354       2.18707662
v      15.19602298     -1.765367554      2.386802714
v      15.19602298     -1.551636962      2.564960123
v      15.19602298     -1.322751645       2.71998881
v      15.19602298     -1.080111483      2.850328732
v      15.19602298    -0.8251163575      2.954419853
v      15.19602298    -0.5591661482       3.03070213
v      15.19602298    -0.2836607356      3.077615526
v      15.19602298                0           3.0936
v      15.19602298     0.2836607356      3.077615526
v      15.19602298     0.5591661482       3.03070213
v      15.19602298     0.8251163575      2.954419853
v      15.19602298      1.080111483      2.850328732
v      15.19602298      1.322751645       2.71998881
v      15.19602298      1.551636962      2.564960123
v      15.19602298      1.765367554      2.386802714
v      15.19602298       1.96254354       2.18707662
v      15.19602298      2.141765042      1.967341882
v      15.19602298      2.301632177      1.729158539
v      15.19602298      2.440745066      1.474086631
v      15.19602298      2.557703828      1.203686197
v      15.19602298      2.651108582     0.9195172779
v      15.19602298       2.71955945     0.6231399121
v      15.19602298      2.761656549     0.3161141396
v      21.76440464            2.924                0
v      21.76440464      2.908891841    -0.3327495747
v      21.76440464      2.864550371     -0.655932509
v      21.76440464      2.792450106    -0.9679066666
v      21.76440464      2.694065559     -1.267029911
v      21.76440464      2.570871244     -1.551660106
v      21.76440464      2.424341673     -1.820155116
v      21.76440464      2.255951362     -2.070872803
v      21.76440464      2.067174824     -2.302171032
v      21.76440464      1.859486573     -2.512407666
v      21.76440464      1.634361122     -2.699940569
v      21.76440464      1.393272986     -2.863127605
v      21.76440464      1.137696677     -3.000326637
v      21.76440464     0.8691067108     -3.109895529
v      21.76440464     0.5889775999     -3.190192144
v      21.76440464     0.2987838584     -3.239574347
v      21.76440464                0          -3.2564
v      21.76440464    -0.2987838584     -3.239574347
v      21.76440464    -0.5889775999     -3.190192144
v      21.76440464    -0.8691067108     -3.109895529
v      21.76440464     -1.137696677     -3.000326637
v      21.76440464     -1.393272986     -2.863127605
v      21.76440464     -1.634361122     -2.699940569
v      21.76440464     -1.859486573     -2.512407666
v      21.76440464     -2.067174824     -2.302171032
v      21.76440464     -2.255951362     -2.070872803
v      21.76440464     -2.424341673     -1.820155116
v      21.76440464     -2.570871244     -1.551660106
v      21.76440464     -2.694065559     -1.267029911
v      21.76440464     -2.792450106    -0.9679066666
v      21.76440464     -2.864550371     -0.655932509
v      21.76440464     -2.908891841    -0.3327495747
v      21.76440464           -2.924                0
v      21.76440464     -2.908891841     0.3327495747
v      21.76440464     -2.864550371      0.655932509
v      21.76440464     -2.792450106     0.9679066666
v      21.76440464     -2.694065559      1.267029911
v      21.76440464     -2.570871244      1.551660106
v      21.76440464     -2.424341673      1.820155116
v      21.76440464     -2.255951362      2.070872803
v      21.76440464     -2.067174824      2.302171032
v      21.76440464     -1.859486573      2.512407666
v      21.76440464     -1.634361122      2.699940569
v      21.76440464     -1.393272986      2.863127605
v      21.76440464     -1.137696677      3.000326637
v      21.76440464    -0.8691067108      3.109895529
v      21.76440464    -0.5889775999      3.190192144
v      21.76440464    -0.2987838584      3.239574347
v      21.76440464                0           3.2564
v      21.76440464     0.2987838584      3.239574347
v      21.76440464     0.5889775999      3.190192144
v      21.76440464     0.8691067108      3.109895529
v      21.76440464      1.137696677      3.000326637
v      21.76440464      1.393272986      2.863127605
v      21.76440464      1.634361122      2.699940569
v      21.76440464      1.859486573      2.512407666
v      21.76440464      2.067174824      2.302171032
v      21.76440464      2.255951362      2.070872803
v      21.76440464      2.424341673      1.820155116
v      21.76440464      2.570871244      1.551660106
v      21.76440464      2.694065559      1.267029911
v      21.76440464      2.792450106     0.9679066666
v      21.76440464      2.864550371      0.655932509
v      21.76440464      2.908891841     0.3327495747
v       28.4785242            3.048                0
v       28.4785242      3.032251139    -0.3466873716
v       28.4785242      2.986029252    -0.6834073875
v       28.4785242      2.910871383     -1.008449127
v       28.4785242      2.808314577     -1.320101671
v       28.4785242      2.679895879     -1.616654099
v       28.4785242      2.527152333     -1.896395491
v       28.4785242      2.351620982     -2.157614927
v       28.4785242      2.154838873     -2.398601486
v       28.4785242      1.938343049     -2.617644248
v       28.4785242      1.703670554     -2.813032295
v       28.4785242      1.452358434     -2.983054704
v       28.4785242      1.185943732     -3.126000557
v       28.4785242     0.9059634934     -3.240158933
v       28.4785242     0.6139547621     -3.323818912
v       28.4785242     0.3114545829     -3.375269575
v       28.4785242                0          -3.3928
v       28.4785242    -0.3114545829     -3.375269575
v       28.4785242    -0.6139547621     -3.323818912
v       28.4785242    -0.9059634934     -3.240158933
v       28.4785242     -1.185943732     -3.126000557
v       28.4785242     -1.452358434     -2.983054704
v       28.4785242     -1.703670554     -2.813032295
v       28.4785242     -1.938343049     -2.617644248
v       28.4785242     -2.154838873     -2.398601486
v       28.4785242     -2.351620982     -2.157614927
v       28.4785242     -2.527152333     -1.896395491
v       28.4785242     -2.679895879     -1.616654099
v       28.4785242     -2.808314577     -1.320101671
v       28.4785242     -2.910871383     -1.008449127
v       28.4785242     -2.986029252    -0.6834073875
v       28.4785242     -3.032251139    -0.3466873716
v       28.4785242           -3.048                0
v       28.4785242     -3.032251139     0.3466873716
v       28.4785242     -2.986029252     0.6834073875
v       28.4785242     -2.910871383      1.008449127
v       28.4785242     -2.808314577      1.320101671
v       28.4785242     -2.679895879      1.616654099
v       28.4785242     -2.527152333      1.896395491
v       28.4785242     -2.351620982      2.157614927
v       28.4785242     -2.154838873      2.398601486
v       28.4785242     -1.938343049      2.617644248
v       28.4785242     -1.703670554      2.813032295
v       28.4785242     -1.452358434      2.983054704
v       28.4785242     -1.185943732      3.126000557
v       28.4785242    -0.9059634934      3.240158933
v       28.4785242    -0.6139547621      3.323818912
v       28.4785242    -0.3114545829      3.375269575
v       28.4785242                0           3.3928
v       28.4785242     0.3114545829      3.375269575
v       28.4785242     0.6139547621      3.323818912
v       28.4785242     0.9059634934      3.240158933
v       28.4785242      1.185943732      3.126000557
v       28.4785242      1.452358434      2.983054704
v       28.4785242      1.703670554      2.813032295
v       28.4785242      1.938343049      2.617644248
v       28.4785242      2.154838873      2.398601486
v       28.4785242      2.351620982      2.157614927
v       28.4785242      2.527152333      1.896395491
v       28.4785242      2.679895879      1.616654099
v       28.4785242      2.808314577      1.320101671
v       28.4785242      2.910871383      1.008449127
v       28.4785242      2.986029252     0.6834073875
v       28.4785242      3.032251139     0.3466873716
v            34.25              3.1                0
v            34.25      3.083982457    -0.3525322542
v            34.25      3.036972008    -0.6949291107
v            34.25      2.960531918     -1.025450805
v            34.25      2.856225456     -1.342357571
v            34.25      2.725615887     -1.643909645
v            34.25       2.57026648     -1.928367261
v            34.25        2.3917405     -2.193990656
v            34.25      2.191601216     -2.439040063
v            34.25      1.971411893     -2.661775718
v            34.25        1.7327358     -2.860457857
v            34.25      1.477136202     -3.033346713
v            34.25      1.206176368     -3.178702524
v            34.25     0.9214195635     -3.294785522
v            34.25      0.624429056     -3.379855944
v            34.25     0.3167681125     -3.432174025
v            34.25                0            -3.45
v            34.25    -0.3167681125     -3.432174025
v            34.25     -0.624429056     -3.379855944
v            34.25    -0.9214195635     -3.294785522
v            34.25     -1.206176368     -3.178702524
v            34.25     -1.477136202     -3.033346713
v            34.25       -1.7327358     -2.860457857
v            34.25     -1.971411893     -2.661775718
v            34.25     -2.191601216     -2.439040063
v            34.25       -2.3917405     -2.193990656
v            34.25      -2.57026648     -1.928367261
v            34.25     -2.725615887     -1.643909645
v            34.25     -2.856225456     -1.342357571
v            34.25     -2.960531918     -1.025450805
v            34.25     -3.036972008    -0.6949291107
v            34.25     -3.083982457    -0.3525322542
v            34.25             -3.1                0
v            34.25     -3.083982457     0.3525322542
v            34.25     -3.036972008     0.6949291107
v            34.25     -2.960531918      1.025450805
v            34.25     -2.856225456      1.342357571
v            34.25     -2.725615887      1.643909645
v            34.25      -2.57026648      1.928367261
v            34.25       -2.3917405      2.193990656
v            34.25     -2.191601216      2.439040063
v            34.25     -1.971411893      2.661775718
v            34.25       -1.7327358      2.860457857
v            34.25     -1.477136202      3.033346713
v            34.25     -1.206176368      3.178702524
v            34.25    -0.9214195635      3.294785522
v            34.25     -0.624429056      3.379855944
v            34.25    -0.3167681125      3.432174025
v            34.25                0             3.45
v            34.25     0.3167681125      3.432174025
v            34.25      0.624429056      3.379855944
v            34.25     0.9214195635      3.294785522
v            34.25      1.206176368      3.178702524
v            34.25      1.477136202      3.033346713
v            34.25        1.7327358      2.860457857
v            34.25      1.971411893      2.661775718
v            34.25      2.191601216      2.439040063
v            34.25        2.3917405      2.193990656
v            34.25       2.57026648      1.928367261
v            34.25      2.725615887      1.643909645
v            34.25      2.856225456      1.342357571
v            34.25      2.960531918      1.025450805
v            34.25      3.036972008     0.6949291107
v            34.25      3.083982457     0.3525322542
v      39.65896795           3.0064                0
v      39.65896795      2.990866084    -0.3403111361
v      39.65896795      2.945275047    -0.6708382349
v      39.65896795      2.871142955    -0.9899018433
v      39.65896795      2.769985874     -1.295822508
v      39.65896795      2.643319872     -1.586920777
v      39.65896795      2.492661015     -1.861517196
v      39.65896795      2.319525368     -2.117932313
v      39.65896795      2.125428999     -2.354486674
v      39.65896795      1.911887973     -2.569500827
v      39.65896795      1.680418358     -2.761295318
v      39.65896795      1.432536219     -2.928190694
v      39.65896795      1.169757623     -3.068507503
v      39.65896795     0.8935986373     -3.180566291
v      39.65896795     0.6055753271     -3.262687605
v      39.65896795     0.3072037592     -3.313191992
v      39.65896795                0          -3.3304
v      39.65896795    -0.3072037592     -3.313191992
v      39.65896795    -0.6055753271     -3.262687605
v      39.65896795    -0.8935986373     -3.180566291
v      39.65896795     -1.169757623     -3.068507503
v      39.65896795     -1.432536219     -2.928190694
v      39.65896795     -1.680418358     -2.761295318
v      39.65896795     -1.911887973     -2.569500827
v      39.65896795     -2.125428999     -2.354486674
v      39.65896795     -2.319525368     -2.117932313
v      39.65896795     -2.492661015     -1.861517196
v      39.65896795     -2.643319872     -1.586920777
v      39.65896795     -2.769985874     -1.295822508
v      39.65896795     -2.871142955    -0.9899018433
v      39.65896795     -2.945275047    -0.6708382349
v      39.65896795     -2.990866084    -0.3403111361
v      39.65896795          -3.0064                0
v      39.65896795     -2.990866084     0.3403111361
v      39.65896795     -2.945275047     0.6708382349
v      39.65896795     -2.871142955     0.9899018433
v      39.65896795     -2.769985874      1.295822508
v      39.65896795     -2.643319872      1.586920777
v      39.65896795     -2.492661015      1.861517196
v      39.65896795     -2.319525368      2.117932313
v      39.65896795     -2.125428999      2.354486674
v      39.65896795     -1.911887973      2.569500827
v      39.65896795     -1.680418358      2.761295318
v      39.65896795     -1.432536219      2.928190694
v      39.65896795     -1.169757623      3.068507503
v      39.65896795    -0.8935986373      3.180566291
v      39.65896795    -0.6055753271      3.262687605
v      39.65896795    -0.3072037592      3.313191992
v      39.65896795                0           3.3304
v      39.65896795     0.3072037592      3.313191992
v      39.65896795     0.6055753271      3.262687605
v      39.65896795     0.8935986373      3.180566291
v      39.65896795      1.169757623      3.068507503
v      39.65896795      1.432536219      2.928190694
v      39.65896795      1.680418358      2.761295318
v      39.65896795      1.911887973      2.569500827
v      39.65896795      2.125428999      2.354486674
v      39.65896795      2.319525368      2.117932313
v      39.65896795      2.492661015      1.861517196
v      39.65896795      2.643319872      1.586920777
v      39.65896795      2.769985874      1.295822508
v      39.65896795      2.871142955     0.9899018433
v      39.65896795      2.945275047     0.6708382349
v      39.65896795      2.990866084     0.3403111361
v      45.53847181           2.7832                0
v      45.53847181      2.768819347    -0.3111684697
v      45.53847181      2.726613062    -0.6133907617
v      45.53847181      2.657984657    -0.9051312434
v      45.53847181      2.564337642     -1.184854282
v      45.53847181      2.447075528     -1.451024246
v      45.53847181      2.307601828     -1.702105503
v      45.53847181      2.147320052     -1.936562419
v      45.53847181      1.967633711     -2.152859362
v      45.53847181      1.769946317     -2.349460701
v      45.53847181       1.55566138     -2.524830802
v      45.53847181      1.326182412     -2.677434032
v      45.53847181      1.082912925     -2.805734761
v      45.53847181     0.8272564287     -2.908197354
v      45.53847181      0.560616435      -2.98328618
v      45.53847181     0.2843964551     -3.029465606
v      45.53847181                0          -3.0452
v      45.53847181    -0.2843964551     -3.029465606
v      45.53847181     -0.560616435      -2.98328618
v      45.53847181    -0.8272564287     -2.908197354
v      45.53847181     -1.082912925     -2.805734761
v      45.53847181     -1.326182412     -2.677434032
v      45.53847181      -1.55566138     -2.524830802
v      45.53847181     -1.769946317     -2.349460701
v      45.53847181     -1.967633711     -2.152859362
v      45.53847181     -2.147320052     -1.936562419
v      45.53847181     -2.307601828     -1.702105503
v      45.53847181     -2.447075528     -1.451024246
v      45.53847181     -2.564337642     -1.184854282
v      45.53847181     -2.657984657    -0.9051312434
v      45.53847181     -2.726613062    -0.6133907617
v      45.53847181     -2.768819347    -0.3111684697
v      45.53847181          -2.7832                0
v      45.53847181     -2.768819347     0.3111684697
v      45.53847181     -2.726613062     0.6133907617
v      45.53847181     -2.657984657     0.9051312434
v      45.53847181     -2.564337642      1.184854282
v      45.53847181     -2.447075528      1.451024246
v      45.53847181     -2.307601828      1.702105503
v      45.53847181     -2.147320052      1.936562419
v      45.53847181     -1.967633711      2.152859362
v      45.53847181     -1.769946317      2.349460701
v      45.53847181      -1.55566138      2.524830802
v      45.53847181     -1.326182412      2.677434032
v      45.53847181     -1.082912925      2.805734761
v      45.53847181    -0.8272564287      2.908197354
v      45.53847181     -0.560616435       2.98328618
v      45.53847181    -0.2843964551      3.029465606
v      45.53847181                0           3.0452
v      45.53847181     0.2843964551      3.029465606
v      45.53847181      0.560616435       2.98328618
v      45.53847181     0.8272564287      2.908197354
v      45.53847181      1.082912925      2.805734761
v      45.53847181      1.326182412      2.677434032
v      45.53847181       1.55566138      2.524830802
v      45.53847181      1.769946317      2.349460701
v      45.53847181      1.967633711      2.152859362
v      45.53847181      2.147320052      1.936562419
v      45.53847181      2.307601828      1.702105503
v      45.53847181      2.447075528      1.451024246
v      45.53847181      2.564337642      1.184854282
v      45.53847181      2.657984657     0.9051312434
v      45.53847181      2.726613062     0.6133907617
v      45.53847181      2.768819347     0.3111684697
v       51.1794917           2.5168                0
v       51.1794917      2.503795822    -0.2763852873
v       51.1794917      2.465629403    -0.5448244228
v       51.1794917      2.403569914    -0.8039534307
v       51.1794917      2.318886525     -1.052408336
v       51.1794917      2.212848408     -1.288825161
v       51.1794917      2.086724734     -1.511839933
v       51.1794917      1.941784675     -1.720088674
v       51.1794917        1.7792974     -1.912207409
v       51.1794917      1.600532082     -2.086832163
v       51.1794917      1.406757891      -2.24259896
v       51.1794917      1.199243998     -2.378143823
v       51.1794917     0.9792595751     -2.492102779
v       51.1794917     0.7480737927     -2.583111849
v       51.1794917      0.506955822      -2.64980706
v       51.1794917      0.257174834     -2.690824436
v       51.1794917                0          -2.7048
v       51.1794917     -0.257174834     -2.690824436
v       51.1794917     -0.506955822      -2.64980706
v       51.1794917    -0.7480737927     -2.583111849
v       51.1794917    -0.9792595751     -2.492102779
v       51.1794917     -1.199243998     -2.378143823
v       51.1794917     -1.406757891      -2.24259896
v       51.1794917     -1.600532082     -2.086832163
v       51.1794917       -1.7792974     -1.912207409
v       51.1794917     -1.941784675     -1.720088674
v       51.1794917     -2.086724734     -1.511839933
v       51.1794917     -2.212848408     -1.288825161
v       51.1794917     -2.318886525     -1.052408336
v       51.1794917     -2.403569914    -0.8039534307
v       51.1794917     -2.465629403    -0.5448244228
v       51.1794917     -2.503795822    -0.2763852873
v       51.1794917          -2.5168                0
v       51.1794917     -2.503795822     0.2763852873
v       51.1794917     -2.465629403     0.5448244228
v       51.1794917     -2.403569914     0.8039534307
v       51.1794917     -2.318886525      1.052408336
v       51.1794917     -2.212848408      1.288825161
v       51.1794917     -2.086724734      1.511839933
v       51.1794917     -1.941784675      1.720088674
v       51.1794917       -1.7792974      1.912207409
v       51.1794917     -1.600532082      2.086832163
v       51.1794917     -1.406757891       2.24259896
v       51.1794917     -1.199243998      2.378143823
v       51.1794917    -0.9792595751      2.492102779
v       51.1794917    -0.7480737927      2.583111849
v       51.1794917     -0.506955822       2.64980706
v       51.1794917     -0.257174834      2.690824436
v       51.1794917                0           2.7048
v       51.1794917      0.257174834      2.690824436
v       51.1794917      0.506955822       2.64980706
v       51.1794917     0.7480737927      2.583111849
v       51.1794917     0.9792595751      2.492102779
v       51.1794917      1.199243998      2.378143823
v       51.1794917      1.406757891       2.24259896
v       51.1794917      1.600532082      2.086832163
v       51.1794917        1.7792974      1.912207409
v       51.1794917      1.941784675      1.720088674
v       51.1794917      2.086724734      1.511839933
v       51.1794917      2.212848408      1.288825161
v       51.1794917      2.318886525      1.052408336
v       51.1794917      2.403569914     0.8039534307
v       51.1794917      2.465629403     0.5448244228
v       51.1794917      2.503795822     0.2763852873
v      55.87300773           2.2936                0
v      55.87300773      2.281749085     -0.247242621
v      55.87300773      2.246967419    -0.4873769496
v      55.87300773      2.190411616    -0.7191828309
v      55.87300773      2.113238292    -0.9414401097
v      55.87300773      2.016604064     -1.152928631
v      55.87300773      1.901665548     -1.352428239
v      55.87300773      1.769579359      -1.53871878
v      55.87300773      1.621502113     -1.710580097
v      55.87300773      1.458590425     -1.866792037
v      55.87300773      1.282000913     -2.006134444
v      55.87300773      1.092890192     -2.127387162
v      55.87300773     0.8924148766     -2.229330037
v      55.87300773     0.6817315841     -2.310742913
v      55.87300773     0.4619969299     -2.370405636
v      55.87300773     0.2343675299      -2.40709805
v      55.87300773                0          -2.4196
v      55.87300773    -0.2343675299      -2.40709805
v      55.87300773    -0.4619969299     -2.370405636
v      55.87300773    -0.6817315841     -2.310742913
v      55.87300773    -0.8924148766     -2.229330037
v      55.87300773     -1.092890192     -2.127387162
v      55.87300773     -1.282000913     -2.006134444
v      55.87300773     -1.458590425     -1.866792037
v      55.87300773     -1.621502113     -1.710580097
v      55.87300773     -1.769579359      -1.53871878
v      55.87300773     -1.901665548     -1.352428239
v      55.87300773     -2.016604064     -1.152928631
v      55.87300773     -2.113238292    -0.9414401097
v      55.87300773     -2.190411616    -0.7191828309
v      55.87300773     -2.246967419    -0.4873769496
v      55.87300773     -2.281749085     -0.247242621
v      55.87300773          -2.2936                0
v      55.87300773     -2.281749085      0.247242621
v      55.87300773     -2.246967419     0.4873769496
v      55.87300773     -2.190411616     0.7191828309
v      55.87300773     -2.113238292     0.9414401097
v      55.87300773     -2.016604064      1.152928631
v      55.87300773     -1.901665548      1.352428239
v      55.87300773     -1.769579359       1.53871878
v      55.87300773     -1.621502113      1.710580097
v      55.87300773     -1.458590425      1.866792037
v      55.87300773     -1.282000913      2.006134444
v      55.87300773     -1.092890192      2.127387162
v      55.87300773    -0.8924148766      2.229330037
v      55.87300773    -0.6817315841      2.310742913
v      55.87300773    -0.4619969299      2.370405636
v      55.87300773    -0.2343675299       2.40709805
v      55.87300773                0           2.4196
v      55.87300773     0.2343675299       2.40709805
v      55.87300773     0.4619969299      2.370405636
v      55.87300773     0.6817315841      2.310742913
v      55.87300773     0.8924148766      2.229330037
v      55.87300773      1.092890192      2.127387162
v      55.87300773      1.282000913      2.006134444
v      55.87300773      1.458590425      1.866792037
v      55.87300773      1.621502113      1.710580097
v      55.87300773      1.769579359       1.53871878
v      55.87300773      1.901665548      1.352428239
v      55.87300773      2.016604064      1.152928631
v      55.87300773      2.113238292     0.9414401097
v      55.87300773      2.190411616     0.7191828309
v      55.87300773      2.246967419     0.4873769496
v      55.87300773      2.281749085      0.247242621
v            58.91              2.2                0
v            58.91      2.188632712    -0.2350215028
v            58.91      2.155270457    -0.4632860738
v            58.91      2.101022652    -0.6836338697
v            58.91      2.026998711    -0.8949050472
v            58.91      1.934308049     -1.095939763
v            58.91      1.824060083     -1.285578174
v            58.91      1.697364226     -1.462660437
v            58.91      1.555329895     -1.626026709
v            58.91      1.399066505     -1.774517146
v            58.91      1.229683471     -1.906971905
v            58.91      1.048290208     -2.022231142
v            58.91     0.8559961321     -2.119135016
v            58.91     0.6539106579     -2.196523681
v            58.91      0.443143201     -2.253237296
v            58.91     0.2248031766     -2.288116017
v            58.91                0             -2.3
v            58.91    -0.2248031766     -2.288116017
v            58.91     -0.443143201     -2.253237296
v            58.91    -0.6539106579     -2.196523681
v            58.91    -0.8559961321     -2.119135016
v            58.91     -1.048290208     -2.022231142
v            58.91     -1.229683471     -1.906971905
v            58.91     -1.399066505     -1.774517146
v            58.91     -1.555329895     -1.626026709
v            58.91     -1.697364226     -1.462660437
v            58.91     -1.824060083     -1.285578174
v            58.91     -1.934308049     -1.095939763
v            58.91     -2.026998711    -0.8949050472
v            58.91     -2.101022652    -0.6836338697
v            58.91     -2.155270457    -0.4632860738
v            58.91     -2.188632712    -0.2350215028
v            58.91             -2.2                0
v            58.91     -2.188632712     0.2350215028
v            58.91     -2.155270457     0.4632860738
v            58.91     -2.101022652     0.6836338697
v            58.91     -2.026998711     0.8949050472
v            58.91     -1.934308049      1.095939763
v            58.91     -1.824060083      1.285578174
v            58.91     -1.697364226      1.462660437
v            58.91     -1.555329895      1.626026709
v            58.91     -1.399066505      1.774517146
v            58.91     -1.229683471      1.906971905
v            58.91     -1.048290208      2.022231142
v            58.91    -0.8559961321      2.119135016
v            58.91    -0.6539106579      2.196523681
v            58.91     -0.443143201      2.253237296
v            58.91    -0.2248031766      2.288116017
v            58.91                0              2.3
v            58.91     0.2248031766      2.288116017
v            58.91      0.443143201      2.253237296
v            58.91     0.6539106579      2.196523681
v            58.91     0.8559961321      2.119135016
v            58.91      1.048290208      2.022231142
v            58.91      1.229683471      1.906971905
v            58.91      1.399066505      1.774517146
v            58.91      1.555329895      1.626026709
v            58.91      1.697364226      1.462660437
v            58.91      1.824060083      1.285578174
v            58.91      1.934308049      1.095939763
v            58.91      2.026998711     0.8949050472
v            58.91      2.101022652     0.6836338697
v            58.91      2.155270457     0.4632860738
v            58.91      2.188632712     0.2350215028
v        61.002327      2.138562878                0
v        61.002327      2.127417576    -0.2262491063
v        61.002327       2.09472608    -0.4463214214
v        61.002327      2.041605008    -0.6590551455
v        61.002327      1.969170975    -0.8632884789
v        61.002327      1.878540598     -1.057859622
v        61.002327      1.770830493     -1.241606774
v        61.002327      1.647157276     -1.413368137
v        61.002327      1.508637564     -1.571981909
v        61.002327      1.356387974     -1.716286292
v        61.002327       1.19152512     -1.845119485
v        61.002327      1.015165621     -1.957319689
v        61.002327      0.828426091     -2.051725104
v        61.002327     0.6324231478      -2.12717393
v        61.002327     0.4282734074     -2.182504368
v        61.002327      0.217093486     -2.216554617
v        61.002327 -2.842170943e-17     -2.228162878
v        61.002327     -0.217093486     -2.216554617
v        61.002327    -0.4282734074     -2.182504368
v        61.002327    -0.6324231478      -2.12717393
v        61.002327     -0.828426091     -2.051725104
v        61.002327     -1.015165621     -1.957319689
v        61.002327      -1.19152512     -1.845119485
v        61.002327     -1.356387974     -1.716286292
v        61.002327     -1.508637564     -1.571981909
v        61.002327     -1.647157276     -1.413368137
v        61.002327     -1.770830493     -1.241606774
v        61.002327     -1.878540598     -1.057859622
v        61.002327     -1.969170975    -0.8632884789
v        61.002327     -2.041605008    -0.6590551455
v        61.002327      -2.09472608    -0.4463214214
v        61.002327     -2.127417576    -0.2262491063
v        61.002327     -2.138562878 -2.186124449e-17
v        61.002327     -2.127417576     0.2262491063
v        61.002327      -2.09472608     0.4463214214
v        61.002327     -2.041605008     0.6590551455
v        61.002327     -1.969170975     0.8632884789
v        61.002327     -1.878540598      1.057859622
v        61.002327     -1.770830493      1.241606774
v        61.002327     -1.647157276      1.413368137
v        61.002327     -1.508637564      1.571981909
v        61.002327     -1.356387974      1.716286292
v        61.002327      -1.19152512      1.845119485
v        61.002327     -1.015165621      1.957319689
v        61.002327     -0.828426091      2.051725104
v        61.002327    -0.6324231478       2.12717393
v        61.002327    -0.4282734074      2.182504368
v        61.002327     -0.217093486      2.216554617
v        61.002327 -3.069914027e-17      2.228162878
v        61.002327      0.217093486      2.216554617
v        61.002327     0.4282734074      2.182504368
v        61.002327     0.6324231478       2.12717393
v        61.002327      0.828426091      2.051725104
v        61.002327      1.015165621      1.957319689
v        61.002327       1.19152512      1.845119485
v        61.002327      1.356387974      1.716286292
v        61.002327      1.508637564      1.571981909
v        61.002327      1.647157276      1.413368137
v        61.002327      1.770830493      1.241606774
v        61.002327      1.878540598      1.057859622
v        61.002327      1.969170975     0.8632884789
v        61.002327      2.041605008     0.6590551455
v        61.002327       2.09472608     0.4463214214
v        61.002327      2.127417576     0.2262491063
v      63.20371248      1.927688633                0
v      63.20371248      1.917441995     -0.199303453
v      63.20371248      1.887426508    -0.3938606735
v      63.20371248      1.838728814    -0.5825523424
v      63.20371248      1.772435555    -0.7642591404
v      63.20371248      1.689633374    -0.9378617486
v      63.20371248       1.59140891     -1.102240848
v      63.20371248      1.478848808     -1.256277119
v      63.20371248      1.353039707     -1.398851242
v      63.20371248      1.215068251     -1.528843899
v      63.20371248       1.06602108     -1.645135771
v      63.20371248      0.906984837     -1.746607538
v      63.20371248     0.7390461635     -1.832139881
v      63.20371248     0.5632917012     -1.900613481
v      63.20371248      0.380808092     -1.950909019
v      63.20371248     0.1926819776     -1.981907176
v      63.20371248 -8.526512829e-17     -1.992488633
v      63.20371248    -0.1926819776     -1.981907176
v      63.20371248     -0.380808092     -1.950909019
v      63.20371248    -0.5632917012     -1.900613481
v      63.20371248    -0.7390461635     -1.832139881
v      63.20371248     -0.906984837     -1.746607538
v      63.20371248      -1.06602108     -1.645135771
v      63.20371248     -1.215068251     -1.528843899
v      63.20371248     -1.353039707     -1.398851242
v      63.20371248     -1.478848808     -1.256277119
v      63.20371248      -1.59140891     -1.102240848
v      63.20371248     -1.689633374    -0.9378617486
v      63.20371248     -1.772435555    -0.7642591404
v      63.20371248     -1.838728814    -0.5825523424
v      63.20371248     -1.887426508    -0.3938606735
v      63.20371248     -1.917441995     -0.199303453
v      63.20371248     -1.927688633 -6.558373347e-17
v      63.20371248     -1.917441995      0.199303453
v      63.20371248     -1.887426508     0.3938606735
v      63.20371248     -1.838728814     0.5825523424
v      63.20371248     -1.772435555     0.7642591404
v      63.20371248     -1.689633374     0.9378617486
v      63.20371248      -1.59140891      1.102240848
v      63.20371248     -1.478848808      1.256277119
v      63.20371248     -1.353039707      1.398851242
v      63.20371248     -1.215068251      1.528843899
v      63.20371248      -1.06602108      1.645135771
v      63.20371248     -0.906984837      1.746607538
v      63.20371248    -0.7390461635      1.832139881
v      63.20371248    -0.5632917012      1.900613481
v      63.20371248     -0.380808092      1.950909019
v      63.20371248    -0.1926819776      1.981907176
v      63.20371248 -9.209742082e-17      1.992488633
v      63.20371248     0.1926819776      1.981907176
v      63.20371248      0.380808092      1.950909019
v      63.20371248     0.5632917012      1.900613481
v      63.20371248     0.7390461635      1.832139881
v      63.20371248      0.906984837      1.746607538
v      63.20371248       1.06602108      1.645135771
v      63.20371248      1.215068251      1.528843899
v      63.20371248      1.353039707      1.398851242
v      63.20371248      1.478848808      1.256277119
v      63.20371248       1.59140891      1.102240848
v      63.20371248      1.689633374     0.9378617486
v      63.20371248      1.772435555     0.7642591404
v      63.20371248      1.838728814     0.5825523424
v      63.20371248      1.887426508     0.3938606735
v      63.20371248      1.917441995      0.199303453
v      65.31793446      1.527532949                0
v      65.31793446      1.519210711    -0.1532418478
v      65.31793446      1.494872078    -0.3035536446
v      65.31793446      1.455459177    -0.4499755144
v      65.31793446      1.401914133    -0.5915475814
v      65.31793446       1.33517907    -0.7273099698
v      65.31793446      1.256196114    -0.8563028036
v      65.31793446      1.165907391    -0.9775662069
v      65.31793446      1.065255026     -1.090140304
v      65.31793446     0.9551811429     -1.193065219
v      65.31793446      0.836627868     -1.285381076
v      65.31793446     0.7105373264     -1.366127999
v      65.31793446     0.5778516433     -1.434346112
v      65.31793446     0.4395129439     -1.489075539
v      65.31793446     0.2964633533     -1.529356405
v      65.31793446      0.149644997     -1.554228834
v      65.31793446 -1.278976924e-16     -1.562732949
v      65.31793446     -0.149644997     -1.554228834
v      65.31793446    -0.2964633533     -1.529356405
v      65.31793446    -0.4395129439     -1.489075539
v      65.31793446    -0.5778516433     -1.434346112
v      65.31793446    -0.7105373264     -1.366127999
v      65.31793446     -0.836627868     -1.285381076
v      65.31793446    -0.9551811429     -1.193065219
v      65.31793446     -1.065255026     -1.090140304
v      65.31793446     -1.165907391    -0.9775662069
v      65.31793446     -1.256196114    -0.8563028036
v      65.31793446      -1.33517907    -0.7273099698
v      65.31793446     -1.401914133    -0.5915475814
v      65.31793446     -1.455459177    -0.4499755144
v      65.31793446     -1.494872078    -0.3035536446
v      65.31793446     -1.519210711    -0.1532418478
v      65.31793446     -1.527532949  -9.83756002e-17
v      65.31793446     -1.519210711     0.1532418478
v      65.31793446     -1.494872078     0.3035536446
v      65.31793446     -1.455459177     0.4499755144
v      65.31793446     -1.401914133     0.5915475814
v      65.31793446      -1.33517907     0.7273099698
v      65.31793446     -1.256196114     0.8563028036
v      65.31793446     -1.165907391     0.9775662069
v      65.31793446     -1.065255026      1.090140304
v      65.31793446    -0.9551811429      1.193065219
v      65.31793446     -0.836627868      1.285381076
v      65.31793446    -0.7105373264      1.366127999
v      65.31793446    -0.5778516433      1.434346112
v      65.31793446    -0.4395129439      1.489075539
v      65.31793446    -0.2964633533      1.529356405
v      65.31793446     -0.149644997      1.554228834
v      65.31793446 -1.381461312e-16      1.562732949
v      65.31793446      0.149644997      1.554228834
v      65.31793446     0.2964633533      1.529356405
v      65.31793446     0.4395129439      1.489075539
v      65.31793446     0.5778516433      1.434346112
v      65.31793446     0.7105373264      1.366127999
v      65.31793446      0.836627868      1.285381076
v      65.31793446     0.9551811429      1.193065219
v      65.31793446      1.065255026      1.090140304
v      65.31793446      1.165907391     0.9775662069
v      65.31793446      1.256196114     0.8563028036
v      65.31793446       1.33517907     0.7273099698
v      65.31793446      1.401914133     0.5915475814
v      65.31793446      1.455459177     0.4499755144
v      65.31793446      1.494872078     0.3035536446
v      65.31793446      1.519210711     0.1532418478
v      67.14877096     0.8982515104                0
v      67.14877096     0.8932284652   -0.08712159524
v      67.14877096     0.8785631294    -0.1730501486
v      67.14877096     0.8548612034    -0.2571747156
v      67.14877096     0.8227283872    -0.3388843514
v      67.14877096     0.7827703808    -0.4175681115
v      67.14877096     0.7355928845    -0.4926150512
v      67.14877096     0.6818015984     -0.563414226
v      67.14877096     0.6220022225    -0.6293546911
v      67.14877096      0.556800457     -0.689825502
v      67.14877096     0.4868020021     -0.744215714
v      67.14877096     0.4126125578    -0.7919143825
v      67.14877096     0.3348378242    -0.8323105629
v      67.14877096     0.2540835015    -0.8647933105
v      67.14877096     0.1709552899    -0.8887516807
v      67.14877096    0.08605888931    -0.9035747289
v      67.14877096 -1.136868377e-16    -0.9086515104
v      67.14877096   -0.08605888931    -0.9035747289
v      67.14877096    -0.1709552899    -0.8887516807
v      67.14877096    -0.2540835015    -0.8647933105
v      67.14877096    -0.3348378242    -0.8323105629
v      67.14877096    -0.4126125578    -0.7919143825
v      67.14877096    -0.4868020021     -0.744215714
v      67.14877096     -0.556800457     -0.689825502
v      67.14877096    -0.6220022225    -0.6293546911
v      67.14877096    -0.6818015984     -0.563414226
v      67.14877096    -0.7355928845    -0.4926150512
v      67.14877096    -0.7827703808    -0.4175681115
v      67.14877096    -0.8227283872    -0.3388843514
v      67.14877096    -0.8548612034    -0.2571747156
v      67.14877096    -0.8785631294    -0.1730501486
v      67.14877096    -0.8932284652   -0.08712159524
v      67.14877096    -0.8982515104 -8.744497796e-17
v      67.14877096    -0.8932284652    0.08712159524
v      67.14877096    -0.8785631294     0.1730501486
v      67.14877096    -0.8548612034     0.2571747156
v      67.14877096    -0.8227283872     0.3388843514
v      67.14877096    -0.7827703808     0.4175681115
v      67.14877096    -0.7355928845     0.4926150512
v      67.14877096    -0.6818015984      0.563414226
v      67.14877096    -0.6220022225     0.6293546911
v      67.14877096     -0.556800457      0.689825502
v      67.14877096    -0.4868020021      0.744215714
v      67.14877096    -0.4126125578     0.7919143825
v      67.14877096    -0.3348378242     0.8323105629
v      67.14877096    -0.2540835015     0.8647933105
v      67.14877096    -0.1709552899     0.8887516807
v      67.14877096   -0.08605888931     0.9035747289
v      67.14877096 -1.227965611e-16     0.9086515104
v      67.14877096    0.08605888931     0.9035747289
v      67.14877096     0.1709552899     0.8887516807
v      67.14877096     0.2540835015     0.8647933105
v      67.14877096     0.3348378242     0.8323105629
v      67.14877096     0.4126125578     0.7919143825
v      67.14877096     0.4868020021      0.744215714
v      67.14877096      0.556800457      0.689825502
v      67.14877096     0.6220022225     0.6293546911
v      67.14877096     0.6818015984      0.563414226
v      67.14877096     0.7355928845     0.4926150512
v      67.14877096     0.7827703808     0.4175681115
v      67.14877096     0.8227283872     0.3388843514
v      67.14877096     0.8548612034     0.2571747156
v      67.14877096     0.8785631294     0.1730501486
v      67.14877096     0.8932284652    0.08712159524
v             68.5                0                0
v      7.957326313     0.3953463129              1.6
v      7.957326313     0.3625442915      1.451314618
v              7.5  -6.70759744e-17              1.6
v      7.957326313     0.2749287299       1.32507127
v      7.957326313     0.1486853815      1.237455708
v      7.957326313 -2.131628207e-17      1.204653687
v      7.957326313    -0.1486853815      1.237455708
v      7.957326313    -0.2749287299       1.32507127
v      7.957326313    -0.3625442915      1.451314618
v      7.957326313    -0.3953463129              1.6
v      7.957326313    -0.3625442915      1.748685382
v      7.957326313    -0.2749287299       1.87492873
v      7.957326313    -0.1486853815      1.962544292
v      7.957326313 -4.090555137e-17      1.995346313
v      7.957326313     0.1486853815      1.962544292
v      7.957326313     0.2749287299       1.87492873
v      7.957326313     0.3625442915      1.748685382
v      8.555679602      0.807839602              1.6
v      8.555679602     0.7423862175      1.291460402
v      8.555679602     0.5659772765      1.034022724
v      8.555679602     0.3085395977     0.8576137825
v      8.555679602 -2.398081733e-17      0.792160398
v      8.555679602    -0.3085395977     0.8576137825
v      8.555679602    -0.5659772765      1.034022724
v      8.555679602    -0.7423862175      1.291460402
v      8.555679602     -0.807839602              1.6
v      8.555679602    -0.7423862175      1.908539598
v      8.555679602    -0.5659772765      2.165977276
v      8.555679602    -0.3085395977      2.342386217
v      8.555679602 -4.601874529e-17      2.407839602
v      8.555679602     0.3085395977      2.342386217
v      8.555679602     0.5659772765      2.165977276
v      8.555679602     0.7423862175      1.908539598
v      9.234619735      1.177159735              1.6
v      9.234619735      1.083306589      1.145834603
v      9.234619735     0.8287880348     0.7712119652
v      9.234619735     0.4541653969     0.5166934111
v      9.234619735 -1.598721155e-17     0.4228402653
v      9.234619735    -0.4541653969     0.5166934111
v      9.234619735    -0.8287880348     0.7712119652
v      9.234619735     -1.083306589      1.145834603
v      9.234619735     -1.177159735              1.6
v      9.234619735     -1.083306589      2.054165397
v      9.234619735    -0.8287880348      2.428788035
v      9.234619735    -0.4541653969      2.683306589
v      9.234619735 -3.067916353e-17      2.777159735
v      9.234619735     0.4541653969      2.683306589
v      9.234619735     0.8287880348      2.428788035
v      9.234619735      1.083306589      2.054165397
v      9.933706578      1.442986578              1.6
v      9.933706578      1.329086217      1.039834472
v      9.933706578        1.0190034        0.5809966
v      9.933706578     0.5601655276      0.270913783
v      9.933706578 -5.329070518e-18     0.1570134218
v      9.933706578    -0.5601655276      0.270913783
v      9.933706578       -1.0190034        0.5809966
v      9.933706578     -1.329086217      1.039834472
v      9.933706578     -1.442986578              1.6
v      9.933706578     -1.329086217      2.160165528
v      9.933706578       -1.0190034        2.6190034
v      9.933706578    -0.5601655276      2.929086217
v      9.933706578 -1.022638784e-17      3.042986578
v      9.933706578     0.5601655276      2.929086217
v      9.933706578        1.0190034        2.6190034
v      9.933706578      1.329086217      2.160165528
v          10.5925            1.545              1.6
v          10.5925      1.423505913     0.9988572618
v          10.5925      1.092265767     0.5077342327
v          10.5925     0.6011427382     0.1764940873
v          10.5925                0            0.055
v          10.5925    -0.6011427382     0.1764940873
v          10.5925     -1.092265767     0.5077342327
v          10.5925     -1.423505913     0.9988572618
v          10.5925           -1.545              1.6
v          10.5925     -1.423505913      2.201142738
v          10.5925     -1.092265767      2.692265767
v          10.5925    -0.6011427382      3.023505913
v          10.5925                0            3.145
v          10.5925     0.6011427382      3.023505913
v          10.5925      1.092265767      2.692265767
v          10.5925      1.423505913      2.201142738
v           11.211            1.545              1.6
v           11.211      1.423505913     0.9988572618
v           11.211      1.092265767     0.5077342327
v           11.211     0.6011427382     0.1764940873
v           11.211                0            0.055
v           11.211    -0.6011427382     0.1764940873
v           11.211     -1.092265767     0.5077342327
v           11.211     -1.423505913     0.9988572618
v           11.211           -1.545              1.6
v           11.211     -1.423505913      2.201142738
v           11.211     -1.092265767      2.692265767
v           11.211    -0.6011427382      3.023505913
v           11.211                0            3.145
v           11.211     0.6011427382      3.023505913
v           11.211      1.092265767      2.692265767
v           11.211      1.423505913      2.201142738
v          11.8295            1.545              1.6
v          11.8295      1.423505913     0.9988572618
v          11.8295      1.092265767     0.5077342327
v          11.8295     0.6011427382     0.1764940873
v          11.8295                0            0.055
v          11.8295    -0.6011427382     0.1764940873
v          11.8295     -1.092265767     0.5077342327
v          11.8295     -1.423505913     0.9988572618
v          11.8295           -1.545              1.6
v          11.8295     -1.423505913      2.201142738
v          11.8295     -1.092265767      2.692265767
v          11.8295    -0.6011427382      3.023505913
v          11.8295                0            3.145
v          11.8295     0.6011427382      3.023505913
v          11.8295      1.092265767      2.692265767
v          11.8295      1.423505913      2.201142738
v           12.448            1.545              1.6
v           12.448      1.423505913     0.9988572618
v           12.448      1.092265767     0.5077342327
v           12.448     0.6011427382     0.1764940873
v           12.448                0            0.055
v           12.448    -0.6011427382     0.1764940873
v           12.448     -1.092265767     0.5077342327
v           12.448     -1.423505913     0.9988572618
v           12.448           -1.545              1.6
v           12.448     -1.423505913      2.201142738
v           12.448     -1.092265767      2.692265767
v           12.448    -0.6011427382      3.023505913
v           12.448                0            3.145
v           12.448     0.6011427382      3.023505913
v           12.448      1.092265767      2.692265767
v           12.448      1.423505913      2.201142738
v          13.0665            1.545              1.6
v          13.0665      1.423505913     0.9988572618
v          13.0665      1.092265767     0.5077342327
v          13.0665     0.6011427382     0.1764940873
v          13.0665                0            0.055
v          13.0665    -0.6011427382     0.1764940873
v          13.0665     -1.092265767     0.5077342327
v          13.0665     -1.423505913     0.9988572618
v          13.0665           -1.545              1.6
v          13.0665     -1.423505913      2.201142738
v          13.0665     -1.092265767      2.692265767
v          13.0665    -0.6011427382      3.023505913
v          13.0665                0            3.145
v          13.0665     0.6011427382      3.023505913
v          13.0665      1.092265767      2.692265767
v          13.0665      1.423505913      2.201142738
v           13.685            1.545              1.6
v           13.685      1.423505913     0.9988572618
v           13.685      1.092265767     0.5077342327
v           13.685     0.6011427382     0.1764940873
v           13.685                0            0.055
v           13.685    -0.6011427382     0.1764940873
v           13.685     -1.092265767     0.5077342327
v           13.685     -1.423505913     0.9988572618
v           13.685           -1.545              1.6
v           13.685     -1.423505913      2.201142738
v           13.685     -1.092265767      2.692265767
v           13.685    -0.6011427382      3.023505913
v           13.685                0            3.145
v           13.685     0.6011427382      3.023505913
v           13.685      1.092265767      2.692265767
v           13.685      1.423505913      2.201142738
v          14.3035            1.545              1.6
v          14.3035      1.423505913     0.9988572618
v          14.3035      1.092265767     0.5077342327
v          14.3035     0.6011427382     0.1764940873
v          14.3035                0            0.055
v          14.3035    -0.6011427382     0.1764940873
v          14.3035     -1.092265767     0.5077342327
v          14.3035     -1.423505913     0.9988572618
v          14.3035           -1.545              1.6
v          14.3035     -1.423505913      2.201142738
v          14.3035     -1.092265767      2.692265767
v          14.3035    -0.6011427382      3.023505913
v          14.3035                0            3.145
v          14.3035     0.6011427382      3.023505913
v          14.3035      1.092265767      2.692265767
v          14.3035      1.423505913      2.201142738
v           14.922            1.545              1.6
v           14.922      1.423505913     0.9988572618
v           14.922      1.092265767     0.5077342327
v           14.922     0.6011427382     0.1764940873
v           14.922                0            0.055
v           14.922    -0.6011427382     0.1764940873
v           14.922     -1.092265767     0.5077342327
v           14.922     -1.423505913     0.9988572618
v           14.922           -1.545              1.6
v           14.922     -1.423505913      2.201142738
v           14.922     -1.092265767      2.692265767
v           14.922    -0.6011427382      3.023505913
v           14.922                0            3.145
v           14.922     0.6011427382      3.023505913
v           14.922      1.092265767      2.692265767
v           14.922      1.423505913      2.201142738
v          15.5405            1.545              1.6
v          15.5405      1.423505913     0.9988572618
v          15.5405      1.092265767     0.5077342327
v          15.5405     0.6011427382     0.1764940873
v          15.5405                0            0.055
v          15.5405    -0.6011427382     0.1764940873
v          15.5405     -1.092265767     0.5077342327
v          15.5405     -1.423505913     0.9988572618
v          15.5405           -1.545              1.6
v          15.5405     -1.423505913      2.201142738
v          15.5405     -1.092265767      2.692265767
v          15.5405    -0.6011427382      3.023505913
v          15.5405                0            3.145
v          15.5405     0.6011427382      3.023505913
v          15.5405      1.092265767      2.692265767
v          15.5405      1.423505913      2.201142738
v           16.159            1.545              1.6
v           16.159      1.423505913     0.9988572618
v           16.159      1.092265767     0.5077342327
v           16.159     0.6011427382     0.1764940873
v           16.159                0            0.055
v           16.159    -0.6011427382     0.1764940873
v           16.159     -1.092265767     0.5077342327
v           16.159     -1.423505913     0.9988572618
v           16.159           -1.545              1.6
v           16.159     -1.423505913      2.201142738
v           16.159     -1.092265767      2.692265767
v           16.159    -0.6011427382      3.023505913
v           16.159                0            3.145
v           16.159     0.6011427382      3.023505913
v           16.159      1.092265767      2.692265767
v           16.159      1.423505913      2.201142738
v          16.7775            1.545              1.6
v          16.7775      1.423505913     0.9988572618
v          16.7775      1.092265767     0.5077342327
v          16.7775     0.6011427382     0.1764940873
v          16.7775                0            0.055
v          16.7775    -0.6011427382     0.1764940873
v          16.7775     -1.092265767     0.5077342327
v          16.7775     -1.423505913     0.9988572618
v          16.7775           -1.545              1.6
v          16.7775     -1.423505913      2.201142738
v          16.7775     -1.092265767      2.692265767
v          16.7775    -0.6011427382      3.023505913
v          16.7775                0            3.145
v          16.7775     0.6011427382      3.023505913
v          16.7775      1.092265767      2.692265767
v          16.7775      1.423505913      2.201142738
v      17.43629342      1.442986578              1.6
v      17.43629342      1.329086217      1.039834472
v      17.43629342        1.0190034        0.5809966
v      17.43629342     0.5601655276      0.270913783
v      17.43629342 -5.329070518e-18     0.1570134218
v      17.43629342    -0.5601655276      0.270913783
v      17.43629342       -1.0190034        0.5809966
v      17.43629342     -1.329086217      1.039834472
v      17.43629342     -1.442986578              1.6
v      17.43629342     -1.329086217      2.160165528
v      17.43629342       -1.0190034        2.6190034
v      17.43629342    -0.5601655276      2.929086217
v      17.43629342 -1.022638784e-17      3.042986578
v      17.43629342     0.5601655276      2.929086217
v      17.43629342        1.0190034        2.6190034
v      17.43629342      1.329086217      2.160165528
v      18.13538027      1.177159735              1.6
v      18.13538027      1.083306589      1.145834603
v      18.13538027     0.8287880348     0.7712119652
v      18.13538027     0.4541653969     0.5166934111
v      18.13538027 -1.598721155e-17     0.4228402653
v      18.13538027    -0.4541653969     0.5166934111
v      18.13538027    -0.8287880348     0.7712119652
v      18.13538027     -1.083306589      1.145834603
v      18.13538027     -1.177159735              1.6
v      18.13538027     -1.083306589      2.054165397
v      18.13538027    -0.8287880348      2.428788035
v      18.13538027    -0.4541653969      2.683306589
v      18.13538027 -3.067916353e-17      2.777159735
v      18.13538027     0.4541653969      2.683306589
v      18.13538027     0.8287880348      2.428788035
v      18.13538027      1.083306589      2.054165397
v       18.8143204      0.807839602              1.6
v       18.8143204     0.7423862175      1.291460402
v       18.8143204     0.5659772765      1.034022724
v       18.8143204     0.3085395977     0.8576137825
v       18.8143204 -2.398081733e-17      0.792160398
v       18.8143204    -0.3085395977     0.8576137825
v       18.8143204    -0.5659772765      1.034022724
v       18.8143204    -0.7423862175      1.291460402
v       18.8143204     -0.807839602              1.6
v       18.8143204    -0.7423862175      1.908539598
v       18.8143204    -0.5659772765      2.165977276
v       18.8143204    -0.3085395977      2.342386217
v       18.8143204 -4.601874529e-17      2.407839602
v       18.8143204     0.3085395977      2.342386217
v       18.8143204     0.5659772765      2.165977276
v       18.8143204     0.7423862175      1.908539598
v      19.41267369     0.3953463129              1.6
v      19.41267369     0.3625442915      1.451314618
v      19.41267369     0.2749287299       1.32507127
v      19.41267369     0.1486853815      1.237455708
v      19.41267369 -2.131628207e-17      1.204653687
v      19.41267369    -0.1486853815      1.237455708
v      19.41267369    -0.2749287299       1.32507127
v      19.41267369    -0.3625442915      1.451314618
v      19.41267369    -0.3953463129              1.6
v      19.41267369    -0.3625442915      1.748685382
v      19.41267369    -0.2749287299       1.87492873
v      19.41267369    -0.1486853815      1.962544292
v      19.41267369 -4.090555137e-17      1.995346313
v      19.41267369     0.1486853815      1.962544292
v      19.41267369     0.2749287299       1.87492873
v      19.41267369     0.3625442915      1.748685382
v            19.87                0              1.6
v      20.25732631     0.3953463129              1.6
v      20.25732631     0.3625442915      1.451314618
v             19.8  -6.70759744e-17              1.6
v      20.25732631     0.2749287299       1.32507127
v      20.25732631     0.1486853815      1.237455708
v      20.25732631 -2.131628207e-17      1.204653687
v      20.25732631    -0.1486853815      1.237455708
v      20.25732631    -0.2749287299       1.32507127
v      20.25732631    -0.3625442915      1.451314618
v      20.25732631    -0.3953463129              1.6
v      20.25732631    -0.3625442915      1.748685382
v      20.25732631    -0.2749287299       1.87492873
v      20.25732631    -0.1486853815      1.962544292
v      20.25732631 -4.090555137e-17      1.995346313
v      20.25732631     0.1486853815      1.962544292
v      20.25732631     0.2749287299       1.87492873
v      20.25732631     0.3625442915      1.748685382
v       20.8556796      0.807839602              1.6
v       20.8556796     0.7423862175      1.291460402
v       20.8556796     0.5659772765      1.034022724
v       20.8556796     0.3085395977     0.8576137825
v       20.8556796 -2.398081733e-17      0.792160398
v       20.8556796    -0.3085395977     0.8576137825
v       20.8556796    -0.5659772765      1.034022724
v       20.8556796    -0.7423862175      1.291460402
v       20.8556796     -0.807839602              1.6
v       20.8556796    -0.7423862175      1.908539598
v       20.8556796    -0.5659772765      2.165977276
v       20.8556796    -0.3085395977      2.342386217
v       20.8556796 -4.601874529e-17      2.407839602
v       20.8556796     0.3085395977      2.342386217
v       20.8556796     0.5659772765      2.165977276
v       20.8556796     0.7423862175      1.908539598
v      21.53461973      1.177159735              1.6
v      21.53461973      1.083306589      1.145834603
v      21.53461973     0.8287880348     0.7712119652
v      21.53461973     0.4541653969     0.5166934111
v      21.53461973 -1.598721155e-17     0.4228402653
v      21.53461973    -0.4541653969     0.5166934111
v      21.53461973    -0.8287880348     0.7712119652
v      21.53461973     -1.083306589      1.145834603
v      21.53461973     -1.177159735              1.6
v      21.53461973     -1.083306589      2.054165397
v      21.53461973    -0.8287880348      2.428788035
v      21.53461973    -0.4541653969      2.683306589
v      21.53461973 -3.067916353e-17      2.777159735
v      21.53461973     0.4541653969      2.683306589
v      21.53461973     0.8287880348      2.428788035
v      21.53461973      1.083306589      2.054165397
v      22.23370658      1.442986578              1.6
v      22.23370658      1.329086217      1.039834472
v      22.23370658        1.0190034        0.5809966
v      22.23370658     0.5601655276      0.270913783
v      22.23370658 -5.329070518e-18     0.1570134218
v      22.23370658    -0.5601655276      0.270913783
v      22.23370658       -1.0190034        0.5809966
v      22.23370658     -1.329086217      1.039834472
v      22.23370658     -1.442986578              1.6
v      22.23370658     -1.329086217      2.160165528
v      22.23370658       -1.0190034        2.6190034
v      22.23370658    -0.5601655276      2.929086217
v      22.23370658 -1.022638784e-17      3.042986578
v      22.23370658     0.5601655276      2.929086217
v      22.23370658        1.0190034        2.6190034
v      22.23370658      1.329086217      2.160165528
v          22.8925            1.545              1.6
v          22.8925      1.423505913     0.9988572618
v          22.8925      1.092265767     0.5077342327
v          22.8925     0.6011427382     0.1764940873
v          22.8925                0            0.055
v          22.8925    -0.6011427382     0.1764940873
v          22.8925     -1.092265767     0.5077342327
v          22.8925     -1.423505913     0.9988572618
v          22.8925           -1.545              1.6
v          22.8925     -1.423505913      2.201142738
v          22.8925     -1.092265767      2.692265767
v          22.8925    -0.6011427382      3.023505913
v          22.8925                0            3.145
v          22.8925     0.6011427382      3.023505913
v          22.8925      1.092265767      2.692265767
v          22.8925      1.423505913      2.201142738
v           23.511            1.545              1.6
v           23.511      1.423505913     0.9988572618
v           23.511      1.092265767     0.5077342327
v           23.511     0.6011427382     0.1764940873
v           23.511                0            0.055
v           23.511    -0.6011427382     0.1764940873
v           23.511     -1.092265767     0.5077342327
v           23.511     -1.423505913     0.9988572618
v           23.511           -1.545              1.6
v           23.511     -1.423505913      2.201142738
v           23.511     -1.092265767      2.692265767
v           23.511    -0.6011427382      3.023505913
v           23.511                0            3.145
v           23.511     0.6011427382      3.023505913
v           23.511      1.092265767      2.692265767
v           23.511      1.423505913      2.201142738
v          24.1295            1.545              1.6
v          24.1295      1.423505913     0.9988572618
v          24.1295      1.092265767     0.5077342327
v          24.1295     0.6011427382     0.1764940873
v          24.1295                0            0.055
v          24.1295    -0.6011427382     0.1764940873
v          24.1295     -1.092265767     0.5077342327
v          24.1295     -1.423505913     0.9988572618
v          24.1295           -1.545              1.6
v          24.1295     -1.423505913      2.201142738
v          24.1295     -1.092265767      2.692265767
v          24.1295    -0.6011427382      3.023505913
v          24.1295                0            3.145
v          24.1295     0.6011427382      3.023505913
v          24.1295      1.092265767      2.692265767
v          24.1295      1.423505913      2.201142738
v           24.748            1.545              1.6
v           24.748      1.423505913     0.9988572618
v           24.748      1.092265767     0.5077342327
v           24.748     0.6011427382     0.1764940873
v           24.748                0            0.055
v           24.748    -0.6011427382     0.1764940873
v           24.748     -1.092265767     0.5077342327
v           24.748     -1.423505913     0.9988572618
v           24.748           -1.545              1.6
v           24.748     -1.423505913      2.201142738
v           24.748     -1.092265767      2.692265767
v           24.748    -0.6011427382      3.023505913
v           24.748                0            3.145
v           24.748     0.6011427382      3.023505913
v           24.748      1.092265767      2.692265767
v           24.748      1.423505913      2.201142738
v          25.3665            1.545              1.6
v          25.3665      1.423505913     0.9988572618
v          25.3665      1.092265767     0.5077342327
v          25.3665     0.6011427382     0.1764940873
v          25.3665                0            0.055
v          25.3665    -0.6011427382     0.1764940873
v          25.3665     -1.092265767     0.5077342327
v          25.3665     -1.423505913     0.9988572618
v          25.3665           -1.545              1.6
v          25.3665     -1.423505913      2.201142738
v          25.3665     -1.092265767      2.692265767
v          25.3665    -0.6011427382      3.023505913
v          25.3665                0            3.145
v          25.3665     0.6011427382      3.023505913
v          25.3665      1.092265767      2.692265767
v          25.3665      1.423505913      2.201142738
v           25.985            1.545              1.6
v           25.985      1.423505913     0.9988572618
v           25.985      1.092265767     0.5077342327
v           25.985     0.6011427382     0.1764940873
v           25.985                0            0.055
v           25.985    -0.6011427382     0.1764940873
v           25.985     -1.092265767     0.5077342327
v           25.985     -1.423505913     0.9988572618
v           25.985           -1.545              1.6
v           25.985     -1.423505913      2.201142738
v           25.985     -1.092265767      2.692265767
v           25.985    -0.6011427382      3.023505913
v           25.985                0            3.145
v           25.985     0.6011427382      3.023505913
v           25.985      1.092265767      2.692265767
v           25.985      1.423505913      2.201142738
v          26.6035            1.545              1.6
v          26.6035      1.423505913     0.9988572618
v          26.6035      1.092265767     0.5077342327
v          26.6035     0.6011427382     0.1764940873
v          26.6035                0            0.055
v          26.6035    -0.6011427382     0.1764940873
v          26.6035     -1.092265767     0.5077342327
v          26.6035     -1.423505913     0.9988572618
v          26.6035           -1.545              1.6
v          26.6035     -1.423505913      2.201142738
v          26.6035     -1.092265767      2.692265767
v          26.6035    -0.6011427382      3.023505913
v          26.6035                0            3.145
v          26.6035     0.6011427382      3.023505913
v          26.6035      1.092265767      2.692265767
v          26.6035      1.423505913      2.201142738
v           27.222            1.545              1.6
v           27.222      1.423505913     0.9988572618
v           27.222      1.092265767     0.5077342327
v           27.222     0.6011427382     0.1764940873
v           27.222                0            0.055
v           27.222    -0.6011427382     0.1764940873
v           27.222     -1.092265767     0.5077342327
v           27.222     -1.423505913     0.9988572618
v           27.222           -1.545              1.6
v           27.222     -1.423505913      2.201142738
v           27.222     -1.092265767      2.692265767
v           27.222    -0.6011427382      3.023505913
v           27.222                0            3.145
v           27.222     0.6011427382      3.023505913
v           27.222      1.092265767      2.692265767
v           27.222      1.423505913      2.201142738
v          27.8405            1.545              1.6
v          27.8405      1.423505913     0.9988572618
v          27.8405      1.092265767     0.5077342327
v          27.8405     0.6011427382     0.1764940873
v          27.8405                0            0.055
v          27.8405    -0.6011427382     0.1764940873
v          27.8405     -1.092265767     0.5077342327
v          27.8405     -1.423505913     0.9988572618
v          27.8405           -1.545              1.6
v          27.8405     -1.423505913      2.201142738
v          27.8405     -1.092265767      2.692265767
v          27.8405    -0.6011427382      3.023505913
v          27.8405                0            3.145
v          27.8405     0.6011427382      3.023505913
v          27.8405      1.092265767      2.692265767
v          27.8405      1.423505913      2.201142738
v           28.459            1.545              1.6
v           28.459      1.423505913     0.9988572618
v           28.459      1.092265767     0.5077342327
v           28.459     0.6011427382     0.1764940873
v           28.459                0            0.055
v           28.459    -0.6011427382     0.1764940873
v           28.459     -1.092265767     0.5077342327
v           28.459     -1.423505913     0.9988572618
v           28.459           -1.545              1.6
v           28.459     -1.423505913      2.201142738
v           28.459     -1.092265767      2.692265767
v           28.459    -0.6011427382      3.023505913
v           28.459                0            3.145
v           28.459     0.6011427382      3.023505913
v           28.459      1.092265767      2.692265767
v           28.459      1.423505913      2.201142738
v          29.0775            1.545              1.6
v          29.0775      1.423505913     0.9988572618
v          29.0775      1.092265767     0.5077342327
v          29.0775     0.6011427382     0.1764940873
v          29.0775                0            0.055
v          29.0775    -0.6011427382     0.1764940873
v          29.0775     -1.092265767     0.5077342327
v          29.0775     -1.423505913     0.9988572618
v          29.0775           -1.545              1.6
v          29.0775     -1.423505913      2.201142738
v          29.0775     -1.092265767      2.692265767
v          29.0775    -0.6011427382      3.023505913
v          29.0775                0            3.145
v          29.0775     0.6011427382      3.023505913
v          29.0775      1.092265767      2.692265767
v          29.0775      1.423505913      2.201142738
v      29.73629342      1.442986578              1.6
v      29.73629342      1.329086217      1.039834472
v      29.73629342        1.0190034        0.5809966
v      29.73629342     0.5601655276      0.270913783
v      29.73629342 -5.329070518e-18     0.1570134218
v      29.73629342    -0.5601655276      0.270913783
v      29.73629342       -1.0190034        0.5809966
v      29.73629342     -1.329086217      1.039834472
v      29.73629342     -1.442986578              1.6
v      29.73629342     -1.329086217      2.160165528
v      29.73629342       -1.0190034        2.6190034
v      29.73629342    -0.5601655276      2.929086217
v      29.73629342 -1.022638784e-17      3.042986578
v      29.73629342     0.5601655276      2.929086217
v      29.73629342        1.0190034        2.6190034
v      29.73629342      1.329086217      2.160165528
v      30.43538027      1.177159735              1.6
v      30.43538027      1.083306589      1.145834603
v      30.43538027     0.8287880348     0.7712119652
v      30.43538027     0.4541653969     0.5166934111
v      30.43538027 -1.598721155e-17     0.4228402653
v      30.43538027    -0.4541653969     0.5166934111
v      30.43538027    -0.8287880348     0.7712119652
v      30.43538027     -1.083306589      1.145834603
v      30.43538027     -1.177159735              1.6
v      30.43538027     -1.083306589      2.054165397
v      30.43538027    -0.8287880348      2.428788035
v      30.43538027    -0.4541653969      2.683306589
v      30.43538027 -3.067916353e-17      2.777159735
v      30.43538027     0.4541653969      2.683306589
v      30.43538027     0.8287880348      2.428788035
v      30.43538027      1.083306589      2.054165397
v       31.1143204      0.807839602              1.6
v       31.1143204     0.7423862175      1.291460402
v       31.1143204     0.5659772765      1.034022724
v       31.1143204     0.3085395977     0.8576137825
v       31.1143204 -2.398081733e-17      0.792160398
v       31.1143204    -0.3085395977     0.8576137825
v       31.1143204    -0.5659772765      1.034022724
v       31.1143204    -0.7423862175      1.291460402
v       31.1143204     -0.807839602              1.6
v       31.1143204    -0.7423862175      1.908539598
v       31.1143204    -0.5659772765      2.165977276
v       31.1143204    -0.3085395977      2.342386217
v       31.1143204 -4.601874529e-17      2.407839602
v       31.1143204     0.3085395977      2.342386217
v       31.1143204     0.5659772765      2.165977276
v       31.1143204     0.7423862175      1.908539598
v      31.71267369     0.3953463129              1.6
v      31.71267369     0.3625442915      1.451314618
v      31.71267369     0.2749287299       1.32507127
v      31.71267369     0.1486853815      1.237455708
v      31.71267369 -2.131628207e-17      1.204653687
v      31.71267369    -0.1486853815      1.237455708
v      31.71267369    -0.2749287299       1.32507127
v      31.71267369    -0.3625442915      1.451314618
v      31.71267369    -0.3953463129              1.6
v      31.71267369    -0.3625442915      1.748685382
v      31.71267369    -0.2749287299       1.87492873
v      31.71267369    -0.1486853815      1.962544292
v      31.71267369 -4.090555137e-17      1.995346313
v      31.71267369     0.1486853815      1.962544292
v      31.71267369     0.2749287299       1.87492873
v      31.71267369     0.3625442915      1.748685382
v            32.17                0              1.6
v      32.55732631     0.3953463129              1.6
v      32.55732631     0.3625442915      1.451314618
v             32.1  -6.70759744e-17              1.6
v      32.55732631     0.2749287299       1.32507127
v      32.55732631     0.1486853815      1.237455708
v      32.55732631 -2.131628207e-17      1.204653687
v      32.55732631    -0.1486853815      1.237455708
v      32.55732631    -0.2749287299       1.32507127
v      32.55732631    -0.3625442915      1.451314618
v      32.55732631    -0.3953463129              1.6
v      32.55732631    -0.3625442915      1.748685382
v      32.55732631    -0.2749287299       1.87492873
v      32.55732631    -0.1486853815      1.962544292
v      32.55732631 -4.090555137e-17      1.995346313
v      32.55732631     0.1486853815      1.962544292
v      32.55732631     0.2749287299       1.87492873
v      32.55732631     0.3625442915      1.748685382
v       33.1556796      0.807839602              1.6
v       33.1556796     0.7423862175      1.291460402
v       33.1556796     0.5659772765      1.034022724
v       33.1556796     0.3085395977     0.8576137825
v       33.1556796 -2.398081733e-17      0.792160398
v       33.1556796    -0.3085395977     0.8576137825
v       33.1556796    -0.5659772765      1.034022724
v       33.1556796    -0.7423862175      1.291460402
v       33.1556796     -0.807839602              1.6
v       33.1556796    -0.7423862175      1.908539598
v       33.1556796    -0.5659772765      2.165977276
v       33.1556796    -0.3085395977      2.342386217
v       33.1556796 -4.601874529e-17      2.407839602
v       33.1556796     0.3085395977      2.342386217
v       33.1556796     0.5659772765      2.165977276
v       33.1556796     0.7423862175      1.908539598
v      33.83461973      1.177159735              1.6
v      33.83461973      1.083306589      1.145834603
v      33.83461973     0.8287880348     0.7712119652
v      33.83461973     0.4541653969     0.5166934111
v      33.83461973 -1.598721155e-17     0.4228402653
v      33.83461973    -0.4541653969     0.5166934111
v      33.83461973    -0.8287880348     0.7712119652
v      33.83461973     -1.083306589      1.145834603
v      33.83461973     -1.177159735              1.6
v      33.83461973     -1.083306589      2.054165397
v      33.83461973    -0.8287880348      2.428788035
v      33.83461973    -0.4541653969      2.683306589
v      33.83461973 -3.067916353e-17      2.777159735
v      33.83461973     0.4541653969      2.683306589
v      33.83461973     0.8287880348      2.428788035
v      33.83461973      1.083306589      2.054165397
v      34.53370658      1.442986578              1.6
v      34.53370658      1.329086217      1.039834472
v      34.53370658        1.0190034        0.5809966
v      34.53370658     0.5601655276      0.270913783
v      34.53370658 -5.329070518e-18     0.1570134218
v      34.53370658    -0.5601655276      0.270913783
v      34.53370658       -1.0190034        0.5809966
v      34.53370658     -1.329086217      1.039834472
v      34.53370658     -1.442986578              1.6
v      34.53370658     -1.329086217      2.160165528
v      34.53370658       -1.0190034        2.6190034
v      34.53370658    -0.5601655276      2.929086217
v      34.53370658 -1.022638784e-17      3.042986578
v      34.53370658     0.5601655276      2.929086217
v      34.53370658        1.0190034        2.6190034
v      34.53370658      1.329086217      2.160165528
v          35.1925            1.545              1.6
v          35.1925      1.423505913     0.9988572618
v          35.1925      1.092265767     0.5077342327
v          35.1925     0.6011427382     0.1764940873
v          35.1925                0            0.055
v          35.1925    -0.6011427382     0.1764940873
v          35.1925     -1.092265767     0.5077342327
v          35.1925     -1.423505913     0.9988572618
v          35.1925           -1.545              1.6
v          35.1925     -1.423505913      2.201142738
v          35.1925     -1.092265767      2.692265767
v          35.1925    -0.6011427382      3.023505913
v          35.1925                0            3.145
v          35.1925     0.6011427382      3.023505913
v          35.1925      1.092265767      2.692265767
v          35.1925      1.423505913      2.201142738
v           35.811            1.545              1.6
v           35.811      1.423505913     0.9988572618
v           35.811      1.092265767     0.5077342327
v           35.811     0.6011427382     0.1764940873
v           35.811                0            0.055
v           35.811    -0.6011427382     0.1764940873
v           35.811     -1.092265767     0.5077342327
v           35.811     -1.423505913     0.9988572618
v           35.811           -1.545              1.6
v           35.811     -1.423505913      2.201142738
v           35.811     -1.092265767      2.692265767
v           35.811    -0.6011427382      3.023505913
v           35.811                0            3.145
v           35.811     0.6011427382      3.023505913
v           35.811      1.092265767      2.692265767
v           35.811      1.423505913      2.201142738
v          36.4295            1.545              1.6
v          36.4295      1.423505913     0.9988572618
v          36.4295      1.092265767     0.5077342327
v          36.4295     0.6011427382     0.1764940873
v          36.4295                0            0.055
v          36.4295    -0.6011427382     0.1764940873
v          36.4295     -1.092265767     0.5077342327
v          36.4295     -1.423505913     0.9988572618
v          36.4295           -1.545              1.6
v          36.4295     -1.423505913      2.201142738
v          36.4295     -1.092265767      2.692265767
v          36.4295    -0.6011427382      3.023505913
v          36.4295                0            3.145
v          36.4295     0.6011427382      3.023505913
v          36.4295      1.092265767      2.692265767
v          36.4295      1.423505913      2.201142738
v           37.048            1.545              1.6
v           37.048      1.423505913     0.9988572618
v           37.048      1.092265767     0.5077342327
v           37.048     0.6011427382     0.1764940873
v           37.048                0            0.055
v           37.048    -0.6011427382     0.1764940873
v           37.048     -1.092265767     0.5077342327
v           37.048     -1.423505913     0.9988572618
v           37.048           -1.545              1.6
v           37.048     -1.423505913      2.201142738
v           37.048     -1.092265767      2.692265767
v           37.048    -0.6011427382      3.023505913
v           37.048                0            3.145
v           37.048     0.6011427382      3.023505913
v           37.048      1.092265767      2.692265767
v           37.048      1.423505913      2.201142738
v          37.6665            1.545              1.6
v          37.6665      1.423505913     0.9988572618
v          37.6665      1.092265767     0.5077342327
v          37.6665     0.6011427382     0.1764940873
v          37.6665                0            0.055
v          37.6665    -0.6011427382     0.1764940873
v          37.6665     -1.092265767     0.5077342327
v          37.6665     -1.423505913     0.9988572618
v          37.6665           -1.545              1.6
v          37.6665     -1.423505913      2.201142738
v          37.6665     -1.092265767      2.692265767
v          37.6665    -0.6011427382      3.023505913
v          37.6665                0            3.145
v          37.6665     0.6011427382      3.023505913
v          37.6665      1.092265767      2.692265767
v          37.6665      1.423505913      2.201142738
v           38.285            1.545              1.6
v           38.285      1.423505913     0.9988572618
v           38.285      1.092265767     0.5077342327
v           38.285     0.6011427382     0.1764940873
v           38.285                0            0.055
v           38.285    -0.6011427382     0.1764940873
v           38.285     -1.092265767     0.5077342327
v           38.285     -1.423505913     0.9988572618
v           38.285           -1.545              1.6
v           38.285     -1.423505913      2.201142738
v           38.285     -1.092265767      2.692265767
v           38.285    -0.6011427382      3.023505913
v           38.285                0            3.145
v           38.285     0.6011427382      3.023505913
v           38.285      1.092265767      2.692265767
v           38.285      1.423505913      2.201142738
v          38.9035            1.545              1.6
v          38.9035      1.423505913     0.9988572618
v          38.9035      1.092265767     0.5077342327
v          38.9035     0.6011427382     0.1764940873
v          38.9035                0            0.055
v          38.9035    -0.6011427382     0.1764940873
v          38.9035     -1.092265767     0.5077342327
v          38.9035     -1.423505913     0.9988572618
v          38.9035           -1.545              1.6
v          38.9035     -1.423505913      2.201142738
v          38.9035     -1.092265767      2.692265767
v          38.9035    -0.6011427382      3.023505913
v          38.9035                0            3.145
v          38.9035     0.6011427382      3.023505913
v          38.9035      1.092265767      2.692265767
v          38.9035      1.423505913      2.201142738
v           39.522            1.545              1.6
v           39.522      1.423505913     0.9988572618
v           39.522      1.092265767     0.5077342327
v           39.522     0.6011427382     0.1764940873
v           39.522                0            0.055
v           39.522    -0.6011427382     0.1764940873
v           39.522     -1.092265767     0.5077342327
v           39.522     -1.423505913     0.9988572618
v           39.522           -1.545              1.6
v           39.522     -1.423505913      2.201142738
v           39.522     -1.092265767      2.692265767
v           39.522    -0.6011427382      3.023505913
v           39.522                0            3.145
v           39.522     0.6011427382      3.023505913
v           39.522      1.092265767      2.692265767
v           39.522      1.423505913      2.201142738
v          40.1405            1.545              1.6
v          40.1405      1.423505913     0.9988572618
v          40.1405      1.092265767     0.5077342327
v          40.1405     0.6011427382     0.1764940873
v          40.1405                0            0.055
v          40.1405    -0.6011427382     0.1764940873
v          40.1405     -1.092265767     0.5077342327
v          40.1405     -1.423505913     0.9988572618
v          40.1405           -1.545              1.6
v          40.1405     -1.423505913      2.201142738
v          40.1405     -1.092265767      2.692265767
v          40.1405    -0.6011427382      3.023505913
v          40.1405                0            3.145
v          40.1405     0.6011427382      3.023505913
v          40.1405      1.092265767      2.692265767
v          40.1405      1.423505913      2.201142738
v           40.759            1.545              1.6
v           40.759      1.423505913     0.9988572618
v           40.759      1.092265767     0.5077342327
v           40.759     0.6011427382     0.1764940873
v           40.759                0            0.055
v           40.759    -0.6011427382     0.1764940873
v           40.759     -1.092265767     0.5077342327
v           40.759     -1.423505913     0.9988572618
v           40.759           -1.545              1.6
v           40.759     -1.423505913      2.201142738
v           40.759     -1.092265767      2.692265767
v           40.759    -0.6011427382      3.023505913
v           40.759                0            3.145
v           40.759     0.6011427382      3.023505913
v           40.759      1.092265767      2.692265767
v           40.759      1.423505913      2.201142738
v          41.3775            1.545              1.6
v          41.3775      1.423505913     0.9988572618
v          41.3775      1.092265767     0.5077342327
v          41.3775     0.6011427382     0.1764940873
v          41.3775                0            0.055
v          41.3775    -0.6011427382     0.1764940873
v          41.3775     -1.092265767     0.5077342327
v          41.3775     -1.423505913     0.9988572618
v          41.3775           -1.545              1.6
v          41.3775     -1.423505913      2.201142738
v          41.3775     -1.092265767      2.692265767
v          41.3775    -0.6011427382      3.023505913
v          41.3775                0            3.145
v          41.3775     0.6011427382      3.023505913
v          41.3775      1.092265767      2.692265767
v          41.3775      1.423505913      2.201142738
v      42.03629342      1.442986578              1.6
v      42.03629342      1.329086217      1.039834472
v      42.03629342        1.0190034        0.5809966
v      42.03629342     0.5601655276      0.270913783
v      42.03629342 -5.329070518e-18     0.1570134218
v      42.03629342    -0.5601655276      0.270913783
v      42.03629342       -1.0190034        0.5809966
v      42.03629342     -1.329086217      1.039834472
v      42.03629342     -1.442986578              1.6
v      42.03629342     -1.329086217      2.160165528
v      42.03629342       -1.0190034        2.6190034
v      42.03629342    -0.5601655276      2.929086217
v      42.03629342 -1.022638784e-17      3.042986578
v      42.03629342     0.5601655276      2.929086217
v      42.03629342        1.0190034        2.6190034
v      42.03629342      1.329086217      2.160165528
v      42.73538027      1.177159735              1.6
v      42.73538027      1.083306589      1.145834603
v      42.73538027     0.8287880348     0.7712119652
v      42.73538027     0.4541653969     0.5166934111
v      42.73538027 -1.598721155e-17     0.4228402653
v      42.73538027    -0.4541653969     0.5166934111
v      42.73538027    -0.8287880348     0.7712119652
v      42.73538027     -1.083306589      1.145834603
v      42.73538027     -1.177159735              1.6
v      42.73538027     -1.083306589      2.054165397
v      42.73538027    -0.8287880348      2.428788035
v      42.73538027    -0.4541653969      2.683306589
v      42.73538027 -3.067916353e-17      2.777159735
v      42.73538027     0.4541653969      2.683306589
v      42.73538027     0.8287880348      2.428788035
v      42.73538027      1.083306589      2.054165397
v       43.4143204      0.807839602              1.6
v       43.4143204     0.7423862175      1.291460402
v       43.4143204     0.5659772765      1.034022724
v       43.4143204     0.3085395977     0.8576137825
v       43.4143204 -2.398081733e-17      0.792160398
v       43.4143204    -0.3085395977     0.8576137825
v       43.4143204    -0.5659772765      1.034022724
v       43.4143204    -0.7423862175      1.291460402
v       43.4143204     -0.807839602              1.6
v       43.4143204    -0.7423862175      1.908539598
v       43.4143204    -0.5659772765      2.165977276
v       43.4143204    -0.3085395977      2.342386217
v       43.4143204 -4.601874529e-17      2.407839602
v       43.4143204     0.3085395977      2.342386217
v       43.4143204     0.5659772765      2.165977276
v       43.4143204     0.7423862175      1.908539598
v      44.01267369     0.3953463129              1.6
v      44.01267369     0.3625442915      1.451314618
v      44.01267369     0.2749287299       1.32507127
v      44.01267369     0.1486853815      1.237455708
v      44.01267369 -2.131628207e-17      1.204653687
v      44.01267369    -0.1486853815      1.237455708
v      44.01267369    -0.2749287299       1.32507127
v      44.01267369    -0.3625442915      1.451314618
v      44.01267369    -0.3953463129              1.6
v      44.01267369    -0.3625442915      1.748685382
v      44.01267369    -0.2749287299       1.87492873
v      44.01267369    -0.1486853815      1.962544292
v      44.01267369 -4.090555137e-17      1.995346313
v      44.01267369     0.1486853815      1.962544292
v      44.01267369     0.2749287299       1.87492873
v      44.01267369     0.3625442915      1.748685382
v            44.47                0              1.6
v      44.85732631     0.3953463129              1.6
v      44.85732631     0.3625442915      1.451314618
v             44.4  -6.70759744e-17              1.6
v      44.85732631     0.2749287299       1.32507127
v      44.85732631     0.1486853815      1.237455708
v      44.85732631 -2.131628207e-17      1.204653687
v      44.85732631    -0.1486853815      1.237455708
v      44.85732631    -0.2749287299       1.32507127
v      44.85732631    -0.3625442915      1.451314618
v      44.85732631    -0.3953463129              1.6
v      44.85732631    -0.3625442915      1.748685382
v      44.85732631    -0.2749287299       1.87492873
v      44.85732631    -0.1486853815      1.962544292
v      44.85732631 -4.090555137e-17      1.995346313
v      44.85732631     0.1486853815      1.962544292
v      44.85732631     0.2749287299       1.87492873
v      44.85732631     0.3625442915      1.748685382
v       45.4556796      0.807839602              1.6
v       45.4556796     0.7423862175      1.291460402
v       45.4556796     0.5659772765      1.034022724
v       45.4556796     0.3085395977     0.8576137825
v       45.4556796 -2.398081733e-17      0.792160398
v       45.4556796    -0.3085395977     0.8576137825
v       45.4556796    -0.5659772765      1.034022724
v       45.4556796    -0.7423862175      1.291460402
v       45.4556796     -0.807839602              1.6
v       45.4556796    -0.7423862175      1.908539598
v       45.4556796    -0.5659772765      2.165977276
v       45.4556796    -0.3085395977      2.342386217
v       45.4556796 -4.601874529e-17      2.407839602
v       45.4556796     0.3085395977      2.342386217
v       45.4556796     0.5659772765      2.165977276
v       45.4556796     0.7423862175      1.908539598
v      46.13461973      1.177159735              1.6
v      46.13461973      1.083306589      1.145834603
v      46.13461973     0.8287880348     0.7712119652
v      46.13461973     0.4541653969     0.5166934111
v      46.13461973 -1.598721155e-17     0.4228402653
v      46.13461973    -0.4541653969     0.5166934111
v      46.13461973    -0.8287880348     0.7712119652
v      46.13461973     -1.083306589      1.145834603
v      46.13461973     -1.177159735              1.6
v      46.13461973     -1.083306589      2.054165397
v      46.13461973    -0.8287880348      2.428788035
v      46.13461973    -0.4541653969      2.683306589
v      46.13461973 -3.067916353e-17      2.777159735
v      46.13461973     0.4541653969      2.683306589
v      46.13461973     0.8287880348      2.428788035
v      46.13461973      1.083306589      2.054165397
v      46.83370658      1.442986578              1.6
v      46.83370658      1.329086217      1.039834472
v      46.83370658        1.0190034        0.5809966
v      46.83370658     0.5601655276      0.270913783
v      46.83370658 -5.329070518e-18     0.1570134218
v      46.83370658    -0.5601655276      0.270913783
v      46.83370658       -1.0190034        0.5809966
v      46.83370658     -1.329086217      1.039834472
v      46.83370658     -1.442986578              1.6
v      46.83370658     -1.329086217      2.160165528
v      46.83370658       -1.0190034        2.6190034
v      46.83370658    -0.5601655276      2.929086217
v      46.83370658 -1.022638784e-17      3.042986578
v      46.83370658     0.5601655276      2.929086217
v      46.83370658        1.0190034        2.6190034
v      46.83370658      1.329086217      2.160165528
v          47.4925            1.545              1.6
v          47.4925      1.423505913     0.9988572618
v          47.4925      1.092265767     0.5077342327
v          47.4925     0.6011427382     0.1764940873
v          47.4925                0            0.055
v          47.4925    -0.6011427382     0.1764940873
v          47.4925     -1.092265767     0.5077342327
v          47.4925     -1.423505913     0.9988572618
v          47.4925           -1.545              1.6
v          47.4925     -1.423505913      2.201142738
v          47.4925     -1.092265767      2.692265767
v          47.4925    -0.6011427382      3.023505913
v          47.4925                0            3.145
v          47.4925     0.6011427382      3.023505913
v          47.4925      1.092265767      2.692265767
v          47.4925      1.423505913      2.201142738
v           48.111            1.545              1.6
v           48.111      1.423505913     0.9988572618
v           48.111      1.092265767     0.5077342327
v           48.111     0.6011427382     0.1764940873
v           48.111                0            0.055
v           48.111    -0.6011427382     0.1764940873
v           48.111     -1.092265767     0.5077342327
v           48.111     -1.423505913     0.9988572618
v           48.111           -1.545              1.6
v           48.111     -1.423505913      2.201142738
v           48.111     -1.092265767      2.692265767
v           48.111    -0.6011427382      3.023505913
v           48.111                0            3.145
v           48.111     0.6011427382      3.023505913
v           48.111      1.092265767      2.692265767
v           48.111      1.423505913      2.201142738
v          48.7295            1.545              1.6
v          48.7295      1.423505913     0.9988572618
v          48.7295      1.092265767     0.5077342327
v          48.7295     0.6011427382     0.1764940873
v          48.7295                0            0.055
v          48.7295    -0.6011427382     0.1764940873
v          48.7295     -1.092265767     0.5077342327
v          48.7295     -1.423505913     0.9988572618
v          48.7295           -1.545              1.6
v          48.7295     -1.423505913      2.201142738
v          48.7295     -1.092265767      2.692265767
v          48.7295    -0.6011427382      3.023505913
v          48.7295                0            3.145
v          48.7295     0.6011427382      3.023505913
v          48.7295      1.092265767      2.692265767
v          48.7295      1.423505913      2.201142738
v           49.348            1.545              1.6
v           49.348      1.423505913     0.9988572618
v           49.348      1.092265767     0.5077342327
v           49.348     0.6011427382     0.1764940873
v           49.348                0            0.055
v           49.348    -0.6011427382     0.1764940873
v           49.348     -1.092265767     0.5077342327
v           49.348     -1.423505913     0.9988572618
v           49.348           -1.545              1.6
v           49.348     -1.423505913      2.201142738
v           49.348     -1.092265767      2.692265767
v           49.348    -0.6011427382      3.023505913
v           49.348                0            3.145
v           49.348     0.6011427382      3.023505913
v           49.348      1.092265767      2.692265767
v           49.348      1.423505913      2.201142738
v          49.9665            1.545              1.6
v          49.9665      1.423505913     0.9988572618
v          49.9665      1.092265767     0.5077342327
v          49.9665     0.6011427382     0.1764940873
v          49.9665                0            0.055
v          49.9665    -0.6011427382     0.1764940873
v          49.9665     -1.092265767     0.5077342327
v          49.9665     -1.423505913     0.9988572618
v          49.9665           -1.545              1.6
v          49.9665     -1.423505913      2.201142738
v          49.9665     -1.092265767      2.692265767
v          49.9665    -0.6011427382      3.023505913
v          49.9665                0            3.145
v          49.9665     0.6011427382      3.023505913
v          49.9665      1.092265767      2.692265767
v          49.9665      1.423505913      2.201142738
v           50.585            1.545              1.6
v           50.585      1.423505913     0.9988572618
v           50.585      1.092265767     0.5077342327
v           50.585     0.6011427382     0.1764940873
v           50.585                0            0.055
v           50.585    -0.6011427382     0.1764940873
v           50.585     -1.092265767     0.5077342327
v           50.585     -1.423505913     0.9988572618
v           50.585           -1.545              1.6
v           50.585     -1.423505913      2.201142738
v           50.585     -1.092265767      2.692265767
v           50.585    -0.6011427382      3.023505913
v           50.585                0            3.145
v           50.585     0.6011427382      3.023505913
v           50.585      1.092265767      2.692265767
v           50.585      1.423505913      2.201142738
v          51.2035            1.545              1.6
v          51.2035      1.423505913     0.9988572618
v          51.2035      1.092265767     0.5077342327
v          51.2035     0.6011427382     0.1764940873
v          51.2035                0            0.055
v          51.2035    -0.6011427382     0.1764940873
v          51.2035     -1.092265767     0.5077342327
v          51.2035     -1.423505913     0.9988572618
v          51.2035           -1.545              1.6
v          51.2035     -1.423505913      2.201142738
v          51.2035     -1.092265767      2.692265767
v          51.2035    -0.6011427382      3.023505913
v          51.2035                0            3.145
v          51.2035     0.6011427382      3.023505913
v          51.2035      1.092265767      2.692265767
v          51.2035      1.423505913      2.201142738
v           51.822            1.545              1.6
v           51.822      1.423505913     0.9988572618
v           51.822      1.092265767     0.5077342327
v           51.822     0.6011427382     0.1764940873
v           51.822                0            0.055
v           51.822    -0.6011427382     0.1764940873
v           51.822     -1.092265767     0.5077342327
v           51.822     -1.423505913     0.9988572618
v           51.822           -1.545              1.6
v           51.822     -1.423505913      2.201142738
v           51.822     -1.092265767      2.692265767
v           51.822    -0.6011427382      3.023505913
v           51.822                0            3.145
v           51.822     0.6011427382      3.023505913
v           51.822      1.092265767      2.692265767
v           51.822      1.423505913      2.201142738
v          52.4405            1.545              1.6
v          52.4405      1.423505913     0.9988572618
v          52.4405      1.092265767     0.5077342327
v          52.4405     0.6011427382     0.1764940873
v          52.4405                0            0.055
v          52.4405    -0.6011427382     0.1764940873
v          52.4405     -1.092265767     0.5077342327
v          52.4405     -1.423505913     0.9988572618
v          52.4405           -1.545              1.6
v          52.4405     -1.423505913      2.201142738
v          52.4405     -1.092265767      2.692265767
v          52.4405    -0.6011427382      3.023505913
v          52.4405                0            3.145
v          52.4405     0.6011427382      3.023505913
v          52.4405      1.092265767      2.692265767
v          52.4405      1.423505913      2.201142738
v           53.059            1.545              1.6
v           53.059      1.423505913     0.9988572618
v           53.059      1.092265767     0.5077342327
v           53.059     0.6011427382     0.1764940873
v           53.059                0            0.055
v           53.059    -0.6011427382     0.1764940873
v           53.059     -1.092265767     0.5077342327
v           53.059     -1.423505913     0.9988572618
v           53.059           -1.545              1.6
v           53.059     -1.423505913      2.201142738
v           53.059     -1.092265767      2.692265767
v           53.059    -0.6011427382      3.023505913
v           53.059                0            3.145
v           53.059     0.6011427382      3.023505913
v           53.059      1.092265767      2.692265767
v           53.059      1.423505913      2.201142738
v          53.6775            1.545              1.6
v          53.6775      1.423505913     0.9988572618
v          53.6775      1.092265767     0.5077342327
v          53.6775     0.6011427382     0.1764940873
v          53.6775                0            0.055
v          53.6775    -0.6011427382     0.1764940873
v          53.6775     -1.092265767     0.5077342327
v          53.6775     -1.423505913     0.9988572618
v          53.6775           -1.545              1.6
v          53.6775     -1.423505913      2.201142738
v          53.6775     -1.092265767      2.692265767
v          53.6775    -0.6011427382      3.023505913
v          53.6775                0            3.145
v          53.6775     0.6011427382      3.023505913
v          53.6775      1.092265767      2.692265767
v          53.6775      1.423505913      2.201142738
v      54.33629342      1.442986578              1.6
v      54.33629342      1.329086217      1.039834472
v      54.33629342        1.0190034        0.5809966
v      54.33629342     0.5601655276      0.270913783
v      54.33629342 -5.329070518e-18     0.1570134218
v      54.33629342    -0.5601655276      0.270913783
v      54.33629342       -1.0190034        0.5809966
v      54.33629342     -1.329086217      1.039834472
v      54.33629342     -1.442986578              1.6
v      54.33629342     -1.329086217      2.160165528
v      54.33629342       -1.0190034        2.6190034
v      54.33629342    -0.5601655276      2.929086217
v      54.33629342 -1.022638784e-17      3.042986578
v      54.33629342     0.5601655276      2.929086217
v      54.33629342        1.0190034        2.6190034
v      54.33629342      1.329086217      2.160165528
v      55.03538027      1.177159735              1.6
v      55.03538027      1.083306589      1.145834603
v      55.03538027     0.8287880348     0.7712119652
v      55.03538027     0.4541653969     0.5166934111
v      55.03538027 -1.598721155e-17     0.4228402653
v      55.03538027    -0.4541653969     0.5166934111
v      55.03538027    -0.8287880348     0.7712119652
v      55.03538027     -1.083306589      1.145834603
v      55.03538027     -1.177159735              1.6
v      55.03538027     -1.083306589      2.054165397
v      55.03538027    -0.8287880348      2.428788035
v      55.03538027    -0.4541653969      2.683306589
v      55.03538027 -3.067916353e-17      2.777159735
v      55.03538027     0.4541653969      2.683306589
v      55.03538027     0.8287880348      2.428788035
v      55.03538027      1.083306589      2.054165397
v       55.7143204      0.807839602              1.6
v       55.7143204     0.7423862175      1.291460402
v       55.7143204     0.5659772765      1.034022724
v       55.7143204     0.3085395977     0.8576137825
v       55.7143204 -2.398081733e-17      0.792160398
v       55.7143204    -0.3085395977     0.8576137825
v       55.7143204    -0.5659772765      1.034022724
v       55.7143204    -0.7423862175      1.291460402
v       55.7143204     -0.807839602              1.6
v       55.7143204    -0.7423862175      1.908539598
v       55.7143204    -0.5659772765      2.165977276
v       55.7143204    -0.3085395977      2.342386217
v       55.7143204 -4.601874529e-17      2.407839602
v       55.7143204     0.3085395977      2.342386217
v       55.7143204     0.5659772765      2.165977276
v       55.7143204     0.7423862175      1.908539598
v      56.31267369     0.3953463129              1.6
v      56.31267369     0.3625442915      1.451314618
v      56.31267369     0.2749287299       1.32507127
v      56.31267369     0.1486853815      1.237455708
v      56.31267369 -2.131628207e-17      1.204653687
v      56.31267369    -0.1486853815      1.237455708
v      56.31267369    -0.2749287299       1.32507127
v      56.31267369    -0.3625442915      1.451314618
v      56.31267369    -0.3953463129              1.6
v      56.31267369    -0.3625442915      1.748685382
v      56.31267369    -0.2749287299       1.87492873
v      56.31267369    -0.1486853815      1.962544292
v      56.31267369 -4.090555137e-17      1.995346313
v      56.31267369     0.1486853815      1.962544292
v      56.31267369     0.2749287299       1.87492873
v      56.31267369     0.3625442915      1.748685382
v            56.77                0              1.6
v      57.15732631     0.3953463129              1.6
v      57.15732631     0.3625442915      1.451314618
v             56.7  -6.70759744e-17              1.6
v      57.15732631     0.2749287299       1.32507127
v      57.15732631     0.1486853815      1.237455708
v      57.15732631 -2.131628207e-17      1.204653687
v      57.15732631    -0.1486853815      1.237455708
v      57.15732631    -0.2749287299       1.32507127
v      57.15732631    -0.3625442915      1.451314618
v      57.15732631    -0.3953463129              1.6
v      57.15732631    -0.3625442915      1.748685382
v      57.15732631    -0.2749287299       1.87492873
v      57.15732631    -0.1486853815      1.962544292
v      57.15732631 -4.090555137e-17      1.995346313
v      57.15732631     0.1486853815      1.962544292
v      57.15732631     0.2749287299       1.87492873
v      57.15732631     0.3625442915      1.748685382
v       57.7556796      0.807839602              1.6
v       57.7556796     0.7423862175      1.291460402
v       57.7556796     0.5659772765      1.034022724
v       57.7556796     0.3085395977     0.8576137825
v       57.7556796 -2.398081733e-17      0.792160398
v       57.7556796    -0.3085395977     0.8576137825
v       57.7556796    -0.5659772765      1.034022724
v       57.7556796    -0.7423862175      1.291460402
v       57.7556796     -0.807839602              1.6
v       57.7556796    -0.7423862175      1.908539598
v       57.7556796    -0.5659772765      2.165977276
v       57.7556796    -0.3085395977      2.342386217
v       57.7556796 -4.601874529e-17      2.407839602
v       57.7556796     0.3085395977      2.342386217
v       57.7556796     0.5659772765      2.165977276
v       57.7556796     0.7423862175      1.908539598
v      58.43461973      1.177159735              1.6
v      58.43461973      1.083306589      1.145834603
v      58.43461973     0.8287880348     0.7712119652
v      58.43461973     0.4541653969     0.5166934111
v      58.43461973 -1.598721155e-17     0.4228402653
v      58.43461973    -0.4541653969     0.5166934111
v      58.43461973    -0.8287880348     0.7712119652
v      58.43461973     -1.083306589      1.145834603
v      58.43461973     -1.177159735              1.6
v      58.43461973     -1.083306589      2.054165397
v      58.43461973    -0.8287880348      2.428788035
v      58.43461973    -0.4541653969      2.683306589
v      58.43461973 -3.067916353e-17      2.777159735
v      58.43461973     0.4541653969      2.683306589
v      58.43461973     0.8287880348      2.428788035
v      58.43461973      1.083306589      2.054165397
v      59.13370658      1.442986578              1.6
v      59.13370658      1.329086217      1.039834472
v      59.13370658        1.0190034        0.5809966
v      59.13370658     0.5601655276      0.270913783
v      59.13370658 -5.329070518e-18     0.1570134218
v      59.13370658    -0.5601655276      0.270913783
v      59.13370658       -1.0190034        0.5809966
v      59.13370658     -1.329086217      1.039834472
v      59.13370658     -1.442986578              1.6
v      59.13370658     -1.329086217      2.160165528
v      59.13370658       -1.0190034        2.6190034
v      59.13370658    -0.5601655276      2.929086217
v      59.13370658 -1.022638784e-17      3.042986578
v      59.13370658     0.5601655276      2.929086217
v      59.13370658        1.0190034        2.6190034
v      59.13370658      1.329086217      2.160165528
v          59.7925            1.545              1.6
v          59.7925      1.423505913     0.9988572618
v          59.7925      1.092265767     0.5077342327
v          59.7925     0.6011427382     0.1764940873
v          59.7925                0            0.055
v          59.7925    -0.6011427382     0.1764940873
v          59.7925     -1.092265767     0.5077342327
v          59.7925     -1.423505913     0.9988572618
v          59.7925           -1.545              1.6
v          59.7925     -1.423505913      2.201142738
v          59.7925     -1.092265767      2.692265767
v          59.7925    -0.6011427382      3.023505913
v          59.7925                0            3.145
v          59.7925     0.6011427382      3.023505913
v          59.7925      1.092265767      2.692265767
v          59.7925      1.423505913      2.201142738
v           60.411            1.545              1.6
v           60.411      1.423505913     0.9988572618
v           60.411      1.092265767     0.5077342327
v           60.411     0.6011427382     0.1764940873
v           60.411                0            0.055
v           60.411    -0.6011427382     0.1764940873
v           60.411     -1.092265767     0.5077342327
v           60.411     -1.423505913     0.9988572618
v           60.411           -1.545              1.6
v           60.411     -1.423505913      2.201142738
v           60.411     -1.092265767      2.692265767
v           60.411    -0.6011427382      3.023505913
v           60.411                0            3.145
v           60.411     0.6011427382      3.023505913
v           60.411      1.092265767      2.692265767
v           60.411      1.423505913      2.201142738
v          61.0295            1.545              1.6
v          61.0295      1.423505913     0.9988572618
v          61.0295      1.092265767     0.5077342327
v          61.0295     0.6011427382     0.1764940873
v          61.0295                0            0.055
v          61.0295    -0.6011427382     0.1764940873
v          61.0295     -1.092265767     0.5077342327
v          61.0295     -1.423505913     0.9988572618
v          61.0295           -1.545              1.6
v          61.0295     -1.423505913      2.201142738
v          61.0295     -1.092265767      2.692265767
v          61.0295    -0.6011427382      3.023505913
v          61.0295                0            3.145
v          61.0295     0.6011427382      3.023505913
v          61.0295      1.092265767      2.692265767
v          61.0295      1.423505913      2.201142738
v           61.648            1.545              1.6
v           61.648      1.423505913     0.9988572618
v           61.648      1.092265767     0.5077342327
v           61.648     0.6011427382     0.1764940873
v           61.648                0            0.055
v           61.648    -0.6011427382     0.1764940873
v           61.648     -1.092265767     0.5077342327
v           61.648     -1.423505913     0.9988572618
v           61.648           -1.545              1.6
v           61.648     -1.423505913      2.201142738
v           61.648     -1.092265767      2.692265767
v           61.648    -0.6011427382      3.023505913
v           61.648                0            3.145
v           61.648     0.6011427382      3.023505913
v           61.648      1.092265767      2.692265767
v           61.648      1.423505913      2.201142738
v          62.2665            1.545              1.6
v          62.2665      1.423505913     0.9988572618
v          62.2665      1.092265767     0.5077342327
v          62.2665     0.6011427382     0.1764940873
v          62.2665                0            0.055
v          62.2665    -0.6011427382     0.1764940873
v          62.2665     -1.092265767     0.5077342327
v          62.2665     -1.423505913     0.9988572618
v          62.2665           -1.545              1.6
v          62.2665     -1.423505913      2.201142738
v          62.2665     -1.092265767      2.692265767
v          62.2665    -0.6011427382      3.023505913
v          62.2665                0            3.145
v          62.2665     0.6011427382      3.023505913
v          62.2665      1.092265767      2.692265767
v          62.2665      1.423505913      2.201142738
v           62.885            1.545              1.6
v           62.885      1.423505913     0.9988572618
v           62.885      1.092265767     0.5077342327
v           62.885     0.6011427382     0.1764940873
v           62.885                0            0.055
v           62.885    -0.6011427382     0.1764940873
v           62.885     -1.092265767     0.5077342327
v           62.885     -1.423505913     0.9988572618
v           62.885           -1.545              1.6
v           62.885     -1.423505913      2.201142738
v           62.885     -1.092265767      2.692265767
v           62.885    -0.6011427382      3.023505913
v           62.885                0            3.145
v           62.885     0.6011427382      3.023505913
v           62.885      1.092265767      2.692265767
v           62.885      1.423505913      2.201142738
v          63.5035            1.545              1.6
v          63.5035      1.423505913     0.9988572618
v          63.5035      1.092265767     0.5077342327
v          63.5035     0.6011427382     0.1764940873
v          63.5035                0            0.055
v          63.5035    -0.6011427382     0.1764940873
v          63.5035     -1.092265767     0.5077342327
v          63.5035     -1.423505913     0.9988572618
v          63.5035           -1.545              1.6
v          63.5035     -1.423505913      2.201142738
v          63.5035     -1.092265767      2.692265767
v          63.5035    -0.6011427382      3.023505913
v          63.5035                0            3.145
v          63.5035     0.6011427382      3.023505913
v          63.5035      1.092265767      2.692265767
v          63.5035      1.423505913      2.201142738
v           64.122            1.545              1.6
v           64.122      1.423505913     0.9988572618
v           64.122      1.092265767     0.5077342327
v           64.122     0.6011427382     0.1764940873
v           64.122                0            0.055
v           64.122    -0.6011427382     0.1764940873
v           64.122     -1.092265767     0.5077342327
v           64.122     -1.423505913     0.9988572618
v           64.122           -1.545              1.6
v           64.122     -1.423505913      2.201142738
v           64.122     -1.092265767      2.692265767
v           64.122    -0.6011427382      3.023505913
v           64.122                0            3.145
v           64.122     0.6011427382      3.023505913
v           64.122      1.092265767      2.692265767
v           64.122      1.423505913      2.201142738
v          64.7405            1.545              1.6
v          64.7405      1.423505913     0.9988572618
v          64.7405      1.092265767     0.5077342327
v          64.7405     0.6011427382     0.1764940873
v          64.7405                0            0.055
v          64.7405    -0.6011427382     0.1764940873
v          64.7405     -1.092265767     0.5077342327
v          64.7405     -1.423505913     0.9988572618
v          64.7405           -1.545              1.6
v          64.7405     -1.423505913      2.201142738
v          64.7405     -1.092265767      2.692265767
v          64.7405    -0.6011427382      3.023505913
v          64.7405                0            3.145
v          64.7405     0.6011427382      3.023505913
v          64.7405      1.092265767      2.692265767
v          64.7405      1.423505913      2.201142738
v           65.359            1.545              1.6
v           65.359      1.423505913     0.9988572618
v           65.359      1.092265767     0.5077342327
v           65.359     0.6011427382     0.1764940873
v           65.359                0            0.055
v           65.359    -0.6011427382     0.1764940873
v           65.359     -1.092265767     0.5077342327
v           65.359     -1.423505913     0.9988572618
v           65.359           -1.545              1.6
v           65.359     -1.423505913      2.201142738
v           65.359     -1.092265767      2.692265767
v           65.359    -0.6011427382      3.023505913
v           65.359                0            3.145
v           65.359     0.6011427382      3.023505913
v           65.359      1.092265767      2.692265767
v           65.359      1.423505913      2.201142738
v          65.9775            1.545              1.6
v          65.9775      1.423505913     0.9988572618
v          65.9775      1.092265767     0.5077342327
v          65.9775     0.6011427382     0.1764940873
v          65.9775                0            0.055
v          65.9775    -0.6011427382     0.1764940873
v          65.9775     -1.092265767     0.5077342327
v          65.9775     -1.423505913     0.9988572618
v          65.9775           -1.545              1.6
v          65.9775     -1.423505913      2.201142738
v          65.9775     -1.092265767      2.692265767
v          65.9775    -0.6011427382      3.023505913
v          65.9775                0            3.145
v          65.9775     0.6011427382      3.023505913
v          65.9775      1.092265767      2.692265767
v          65.9775      1.423505913      2.201142738
v      66.63629342      1.442986578              1.6
v      66.63629342      1.329086217      1.039834472
v      66.63629342        1.0190034        0.5809966
v      66.63629342     0.5601655276      0.270913783
v      66.63629342 -5.329070518e-18     0.1570134218
v      66.63629342    -0.5601655276      0.270913783
v      66.63629342       -1.0190034        0.5809966
v      66.63629342     -1.329086217      1.039834472
v      66.63629342     -1.442986578              1.6
v      66.63629342     -1.329086217      2.160165528
v      66.63629342       -1.0190034        2.6190034
v      66.63629342    -0.5601655276      2.929086217
v      66.63629342 -1.022638784e-17      3.042986578
v      66.63629342     0.5601655276      2.929086217
v      66.63629342        1.0190034        2.6190034
v      66.63629342      1.329086217      2.160165528
v      67.33538027      1.177159735              1.6
v      67.33538027      1.083306589      1.145834603
v      67.33538027     0.8287880348     0.7712119652
v      67.33538027     0.4541653969     0.5166934111
v      67.33538027 -1.598721155e-17     0.4228402653
v      67.33538027    -0.4541653969     0.5166934111
v      67.33538027    -0.8287880348     0.7712119652
v      67.33538027     -1.083306589      1.145834603
v      67.33538027     -1.177159735              1.6
v      67.33538027     -1.083306589      2.054165397
v      67.33538027    -0.8287880348      2.428788035
v      67.33538027    -0.4541653969      2.683306589
v      67.33538027 -3.067916353e-17      2.777159735
v      67.33538027     0.4541653969      2.683306589
v      67.33538027     0.8287880348      2.428788035
v      67.33538027      1.083306589      2.054165397
v       68.0143204      0.807839602              1.6
v       68.0143204     0.7423862175      1.291460402
v       68.0143204     0.5659772765      1.034022724
v       68.0143204     0.3085395977     0.8576137825
v       68.0143204 -2.398081733e-17      0.792160398
v       68.0143204    -0.3085395977     0.8576137825
v       68.0143204    -0.5659772765      1.034022724
v       68.0143204    -0.7423862175      1.291460402
v       68.0143204     -0.807839602              1.6
v       68.0143204    -0.7423862175      1.908539598
v       68.0143204    -0.5659772765      2.165977276
v       68.0143204    -0.3085395977      2.342386217
v       68.0143204 -4.601874529e-17      2.407839602
v       68.0143204     0.3085395977      2.342386217
v       68.0143204     0.5659772765      2.165977276
v       68.0143204     0.7423862175      1.908539598
v      68.61267369     0.3953463129              1.6
v      68.61267369     0.3625442915      1.451314618
v      68.61267369     0.2749287299       1.32507127
v      68.61267369     0.1486853815      1.237455708
v      68.61267369 -2.131628207e-17      1.204653687
v      68.61267369    -0.1486853815      1.237455708
v      68.61267369    -0.2749287299       1.32507127
v      68.61267369    -0.3625442915      1.451314618
v      68.61267369    -0.3953463129              1.6
v      68.61267369    -0.3625442915      1.748685382
v      68.61267369    -0.2749287299       1.87492873
v      68.61267369    -0.1486853815      1.962544292
v      68.61267369 -4.090555137e-17      1.995346313
v      68.61267369     0.1486853815      1.962544292
v      68.61267369     0.2749287299       1.87492873
v      68.61267369     0.3625442915      1.748685382
v            69.07                0              1.6
v             35.7                0             -1.2
v      35.52428499                0     -1.218696333
v      37.93656568      5.847952665    -0.6369062039
v        37.786849      5.848015421    -0.6525150162
v      35.27172561                0     -1.245026759
v       37.5716593      5.848103897    -0.6744982066
v      34.91620865                0     -1.281055289
v      37.26874912      5.848225183    -0.7045806431
v      34.43019075                0     -1.328474789
v      36.85465397      5.848385338    -0.7441795093
v      33.79168426                0     -1.387694078
v      36.31064477      5.848586415    -0.7936432066
v      32.99528698                0      -1.45646525
v      35.63212561      5.848821607    -0.8511027109
v      32.06380245                0     -1.528377306
v       34.8385339      5.849069774    -0.9112096622
v      31.05273645                0     -1.592134339
v      33.97716869      5.849291585    -0.9645188852
v      33.11486553      5.849435632    -0.9990917066
v      30.04053431                0     -1.633480377
v      32.31907339       5.84945763     -1.004995945
v      29.10638323                0     -1.640575114
v       31.6387036      5.849341441    -0.9789094492
v      28.30773812                0     -1.609475328
v      31.09379808      5.849195679    -0.9406554935
v      27.66815036                0     -1.563550128
v      30.68002984      5.849064733    -0.8984699686
v      27.18256289                0     -1.512518126
v       30.3814875      5.848870779    -0.8403264477
v      26.83241369                0     -1.442356584
v      30.18357152       5.84854542    -0.7554318295
v      26.60088796                0     -1.340462048
v      30.09656568      5.847952665    -0.6369062039
v             26.5                0             -1.2
v      26.54350006                0     -1.028817402
v      30.13501777      5.847168922    -0.4918206437
v      26.73310539                0     -0.852730808
v      30.29775665      5.846449038    -0.3434750814
v      27.05733714                0     -0.684632357
v      30.57459306       5.84576495     -0.201891797
v       27.5334504                0    -0.5346595651
v       30.9804632      5.845155959   -0.07558894585
v      28.18057014                0    -0.4308511368
v      31.53174401      5.844752513    0.01164774065
v      28.99716286                0    -0.3945901658
v      32.22721387      5.844630112    0.04192769487
v      29.95242815                0    -0.4119432802
v      33.04075971      5.844714876    0.02716489912
v      30.98623216                0    -0.4810465128
v      33.92122508      5.845002928   -0.03110921741
v      34.79899347      5.845444105     -0.121743805
v      32.01680612                0    -0.5886124901
v      35.60584579        5.8459595    -0.2278437689
v      32.96405844                0    -0.7145467271
v      36.29412989      5.846472106    -0.3332583262
v      33.77206426                0    -0.8396603935
v      36.84482032       5.84692792    -0.4268571296
v      34.41851126                0    -0.9507416376
v      37.26325487      5.847301237    -0.5034372613
v      34.90968471                0     -1.041620501
v      37.56889873      5.847589006    -0.5624205857
v      35.26844842                0     -1.111613908
v      37.78578978      5.847801181    -0.6058834353
v      35.52302782                0     -1.163188068
v      40.17313135      11.69590533   -0.07381240789
v      40.04941301      11.69603084     -0.086333699
v      39.87159299      11.69620779    -0.1039696542
v       39.6212896      11.69645037    -0.1281059975
v      39.27911719      11.69677068    -0.1598842293
v      38.82960528      11.69717283    -0.1995923351
v      38.26896423      11.69764321    -0.2457401722
v      37.61326534      11.69813955    -0.2940420189
v      36.90160093      11.69858317    -0.3369034317
v      36.18919676      11.69887126    -0.3647030366
v      35.53176356      11.69891526    -0.3694167759
v      34.96966908      11.69868288    -0.3483435702
v       34.5194458      11.69839136    -0.3177608592
v      34.17749679      11.69812947     -0.284421811
v       33.9305613      11.69774156    -0.2382963115
v      33.76625508      11.69709084    -0.1704016108
v      33.69313135      11.69590533   -0.07381240789
v      33.72653549      11.69433784     0.0451761145
v      33.86240792      11.69289808     0.1657806451
v      34.09184898       11.6915299      0.280848763
v        34.427476      11.69031192     0.3834816734
v      34.88291788      11.68950503     0.4541466181
v      35.45726487      11.68926022     0.4784455556
v      36.12909127      11.68942975     0.4662730785
v      36.85621799      11.69000586      0.418828078
v      37.58118082      11.69088821     0.3451248802
v      38.24763315        11.691919     0.2588591892
v      38.81619552      11.69294421     0.1731437411
v      39.27112937      11.69385584    0.09702737843
v      39.61682502      11.69460247    0.03474597809
v      39.86934903      11.69517801   -0.01322726321
v      40.04855174      11.69560236   -0.04857880286
v      42.40969703        17.543858     0.4892813882
v      42.31197702      17.54404626     0.4798476182
v      42.17152667      17.54431169     0.4665588982
v      41.97383007      17.54467555     0.4483686481
v       41.7035804      17.54515601     0.4244110507
v      41.34856578      17.54575924     0.3944585363
v      40.90580285      17.54646482     0.3596223665
v      40.38799679      17.54720932     0.3231256245
v      39.82603317      17.54787475     0.2907120219
v      39.26352799       17.5483069     0.2696856334
v      38.74445372      17.54837289     0.2661623932
v      38.30063456      17.54802432     0.2822223089
v      37.94509352      17.54758704     0.3051337751
v      37.67496375       17.5471942     0.3296263466
v      37.47963511      17.54661234     0.3637338247
v      37.34893864      17.54563626      0.414628608
v      37.28969703        17.543858     0.4892813882
v       37.3180532      17.54150677     0.5821728727
v      37.42705919      17.53934711     0.6750363717
v      37.60910489      17.53729485     0.7635893231
v      37.87448881      17.53546788     0.8425522927
v      38.23409176      17.53425754     0.8966454955
v      38.68731587      17.53389034     0.9149634163
v      39.21742283      17.53414463     0.9053812579
v      39.79121091      17.53500878     0.8687653735
v      40.36336818      17.53633232     0.8119935653
v      40.88942051       17.5378785     0.7455621474
v      41.33826115      17.53941632     0.6795458084
v      41.69743843      17.54078376     0.6209118865
v      41.97039518      17.54190371     0.5729292175
v      42.16979933      17.54276702     0.5359660593
v       42.3113137      17.54340354     0.5087258296
v      44.64626271      23.39181066      1.052375184
v      44.57454104      23.39206169      1.046028935
v      44.47146036      23.39241559      1.037087451
v      44.32637055      23.39290073      1.024843294
v      44.12804362      23.39354135      1.008706331
v      43.86752629      23.39434566     0.9885094078
v      43.54264148      23.39528643     0.9649849052
v      43.16272824       23.3962791     0.9402932679
v      42.75046541      23.39716634     0.9183274754
v      42.33785922      23.39774253     0.9040743034
v      41.95714388      23.39783052     0.9017415623
v      41.63160004      23.39736576     0.9127881879
v      41.37074124      23.39678272     0.9280284094
v       41.1724307      23.39625893     0.9436745043
v      41.02870891      23.39548312      0.965763961
v       40.9316222      23.39418168     0.9996588267
v      40.88626271      23.39181066      1.052375184
v      40.90957091      23.38867569      1.119169631
v      40.99171045      23.38579615      1.184292098
v      41.12636081       23.3830598      1.246329883
v      41.32150161      23.38062383      1.301622912
v      41.58526563      23.37901005      1.339144373
v      41.91736688      23.37852045      1.351481277
v      42.30575439       23.3788595      1.344489437
v      42.72620382      23.38001171      1.318702669
v      43.14555553      23.38177642       1.27886225
v      43.53120786        23.383838      1.232265106
v      43.86032678      23.38588843      1.185947876
v      44.12374749      23.38771168      1.144796395
v      44.32396534      23.38920495      1.111112457
v      44.47024964      23.39035602      1.085159382
v      44.57407566      23.39120473      1.066030462
v      46.88282839      29.23976333       1.61546898
v      46.83710505      29.24007711      1.612210253
v      46.77139404      29.24051948      1.607616003
v      46.67891102      29.24112592      1.601317939
v      46.55250684      29.24192669      1.593001611
v       46.3864868      29.24293207      1.582560279
v       46.1794801      29.24410804      1.570347444
v      45.93745968      29.24534887      1.557460911
v      45.67489765      29.24645792      1.545942929
v      45.41219044      29.24717816      1.538462973
v      45.16983404      29.24728815      1.537320731
v      44.96256552       29.2467072      1.543354067
v      44.79638896      29.24597839      1.550923044
v      44.66989765      29.24532367      1.557722662
v      44.57778272       29.2443539      1.567794097
v      44.51430576       29.2427271      1.584689045
v      44.48282839      29.23976333       1.61546898
v      44.50108862      29.23584461      1.656166389
v      44.55636172      29.23224519      1.693547825
v      44.64361673      29.22882475      1.729070443
v      44.76851441      29.22577979      1.760693531
v       44.9364395      29.22376256       1.78164325
v      45.14741788      29.22315056      1.787999138
v      45.39408596      29.22357438      1.783597617
v      45.66119674      29.22501464      1.768639964
v      45.92774288      29.22722053      1.745730936
v      46.17299522       29.2297975      1.718968064
v      46.38239242      29.23236053      1.692349943
v      46.55005654       29.2346396      1.668680903
v      46.67753549      29.23650618      1.649295696
v      46.77069994      29.23794503      1.634352704
v      46.83683762      29.23900591      1.623335094
v      46.83703819      29.23980931      1.614991463
v      46.77122052      29.23987587      1.614300178
v      46.67856714      29.23997098      1.613312379
v      46.55189426      29.24010492      1.611921434
v       46.3854632      29.24028919      1.610007695
v      46.17785888       29.2405304      1.607502599
v      45.93503048      29.24081678      1.604528417
v      45.67147242       29.2410971      1.601617188
v      45.40766432      29.24127722      1.599746634
v         45.16423      29.24125375      1.599990333
v      44.95603402      29.24097104      1.602926363
v      44.78942032      29.24092874      1.603365666
v      44.66332742      29.24119894      1.600559607
v      44.57242747      29.24132672      1.599232529
v      44.51100148      29.24100648      1.602558381
v      44.50439291      29.23756523      1.638297053
v      44.56171697      29.23527237      1.662109393
v      44.65018696      29.23294948      1.686233498
v      44.77548305      29.23082944      1.708250909
v      44.94297101      29.22949872      1.722070954
v      45.15302192      29.22918496      1.725329536
v      45.39861208      29.22947533      1.722313956
v      45.66462197      29.23037546      1.712965705
v      45.93017208      29.23175261      1.698663429
v      46.17461644      29.23337513      1.681812909
v      46.38341601      29.23500342      1.664902527
v      46.55066912      29.23646137       1.64976108
v      46.67787937      29.23766112      1.637301257
v      46.77087347      29.23858864      1.627668529
v      46.83690447      29.23927371      1.620553884
v      46.83697133      29.23954151      1.617772674
v      46.77104699      29.23923226      1.620984354
v      46.67822326      29.23881605      1.625306818
v      46.55128169      29.23828315      1.630841257
v      46.38443961       29.2376463      1.637455111
v      46.17623766      29.23695277      1.644657754
v      45.93260128       29.2362847      1.651595923
v       45.6680472      29.23573628      1.657291447
v       45.4031382      29.23537627      1.661030295
v      45.15862596      29.23521935      1.662659935
v      44.94950251      29.23523488      1.662498659
v      44.78245168      29.23587909      1.655808287
v      44.65675719      29.23707421      1.643396552
v      44.56707222      29.23829954      1.630670961
v      44.50769719      29.23928585      1.620427717
v      37.93656568     -5.847952665    -0.6369062039
v        37.786849     -5.848015421    -0.6525150162
v       37.5716593     -5.848103897    -0.6744982066
v      37.26874912     -5.848225183    -0.7045806431
v      36.85465397     -5.848385338    -0.7441795093
v      36.31064477     -5.848586415    -0.7936432066
v      35.63212561     -5.848821607    -0.8511027109
v       34.8385339     -5.849069774    -0.9112096622
v      33.97716869     -5.849291585    -0.9645188852
v      33.11486553     -5.849435632    -0.9990917066
v      32.31907339      -5.84945763     -1.004995945
v       31.6387036     -5.849341441    -0.9789094492
v      31.09379808     -5.849195679    -0.9406554935
v      30.68002984     -5.849064733    -0.8984699686
v       30.3814875     -5.848870779    -0.8403264477
v      30.18357152      -5.84854542    -0.7554318295
v      30.09656568     -5.847952665    -0.6369062039
v      30.13501777     -5.847168922    -0.4918206437
v      30.29775665     -5.846449038    -0.3434750814
v      30.57459306      -5.84576495     -0.201891797
v       30.9804632     -5.845155959   -0.07558894585
v      31.53174401     -5.844752513    0.01164774065
v      32.22721387     -5.844630112    0.04192769487
v      33.04075971     -5.844714876    0.02716489912
v      33.92122508     -5.845002928   -0.03110921741
v      34.79899347     -5.845444105     -0.121743805
v      35.60584579       -5.8459595    -0.2278437689
v      36.29412989     -5.846472106    -0.3332583262
v      36.84482032      -5.84692792    -0.4268571296
v      37.26325487     -5.847301237    -0.5034372613
v      37.56889873     -5.847589006    -0.5624205857
v      37.78578978     -5.847801181    -0.6058834353
v      40.17313135     -11.69590533   -0.07381240789
v      40.04941301     -11.69603084     -0.086333699
v      39.87159299     -11.69620779    -0.1039696542
v       39.6212896     -11.69645037    -0.1281059975
v      39.27911719     -11.69677068    -0.1598842293
v      38.82960528     -11.69717283    -0.1995923351
v      38.26896423     -11.69764321    -0.2457401722
v      37.61326534     -11.69813955    -0.2940420189
v      36.90160093     -11.69858317    -0.3369034317
v      36.18919676     -11.69887126    -0.3647030366
v      35.53176356     -11.69891526    -0.3694167759
v      34.96966908     -11.69868288    -0.3483435702
v       34.5194458     -11.69839136    -0.3177608592
v      34.17749679     -11.69812947     -0.284421811
v       33.9305613     -11.69774156    -0.2382963115
v      33.76625508     -11.69709084    -0.1704016108
v      33.69313135     -11.69590533   -0.07381240789
v      33.72653549     -11.69433784     0.0451761145
v      33.86240792     -11.69289808     0.1657806451
v      34.09184898      -11.6915299      0.280848763
v        34.427476     -11.69031192     0.3834816734
v      34.88291788     -11.68950503     0.4541466181
v      35.45726487     -11.68926022     0.4784455556
v      36.12909127     -11.68942975     0.4662730785
v      36.85621799     -11.69000586      0.418828078
v      37.58118082     -11.69088821     0.3451248802
v      38.24763315       -11.691919     0.2588591892
v      38.81619552     -11.69294421     0.1731437411
v      39.27112937     -11.69385584    0.09702737843
v      39.61682502     -11.69460247    0.03474597809
v      39.86934903     -11.69517801   -0.01322726321
v      40.04855174     -11.69560236   -0.04857880286
v      42.40969703       -17.543858     0.4892813882
v      42.31197702     -17.54404626     0.4798476182
v      42.17152667     -17.54431169     0.4665588982
v      41.97383007     -17.54467555     0.4483686481
v       41.7035804     -17.54515601     0.4244110507
v      41.34856578     -17.54575924     0.3944585363
v      40.90580285     -17.54646482     0.3596223665
v      40.38799679     -17.54720932     0.3231256245
v      39.82603317     -17.54787475     0.2907120219
v      39.26352799      -17.5483069     0.2696856334
v      38.74445372     -17.54837289     0.2661623932
v      38.30063456     -17.54802432     0.2822223089
v      37.94509352     -17.54758704     0.3051337751
v      37.67496375      -17.5471942     0.3296263466
v      37.47963511     -17.54661234     0.3637338247
v      37.34893864     -17.54563626      0.414628608
v      37.28969703       -17.543858     0.4892813882
v       37.3180532     -17.54150677     0.5821728727
v      37.42705919     -17.53934711     0.6750363717
v      37.60910489     -17.53729485     0.7635893231
v      37.87448881     -17.53546788     0.8425522927
v      38.23409176     -17.53425754     0.8966454955
v      38.68731587     -17.53389034     0.9149634163
v      39.21742283     -17.53414463     0.9053812579
v      39.79121091     -17.53500878     0.8687653735
v      40.36336818     -17.53633232     0.8119935653
v      40.88942051      -17.5378785     0.7455621474
v      41.33826115     -17.53941632     0.6795458084
v      41.69743843     -17.54078376     0.6209118865
v      41.97039518     -17.54190371     0.5729292175
v      42.16979933     -17.54276702     0.5359660593
v       42.3113137     -17.54340354     0.5087258296
v      44.64626271     -23.39181066      1.052375184
v      44.57454104     -23.39206169      1.046028935
v      44.47146036     -23.39241559      1.037087451
v      44.32637055     -23.39290073      1.024843294
v      44.12804362     -23.39354135      1.008706331
v      43.86752629     -23.39434566     0.9885094078
v      43.54264148     -23.39528643     0.9649849052
v      43.16272824      -23.3962791     0.9402932679
v      42.75046541     -23.39716634     0.9183274754
v      42.33785922     -23.39774253     0.9040743034
v      41.95714388     -23.39783052     0.9017415623
v      41.63160004     -23.39736576     0.9127881879
v      41.37074124     -23.39678272     0.9280284094
v       41.1724307     -23.39625893     0.9436745043
v      41.02870891     -23.39548312      0.965763961
v       40.9316222     -23.39418168     0.9996588267
v      40.88626271     -23.39181066      1.052375184
v      40.90957091     -23.38867569      1.119169631
v      40.99171045     -23.38579615      1.184292098
v      41.12636081      -23.3830598      1.246329883
v      41.32150161     -23.38062383      1.301622912
v      41.58526563     -23.37901005      1.339144373
v      41.91736688     -23.37852045      1.351481277
v      42.30575439      -23.3788595      1.344489437
v      42.72620382     -23.38001171      1.318702669
v      43.14555553     -23.38177642       1.27886225
v      43.53120786       -23.383838      1.232265106
v      43.86032678     -23.38588843      1.185947876
v      44.12374749     -23.38771168      1.144796395
v      44.32396534     -23.38920495      1.111112457
v      44.47024964     -23.39035602      1.085159382
v      44.57407566     -23.39120473      1.066030462
v      46.88282839     -29.23976333       1.61546898
v      46.83710505     -29.24007711      1.612210253
v      46.77139404     -29.24051948      1.607616003
v      46.67891102     -29.24112592      1.601317939
v      46.55250684     -29.24192669      1.593001611
v       46.3864868     -29.24293207      1.582560279
v       46.1794801     -29.24410804      1.570347444
v      45.93745968     -29.24534887      1.557460911
v      45.67489765     -29.24645792      1.545942929
v      45.41219044     -29.24717816      1.538462973
v      45.16983404     -29.24728815      1.537320731
v      44.96256552      -29.2467072      1.543354067
v      44.79638896     -29.24597839      1.550923044
v      44.66989765     -29.24532367      1.557722662
v      44.57778272      -29.2443539      1.567794097
v      44.51430576      -29.2427271      1.584689045
v      44.48282839     -29.23976333       1.61546898
v      44.50108862     -29.23584461      1.656166389
v      44.55636172     -29.23224519      1.693547825
v      44.64361673     -29.22882475      1.729070443
v      44.76851441     -29.22577979      1.760693531
v       44.9364395     -29.22376256       1.78164325
v      45.14741788     -29.22315056      1.787999138
v      45.39408596     -29.22357438      1.783597617
v      45.66119674     -29.22501464      1.768639964
v      45.92774288     -29.22722053      1.745730936
v      46.17299522      -29.2297975      1.718968064
v      46.38239242     -29.23236053      1.692349943
v      46.55005654      -29.2346396      1.668680903
v      46.67753549     -29.23650618      1.649295696
v      46.77069994     -29.23794503      1.634352704
v      46.83683762     -29.23900591      1.623335094
v      46.83703819     -29.23980931      1.614991463
v      46.77122052     -29.23987587      1.614300178
v      46.67856714     -29.23997098      1.613312379
v      46.55189426     -29.24010492      1.611921434
v       46.3854632     -29.24028919      1.610007695
v      46.17785888      -29.2405304      1.607502599
v      45.93503048     -29.24081678      1.604528417
v      45.67147242      -29.2410971      1.601617188
v      45.40766432     -29.24127722      1.599746634
v         45.16423     -29.24125375      1.599990333
v      44.95603402     -29.24097104      1.602926363
v      44.78942032     -29.24092874      1.603365666
v      44.66332742     -29.24119894      1.600559607
v      44.57242747     -29.24132672      1.599232529
v      44.51100148     -29.24100648      1.602558381
v      44.50439291     -29.23756523      1.638297053
v      44.56171697     -29.23527237      1.662109393
v      44.65018696     -29.23294948      1.686233498
v      44.77548305     -29.23082944      1.708250909
v      44.94297101     -29.22949872      1.722070954
v      45.15302192     -29.22918496      1.725329536
v      45.39861208     -29.22947533      1.722313956
v      45.66462197     -29.23037546      1.712965705
v      45.93017208     -29.23175261      1.698663429
v      46.17461644     -29.23337513      1.681812909
v      46.38341601     -29.23500342      1.664902527
v      46.55066912     -29.23646137       1.64976108
v      46.67787937     -29.23766112      1.637301257
v      46.77087347     -29.23858864      1.627668529
v      46.83690447     -29.23927371      1.620553884
v      46.83697133     -29.23954151      1.617772674
v      46.77104699     -29.23923226      1.620984354
v      46.67822326     -29.23881605      1.625306818
v      46.55128169     -29.23828315      1.630841257
v      46.38443961      -29.2376463      1.637455111
v      46.17623766     -29.23695277      1.644657754
v      45.93260128      -29.2362847      1.651595923
v       45.6680472     -29.23573628      1.657291447
v       45.4031382     -29.23537627      1.661030295
v      45.15862596     -29.23521935      1.662659935
v      44.94950251     -29.23523488      1.662498659
v      44.78245168     -29.23587909      1.655808287
v      44.65675719     -29.23707421      1.643396552
v      44.56707222     -29.23829954      1.630670961
v      44.50769719     -29.23928585      1.620427717
v             64.1                0              1.8
v      63.99308528                0       1.78755332
v      64.66634481      1.939317696      2.003830503
v      64.57279443      1.939414739      1.992949858
v      63.83940055                0      1.770086784
v      64.43832029       1.93955092      1.977680952
v      63.62303861                0      1.746322342
v      64.24900359      1.939736204      1.956906539
v      63.32720757                0      1.715328458
v      63.99015143      1.939977854      1.929812289
v       62.9384806                0      1.677158035
v      63.65001533      1.940275456      1.896444448
v      62.45351963                0      1.633686528
v      63.22567449       1.94061439      1.858442503
v      61.88618618                0      1.589263954
v      62.72925771      1.940960739      1.819609154
v      61.27031949                0      1.550613899
v      62.19037436      1.941262082      1.785822028
v      61.65089927      1.941459685      1.763666366
v      60.65377653                0      1.525269406
v      61.15303182      1.941510996      1.757913256
v      60.08478516                0       1.51868826
v      60.72719364      1.941407918      1.769470584
v      59.59811295                0      1.531909017
v      60.38647821      1.941174289      1.795665491
v      59.20872388                0      1.561874117
v      60.12886951      1.940846479      1.832420249
v      58.91431394                0      1.603918931
v      59.94376842      1.940449358      1.876946237
v      58.70276984                0      1.654853476
v       59.8198856       1.93996962      1.930735429
v      58.56118948                0      1.716384464
v      59.76634481      1.939317696      2.003830503
v             58.5                0              1.8
v      58.56118948                0      1.883615536
v       59.8198856      1.938665772      2.076925578
v      58.70276984                0      1.945146524
v      59.94376842      1.938186034       2.13071477
v      58.91431394                0      1.996081069
v      60.12886951      1.937788913      2.175240758
v      59.20872388                0      2.038125883
v      60.38647821      1.937461103      2.211995516
v      59.59811295                0      2.068090983
v      60.72719364      1.937227474      2.238190423
v      60.08478516                0       2.08131174
v      61.15303182      1.937124396      2.249747751
v      60.65377653                0      2.074730594
v      61.65089927      1.937175707      2.243994641
v      61.27031949                0      2.049386101
v      62.19037436       1.93737331      2.221838979
v      62.72925771      1.937674653      2.188051853
v      61.88618618                0      2.010736046
v      63.22567449      1.938021002      2.149218504
v      62.45351963                0      1.966313472
v      63.65001533      1.938359935      2.111216558
v       62.9384806                0      1.922841965
v      63.99015143      1.938657538      2.077848718
v      63.32720757                0      1.884671542
v      64.24900359      1.938899188      2.050754467
v      63.62303861                0      1.853677658
v      64.43832029      1.939084472      2.029980055
v      63.83940055                0      1.829913216
v      64.57279443      1.939220653      2.014711149
v      63.99308528                0       1.81244668
v      65.23268961      3.878635392      2.207661007
v      65.15250357      3.878829478      2.198346396
v      65.03724003       3.87910184       2.18527512
v      64.87496857      3.879472408      2.167490737
v      64.65309529      3.879955707      2.144296121
v      64.36155006      3.880550913      2.115730862
v      63.99782934      3.881228781      2.083198479
v      63.57232925      3.881921479      2.049954354
v      63.11042923      3.882524163      2.021030157
v      62.64802201       3.88291937      2.002063325
v      62.22127848      3.883021992      1.997138252
v      61.85627433      3.882815836      2.007032152
v      61.56423253      3.882348579      2.029456866
v      61.34342507      3.881692958      2.060921568
v      61.18476699      3.880898716      2.099038998
v      61.07858172      3.879939241      2.145086394
v      61.03268961      3.878635392      2.207661007
v      61.07858172      3.877331543      2.270235619
v      61.18476699      3.876372067      2.316283015
v      61.34342507      3.875577826      2.354400446
v      61.56423253      3.874922205      2.385865148
v      61.85627433      3.874454948      2.408289862
v      62.22127848      3.874248792      2.418183762
v      62.64802201      3.874351414      2.413258688
v      63.11042923       3.87474662      2.394291856
v      63.57232925      3.875349305       2.36536766
v      63.99782934      3.876042003      2.332123535
v      64.36155006      3.876719871      2.299591151
v      64.65309529      3.877315077      2.271025893
v      64.87496857      3.877798376      2.247831277
v      65.03724003      3.878168944      2.230046893
v      65.15250357      3.878441306      2.216975618
v      65.79903442      5.817953088       2.41149151
v      65.73221272      5.818244217      2.403742934
v      65.63615976       5.81865276      2.392869288
v      65.50093355      5.819208612      2.378074935
v      65.31603915      5.819933561      2.358779952
v      65.07308479      5.820826369      2.335017276
v      64.76998419      5.821843171      2.307954454
v      64.41540078      5.822882218      2.280299554
v       64.0304841      5.823786245      2.256238286
v      63.64514475      5.824379054      2.240460285
v      63.28952515      5.824532988      2.236363248
v      62.98535502      5.824223753      2.244593719
v      62.74198685      5.823522868       2.26324824
v      62.55798063      5.822539437      2.289422886
v      62.42576557      5.821348075       2.32113176
v      62.33727784      5.819908861       2.35943736
v      62.29903442      5.817953088       2.41149151
v      62.33727784      5.815997315       2.46354566
v      62.42576557      5.814558101       2.50185126
v      62.55798063      5.813366739      2.533560134
v      62.74198685      5.812383308       2.55973478
v      62.98535502      5.811682422      2.578389301
v      63.28952515      5.811373188      2.586619773
v      63.64514475      5.811527121      2.582522735
v       64.0304841      5.812119931      2.566744734
v      64.41540078      5.813023958      2.542683466
v      64.76998419      5.814063005      2.515028566
v      65.07308479      5.815079806      2.487965744
v      65.31603915      5.815972615      2.464203068
v      65.50093355      5.816697564      2.444908086
v      65.63615976      5.817253416      2.430113732
v      65.73221272      5.817661959      2.419240087
v      66.36537923      7.757270784      2.615322013
v      66.31192187      7.757658955      2.609139472
v       66.2350795       7.75820368      2.600463457
v      66.12689853      7.758944816      2.588659132
v      65.97898301      7.759911414      2.573263784
v      65.78461953      7.761101826       2.55430369
v      65.54213904      7.762457561       2.53271043
v      65.25847232      7.763842957      2.510644754
v      64.95053897      7.765048327      2.491446416
v      64.64226749      7.765838739      2.478857245
v      64.35777181      7.766043984      2.475588244
v       64.1144357      7.765631671      2.482155287
v      63.91974117      7.764697157      2.497039615
v       63.7725362      7.763385916      2.517924205
v      63.66676415      7.761797433      2.543224521
v      63.59597396      7.759878481      2.573788325
v      63.56537923      7.757270784      2.615322013
v      63.59597396      7.754663087      2.656855702
v      63.66676415      7.752744135      2.687419506
v       63.7725362      7.751155652      2.712719822
v      63.91974117      7.749844411      2.733604412
v       64.1144357      7.748909896       2.74848874
v      64.35777181      7.748497584      2.755055783
v      64.64226749      7.748702829      2.751786782
v      64.95053897      7.749493241      2.739197611
v      65.25847232      7.750698611      2.719999273
v      65.54213904      7.752084007      2.697933597
v      65.78461953      7.753439742      2.676340337
v      65.97898301      7.754630153      2.657380243
v      66.12689853      7.755596752      2.641984895
v       66.2350795      7.756337888       2.63018057
v      66.31192187      7.756882612      2.621504555
v      66.93172403       9.69658848      2.819152517
v      66.89163101      9.697073694       2.81453601
v      66.83399924        9.6977546      2.808057625
v      66.75286351       9.69868102       2.79924333
v      66.64192687      9.699889268      2.787747615
v      66.49615426      9.701377282      2.773590103
v       66.3142939      9.703071951      2.757466405
v      66.10154385      9.704803696      2.740989954
v      65.87059384      9.706310408      2.726654545
v      65.63939023      9.707298424      2.717254205
v      65.42601847       9.70755498       2.71481324
v      65.24351639      9.707039589      2.719716854
v      65.09749549      9.705871446       2.73083099
v      64.98709176      9.704232395      2.746425524
v      64.90776272      9.702246791      2.765317283
v      64.85467009      9.699848101      2.788139291
v      64.83172403       9.69658848      2.819152517
v      64.85467009      9.693328858      2.850165743
v      64.90776272      9.690930169      2.872987751
v      64.98709176      9.688944565       2.89187951
v      65.09749549      9.687305513      2.907474044
v      65.24351639      9.686137371       2.91858818
v      65.42601847       9.68562198      2.923491794
v      65.63939023      9.685878536      2.921050829
v      65.87059384      9.686866551      2.911650489
v      66.10154385      9.688373263       2.89731508
v       66.3142939      9.690105008      2.880838629
v      66.49615426      9.691799677       2.86471493
v      66.64192687      9.693287692      2.850557418
v      66.75286351       9.69449594      2.839061704
v      66.83399924       9.69542236      2.830247409
v      66.89163101      9.696103265      2.823769024
v      66.89163101      9.696831087      2.816844263
v      66.83399924       9.69717154      2.813605071
v      66.75286351       9.69763475      2.809197923
v      66.64192687      9.698238874      2.803450066
v      66.49615426      9.698982881       2.79637131
v       66.3142939      9.699830216      2.788309461
v      66.10154385      9.700696088      2.780071235
v      65.87059384      9.701449444      2.772903531
v      65.63939023      9.701943452      2.768203361
v      65.42601847       9.70207173      2.766982878
v      65.24351639      9.701814034      2.769434685
v      65.09749549      9.701229963      2.774991753
v      64.98709176      9.700410437       2.78278902
v      64.90776272      9.699417635        2.7922349
v      64.85467009      9.698218291      2.803645904
v      64.85467009      9.694958669       2.83465913
v      64.90776272      9.693759324      2.846070134
v      64.98709176      9.692766522      2.855516013
v      65.09749549      9.691946997       2.86331328
v      65.24351639      9.691362925      2.868870348
v      65.42601847       9.69110523      2.871322155
v      65.63939023      9.691233508      2.870101673
v      65.87059384      9.691727516      2.865401503
v      66.10154385      9.692480872      2.858233798
v       66.3142939      9.693346744      2.849995573
v      66.49615426      9.694194079      2.841933724
v      66.64192687      9.694938086      2.834854968
v      66.75286351       9.69554221       2.82910711
v      66.83399924       9.69600542      2.824699963
v      66.89163101      9.696345873       2.82146077
v      66.89163101       9.69658848      2.819152517
v      66.83399924       9.69658848      2.819152517
v      66.75286351       9.69658848      2.819152517
v      66.64192687       9.69658848      2.819152517
v      66.49615426       9.69658848      2.819152517
v       66.3142939       9.69658848      2.819152517
v      66.10154385       9.69658848      2.819152517
v      65.87059384       9.69658848      2.819152517
v      65.63939023       9.69658848      2.819152517
v      65.42601847       9.69658848      2.819152517
v      65.24351639       9.69658848      2.819152517
v      65.09749549       9.69658848      2.819152517
v      64.98709176       9.69658848      2.819152517
v      64.90776272       9.69658848      2.819152517
v      64.85467009       9.69658848      2.819152517
v      64.66634481     -1.939317696      2.003830503
v      64.57279443     -1.939414739      1.992949858
v      64.43832029      -1.93955092      1.977680952
v      64.24900359     -1.939736204      1.956906539
v      63.99015143     -1.939977854      1.929812289
v      63.65001533     -1.940275456      1.896444448
v      63.22567449      -1.94061439      1.858442503
v      62.72925771     -1.940960739      1.819609154
v      62.19037436     -1.941262082      1.785822028
v      61.65089927     -1.941459685      1.763666366
v      61.15303182     -1.941510996      1.757913256
v      60.72719364     -1.941407918      1.769470584
v      60.38647821     -1.941174289      1.795665491
v      60.12886951     -1.940846479      1.832420249
v      59.94376842     -1.940449358      1.876946237
v       59.8198856      -1.93996962      1.930735429
v      59.76634481     -1.939317696      2.003830503
v       59.8198856     -1.938665772      2.076925578
v      59.94376842     -1.938186034       2.13071477
v      60.12886951     -1.937788913      2.175240758
v      60.38647821     -1.937461103      2.211995516
v      60.72719364     -1.937227474      2.238190423
v      61.15303182     -1.937124396      2.249747751
v      61.65089927     -1.937175707      2.243994641
v      62.19037436      -1.93737331      2.221838979
v      62.72925771     -1.937674653      2.188051853
v      63.22567449     -1.938021002      2.149218504
v      63.65001533     -1.938359935      2.111216558
v      63.99015143     -1.938657538      2.077848718
v      64.24900359     -1.938899188      2.050754467
v      64.43832029     -1.939084472      2.029980055
v      64.57279443     -1.939220653      2.014711149
v      65.23268961     -3.878635392      2.207661007
v      65.15250357     -3.878829478      2.198346396
v      65.03724003      -3.87910184       2.18527512
v      64.87496857     -3.879472408      2.167490737
v      64.65309529     -3.879955707      2.144296121
v      64.36155006     -3.880550913      2.115730862
v      63.99782934     -3.881228781      2.083198479
v      63.57232925     -3.881921479      2.049954354
v      63.11042923     -3.882524163      2.021030157
v      62.64802201      -3.88291937      2.002063325
v      62.22127848     -3.883021992      1.997138252
v      61.85627433     -3.882815836      2.007032152
v      61.56423253     -3.882348579      2.029456866
v      61.34342507     -3.881692958      2.060921568
v      61.18476699     -3.880898716      2.099038998
v      61.07858172     -3.879939241      2.145086394
v      61.03268961     -3.878635392      2.207661007
v      61.07858172     -3.877331543      2.270235619
v      61.18476699     -3.876372067      2.316283015
v      61.34342507     -3.875577826      2.354400446
v      61.56423253     -3.874922205      2.385865148
v      61.85627433     -3.874454948      2.408289862
v      62.22127848     -3.874248792      2.418183762
v      62.64802201     -3.874351414      2.413258688
v      63.11042923      -3.87474662      2.394291856
v      63.57232925     -3.875349305       2.36536766
v      63.99782934     -3.876042003      2.332123535
v      64.36155006     -3.876719871      2.299591151
v      64.65309529     -3.877315077      2.271025893
v      64.87496857     -3.877798376      2.247831277
v      65.03724003     -3.878168944      2.230046893
v      65.15250357     -3.878441306      2.216975618
v      65.79903442     -5.817953088       2.41149151
v      65.73221272     -5.818244217      2.403742934
v      65.63615976      -5.81865276      2.392869288
v      65.50093355     -5.819208612      2.378074935
v      65.31603915     -5.819933561      2.358779952
v      65.07308479     -5.820826369      2.335017276
v      64.76998419     -5.821843171      2.307954454
v      64.41540078     -5.822882218      2.280299554
v       64.0304841     -5.823786245      2.256238286
v      63.64514475     -5.824379054      2.240460285
v      63.28952515     -5.824532988      2.236363248
v      62.98535502     -5.824223753      2.244593719
v      62.74198685     -5.823522868       2.26324824
v      62.55798063     -5.822539437      2.289422886
v      62.42576557     -5.821348075       2.32113176
v      62.33727784     -5.819908861       2.35943736
v      62.29903442     -5.817953088       2.41149151
v      62.33727784     -5.815997315       2.46354566
v      62.42576557     -5.814558101       2.50185126
v      62.55798063     -5.813366739      2.533560134
v      62.74198685     -5.812383308       2.55973478
v      62.98535502     -5.811682422      2.578389301
v      63.28952515     -5.811373188      2.586619773
v      63.64514475     -5.811527121      2.582522735
v       64.0304841     -5.812119931      2.566744734
v      64.41540078     -5.813023958      2.542683466
v      64.76998419     -5.814063005      2.515028566
v      65.07308479     -5.815079806      2.487965744
v      65.31603915     -5.815972615      2.464203068
v      65.50093355     -5.816697564      2.444908086
v      65.63615976     -5.817253416      2.430113732
v      65.73221272     -5.817661959      2.419240087
v      66.36537923     -7.757270784      2.615322013
v      66.31192187     -7.757658955      2.609139472
v       66.2350795      -7.75820368      2.600463457
v      66.12689853     -7.758944816      2.588659132
v      65.97898301     -7.759911414      2.573263784
v      65.78461953     -7.761101826       2.55430369
v      65.54213904     -7.762457561       2.53271043
v      65.25847232     -7.763842957      2.510644754
v      64.95053897     -7.765048327      2.491446416
v      64.64226749     -7.765838739      2.478857245
v      64.35777181     -7.766043984      2.475588244
v       64.1144357     -7.765631671      2.482155287
v      63.91974117     -7.764697157      2.497039615
v       63.7725362     -7.763385916      2.517924205
v      63.66676415     -7.761797433      2.543224521
v      63.59597396     -7.759878481      2.573788325
v      63.56537923     -7.757270784      2.615322013
v      63.59597396     -7.754663087      2.656855702
v      63.66676415     -7.752744135      2.687419506
v       63.7725362     -7.751155652      2.712719822
v      63.91974117     -7.749844411      2.733604412
v       64.1144357     -7.748909896       2.74848874
v      64.35777181     -7.748497584      2.755055783
v      64.64226749     -7.748702829      2.751786782
v      64.95053897     -7.749493241      2.739197611
v      65.25847232     -7.750698611      2.719999273
v      65.54213904     -7.752084007      2.697933597
v      65.78461953     -7.753439742      2.676340337
v      65.97898301     -7.754630153      2.657380243
v      66.12689853     -7.755596752      2.641984895
v       66.2350795     -7.756337888       2.63018057
v      66.31192187     -7.756882612      2.621504555
v      66.93172403      -9.69658848      2.819152517
v      66.89163101     -9.697073694       2.81453601
v      66.83399924       -9.6977546      2.808057625
v      66.75286351      -9.69868102       2.79924333
v      66.64192687     -9.699889268      2.787747615
v      66.49615426     -9.701377282      2.773590103
v       66.3142939     -9.703071951      2.757466405
v      66.10154385     -9.704803696      2.740989954
v      65.87059384     -9.706310408      2.726654545
v      65.63939023     -9.707298424      2.717254205
v      65.42601847      -9.70755498       2.71481324
v      65.24351639     -9.707039589      2.719716854
v      65.09749549     -9.705871446       2.73083099
v      64.98709176     -9.704232395      2.746425524
v      64.90776272     -9.702246791      2.765317283
v      64.85467009     -9.699848101      2.788139291
v      64.83172403      -9.69658848      2.819152517
v      64.85467009     -9.693328858      2.850165743
v      64.90776272     -9.690930169      2.872987751
v      64.98709176     -9.688944565       2.89187951
v      65.09749549     -9.687305513      2.907474044
v      65.24351639     -9.686137371       2.91858818
v      65.42601847      -9.68562198      2.923491794
v      65.63939023     -9.685878536      2.921050829
v      65.87059384     -9.686866551      2.911650489
v      66.10154385     -9.688373263       2.89731508
v       66.3142939     -9.690105008      2.880838629
v      66.49615426     -9.691799677       2.86471493
v      66.64192687     -9.693287692      2.850557418
v      66.75286351      -9.69449594      2.839061704
v      66.83399924      -9.69542236      2.830247409
v      66.89163101     -9.696103265      2.823769024
v      66.89163101     -9.696831087      2.816844263
v      66.83399924      -9.69717154      2.813605071
v      66.75286351      -9.69763475      2.809197923
v      66.64192687     -9.698238874      2.803450066
v      66.49615426     -9.698982881       2.79637131
v       66.3142939     -9.699830216      2.788309461
v      66.10154385     -9.700696088      2.780071235
v      65.87059384     -9.701449444      2.772903531
v      65.63939023     -9.701943452      2.768203361
v      65.42601847      -9.70207173      2.766982878
v      65.24351639     -9.701814034      2.769434685
v      65.09749549     -9.701229963      2.774991753
v      64.98709176     -9.700410437       2.78278902
v      64.90776272     -9.699417635        2.7922349
v      64.85467009     -9.698218291      2.803645904
v      64.85467009     -9.694958669       2.83465913
v      64.90776272     -9.693759324      2.846070134
v      64.98709176     -9.692766522      2.855516013
v      65.09749549     -9.691946997       2.86331328
v      65.24351639     -9.691362925      2.868870348
v      65.42601847      -9.69110523      2.871322155
v      65.63939023     -9.691233508      2.870101673
v      65.87059384     -9.691727516      2.865401503
v      66.10154385     -9.692480872      2.858233798
v       66.3142939     -9.693346744      2.849995573
v      66.49615426     -9.694194079      2.841933724
v      66.64192687     -9.694938086      2.834854968
v      66.75286351      -9.69554221       2.82910711
v      66.83399924      -9.69600542      2.824699963
v      66.89163101     -9.696345873       2.82146077
v      66.89163101      -9.69658848      2.819152517
v      66.83399924      -9.69658848      2.819152517
v      66.75286351      -9.69658848      2.819152517
v      66.64192687      -9.69658848      2.819152517
v      66.49615426      -9.69658848      2.819152517
v       66.3142939      -9.69658848      2.819152517
v      66.10154385      -9.69658848      2.819152517
v      65.87059384      -9.69658848      2.819152517
v      65.63939023      -9.69658848      2.819152517
v      65.42601847      -9.69658848      2.819152517
v      65.24351639      -9.69658848      2.819152517
v      65.09749549      -9.69658848      2.819152517
v      64.98709176      -9.69658848      2.819152517
v      64.90776272      -9.69658848      2.819152517
v      64.85467009      -9.69658848      2.819152517
v             58.8                0              2.6
v      58.65108307  6.024206522e-16              2.6
v      58.65108307   0.008620738454              2.6
v       58.4370222  8.006750179e-16              2.6
v       58.4370222    0.02071829632              2.6
v      58.13566093   3.76918023e-16              2.6
v      58.13566093    0.03717786876              2.6
v      57.72361055  6.966798036e-17              2.6
v      57.72361055    0.05864465023              2.6
v       57.1821694 -7.116435586e-17              2.6
v       57.1821694    0.08508199896              2.6
v      56.50668806  1.390194853e-16              2.6
v      56.50668806     0.1151909501              2.6
v      55.71647361  4.264105096e-18              2.6
v      55.71647361     0.1459586226              2.6
v      54.85865929  2.775557562e-17              2.6
v      54.85865929     0.1727281712              2.6
v      53.99990302      0.190282108              2.6
v      53.99990302  4.060531192e-17              2.6
v      53.20737933     0.1948402987              2.6
v      53.20737933                0              2.6
v      52.52951447     0.1856834243              2.6
v      52.52951447  6.169712548e-17              2.6
v      51.98715112     0.1649291927              2.6
v      51.98715112 -5.630372515e-17              2.6
v      51.57708013     0.1358083885              2.6
v      51.57708013  2.353583088e-16              2.6
v      51.28242942     0.1005304369              2.6
v      51.28242942 -3.210340022e-16              2.6
v       51.0852282    0.05791324623              2.6
v       51.0852282  6.414968646e-16              2.6
v               51                0              2.6
v       51.0852282   -0.05791324623              2.6
v      51.28242942    -0.1005304369              2.6
v      51.57708013    -0.1358083885              2.6
v      51.98715112    -0.1649291927              2.6
v      52.52951447    -0.1856834243              2.6
v      53.20737933    -0.1948402987              2.6
v      53.99990302     -0.190282108              2.6
v      54.85865929    -0.1727281712              2.6
v      55.71647361    -0.1459586226              2.6
v      56.50668806    -0.1151909501              2.6
v       57.1821694   -0.08508199896              2.6
v      57.72361055   -0.05864465023              2.6
v      58.13566093   -0.03717786876              2.6
v       58.4370222   -0.02071829632              2.6
v      58.65108307  -0.008620738454              2.6
v      58.65108307    0.01724147691              2.6
v       58.4370222    0.04143659263              2.6
v      58.13566093    0.07435573753              2.6
v      57.72361055     0.1172893005              2.6
v       57.1821694     0.1701639979              2.6
v      56.50668806     0.2303819002              2.6
v      55.71647361     0.2919172452              2.6
v      54.85865929     0.3454563424              2.6
v      53.99990302      0.380564216              2.6
v      53.20737933     0.3896805974              2.6
v      52.52951447     0.3713668486              2.6
v      51.98715112     0.3298583855              2.6
v      51.57708013     0.2716167769              2.6
v      51.28242942     0.2010608737              2.6
v       51.0852282     0.1158264925              2.6
v       51.0852282    -0.1158264925              2.6
v      51.28242942    -0.2010608737              2.6
v      51.57708013    -0.2716167769              2.6
v      51.98715112    -0.3298583855              2.6
v      52.52951447    -0.3713668486              2.6
v      53.20737933    -0.3896805974              2.6
v      53.99990302     -0.380564216              2.6
v      54.85865929    -0.3454563424              2.6
v      55.71647361    -0.2919172452              2.6
v      56.50668806    -0.2303819002              2.6
v       57.1821694    -0.1701639979              2.6
v      57.72361055    -0.1172893005              2.6
v      58.13566093   -0.07435573753              2.6
v       58.4370222   -0.04143659263              2.6
v      58.65108307   -0.01724147691              2.6
v      59.33131983  1.200153863e-16             4.56
v      59.20149481    0.01503103115             4.56
v      59.01487764    0.03612420896             4.56
v      58.75215243    0.06482295066             4.56
v      58.39292902     0.1022522107             4.56
v      57.92090341     0.1483481008             4.56
v      57.33202224     0.2008457591             4.56
v      56.64311733     0.2544919574             4.56
v      55.89527921     0.3011670678             4.56
v       55.1466199     0.3317739319             4.56
v      54.45570181     0.3397215465             4.56
v       53.8647427     0.3237557142             4.56
v      53.39191312     0.2875688489             4.56
v      53.03441533     0.2367941132             4.56
v      52.77754035     0.1752838386             4.56
v      52.60562133     0.1009769421             4.56
v      52.53131983  1.200153863e-16             4.56
v      52.60562133    -0.1009769421             4.56
v      52.77754035    -0.1752838386             4.56
v      53.03441533    -0.2367941132             4.56
v      53.39191312    -0.2875688489             4.56
v       53.8647427    -0.3237557142             4.56
v      54.45570181    -0.3397215465             4.56
v       55.1466199    -0.3317739319             4.56
v      55.89527921    -0.3011670678             4.56
v      56.64311733    -0.2544919574             4.56
v      57.33202224    -0.2008457591             4.56
v      57.92090341    -0.1483481008             4.56
v      58.39292902    -0.1022522107             4.56
v      58.75215243   -0.06482295066             4.56
v      59.01487764   -0.03612420896             4.56
v      59.20149481   -0.01503103115             4.56
v      59.86263966  2.400307726e-16             6.52
v      59.75190655    0.01282058539             6.52
v      59.59273308    0.03081182529             6.52
v      59.36864393     0.0552901638             6.52
v       59.0622475    0.08721512086             6.52
v      58.65963742     0.1265322036             6.52
v      58.15735642     0.1713096181             6.52
v      57.56976105     0.2170666695             6.52
v      56.93189913     0.2568777931             6.52
v      56.29333677     0.2829836478             6.52
v      55.70402429     0.2897624955             6.52
v      55.19997093     0.2761445798             6.52
v      54.79667511     0.2452793123             6.52
v      54.49175053     0.2019714495             6.52
v      54.27265128     0.1495068035             6.52
v      54.12601447    0.08612739182             6.52
v      54.06263966  2.400307726e-16             6.52
v      54.12601447   -0.08612739182             6.52
v      54.27265128    -0.1495068035             6.52
v      54.49175053    -0.2019714495             6.52
v      54.79667511    -0.2452793123             6.52
v      55.19997093    -0.2761445798             6.52
v      55.70402429    -0.2897624955             6.52
v      56.29333677    -0.2829836478             6.52
v      56.93189913    -0.2568777931             6.52
v      57.56976105    -0.2170666695             6.52
v      58.15735642    -0.1713096181             6.52
v      58.65963742    -0.1265322036             6.52
v       59.0622475   -0.08721512086             6.52
v      59.36864393    -0.0552901638             6.52
v      59.59273308   -0.03081182529             6.52
v      59.75190655   -0.01282058539             6.52
v      60.39395948  3.600461589e-16             8.48
v      60.30231829    0.01061013964             8.48
v      60.17058853    0.02549944162             8.48
v      59.98513544    0.04575737694             8.48
v      59.73156598    0.07217803105             8.48
v      59.39837142     0.1047163064             8.48
v       58.9826906      0.141773477             8.48
v      58.49640478     0.1796413817             8.48
v      57.96851905     0.2125885184             8.48
v      57.44005365     0.2341933637             8.48
v      56.95234677     0.2398034446             8.48
v      56.53519916     0.2285334453             8.48
v       56.2014371     0.2029897757             8.48
v      55.94908572     0.1671487858             8.48
v       55.7677622     0.1237297684             8.48
v      55.64640761    0.07127784151             8.48
v      55.59395948  3.600461589e-16             8.48
v      55.64640761   -0.07127784151             8.48
v       55.7677622    -0.1237297684             8.48
v      55.94908572    -0.1671487858             8.48
v       56.2014371    -0.2029897757             8.48
v      56.53519916    -0.2285334453             8.48
v      56.95234677    -0.2398034446             8.48
v      57.44005365    -0.2341933637             8.48
v      57.96851905    -0.2125885184             8.48
v      58.49640478    -0.1796413817             8.48
v       58.9826906     -0.141773477             8.48
v      59.39837142    -0.1047163064             8.48
v      59.73156598   -0.07217803105             8.48
v      59.98513544   -0.04575737694             8.48
v      60.17058853   -0.02549944162             8.48
v      60.30231829   -0.01061013964             8.48
v      60.85273004   0.008399693879            10.44
v      60.92527931  4.800615453e-16            10.44
v      60.74844397    0.02018705795            10.44
v      60.60162694    0.03622459008            10.44
v      60.40088445    0.05714094125            10.44
v      60.13710543    0.08290040924            10.44
v      59.80802478      0.112237336            10.44
v       59.4230485     0.1422160938            10.44
v      59.00513897     0.1682992438            10.44
v      58.58677053     0.1854030796            10.44
v      58.20066924     0.1898443936            10.44
v      57.87042739     0.1809223109            10.44
v      57.60619909     0.1607002391            10.44
v      57.40642092     0.1323261221            10.44
v      57.26287313    0.09795273334            10.44
v      57.16680074    0.05642829119            10.44
v      57.12527931  4.800615453e-16            10.44
v      57.16680074   -0.05642829119            10.44
v      57.26287313   -0.09795273334            10.44
v      57.40642092    -0.1323261221            10.44
v      57.60619909    -0.1607002391            10.44
v      57.87042739    -0.1809223109            10.44
v      58.20066924    -0.1898443936            10.44
v      58.58677053    -0.1854030796            10.44
v      59.00513897    -0.1682992438            10.44
v       59.4230485    -0.1422160938            10.44
v      59.80802478     -0.112237336            10.44
v      60.13710543   -0.08290040924            10.44
v      60.40088445   -0.05714094125            10.44
v      60.60162694   -0.03622459008            10.44
v      60.74844397   -0.02018705795            10.44
v      60.85273004  -0.008399693879            10.44
v      61.40314178   0.006189248121             12.4
v      61.45659914  6.000769316e-16             12.4
v      61.32629942    0.01487467428             12.4
v      61.21811845    0.02669180321             12.4
v      61.07020293    0.04210385145             12.4
v      60.87583944    0.06108451207             12.4
v      60.63335896    0.08270119494             12.4
v      60.34969223      0.104790806             12.4
v      60.04175889     0.1240099691             12.4
v       59.7334874     0.1366127955             12.4
v      59.44899172     0.1398853427             12.4
v      59.20565562     0.1333111764             12.4
v      59.01096108     0.1184107025             12.4
v      58.86375611    0.09750345839             12.4
v      58.75798406    0.07217569825             12.4
v      58.68719388    0.04157874088             12.4
v      58.65659914  6.000769316e-16             12.4
v      58.68719388   -0.04157874088             12.4
v      58.75798406   -0.07217569825             12.4
v      58.86375611   -0.09750345839             12.4
v      59.01096108    -0.1184107025             12.4
v      59.20565562    -0.1333111764             12.4
v      59.44899172    -0.1398853427             12.4
v       59.7334874    -0.1366127955             12.4
v      60.04175889    -0.1240099691             12.4
v      60.34969223     -0.104790806             12.4
v      60.63335896   -0.08270119494             12.4
v      60.87583944   -0.06108451207             12.4
v      61.07020293   -0.04210385145             12.4
v      61.21811845   -0.02669180321             12.4
v      61.32629942   -0.01487467428             12.4
v      61.40314178  -0.006189248121             12.4
v      61.40314178   0.003094624061             12.4
v      61.32629942   0.007437337139             12.4
v      61.21811845    0.01334590161             12.4
v      61.07020293    0.02105192572             12.4
v      60.87583944    0.03054225604             12.4
v      60.63335896    0.04135059747             12.4
v      60.34969223    0.05239540299             12.4
v      60.04175889    0.06200498454             12.4
v       59.7334874    0.06830639775             12.4
v      59.44899172    0.06994267133             12.4
v      59.20565562    0.06665558822             12.4
v      59.01096108    0.05920535124             12.4
v      58.86375611     0.0487517292             12.4
v      58.75798406    0.03608784913             12.4
v      58.68719388    0.02078937044             12.4
v      58.68719388   -0.02078937044             12.4
v      58.75798406   -0.03608784913             12.4
v      58.86375611    -0.0487517292             12.4
v      59.01096108   -0.05920535124             12.4
v      59.20565562   -0.06665558822             12.4
v      59.44899172   -0.06994267133             12.4
v       59.7334874   -0.06830639775             12.4
v      60.04175889   -0.06200498454             12.4
v      60.34969223   -0.05239540299             12.4
v      60.63335896   -0.04135059747             12.4
v      60.87583944   -0.03054225604             12.4
v      61.07020293   -0.02105192572             12.4
v      61.21811845   -0.01334590161             12.4
v      61.32629942  -0.007437337139             12.4
v      61.40314178  -0.003094624061             12.4
v      61.40314178    8.1676529e-16             12.4
v      61.32629942  8.901722348e-16             12.4
v      61.21811845  7.408797192e-16             12.4
v      61.07020293  6.242202282e-16             12.4
v      60.87583944  5.688436052e-16             12.4
v      60.63335896  6.460765115e-16             12.4
v      60.34969223  5.960710992e-16             12.4
v      60.04175889  6.000769316e-16             12.4
v       59.7334874  6.011049831e-16             12.4
v      59.44899172  5.895503553e-16             12.4
v      59.20565562  6.239355638e-16             12.4
v      59.01096108   5.81795584e-16             12.4
v      58.86375611  6.861616904e-16             12.4
v      58.75798406  4.896566964e-16             12.4
v      58.68719388  8.305877382e-16             12.4
v      24.70280619     -9.256193815             -1.8
v      24.70280619     -9.276215819     -1.892312854
v             24.5             -9.5             -1.8
v      24.70280619     -9.329903007     -1.970096993
v      24.70280619     -9.407687146     -2.023784181
v      24.70280619             -9.5     -2.043806185
v      24.70280619     -9.592312854     -2.023784181
v      24.70280619     -9.670096993     -1.970096993
v      24.70280619     -9.723784181     -1.892312854
v      24.70280619     -9.743806185             -1.8
v      24.70280619     -9.723784181     -1.707687146
v      24.70280619     -9.670096993     -1.629903007
v      24.70280619     -9.592312854     -1.576215819
v      24.70280619             -9.5     -1.556193815
v      24.70280619     -9.407687146     -1.576215819
v      24.70280619     -9.329903007     -1.629903007
v      24.70280619     -9.276215819     -1.707687146
v      24.93815696     -8.937843041             -1.8
v      24.93815696     -8.983005408        -2.015861
v      24.93815696     -9.105122432     -2.194877568
v      24.93815696        -9.284139     -2.316994592
v      24.93815696             -9.5     -2.362156959
v      24.93815696        -9.715861     -2.316994592
v      24.93815696     -9.894877568     -2.194877568
v      24.93815696     -10.01699459        -2.015861
v      24.93815696     -10.06215696             -1.8
v      24.93815696     -10.01699459        -1.584139
v      24.93815696     -9.894877568     -1.405122432
v      24.93815696        -9.715861     -1.283005408
v      24.93815696             -9.5     -1.237843041
v      24.93815696        -9.284139     -1.283005408
v      24.93815696     -9.105122432     -1.405122432
v      24.93815696     -8.983005408        -1.584139
v      25.19210464     -8.618895361             -1.8
v      25.19210464     -8.688820114      -2.14091614
v      25.19210464     -8.878786756     -2.421213244
v      25.19210464      -9.15908386     -2.611179886
v      25.19210464             -9.5     -2.681104639
v      25.19210464      -9.84091614     -2.611179886
v      25.19210464     -10.12121324     -2.421213244
v      25.19210464     -10.31117989      -2.14091614
v      25.19210464     -10.38110464             -1.8
v      25.19210464     -10.31117989      -1.45908386
v      25.19210464     -10.12121324     -1.178786756
v      25.19210464      -9.84091614     -0.988820114
v      25.19210464             -9.5    -0.9188953609
v      25.19210464      -9.15908386     -0.988820114
v      25.19210464     -8.878786756     -1.178786756
v      25.19210464     -8.688820114      -1.45908386
v      25.45070155     -8.373298454             -1.8
v      25.45070155     -8.462111284     -2.237749976
v      25.45070155     -8.704024463     -2.595975537
v      25.45070155     -9.062250024     -2.837888716
v      25.45070155             -9.5     -2.926701546
v      25.45070155     -9.937749976     -2.837888716
v      25.45070155     -10.29597554     -2.595975537
v      25.45070155     -10.53788872     -2.237749976
v      25.45070155     -10.62670155             -1.8
v      25.45070155     -10.53788872     -1.362250024
v      25.45070155     -10.29597554     -1.004024463
v      25.45070155     -9.937749976    -0.7621112838
v      25.45070155             -9.5    -0.6732984536
v      25.45070155     -9.062250024    -0.7621112838
v      25.45070155     -8.704024463     -1.004024463
v      25.45070155     -8.462111284     -1.362250024
v             25.7           -8.275             -1.8
v             25.7     -8.371330263      -2.27663421
v             25.7     -8.633964036     -2.666035964
v             25.7      -9.02336579     -2.928669737
v             25.7             -9.5           -3.025
v             25.7      -9.97663421     -2.928669737
v             25.7     -10.36603596     -2.666035964
v             25.7     -10.62866974      -2.27663421
v             25.7          -10.725             -1.8
v             25.7     -10.62866974      -1.32336579
v             25.7     -10.36603596    -0.9339640356
v             25.7      -9.97663421    -0.6713302634
v             25.7             -9.5           -0.575
v             25.7      -9.02336579    -0.6713302634
v             25.7     -8.633964036    -0.9339640356
v             25.7     -8.371330263      -1.32336579
v            25.94           -8.275             -1.8
v            25.94     -8.371330263      -2.27663421
v            25.94     -8.633964036     -2.666035964
v            25.94      -9.02336579     -2.928669737
v            25.94             -9.5           -3.025
v            25.94      -9.97663421     -2.928669737
v            25.94     -10.36603596     -2.666035964
v            25.94     -10.62866974      -2.27663421
v            25.94          -10.725             -1.8
v            25.94     -10.62866974      -1.32336579
v            25.94     -10.36603596    -0.9339640356
v            25.94      -9.97663421    -0.6713302634
v            25.94             -9.5           -0.575
v            25.94      -9.02336579    -0.6713302634
v            25.94     -8.633964036    -0.9339640356
v            25.94     -8.371330263      -1.32336579
v            26.18           -8.275             -1.8
v            26.18     -8.371330263      -2.27663421
v            26.18     -8.633964036     -2.666035964
v            26.18      -9.02336579     -2.928669737
v            26.18             -9.5           -3.025
v            26.18      -9.97663421     -2.928669737
v            26.18     -10.36603596     -2.666035964
v            26.18     -10.62866974      -2.27663421
v            26.18          -10.725             -1.8
v            26.18     -10.62866974      -1.32336579
v            26.18     -10.36603596    -0.9339640356
v            26.18      -9.97663421    -0.6713302634
v            26.18             -9.5           -0.575
v            26.18      -9.02336579    -0.6713302634
v            26.18     -8.633964036    -0.9339640356
v            26.18     -8.371330263      -1.32336579
v            26.42           -8.275             -1.8
v            26.42     -8.371330263      -2.27663421
v            26.42     -8.633964036     -2.666035964
v            26.42      -9.02336579     -2.928669737
v            26.42             -9.5           -3.025
v            26.42      -9.97663421     -2.928669737
v            26.42     -10.36603596     -2.666035964
v            26.42     -10.62866974      -2.27663421
v            26.42          -10.725             -1.8
v            26.42     -10.62866974      -1.32336579
v            26.42     -10.36603596    -0.9339640356
v            26.42      -9.97663421    -0.6713302634
v            26.42             -9.5           -0.575
v            26.42      -9.02336579    -0.6713302634
v            26.42     -8.633964036    -0.9339640356
v            26.42     -8.371330263      -1.32336579
v            26.66           -8.275             -1.8
v            26.66     -8.371330263      -2.27663421
v            26.66     -8.633964036     -2.666035964
v            26.66      -9.02336579     -2.928669737
v            26.66             -9.5           -3.025
v            26.66      -9.97663421     -2.928669737
v            26.66     -10.36603596     -2.666035964
v            26.66     -10.62866974      -2.27663421
v            26.66          -10.725             -1.8
v            26.66     -10.62866974      -1.32336579
v            26.66     -10.36603596    -0.9339640356
v            26.66      -9.97663421    -0.6713302634
v            26.66             -9.5           -0.575
v            26.66      -9.02336579    -0.6713302634
v            26.66     -8.633964036    -0.9339640356
v            26.66     -8.371330263      -1.32336579
v             26.9           -8.275             -1.8
v             26.9     -8.371330263      -2.27663421
v             26.9     -8.633964036     -2.666035964
v             26.9      -9.02336579     -2.928669737
v             26.9             -9.5           -3.025
v             26.9      -9.97663421     -2.928669737
v             26.9     -10.36603596     -2.666035964
v             26.9     -10.62866974      -2.27663421
v             26.9          -10.725             -1.8
v             26.9     -10.62866974      -1.32336579
v             26.9     -10.36603596    -0.9339640356
v             26.9      -9.97663421    -0.6713302634
v             26.9             -9.5           -0.575
v             26.9      -9.02336579    -0.6713302634
v             26.9     -8.633964036    -0.9339640356
v             26.9     -8.371330263      -1.32336579
v            27.14           -8.275             -1.8
v            27.14     -8.371330263      -2.27663421
v            27.14     -8.633964036     -2.666035964
v            27.14      -9.02336579     -2.928669737
v            27.14             -9.5           -3.025
v            27.14      -9.97663421     -2.928669737
v            27.14     -10.36603596     -2.666035964
v            27.14     -10.62866974      -2.27663421
v            27.14          -10.725             -1.8
v            27.14     -10.62866974      -1.32336579
v            27.14     -10.36603596    -0.9339640356
v            27.14      -9.97663421    -0.6713302634
v            27.14             -9.5           -0.575
v            27.14      -9.02336579    -0.6713302634
v            27.14     -8.633964036    -0.9339640356
v            27.14     -8.371330263      -1.32336579
v            27.38           -8.275             -1.8
v            27.38     -8.371330263      -2.27663421
v            27.38     -8.633964036     -2.666035964
v            27.38      -9.02336579     -2.928669737
v            27.38             -9.5           -3.025
v            27.38      -9.97663421     -2.928669737
v            27.38     -10.36603596     -2.666035964
v            27.38     -10.62866974      -2.27663421
v            27.38          -10.725             -1.8
v            27.38     -10.62866974      -1.32336579
v            27.38     -10.36603596    -0.9339640356
v            27.38      -9.97663421    -0.6713302634
v            27.38             -9.5           -0.575
v            27.38      -9.02336579    -0.6713302634
v            27.38     -8.633964036    -0.9339640356
v            27.38     -8.371330263      -1.32336579
v            27.62           -8.275             -1.8
v            27.62     -8.371330263      -2.27663421
v            27.62     -8.633964036     -2.666035964
v            27.62      -9.02336579     -2.928669737
v            27.62             -9.5           -3.025
v            27.62      -9.97663421     -2.928669737
v            27.62     -10.36603596     -2.666035964
v            27.62     -10.62866974      -2.27663421
v            27.62          -10.725             -1.8
v            27.62     -10.62866974      -1.32336579
v            27.62     -10.36603596    -0.9339640356
v            27.62      -9.97663421    -0.6713302634
v            27.62             -9.5           -0.575
v            27.62      -9.02336579    -0.6713302634
v            27.62     -8.633964036    -0.9339640356
v            27.62     -8.371330263      -1.32336579
v            27.86           -8.275             -1.8
v            27.86     -8.371330263      -2.27663421
v            27.86     -8.633964036     -2.666035964
v            27.86      -9.02336579     -2.928669737
v            27.86             -9.5           -3.025
v            27.86      -9.97663421     -2.928669737
v            27.86     -10.36603596     -2.666035964
v            27.86     -10.62866974      -2.27663421
v            27.86          -10.725             -1.8
v            27.86     -10.62866974      -1.32336579
v            27.86     -10.36603596    -0.9339640356
v            27.86      -9.97663421    -0.6713302634
v            27.86             -9.5           -0.575
v            27.86      -9.02336579    -0.6713302634
v            27.86     -8.633964036    -0.9339640356
v            27.86     -8.371330263      -1.32336579
v             28.1           -8.275             -1.8
v             28.1     -8.371330263      -2.27663421
v             28.1     -8.633964036     -2.666035964
v             28.1      -9.02336579     -2.928669737
v             28.1             -9.5           -3.025
v             28.1      -9.97663421     -2.928669737
v             28.1     -10.36603596     -2.666035964
v             28.1     -10.62866974      -2.27663421
v             28.1          -10.725             -1.8
v             28.1     -10.62866974      -1.32336579
v             28.1     -10.36603596    -0.9339640356
v             28.1      -9.97663421    -0.6713302634
v             28.1             -9.5           -0.575
v             28.1      -9.02336579    -0.6713302634
v             28.1     -8.633964036    -0.9339640356
v             28.1     -8.371330263      -1.32336579
v      28.34929845     -8.373298454             -1.8
v      28.34929845     -8.462111284     -2.237749976
v      28.34929845     -8.704024463     -2.595975537
v      28.34929845     -9.062250024     -2.837888716
v      28.34929845             -9.5     -2.926701546
v      28.34929845     -9.937749976     -2.837888716
v      28.34929845     -10.29597554     -2.595975537
v      28.34929845     -10.53788872     -2.237749976
v      28.34929845     -10.62670155             -1.8
v      28.34929845     -10.53788872     -1.362250024
v      28.34929845     -10.29597554     -1.004024463
v      28.34929845     -9.937749976    -0.7621112838
v      28.34929845             -9.5    -0.6732984536
v      28.34929845     -9.062250024    -0.7621112838
v      28.34929845     -8.704024463     -1.004024463
v      28.34929845     -8.462111284     -1.362250024
v      28.60789536     -8.618895361             -1.8
v      28.60789536     -8.688820114      -2.14091614
v      28.60789536     -8.878786756     -2.421213244
v      28.60789536      -9.15908386     -2.611179886
v      28.60789536             -9.5     -2.681104639
v      28.60789536      -9.84091614     -2.611179886
v      28.60789536     -10.12121324     -2.421213244
v      28.60789536     -10.31117989      -2.14091614
v      28.60789536     -10.38110464             -1.8
v      28.60789536     -10.31117989      -1.45908386
v      28.60789536     -10.12121324     -1.178786756
v      28.60789536      -9.84091614     -0.988820114
v      28.60789536             -9.5    -0.9188953609
v      28.60789536      -9.15908386     -0.988820114
v      28.60789536     -8.878786756     -1.178786756
v      28.60789536     -8.688820114      -1.45908386
v      28.86184304     -8.937843041             -1.8
v      28.86184304     -8.983005408        -2.015861
v      28.86184304     -9.105122432     -2.194877568
v      28.86184304        -9.284139     -2.316994592
v      28.86184304             -9.5     -2.362156959
v      28.86184304        -9.715861     -2.316994592
v      28.86184304     -9.894877568     -2.194877568
v      28.86184304     -10.01699459        -2.015861
v      28.86184304     -10.06215696             -1.8
v      28.86184304     -10.01699459        -1.584139
v      28.86184304     -9.894877568     -1.405122432
v      28.86184304        -9.715861     -1.283005408
v      28.86184304             -9.5     -1.237843041
v      28.86184304        -9.284139     -1.283005408
v      28.86184304     -9.105122432     -1.405122432
v      28.86184304     -8.983005408        -1.584139
v      29.09719381     -9.256193815             -1.8
v      29.09719381     -9.276215819     -1.892312854
v      29.09719381     -9.329903007     -1.970096993
v      29.09719381     -9.407687146     -2.023784181
v      29.09719381             -9.5     -2.043806185
v      29.09719381     -9.592312854     -2.023784181
v      29.09719381     -9.670096993     -1.970096993
v      29.09719381     -9.723784181     -1.892312854
v      29.09719381     -9.743806185             -1.8
v      29.09719381     -9.723784181     -1.707687146
v      29.09719381     -9.670096993     -1.629903007
v      29.09719381     -9.592312854     -1.576215819
v      29.09719381             -9.5     -1.556193815
v      29.09719381     -9.407687146     -1.576215819
v      29.09719381     -9.329903007     -1.629903007
v      29.09719381     -9.276215819     -1.707687146
v             29.3             -9.5             -1.8
v      24.70280619      9.743806185             -1.8
v      24.70280619      9.723784181     -1.892312854
v             24.5              9.5             -1.8
v      24.70280619      9.670096993     -1.970096993
v      24.70280619      9.592312854     -2.023784181
v      24.70280619              9.5     -2.043806185
v      24.70280619      9.407687146     -2.023784181
v      24.70280619      9.329903007     -1.970096993
v      24.70280619      9.276215819     -1.892312854
v      24.70280619      9.256193815             -1.8
v      24.70280619      9.276215819     -1.707687146
v      24.70280619      9.329903007     -1.629903007
v      24.70280619      9.407687146     -1.576215819
v      24.70280619              9.5     -1.556193815
v      24.70280619      9.592312854     -1.576215819
v      24.70280619      9.670096993     -1.629903007
v      24.70280619      9.723784181     -1.707687146
v      24.93815696      10.06215696             -1.8
v      24.93815696      10.01699459        -2.015861
v      24.93815696      9.894877568     -2.194877568
v      24.93815696         9.715861     -2.316994592
v      24.93815696              9.5     -2.362156959
v      24.93815696         9.284139     -2.316994592
v      24.93815696      9.105122432     -2.194877568
v      24.93815696      8.983005408        -2.015861
v      24.93815696      8.937843041             -1.8
v      24.93815696      8.983005408        -1.584139
v      24.93815696      9.105122432     -1.405122432
v      24.93815696         9.284139     -1.283005408
v      24.93815696              9.5     -1.237843041
v      24.93815696         9.715861     -1.283005408
v      24.93815696      9.894877568     -1.405122432
v      24.93815696      10.01699459        -1.584139
v      25.19210464      10.38110464             -1.8
v      25.19210464      10.31117989      -2.14091614
v      25.19210464      10.12121324     -2.421213244
v      25.19210464       9.84091614     -2.611179886
v      25.19210464              9.5     -2.681104639
v      25.19210464       9.15908386     -2.611179886
v      25.19210464      8.878786756     -2.421213244
v      25.19210464      8.688820114      -2.14091614
v      25.19210464      8.618895361             -1.8
v      25.19210464      8.688820114      -1.45908386
v      25.19210464      8.878786756     -1.178786756
v      25.19210464       9.15908386     -0.988820114
v      25.19210464              9.5    -0.9188953609
v      25.19210464       9.84091614     -0.988820114
v      25.19210464      10.12121324     -1.178786756
v      25.19210464      10.31117989      -1.45908386
v      25.45070155      10.62670155             -1.8
v      25.45070155      10.53788872     -2.237749976
v      25.45070155      10.29597554     -2.595975537
v      25.45070155      9.937749976     -2.837888716
v      25.45070155              9.5     -2.926701546
v      25.45070155      9.062250024     -2.837888716
v      25.45070155      8.704024463     -2.595975537
v      25.45070155      8.462111284     -2.237749976
v      25.45070155      8.373298454             -1.8
v      25.45070155      8.462111284     -1.362250024
v      25.45070155      8.704024463     -1.004024463
v      25.45070155      9.062250024    -0.7621112838
v      25.45070155              9.5    -0.6732984536
v      25.45070155      9.937749976    -0.7621112838
v      25.45070155      10.29597554     -1.004024463
v      25.45070155      10.53788872     -1.362250024
v             25.7           10.725             -1.8
v             25.7      10.62866974      -2.27663421
v             25.7      10.36603596     -2.666035964
v             25.7       9.97663421     -2.928669737
v             25.7              9.5           -3.025
v             25.7       9.02336579     -2.928669737
v             25.7      8.633964036     -2.666035964
v             25.7      8.371330263      -2.27663421
v             25.7            8.275             -1.8
v             25.7      8.371330263      -1.32336579
v             25.7      8.633964036    -0.9339640356
v             25.7       9.02336579    -0.6713302634
v             25.7              9.5           -0.575
v             25.7       9.97663421    -0.6713302634
v             25.7      10.36603596    -0.9339640356
v             25.7      10.62866974      -1.32336579
v            25.94           10.725             -1.8
v            25.94      10.62866974      -2.27663421
v            25.94      10.36603596     -2.666035964
v            25.94       9.97663421     -2.928669737
v            25.94              9.5           -3.025
v            25.94       9.02336579     -2.928669737
v            25.94      8.633964036     -2.666035964
v            25.94      8.371330263      -2.27663421
v            25.94            8.275             -1.8
v            25.94      8.371330263      -1.32336579
v            25.94      8.633964036    -0.9339640356
v            25.94       9.02336579    -0.6713302634
v            25.94              9.5           -0.575
v            25.94       9.97663421    -0.6713302634
v            25.94      10.36603596    -0.9339640356
v            25.94      10.62866974      -1.32336579
v            26.18           10.725             -1.8
v            26.18      10.62866974      -2.27663421
v            26.18      10.36603596     -2.666035964
v            26.18       9.97663421     -2.928669737
v            26.18              9.5           -3.025
v            26.18       9.02336579     -2.928669737
v            26.18      8.633964036     -2.666035964
v            26.18      8.371330263      -2.27663421
v            26.18            8.275             -1.8
v            26.18      8.371330263      -1.32336579
v            26.18      8.633964036    -0.9339640356
v            26.18       9.02336579    -0.6713302634
v            26.18              9.5           -0.575
v            26.18       9.97663421    -0.6713302634
v            26.18      10.36603596    -0.9339640356
v            26.18      10.62866974      -1.32336579
v            26.42           10.725             -1.8
v            26.42      10.62866974      -2.27663421
v            26.42      10.36603596     -2.666035964
v            26.42       9.97663421     -2.928669737
v            26.42              9.5           -3.025
v            26.42       9.02336579     -2.928669737
v            26.42      8.633964036     -2.666035964
v            26.42      8.371330263      -2.27663421
v            26.42            8.275             -1.8
v            26.42      8.371330263      -1.32336579
v            26.42      8.633964036    -0.9339640356
v            26.42       9.02336579    -0.6713302634
v            26.42              9.5           -0.575
v            26.42       9.97663421    -0.6713302634
v            26.42      10.36603596    -0.9339640356
v            26.42      10.62866974      -1.32336579
v            26.66           10.725             -1.8
v            26.66      10.62866974      -2.27663421
v            26.66      10.36603596     -2.666035964
v            26.66       9.97663421     -2.928669737
v            26.66              9.5           -3.025
v            26.66       9.02336579     -2.928669737
v            26.66      8.633964036     -2.666035964
v            26.66      8.371330263      -2.27663421
v            26.66            8.275             -1.8
v            26.66      8.371330263      -1.32336579
v            26.66      8.633964036    -0.9339640356
v            26.66       9.02336579    -0.6713302634
v            26.66              9.5           -0.575
v            26.66       9.97663421    -0.6713302634
v            26.66      10.36603596    -0.9339640356
v            26.66      10.62866974      -1.32336579
v             26.9           10.725             -1.8
v             26.9      10.62866974      -2.27663421
v             26.9      10.36603596     -2.666035964
v             26.9       9.97663421     -2.928669737
v             26.9              9.5           -3.025
v             26.9       9.02336579     -2.928669737
v             26.9      8.633964036     -2.666035964
v             26.9      8.371330263      -2.27663421
v             26.9            8.275             -1.8
v             26.9      8.371330263      -1.32336579
v             26.9      8.633964036    -0.9339640356
v             26.9       9.02336579    -0.6713302634
v             26.9              9.5           -0.575
v             26.9       9.97663421    -0.6713302634
v             26.9      10.36603596    -0.9339640356
v             26.9      10.62866974      -1.32336579
v            27.14           10.725             -1.8
v            27.14      10.62866974      -2.27663421
v            27.14      10.36603596     -2.666035964
v            27.14       9.97663421     -2.928669737
v            27.14              9.5           -3.025
v            27.14       9.02336579     -2.928669737
v            27.14      8.633964036     -2.666035964
v            27.14      8.371330263      -2.27663421
v            27.14            8.275             -1.8
v            27.14      8.371330263      -1.32336579
v            27.14      8.633964036    -0.9339640356
v            27.14       9.02336579    -0.6713302634
v            27.14              9.5           -0.575
v            27.14       9.97663421    -0.6713302634
v            27.14      10.36603596    -0.9339640356
v            27.14      10.62866974      -1.32336579
v            27.38           10.725             -1.8
v            27.38      10.62866974      -2.27663421
v            27.38      10.36603596     -2.666035964
v            27.38       9.97663421     -2.928669737
v            27.38              9.5           -3.025
v            27.38       9.02336579     -2.928669737
v            27.38      8.633964036     -2.666035964
v            27.38      8.371330263      -2.27663421
v            27.38            8.275             -1.8
v            27.38      8.371330263      -1.32336579
v            27.38      8.633964036    -0.9339640356
v            27.38       9.02336579    -0.6713302634
v            27.38              9.5           -0.575
v            27.38       9.97663421    -0.6713302634
v            27.38      10.36603596    -0.9339640356
v            27.38      10.62866974      -1.32336579
v            27.62           10.725             -1.8
v            27.62      10.62866974      -2.27663421
v            27.62      10.36603596     -2.666035964
v            27.62       9.97663421     -2.928669737
v            27.62              9.5           -3.025
v            27.62       9.02336579     -2.928669737
v            27.62      8.633964036     -2.666035964
v            27.62      8.371330263      -2.27663421
v            27.62            8.275             -1.8
v            27.62      8.371330263      -1.32336579
v            27.62      8.633964036    -0.9339640356
v            27.62       9.02336579    -0.6713302634
v            27.62              9.5           -0.575
v            27.62       9.97663421    -0.6713302634
v            27.62      10.36603596    -0.9339640356
v            27.62      10.62866974      -1.32336579
v            27.86           10.725             -1.8
v            27.86      10.62866974      -2.27663421
v            27.86      10.36603596     -2.666035964
v            27.86       9.97663421     -2.928669737
v            27.86              9.5           -3.025
v            27.86       9.02336579     -2.928669737
v            27.86      8.633964036     -2.666035964
v            27.86      8.371330263      -2.27663421
v            27.86            8.275             -1.8
v            27.86      8.371330263      -1.32336579
v            27.86      8.633964036    -0.9339640356
v            27.86       9.02336579    -0.6713302634
v            27.86              9.5           -0.575
v            27.86       9.97663421    -0.6713302634
v            27.86      10.36603596    -0.9339640356
v            27.86      10.62866974      -1.32336579
v             28.1           10.725             -1.8
v             28.1      10.62866974      -2.27663421
v             28.1      10.36603596     -2.666035964
v             28.1       9.97663421     -2.928669737
v             28.1              9.5           -3.025
v             28.1       9.02336579     -2.928669737
v             28.1      8.633964036     -2.666035964
v             28.1      8.371330263      -2.27663421
v             28.1            8.275             -1.8
v             28.1      8.371330263      -1.32336579
v             28.1      8.633964036    -0.9339640356
v             28.1       9.02336579    -0.6713302634
v             28.1              9.5           -0.575
v             28.1       9.97663421    -0.6713302634
v             28.1      10.36603596    -0.9339640356
v             28.1      10.62866974      -1.32336579
v      28.34929845      10.62670155             -1.8
v      28.34929845      10.53788872     -2.237749976
v      28.34929845      10.29597554     -2.595975537
v      28.34929845      9.937749976     -2.837888716
v      28.34929845              9.5     -2.926701546
v      28.34929845      9.062250024     -2.837888716
v      28.34929845      8.704024463     -2.595975537
v      28.34929845      8.462111284     -2.237749976
v      28.34929845      8.373298454             -1.8
v      28.34929845      8.462111284     -1.362250024
v      28.34929845      8.704024463     -1.004024463
v      28.34929845      9.062250024    -0.7621112838
v      28.34929845              9.5    -0.6732984536
v      28.34929845      9.937749976    -0.7621112838
v      28.34929845      10.29597554     -1.004024463
v      28.34929845      10.53788872     -1.362250024
v      28.60789536      10.38110464             -1.8
v      28.60789536      10.31117989      -2.14091614
v      28.60789536      10.12121324     -2.421213244
v      28.60789536       9.84091614     -2.611179886
v      28.60789536              9.5     -2.681104639
v      28.60789536       9.15908386     -2.611179886
v      28.60789536      8.878786756     -2.421213244
v      28.60789536      8.688820114      -2.14091614
v      28.60789536      8.618895361             -1.8
v      28.60789536      8.688820114      -1.45908386
v      28.60789536      8.878786756     -1.178786756
v      28.60789536       9.15908386     -0.988820114
v      28.60789536              9.5    -0.9188953609
v      28.60789536       9.84091614     -0.988820114
v      28.60789536      10.12121324     -1.178786756
v      28.60789536      10.31117989      -1.45908386
v      28.86184304      10.06215696             -1.8
v      28.86184304      10.01699459        -2.015861
v      28.86184304      9.894877568     -2.194877568
v      28.86184304         9.715861     -2.316994592
v      28.86184304              9.5     -2.362156959
v      28.86184304         9.284139     -2.316994592
v      28.86184304      9.105122432     -2.194877568
v      28.86184304      8.983005408        -2.015861
v      28.86184304      8.937843041             -1.8
v      28.86184304      8.983005408        -1.584139
v      28.86184304      9.105122432     -1.405122432
v      28.86184304         9.284139     -1.283005408
v      28.86184304              9.5     -1.237843041
v      28.86184304         9.715861     -1.283005408
v      28.86184304      9.894877568     -1.405122432
v      28.86184304      10.01699459        -1.584139
v      29.09719381      9.743806185             -1.8
v      29.09719381      9.723784181     -1.892312854
v      29.09719381      9.670096993     -1.970096993
v      29.09719381      9.592312854     -2.023784181
v      29.09719381              9.5     -2.043806185
v      29.09719381      9.407687146     -2.023784181
v      29.09719381      9.329903007     -1.970096993
v      29.09719381      9.276215819     -1.892312854
v      29.09719381      9.256193815             -1.8
v      29.09719381      9.276215819     -1.707687146
v      29.09719381      9.329903007     -1.629903007
v      29.09719381      9.407687146     -1.576215819
v      29.09719381              9.5     -1.556193815
v      29.09719381      9.592312854     -1.576215819
v      29.09719381      9.670096993     -1.629903007
v      29.09719381      9.723784181     -1.707687146
v             29.3              9.5             -1.8
v      31.20280619     -17.55619381             -0.9
v      31.20280619     -17.57621582     -0.992312854
v               31            -17.8             -0.9
v      31.20280619     -17.62990301     -1.070096993
v      31.20280619     -17.70768715     -1.123784181
v      31.20280619            -17.8     -1.143806185
v      31.20280619     -17.89231285     -1.123784181
v      31.20280619     -17.97009699     -1.070096993
v      31.20280619     -18.02378418     -0.992312854
v      31.20280619     -18.04380619             -0.9
v      31.20280619     -18.02378418     -0.807687146
v      31.20280619     -17.97009699    -0.7299030072
v      31.20280619     -17.89231285    -0.6762158185
v      31.20280619            -17.8    -0.6561938146
v      31.20280619     -17.70768715    -0.6762158185
v      31.20280619     -17.62990301    -0.7299030072
v      31.20280619     -17.57621582     -0.807687146
v      31.43815696     -17.23784304             -0.9
v      31.43815696     -17.28300541        -1.115861
v      31.43815696     -17.40512243     -1.294877568
v      31.43815696       -17.584139     -1.416994592
v      31.43815696            -17.8     -1.462156959
v      31.43815696       -18.015861     -1.416994592
v      31.43815696     -18.19487757     -1.294877568
v      31.43815696     -18.31699459        -1.115861
v      31.43815696     -18.36215696             -0.9
v      31.43815696     -18.31699459    -0.6841389999
v      31.43815696     -18.19487757    -0.5051224315
v      31.43815696       -18.015861    -0.3830054078
v      31.43815696            -17.8    -0.3378430414
v      31.43815696       -17.584139    -0.3830054078
v      31.43815696     -17.40512243    -0.5051224315
v      31.43815696     -17.28300541    -0.6841389999
v      31.69210464     -16.91889536             -0.9
v      31.69210464     -16.98882011      -1.24091614
v      31.69210464     -17.17878676     -1.521213244
v      31.69210464     -17.45908386     -1.711179886
v      31.69210464            -17.8     -1.781104639
v      31.69210464     -18.14091614     -1.711179886
v      31.69210464     -18.42121324     -1.521213244
v      31.69210464     -18.61117989      -1.24091614
v      31.69210464     -18.68110464             -0.9
v      31.69210464     -18.61117989    -0.5590838598
v      31.69210464     -18.42121324    -0.2787867557
v      31.69210464     -18.14091614   -0.08882011402
v      31.69210464            -17.8   -0.01889536095
v      31.69210464     -17.45908386   -0.08882011402
v      31.69210464     -17.17878676    -0.2787867557
v      31.69210464     -16.98882011    -0.5590838598
v      31.95070155     -16.67329845             -0.9
v      31.95070155     -16.76211128     -1.337749976
v      31.95070155     -17.00402446     -1.695975537
v      31.95070155     -17.36225002     -1.937888716
v      31.95070155            -17.8     -2.026701546
v      31.95070155     -18.23774998     -1.937888716
v      31.95070155     -18.59597554     -1.695975537
v      31.95070155     -18.83788872     -1.337749976
v      31.95070155     -18.92670155             -0.9
v      31.95070155     -18.83788872    -0.4622500239
v      31.95070155     -18.59597554    -0.1040244628
v      31.95070155     -18.23774998     0.1378887162
v      31.95070155            -17.8     0.2267015464
v      31.95070155     -17.36225002     0.1378887162
v      31.95070155     -17.00402446    -0.1040244628
v      31.95070155     -16.76211128    -0.4622500239
v             32.2          -16.575             -0.9
v             32.2     -16.67133026      -1.37663421
v             32.2     -16.93396404     -1.766035964
v             32.2     -17.32336579     -2.028669737
v             32.2            -17.8           -2.125
v             32.2     -18.27663421     -2.028669737
v             32.2     -18.66603596     -1.766035964
v             32.2     -18.92866974      -1.37663421
v             32.2          -19.025             -0.9
v             32.2     -18.92866974    -0.4233657901
v             32.2     -18.66603596   -0.03396403562
v             32.2     -18.27663421     0.2286697366
v             32.2            -17.8            0.325
v             32.2     -17.32336579     0.2286697366
v             32.2     -16.93396404   -0.03396403562
v             32.2     -16.67133026    -0.4233657901
v            32.44          -16.575             -0.9
v            32.44     -16.67133026      -1.37663421
v            32.44     -16.93396404     -1.766035964
v            32.44     -17.32336579     -2.028669737
v            32.44            -17.8           -2.125
v            32.44     -18.27663421     -2.028669737
v            32.44     -18.66603596     -1.766035964
v            32.44     -18.92866974      -1.37663421
v            32.44          -19.025             -0.9
v            32.44     -18.92866974    -0.4233657901
v            32.44     -18.66603596   -0.03396403562
v            32.44     -18.27663421     0.2286697366
v            32.44            -17.8            0.325
v            32.44     -17.32336579     0.2286697366
v            32.44     -16.93396404   -0.03396403562
v            32.44     -16.67133026    -0.4233657901
v            32.68          -16.575             -0.9
v            32.68     -16.67133026      -1.37663421
v            32.68     -16.93396404     -1.766035964
v            32.68     -17.32336579     -2.028669737
v            32.68            -17.8           -2.125
v            32.68     -18.27663421     -2.028669737
v            32.68     -18.66603596     -1.766035964
v            32.68     -18.92866974      -1.37663421
v            32.68          -19.025             -0.9
v            32.68     -18.92866974    -0.4233657901
v            32.68     -18.66603596   -0.03396403562
v            32.68     -18.27663421     0.2286697366
v            32.68            -17.8            0.325
v            32.68     -17.32336579     0.2286697366
v            32.68     -16.93396404   -0.03396403562
v            32.68     -16.67133026    -0.4233657901
v            32.92          -16.575             -0.9
v            32.92     -16.67133026      -1.37663421
v            32.92     -16.93396404     -1.766035964
v            32.92     -17.32336579     -2.028669737
v            32.92            -17.8           -2.125
v            32.92     -18.27663421     -2.028669737
v            32.92     -18.66603596     -1.766035964
v            32.92     -18.92866974      -1.37663421
v            32.92          -19.025             -0.9
v            32.92     -18.92866974    -0.4233657901
v            32.92     -18.66603596   -0.03396403562
v            32.92     -18.27663421     0.2286697366
v            32.92            -17.8            0.325
v            32.92     -17.32336579     0.2286697366
v            32.92     -16.93396404   -0.03396403562
v            32.92     -16.67133026    -0.4233657901
v            33.16          -16.575             -0.9
v            33.16     -16.67133026      -1.37663421
v            33.16     -16.93396404     -1.766035964
v            33.16     -17.32336579     -2.028669737
v            33.16            -17.8           -2.125
v            33.16     -18.27663421     -2.028669737
v            33.16     -18.66603596     -1.766035964
v            33.16     -18.92866974      -1.37663421
v            33.16          -19.025             -0.9
v            33.16     -18.92866974    -0.4233657901
v            33.16     -18.66603596   -0.03396403562
v            33.16     -18.27663421     0.2286697366
v            33.16            -17.8            0.325
v            33.16     -17.32336579     0.2286697366
v            33.16     -16.93396404   -0.03396403562
v            33.16     -16.67133026    -0.4233657901
v             33.4          -16.575             -0.9
v             33.4     -16.67133026      -1.37663421
v             33.4     -16.93396404     -1.766035964
v             33.4     -17.32336579     -2.028669737
v             33.4            -17.8           -2.125
v             33.4     -18.27663421     -2.028669737
v             33.4     -18.66603596     -1.766035964
v             33.4     -18.92866974      -1.37663421
v             33.4          -19.025             -0.9
v             33.4     -18.92866974    -0.4233657901
v             33.4     -18.66603596   -0.03396403562
v             33.4     -18.27663421     0.2286697366
v             33.4            -17.8            0.325
v             33.4     -17.32336579     0.2286697366
v             33.4     -16.93396404   -0.03396403562
v             33.4     -16.67133026    -0.4233657901
v            33.64          -16.575             -0.9
v            33.64     -16.67133026      -1.37663421
v            33.64     -16.93396404     -1.766035964
v            33.64     -17.32336579     -2.028669737
v            33.64            -17.8           -2.125
v            33.64     -18.27663421     -2.028669737
v            33.64     -18.66603596     -1.766035964
v            33.64     -18.92866974      -1.37663421
v            33.64          -19.025             -0.9
v            33.64     -18.92866974    -0.4233657901
v            33.64     -18.66603596   -0.03396403562
v            33.64     -18.27663421     0.2286697366
v            33.64            -17.8            0.325
v            33.64     -17.32336579     0.2286697366
v            33.64     -16.93396404   -0.03396403562
v            33.64     -16.67133026    -0.4233657901
v            33.88          -16.575             -0.9
v            33.88     -16.67133026      -1.37663421
v            33.88     -16.93396404     -1.766035964
v            33.88     -17.32336579     -2.028669737
v            33.88            -17.8           -2.125
v            33.88     -18.27663421     -2.028669737
v            33.88     -18.66603596     -1.766035964
v            33.88     -18.92866974      -1.37663421
v            33.88          -19.025             -0.9
v            33.88     -18.92866974    -0.4233657901
v            33.88     -18.66603596   -0.03396403562
v            33.88     -18.27663421     0.2286697366
v            33.88            -17.8            0.325
v            33.88     -17.32336579     0.2286697366
v            33.88     -16.93396404   -0.03396403562
v            33.88     -16.67133026    -0.4233657901
v            34.12          -16.575             -0.9
v            34.12     -16.67133026      -1.37663421
v            34.12     -16.93396404     -1.766035964
v            34.12     -17.32336579     -2.028669737
v            34.12            -17.8           -2.125
v            34.12     -18.27663421     -2.028669737
v            34.12     -18.66603596     -1.766035964
v            34.12     -18.92866974      -1.37663421
v            34.12          -19.025             -0.9
v            34.12     -18.92866974    -0.4233657901
v            34.12     -18.66603596   -0.03396403562
v            34.12     -18.27663421     0.2286697366
v            34.12            -17.8            0.325
v            34.12     -17.32336579     0.2286697366
v            34.12     -16.93396404   -0.03396403562
v            34.12     -16.67133026    -0.4233657901
v            34.36          -16.575             -0.9
v            34.36     -16.67133026      -1.37663421
v            34.36     -16.93396404     -1.766035964
v            34.36     -17.32336579     -2.028669737
v            34.36            -17.8           -2.125
v            34.36     -18.27663421     -2.028669737
v            34.36     -18.66603596     -1.766035964
v            34.36     -18.92866974      -1.37663421
v            34.36          -19.025             -0.9
v            34.36     -18.92866974    -0.4233657901
v            34.36     -18.66603596   -0.03396403562
v            34.36     -18.27663421     0.2286697366
v            34.36            -17.8            0.325
v            34.36     -17.32336579     0.2286697366
v            34.36     -16.93396404   -0.03396403562
v            34.36     -16.67133026    -0.4233657901
v             34.6          -16.575             -0.9
v             34.6     -16.67133026      -1.37663421
v             34.6     -16.93396404     -1.766035964
v             34.6     -17.32336579     -2.028669737
v             34.6            -17.8           -2.125
v             34.6     -18.27663421     -2.028669737
v             34.6     -18.66603596     -1.766035964
v             34.6     -18.92866974      -1.37663421
v             34.6          -19.025             -0.9
v             34.6     -18.92866974    -0.4233657901
v             34.6     -18.66603596   -0.03396403562
v             34.6     -18.27663421     0.2286697366
v             34.6            -17.8            0.325
v             34.6     -17.32336579     0.2286697366
v             34.6     -16.93396404   -0.03396403562
v             34.6     -16.67133026    -0.4233657901
v      34.84929845     -16.67329845             -0.9
v      34.84929845     -16.76211128     -1.337749976
v      34.84929845     -17.00402446     -1.695975537
v      34.84929845     -17.36225002     -1.937888716
v      34.84929845            -17.8     -2.026701546
v      34.84929845     -18.23774998     -1.937888716
v      34.84929845     -18.59597554     -1.695975537
v      34.84929845     -18.83788872     -1.337749976
v      34.84929845     -18.92670155             -0.9
v      34.84929845     -18.83788872    -0.4622500239
v      34.84929845     -18.59597554    -0.1040244628
v      34.84929845     -18.23774998     0.1378887162
v      34.84929845            -17.8     0.2267015464
v      34.84929845     -17.36225002     0.1378887162
v      34.84929845     -17.00402446    -0.1040244628
v      34.84929845     -16.76211128    -0.4622500239
v      35.10789536     -16.91889536             -0.9
v      35.10789536     -16.98882011      -1.24091614
v      35.10789536     -17.17878676     -1.521213244
v      35.10789536     -17.45908386     -1.711179886
v      35.10789536            -17.8     -1.781104639
v      35.10789536     -18.14091614     -1.711179886
v      35.10789536     -18.42121324     -1.521213244
v      35.10789536     -18.61117989      -1.24091614
v      35.10789536     -18.68110464             -0.9
v      35.10789536     -18.61117989    -0.5590838598
v      35.10789536     -18.42121324    -0.2787867557
v      35.10789536     -18.14091614   -0.08882011402
v      35.10789536            -17.8   -0.01889536095
v      35.10789536     -17.45908386   -0.08882011402
v      35.10789536     -17.17878676    -0.2787867557
v      35.10789536     -16.98882011    -0.5590838598
v      35.36184304     -17.23784304             -0.9
v      35.36184304     -17.28300541        -1.115861
v      35.36184304     -17.40512243     -1.294877568
v      35.36184304       -17.584139     -1.416994592
v      35.36184304            -17.8     -1.462156959
v      35.36184304       -18.015861     -1.416994592
v      35.36184304     -18.19487757     -1.294877568
v      35.36184304     -18.31699459        -1.115861
v      35.36184304     -18.36215696             -0.9
v      35.36184304     -18.31699459    -0.6841389999
v      35.36184304     -18.19487757    -0.5051224315
v      35.36184304       -18.015861    -0.3830054078
v      35.36184304            -17.8    -0.3378430414
v      35.36184304       -17.584139    -0.3830054078
v      35.36184304     -17.40512243    -0.5051224315
v      35.36184304     -17.28300541    -0.6841389999
v      35.59719381     -17.55619381             -0.9
v      35.59719381     -17.57621582     -0.992312854
v      35.59719381     -17.62990301     -1.070096993
v      35.59719381     -17.70768715     -1.123784181
v      35.59719381            -17.8     -1.143806185
v      35.59719381     -17.89231285     -1.123784181
v      35.59719381     -17.97009699     -1.070096993
v      35.59719381     -18.02378418     -0.992312854
v      35.59719381     -18.04380619             -0.9
v      35.59719381     -18.02378418     -0.807687146
v      35.59719381     -17.97009699    -0.7299030072
v      35.59719381     -17.89231285    -0.6762158185
v      35.59719381            -17.8    -0.6561938146
v      35.59719381     -17.70768715    -0.6762158185
v      35.59719381     -17.62990301    -0.7299030072
v      35.59719381     -17.57621582     -0.807687146
v             35.8            -17.8             -0.9
v      31.20280619      18.04380619             -0.9
v      31.20280619      18.02378418     -0.992312854
v               31             17.8             -0.9
v      31.20280619      17.97009699     -1.070096993
v      31.20280619      17.89231285     -1.123784181
v      31.20280619             17.8     -1.143806185
v      31.20280619      17.70768715     -1.123784181
v      31.20280619      17.62990301     -1.070096993
v      31.20280619      17.57621582     -0.992312854
v      31.20280619      17.55619381             -0.9
v      31.20280619      17.57621582     -0.807687146
v      31.20280619      17.62990301    -0.7299030072
v      31.20280619      17.70768715    -0.6762158185
v      31.20280619             17.8    -0.6561938146
v      31.20280619      17.89231285    -0.6762158185
v      31.20280619      17.97009699    -0.7299030072
v      31.20280619      18.02378418     -0.807687146
v      31.43815696      18.36215696             -0.9
v      31.43815696      18.31699459        -1.115861
v      31.43815696      18.19487757     -1.294877568
v      31.43815696        18.015861     -1.416994592
v      31.43815696             17.8     -1.462156959
v      31.43815696        17.584139     -1.416994592
v      31.43815696      17.40512243     -1.294877568
v      31.43815696      17.28300541        -1.115861
v      31.43815696      17.23784304             -0.9
v      31.43815696      17.28300541    -0.6841389999
v      31.43815696      17.40512243    -0.5051224315
v      31.43815696        17.584139    -0.3830054078
v      31.43815696             17.8    -0.3378430414
v      31.43815696        18.015861    -0.3830054078
v      31.43815696      18.19487757    -0.5051224315
v      31.43815696      18.31699459    -0.6841389999
v      31.69210464      18.68110464             -0.9
v      31.69210464      18.61117989      -1.24091614
v      31.69210464      18.42121324     -1.521213244
v      31.69210464      18.14091614     -1.711179886
v      31.69210464             17.8     -1.781104639
v      31.69210464      17.45908386     -1.711179886
v      31.69210464      17.17878676     -1.521213244
v      31.69210464      16.98882011      -1.24091614
v      31.69210464      16.91889536             -0.9
v      31.69210464      16.98882011    -0.5590838598
v      31.69210464      17.17878676    -0.2787867557
v      31.69210464      17.45908386   -0.08882011402
v      31.69210464             17.8   -0.01889536095
v      31.69210464      18.14091614   -0.08882011402
v      31.69210464      18.42121324    -0.2787867557
v      31.69210464      18.61117989    -0.5590838598
v      31.95070155      18.92670155             -0.9
v      31.95070155      18.83788872     -1.337749976
v      31.95070155      18.59597554     -1.695975537
v      31.95070155      18.23774998     -1.937888716
v      31.95070155             17.8     -2.026701546
v      31.95070155      17.36225002     -1.937888716
v      31.95070155      17.00402446     -1.695975537
v      31.95070155      16.76211128     -1.337749976
v      31.95070155      16.67329845             -0.9
v      31.95070155      16.76211128    -0.4622500239
v      31.95070155      17.00402446    -0.1040244628
v      31.95070155      17.36225002     0.1378887162
v      31.95070155             17.8     0.2267015464
v      31.95070155      18.23774998     0.1378887162
v      31.95070155      18.59597554    -0.1040244628
v      31.95070155      18.83788872    -0.4622500239
v             32.2           19.025             -0.9
v             32.2      18.92866974      -1.37663421
v             32.2      18.66603596     -1.766035964
v             32.2      18.27663421     -2.028669737
v             32.2             17.8           -2.125
v             32.2      17.32336579     -2.028669737
v             32.2      16.93396404     -1.766035964
v             32.2      16.67133026      -1.37663421
v             32.2           16.575             -0.9
v             32.2      16.67133026    -0.4233657901
v             32.2      16.93396404   -0.03396403562
v             32.2      17.32336579     0.2286697366
v             32.2             17.8            0.325
v             32.2      18.27663421     0.2286697366
v             32.2      18.66603596   -0.03396403562
v             32.2      18.92866974    -0.4233657901
v            32.44           19.025             -0.9
v            32.44      18.92866974      -1.37663421
v            32.44      18.66603596     -1.766035964
v            32.44      18.27663421     -2.028669737
v            32.44             17.8           -2.125
v            32.44      17.32336579     -2.028669737
v            32.44      16.93396404     -1.766035964
v            32.44      16.67133026      -1.37663421
v            32.44           16.575             -0.9
v            32.44      16.67133026    -0.4233657901
v            32.44      16.93396404   -0.03396403562
v            32.44      17.32336579     0.2286697366
v            32.44             17.8            0.325
v            32.44      18.27663421     0.2286697366
v            32.44      18.66603596   -0.03396403562
v            32.44      18.92866974    -0.4233657901
v            32.68           19.025             -0.9
v            32.68      18.92866974      -1.37663421
v            32.68      18.66603596     -1.766035964
v            32.68      18.27663421     -2.028669737
v            32.68             17.8           -2.125
v            32.68      17.32336579     -2.028669737
v            32.68      16.93396404     -1.766035964
v            32.68      16.67133026      -1.37663421
v            32.68           16.575             -0.9
v            32.68      16.67133026    -0.4233657901
v            32.68      16.93396404   -0.03396403562
v            32.68      17.32336579     0.2286697366
v            32.68             17.8            0.325
v            32.68      18.27663421     0.2286697366
v            32.68      18.66603596   -0.03396403562
v            32.68      18.92866974    -0.4233657901
v            32.92           19.025             -0.9
v            32.92      18.92866974      -1.37663421
v            32.92      18.66603596     -1.766035964
v            32.92      18.27663421     -2.028669737
v            32.92             17.8           -2.125
v            32.92      17.32336579     -2.028669737
v            32.92      16.93396404     -1.766035964
v            32.92      16.67133026      -1.37663421
v            32.92           16.575             -0.9
v            32.92      16.67133026    -0.4233657901
v            32.92      16.93396404   -0.03396403562
v            32.92      17.32336579     0.2286697366
v            32.92             17.8            0.325
v            32.92      18.27663421     0.2286697366
v            32.92      18.66603596   -0.03396403562
v            32.92      18.92866974    -0.4233657901
v            33.16           19.025             -0.9
v            33.16      18.92866974      -1.37663421
v            33.16      18.66603596     -1.766035964
v            33.16      18.27663421     -2.028669737
v            33.16             17.8           -2.125
v            33.16      17.32336579     -2.028669737
v            33.16      16.93396404     -1.766035964
v            33.16      16.67133026      -1.37663421
v            33.16           16.575             -0.9
v            33.16      16.67133026    -0.4233657901
v            33.16      16.93396404   -0.03396403562
v            33.16      17.32336579     0.2286697366
v            33.16             17.8            0.325
v            33.16      18.27663421     0.2286697366
v            33.16      18.66603596   -0.03396403562
v            33.16      18.92866974    -0.4233657901
v             33.4           19.025             -0.9
v             33.4      18.92866974      -1.37663421
v             33.4      18.66603596     -1.766035964
v             33.4      18.27663421     -2.028669737
v             33.4             17.8           -2.125
v             33.4      17.32336579     -2.028669737
v             33.4      16.93396404     -1.766035964
v             33.4      16.67133026      -1.37663421
v             33.4           16.575             -0.9
v             33.4      16.67133026    -0.4233657901
v             33.4      16.93396404   -0.03396403562
v             33.4      17.32336579     0.2286697366
v             33.4             17.8            0.325
v             33.4      18.27663421     0.2286697366
v             33.4      18.66603596   -0.03396403562
v             33.4      18.92866974    -0.4233657901
v            33.64           19.025             -0.9
v            33.64      18.92866974      -1.37663421
v            33.64      18.66603596     -1.766035964
v            33.64      18.27663421     -2.028669737
v            33.64             17.8           -2.125
v            33.64      17.32336579     -2.028669737
v            33.64      16.93396404     -1.766035964
v            33.64      16.67133026      -1.37663421
v            33.64           16.575             -0.9
v            33.64      16.67133026    -0.4233657901
v            33.64      16.93396404   -0.03396403562
v            33.64      17.32336579     0.2286697366
v            33.64             17.8            0.325
v            33.64      18.27663421     0.2286697366
v            33.64      18.66603596   -0.03396403562
v            33.64      18.92866974    -0.4233657901
v            33.88           19.025             -0.9
v            33.88      18.92866974      -1.37663421
v            33.88      18.66603596     -1.766035964
v            33.88      18.27663421     -2.028669737
v            33.88             17.8           -2.125
v            33.88      17.32336579     -2.028669737
v            33.88      16.93396404     -1.766035964
v            33.88      16.67133026      -1.37663421
v            33.88           16.575             -0.9
v            33.88      16.67133026    -0.4233657901
v            33.88      16.93396404   -0.03396403562
v            33.88      17.32336579     0.2286697366
v            33.88             17.8            0.325
v            33.88      18.27663421     0.2286697366
v            33.88      18.66603596   -0.03396403562
v            33.88      18.92866974    -0.4233657901
v            34.12           19.025             -0.9
v            34.12      18.92866974      -1.37663421
v            34.12      18.66603596     -1.766035964
v            34.12      18.27663421     -2.028669737
v            34.12             17.8           -2.125
v            34.12      17.32336579     -2.028669737
v            34.12      16.93396404     -1.766035964
v            34.12      16.67133026      -1.37663421
v            34.12           16.575             -0.9
v            34.12      16.67133026    -0.4233657901
v            34.12      16.93396404   -0.03396403562
v            34.12      17.32336579     0.2286697366
v            34.12             17.8            0.325
v            34.12      18.27663421     0.2286697366
v            34.12      18.66603596   -0.03396403562
v            34.12      18.92866974    -0.4233657901
v            34.36           19.025             -0.9
v            34.36      18.92866974      -1.37663421
v            34.36      18.66603596     -1.766035964
v            34.36      18.27663421     -2.028669737
v            34.36             17.8           -2.125
v            34.36      17.32336579     -2.028669737
v            34.36      16.93396404     -1.766035964
v            34.36      16.67133026      -1.37663421
v            34.36           16.575             -0.9
v            34.36      16.67133026    -0.4233657901
v            34.36      16.93396404   -0.03396403562
v            34.36      17.32336579     0.2286697366
v            34.36             17.8            0.325
v            34.36      18.27663421     0.2286697366
v            34.36      18.66603596   -0.03396403562
v            34.36      18.92866974    -0.4233657901
v             34.6           19.025             -0.9
v             34.6      18.92866974      -1.37663421
v             34.6      18.66603596     -1.766035964
v             34.6      18.27663421     -2.028669737
v             34.6             17.8           -2.125
v             34.6      17.32336579     -2.028669737
v             34.6      16.93396404     -1.766035964
v             34.6      16.67133026      -1.37663421
v             34.6           16.575             -0.9
v             34.6      16.67133026    -0.4233657901
v             34.6      16.93396404   -0.03396403562
v             34.6      17.32336579     0.2286697366
v             34.6             17.8            0.325
v             34.6      18.27663421     0.2286697366
v             34.6      18.66603596   -0.03396403562
v             34.6      18.92866974    -0.4233657901
v      34.84929845      18.92670155             -0.9
v      34.84929845      18.83788872     -1.337749976
v      34.84929845      18.59597554     -1.695975537
v      34.84929845      18.23774998     -1.937888716
v      34.84929845             17.8     -2.026701546
v      34.84929845      17.36225002     -1.937888716
v      34.84929845      17.00402446     -1.695975537
v      34.84929845      16.76211128     -1.337749976
v      34.84929845      16.67329845             -0.9
v      34.84929845      16.76211128    -0.4622500239
v      34.84929845      17.00402446    -0.1040244628
v      34.84929845      17.36225002     0.1378887162
v      34.84929845             17.8     0.2267015464
v      34.84929845      18.23774998     0.1378887162
v      34.84929845      18.59597554    -0.1040244628
v      34.84929845      18.83788872    -0.4622500239
v      35.10789536      18.68110464             -0.9
v      35.10789536      18.61117989      -1.24091614
v      35.10789536      18.42121324     -1.521213244
v      35.10789536      18.14091614     -1.711179886
v      35.10789536             17.8     -1.781104639
v      35.10789536      17.45908386     -1.711179886
v      35.10789536      17.17878676     -1.521213244
v      35.10789536      16.98882011      -1.24091614
v      35.10789536      16.91889536             -0.9
v      35.10789536      16.98882011    -0.5590838598
v      35.10789536      17.17878676    -0.2787867557
v      35.10789536      17.45908386   -0.08882011402
v      35.10789536             17.8   -0.01889536095
v      35.10789536      18.14091614   -0.08882011402
v      35.10789536      18.42121324    -0.2787867557
v      35.10789536      18.61117989    -0.5590838598
v      35.36184304      18.36215696             -0.9
v      35.36184304      18.31699459        -1.115861
v      35.36184304      18.19487757     -1.294877568
v      35.36184304        18.015861     -1.416994592
v      35.36184304             17.8     -1.462156959
v      35.36184304        17.584139     -1.416994592
v      35.36184304      17.40512243     -1.294877568
v      35.36184304      17.28300541        -1.115861
v      35.36184304      17.23784304             -0.9
v      35.36184304      17.28300541    -0.6841389999
v      35.36184304      17.40512243    -0.5051224315
v      35.36184304        17.584139    -0.3830054078
v      35.36184304             17.8    -0.3378430414
v      35.36184304        18.015861    -0.3830054078
v      35.36184304      18.19487757    -0.5051224315
v      35.36184304      18.31699459    -0.6841389999
v      35.59719381      18.04380619             -0.9
v      35.59719381      18.02378418     -0.992312854
v      35.59719381      17.97009699     -1.070096993
v      35.59719381      17.89231285     -1.123784181
v      35.59719381             17.8     -1.143806185
v      35.59719381      17.70768715     -1.123784181
v      35.59719381      17.62990301     -1.070096993
v      35.59719381      17.57621582     -0.992312854
v      35.59719381      17.55619381             -0.9
v      35.59719381      17.57621582     -0.807687146
v      35.59719381      17.62990301    -0.7299030072
v      35.59719381      17.70768715    -0.6762158185
v      35.59719381             17.8    -0.6561938146
v      35.59719381      17.89231285    -0.6762158185
v      35.59719381      17.97009699    -0.7299030072
v      35.59719381      18.02378418     -0.807687146
v             35.8             17.8             -0.9
g MeshGeom
f 1 2 3
f 2 4 3
f 4 5 3
f 5 6 3
f 6 7 3
f 7 8 3
f 8 9 3
f 9 10 3
f 10 11 3
f 11 12 3
f 12 13 3
f 13 14 3
f 14 15 3
f 15 16 3
f 16 17 3
f 17 18 3
f 3 18 19
f 3 19 20
f 3 20 21
f 3 21 22
f 3 22 23
f 3 23 24
f 3 24 25
f 3 25 26
f 3 26 27
f 3 27 28
f 3 28 29
f 3 29 30
f 3 30 31
f 3 31 32
f 3 32 33
f 3 33 34
f 34 35 3
f 35 36 3
f 36 37 3
f 37 38 3
f 38 39 3
f 39 40 3
f 40 41 3
f 41 42 3
f 42 43 3
f 43 44 3
f 44 45 3
f 45 46 3
f 46 47 3
f 47 48 3
f 48 49 3
f 49 50 3
f 3 50 51
f 3 51 52
f 3 52 53
f 3 53 54
f 3 54 55
f 3 55 56
f 3 56 57
f 3 57 58
f 3 58 59
f 3 59 60
f 3 60 61
f 3 61 62
f 3 62 63
f 3 63 64
f 3 64 65
f 3 65 1
f 1 66 2
f 66 67 2
f 2 67 4
f 67 68 4
f 4 68 5
f 68 69 5
f 5 69 6
f 69 70 6
f 6 70 7
f 70 71 7
f 7 71 8
f 71 72 8
f 8 72 9
f 72 73 9
f 9 73 10
f 73 74 10
f 10 74 11
f 74 75 11
f 11 75 12
f 75 76 12
f 12 76 13
f 76 77 13
f 13 77 14
f 77 78 14
f 14 78 15
f 78 79 15
f 15 79 16
f 79 80 16
f 16 80 17
f 80 81 17
f 17 81 18
f 81 82 18
f 18 82 83
f 18 83 19
f 19 83 84
f 19 84 20
f 20 84 85
f 20 85 21
f 21 85 86
f 21 86 22
f 22 86 87
f 22 87 23
f 23 87 88
f 23 88 24
f 24 88 89
f 24 89 25
f 25 89 90
f 25 90 26
f 26 90 91
f 26 91 27
f 27 91 92
f 27 92 28
f 28 92 93
f 28 93 29
f 29 93 94
f 29 94 30
f 30 94 95
f 30 95 31
f 31 95 96
f 31 96 32
f 32 96 97
f 32 97 33
f 33 97 98
f 33 98 34
f 34 98 35
f 98 99 35
f 35 99 36
f 99 100 36
f 36 100 37
f 100 101 37
f 37 101 38
f 101 102 38
f 38 102 39
f 102 103 39
f 39 103 40
f 103 104 40
f 40 104 41
f 104 105 41
f 41 105 42
f 105 106 42
f 42 106 43
f 106 107 43
f 43 107 44
f 107 108 44
f 44 108 45
f 108 109 45
f 45 109 46
f 109 110 46
f 46 110 47
f 110 111 47
f 47 111 48
f 111 112 48
f 48 112 49
f 112 113 49
f 49 113 50
f 113 114 50
f 50 114 115
f 50 115 51
f 51 115 116
f 51 116 52
f 52 116 117
f 52 117 53
f 53 117 118
f 53 118 54
f 54 118 119
f 54 119 55
f 55 119 120
f 55 120 56
f 56 120 121
f 56 121 57
f 57 121 122
f 57 122 58
f 58 122 123
f 58 123 59
f 59 123 124
f 59 124 60
f 60 124 125
f 60 125 61
f 61 125 126
f 61 126 62
f 62 126 127
f 62 127 63
f 63 127 128
f 63 128 64
f 64 128 129
f 64 129 65
f 65 129 66
f 65 66 1
f 66 130 67
f 130 131 67
f 67 131 68
f 131 132 68
f 68 132 69
f 132 133 69
f 69 133 70
f 133 134 70
f 70 134 71
f 134 135 71
f 71 135 72
f 135 136 72
f 72 136 73
f 136 137 73
f 73 137 74
f 137 138 74
f 74 138 75
f 138 139 75
f 75 139 76
f 139 140 76
f 76 140 77
f 140 141 77
f 77 141 78
f 141 142 78
f 78 142 79
f 142 143 79
f 79 143 80
f 143 144 80
f 80 144 81
f 144 145 81
f 81 145 82
f 145 146 82
f 82 146 147
f 82 147 83
f 83 147 148
f 83 148 84
f 84 148 149
f 84 149 85
f 85 149 150
f 85 150 86
f 86 150 151
f 86 151 87
f 87 151 152
f 87 152 88
f 88 152 153
f 88 153 89
f 89 153 154
f 89 154 90
f 90 154 155
f 90 155 91
f 91 155 156
f 91 156 92
f 92 156 157
f 92 157 93
f 93 157 158
f 93 158 94
f 94 158 159
f 94 159 95
f 95 159 160
f 95 160 96
f 96 160 161
f 96 161 97
f 97 161 162
f 97 162 98
f 98 162 99
f 162 163 99
f 99 163 100
f 163 164 100
f 100 164 101
f 164 165 101
f 101 165 102
f 165 166 102
f 102 166 103
f 166 167 103
f 103 167 104
f 167 168 104
f 104 168 105
f 168 169 105
f 105 169 106
f 169 170 106
f 106 170 107
f 170 171 107
f 107 171 108
f 171 172 108
f 108 172 109
f 172 173 109
f 109 173 110
f 173 174 110
f 110 174 111
f 174 175 111
f 111 175 112
f 175 176 112
f 112 176 113
f 176 177 113
f 113 177 114
f 177 178 114
f 114 178 179
f 114 179 115
f 115 179 180
f 115 180 116
f 116 180 181
f 116 181 117
f 117 181 182
f 117 182 118
f 118 182 183
f 118 183 119
f 119 183 184
f 119 184 120
f 120 184 185
f 120 185 121
f 121 185 186
f 121 186 122
f 122 186 187
f 122 187 123
f 123 187 188
f 123 188 124
f 124 188 189
f 124 189 125
f 125 189 190
f 125 190 126
f 126 190 191
f 126 191 127
f 127 191 192
f 127 192 128
f 128 192 193
f 128 193 129
f 129 193 130
f 129 130 66
f 130 194 131
f 194 195 131
f 131 195 132
f 195 196 132
f 132 196 133
f 196 197 133
f 133 197 134
f 197 198 134
f 134 198 135
f 198 199 135
f 135 199 136
f 199 200 136
f 136 200 137
f 200 201 137
f 137 201 138
f 201 202 138
f 138 202 139
f 202 203 139
f 139 203 140
f 203 204 140
f 140 204 141
f 204 205 141
f 141 205 142
f 205 206 142
f 142 206 143
f 206 207 143
f 143 207 144
f 207 208 144
f 144 208 145
f 208 209 145
f 145 209 146
f 209 210 146
f 146 210 211
f 146 211 147
f 147 211 212
f 147 212 148
f 148 212 213
f 148 213 149
f 149 213 214
f 149 214 150
f 150 214 215
f 150 215 151
f 151 215 216
f 151 216 152
f 152 216 217
f 152 217 153
f 153 217 218
f 153 218 154
f 154 218 219
f 154 219 155
f 155 219 220
f 155 220 156
f 156 220 221
f 156 221 157
f 157 221 222
f 157 222 158
f 158 222 223
f 158 223 159
f 159 223 224
f 159 224 160
f 160 224 225
f 160 225 161
f 161 225 226
f 161 226 162
f 162 226 163
f 226 227 163
f 163 227 164
f 227 228 164
f 164 228 165
f 228 229 165
f 165 229 166
f 229 230 166
f 166 230 167
f 230 231 167
f 167 231 168
f 231 232 168
f 168 232 169
f 232 233 169
f 169 233 170
f 233 234 170
f 170 234 171
f 234 235 171
f 171 235 172
f 235 236 172
f 172 236 173
f 236 237 173
f 173 237 174
f 237 238 174
f 174 238 175
f 238 239 175
f 175 239 176
f 239 240 176
f 176 240 177
f 240 241 177
f 177 241 178
f 241 242 178
f 178 242 243
f 178 243 179
f 179 243 244
f 179 244 180
f 180 244 245
f 180 245 181
f 181 245 246
f 181 246 182
f 182 246 247
f 182 247 183
f 183 247 248
f 183 248 184
f 184 248 249
f 184 249 185
f 185 249 250
f 185 250 186
f 186 250 251
f 186 251 187
f 187 251 252
f 187 252 188
f 188 252 253
f 188 253 189
f 189 253 254
f 189 254 190
f 190 254 255
f 190 255 191
f 191 255 256
f 191 256 192
f 192 256 257
f 192 257 193
f 193 257 194
f 193 194 130
f 194 258 195
f 258 259 195
f 195 259 196
f 259 260 196
f 196 260 197
f 260 261 197
f 197 261 198
f 261 262 198
f 198 262 199
f 262 263 199
f 199 263 200
f 263 264 200
f 200 264 201
f 264 265 201
f 201 265 202
f 265 266 202
f 202 266 203
f 266 267 203
f 203 267 204
f 267 268 204
f 204 268 205
f 268 269 205
f 205 269 206
f 269 270 206
f 206 270 207
f 270 271 207
f 207 271 208
f 271 272 208
f 208 272 209
f 272 273 209
f 209 273 210
f 273 274 210
f 210 274 275
f 210 275 211
f 211 275 276
f 211 276 212
f 212 276 277
f 212 277 213
f 213 277 278
f 213 278 214
f 214 278 279
f 214 279 215
f 215 279 280
f 215 280 216
f 216 280 281
f 216 281 217
f 217 281 282
f 217 282 218
f 218 282 283
f 218 283 219
f 219 283 284
f 219 284 220
f 220 284 285
f 220 285 221
f 221 285 286
f 221 286 222
f 222 286 287
f 222 287 223
f 223 287 288
f 223 288 224
f 224 288 289
f 224 289 225
f 225 289 290
f 225 290 226
f 226 290 227
f 290 291 227
f 227 291 228
f 291 292 228
f 228 292 229
f 292 293 229
f 229 293 230
f 293 294 230
f 230 294 231
f 294 295 231
f 231 295 232
f 295 296 232
f 232 296 233
f 296 297 233
f 233 297 234
f 297 298 234
f 234 298 235
f 298 299 235
f 235 299 236
f 299 300 236
f 236 300 237
f 300 301 237
f 237 301 238
f 301 302 238
f 238 302 239
f 302 303 239
f 239 303 240
f 303 304 240
f 240 304 241
f 304 305 241
f 241 305 242
f 305 306 242
f 242 306 307
f 242 307 243
f 243 307 308
f 243 308 244
f 244 308 309
f 244 309 245
f 245 309 310
f 245 310 246
f 246 310 311
f 246 311 247
f 247 311 312
f 247 312 248
f 248 312 313
f 248 313 249
f 249 313 314
f 249 314 250
f 250 314 315
f 250 315 251
f 251 315 316
f 251 316 252
f 252 316 317
f 252 317 253
f 253 317 318
f 253 318 254
f 254 318 319
f 254 319 255
f 255 319 320
f 255 320 256
f 256 320 321
f 256 321 257
f 257 321 258
f 257 258 194
f 258 322 259
f 322 323 259
f 259 323 260
f 323 324 260
f 260 324 261
f 324 325 261
f 261 325 262
f 325 326 262
f 262 326 263
f 326 327 263
f 263 327 264
f 327 328 264
f 264 328 265
f 328 329 265
f 265 329 266
f 329 330 266
f 266 330 267
f 330 331 267
f 267 331 268
f 331 332 268
f 268 332 269
f 332 333 269
f 269 333 270
f 333 334 270
f 270 334 271
f 334 335 271
f 271 335 272
f 335 336 272
f 272 336 273
f 336 337 273
f 273 337 274
f 337 338 274
f 274 338 339
f 274 339 275
f 275 339 340
f 275 340 276
f 276 340 341
f 276 341 277
f 277 341 342
f 277 342 278
f 278 342 343
f 278 343 279
f 279 343 344
f 279 344 280
f 280 344 345
f 280 345 281
f 281 345 346
f 281 346 282
f 282 346 347
f 282 347 283
f 283 347 348
f 283 348 284
f 284 348 349
f 284 349 285
f 285 349 350
f 285 350 286
f 286 350 351
f 286 351 287
f 287 351 352
f 287 352 288
f 288 352 353
f 288 353 289
f 289 353 354
f 289 354 290
f 290 354 291
f 354 355 291
f 291 355 292
f 355 356 292
f 292 356 293
f 356 357 293
f 293 357 294
f 357 358 294
f 294 358 295
f 358 359 295
f 295 359 296
f 359 360 296
f 296 360 297
f 360 361 297
f 297 361 298
f 361 362 298
f 298 362 299
f 362 363 299
f 299 363 300
f 363 364 300
f 300 364 301
f 364 365 301
f 301 365 302
f 365 366 302
f 302 366 303
f 366 367 303
f 303 367 304
f 367 368 304
f 304 368 305
f 368 369 305
f 305 369 306
f 369 370 306
f 306 370 371
f 306 371 307
f 307 371 372
f 307 372 308
f 308 372 373
f 308 373 309
f 309 373 374
f 309 374 310
f 310 374 375
f 310 375 311
f 311 375 376
f 311 376 312
f 312 376 377
f 312 377 313
f 313 377 378
f 313 378 314
f 314 378 379
f 314 379 315
f 315 379 380
f 315 380 316
f 316 380 381
f 316 381 317
f 317 381 382
f 317 382 318
f 318 382 383
f 318 383 319
f 319 383 384
f 319 384 320
f 320 384 385
f 320 385 321
f 321 385 322
f 321 322 258
f 322 386 323
f 386 387 323
f 323 387 324
f 387 388 324
f 324 388 325
f 388 389 325
f 325 389 326
f 389 390 326
f 326 390 327
f 390 391 327
f 327 391 328
f 391 392 328
f 328 392 329
f 392 393 329
f 329 393 330
f 393 394 330
f 330 394 331
f 394 395 331
f 331 395 332
f 395 396 332
f 332 396 333
f 396 397 333
f 333 397 334
f 397 398 334
f 334 398 335
f 398 399 335
f 335 399 336
f 399 400 336
f 336 400 337
f 400 401 337
f 337 401 338
f 401 402 338
f 338 402 403
f 338 403 339
f 339 403 404
f 339 404 340
f 340 404 405
f 340 405 341
f 341 405 406
f 341 406 342
f 342 406 407
f 342 407 343
f 343 407 408
f 343 408 344
f 344 408 409
f 344 409 345
f 345 409 410
f 345 410 346
f 346 410 411
f 346 411 347
f 347 411 412
f 347 412 348
f 348 412 413
f 348 413 349
f 349 413 414
f 349 414 350
f 350 414 415
f 350 415 351
f 351 415 416
f 351 416 352
f 352 416 417
f 352 417 353
f 353 417 418
f 353 418 354
f 354 418 355
f 418 419 355
f 355 419 356
f 419 420 356
f 356 420 357
f 420 421 357
f 357 421 358
f 421 422 358
f 358 422 359
f 422 423 359
f 359 423 360
f 423 424 360
f 360 424 361
f 424 425 361
f 361 425 362
f 425 426 362
f 362 426 363
f 426 427 363
f 363 427 364
f 427 428 364
f 364 428 365
f 428 429 365
f 365 429 366
f 429 430 366
f 366 430 367
f 430 431 367
f 367 431 368
f 431 432 368
f 368 432 369
f 432 433 369
f 369 433 370
f 433 434 370
f 370 434 435
f 370 435 371
f 371 435 436
f 371 436 372
f 372 436 437
f 372 437 373
f 373 437 438
f 373 438 374
f 374 438 439
f 374 439 375
f 375 439 440
f 375 440 376
f 376 440 441
f 376 441 377
f 377 441 442
f 377 442 378
f 378 442 443
f 378 443 379
f 379 443 444
f 379 444 380
f 380 444 445
f 380 445 381
f 381 445 446
f 381 446 382
f 382 446 447
f 382 447 383
f 383 447 448
f 383 448 384
f 384 448 449
f 384 449 385
f 385 449 386
f 385 386 322
f 386 450 387
f 450 451 387
f 387 451 388
f 451 452 388
f 388 452 389
f 452 453 389
f 389 453 390
f 453 454 390
f 390 454 391
f 454 455 391
f 391 455 392
f 455 456 392
f 392 456 393
f 456 457 393
f 393 457 394
f 457 458 394
f 394 458 395
f 458 459 395
f 395 459 396
f 459 460 396
f 396 460 397
f 460 461 397
f 397 461 398
f 461 462 398
f 398 462 399
f 462 463 399
f 399 463 400
f 463 464 400
f 400 464 401
f 464 465 401
f 401 465 402
f 465 466 402
f 402 466 467
f 402 467 403
f 403 467 468
f 403 468 404
f 404 468 469
f 404 469 405
f 405 469 470
f 405 470 406
f 406 470 471
f 406 471 407
f 407 471 472
f 407 472 408
f 408 472 473
f 408 473 409
f 409 473 474
f 409 474 410
f 410 474 475
f 410 475 411
f 411 475 476
f 411 476 412
f 412 476 477
f 412 477 413
f 413 477 478
f 413 478 414
f 414 478 479
f 414 479 415
f 415 479 480
f 415 480 416
f 416 480 481
f 416 481 417
f 417 481 482
f 417 482 418
f 418 482 419
f 482 483 419
f 419 483 420
f 483 484 420
f 420 484 421
f 484 485 421
f 421 485 422
f 485 486 422
f 422 486 423
f 486 487 423
f 423 487 424
f 487 488 424
f 424 488 425
f 488 489 425
f 425 489 426
f 489 490 426
f 426 490 427
f 490 491 427
f 427 491 428
f 491 492 428
f 428 492 429
f 492 493 429
f 429 493 430
f 493 494 430
f 430 494 431
f 494 495 431
f 431 495 432
f 495 496 432
f 432 496 433
f 496 497 433
f 433 497 434
f 497 498 434
f 434 498 499
f 434 499 435
f 435 499 500
f 435 500 436
f 436 500 501
f 436 501 437
f 437 501 502
f 437 502 438
f 438 502 503
f 438 503 439
f 439 503 504
f 439 504 440
f 440 504 505
f 440 505 441
f 441 505 506
f 441 506 442
f 442 506 507
f 442 507 443
f 443 507 508
f 443 508 444
f 444 508 509
f 444 509 445
f 445 509 510
f 445 510 446
f 446 510 511
f 446 511 447
f 447 511 512
f 447 512 448
f 448 512 513
f 448 513 449
f 449 513 450
f 449 450 386
f 450 514 451
f 514 515 451
f 451 515 452
f 515 516 452
f 452 516 453
f 516 517 453
f 453 517 454
f 517 518 454
f 454 518 455
f 518 519 455
f 455 519 456
f 519 520 456
f 456 520 457
f 520 521 457
f 457 521 458
f 521 522 458
f 458 522 459
f 522 523 459
f 459 523 460
f 523 524 460
f 460 524 461
f 524 525 461
f 461 525 462
f 525 526 462
f 462 526 463
f 526 527 463
f 463 527 464
f 527 528 464
f 464 528 465
f 528 529 465
f 465 529 466
f 529 530 466
f 466 530 531
f 466 531 467
f 467 531 532
f 467 532 468
f 468 532 533
f 468 533 469
f 469 533 534
f 469 534 470
f 470 534 535
f 470 535 471
f 471 535 536
f 471 536 472
f 472 536 537
f 472 537 473
f 473 537 538
f 473 538 474
f 474 538 539
f 474 539 475
f 475 539 540
f 475 540 476
f 476 540 541
f 476 541 477
f 477 541 542
f 477 542 478
f 478 542 543
f 478 543 479
f 479 543 544
f 479 544 480
f 480 544 545
f 480 545 481
f 481 545 546
f 481 546 482
f 482 546 483
f 546 547 483
f 483 547 484
f 547 548 484
f 484 548 485
f 548 549 485
f 485 549 486
f 549 550 486
f 486 550 487
f 550 551 487
f 487 551 488
f 551 552 488
f 488 552 489
f 552 553 489
f 489 553 490
f 553 554 490
f 490 554 491
f 554 555 491
f 491 555 492
f 555 556 492
f 492 556 493
f 556 557 493
f 493 557 494
f 557 558 494
f 494 558 495
f 558 559 495
f 495 559 496
f 559 560 496
f 496 560 497
f 560 561 497
f 497 561 498
f 561 562 498
f 498 562 563
f 498 563 499
f 499 563 564
f 499 564 500
f 500 564 565
f 500 565 501
f 501 565 566
f 501 566 502
f 502 566 567
f 502 567 503
f 503 567 568
f 503 568 504
f 504 568 569
f 504 569 505
f 505 569 570
f 505 570 506
f 506 570 571
f 506 571 507
f 507 571 572
f 507 572 508
f 508 572 573
f 508 573 509
f 509 573 574
f 509 574 510
f 510 574 575
f 510 575 511
f 511 575 576
f 511 576 512
f 512 576 577
f 512 577 513
f 513 577 514
f 513 514 450
f 514 578 515
f 578 579 515
f 515 579 516
f 579 580 516
f 516 580 517
f 580 581 517
f 517 581 518
f 581 582 518
f 518 582 519
f 582 583 519
f 519 583 520
f 583 584 520
f 520 584 521
f 584 585 521
f 521 585 522
f 585 586 522
f 522 586 523
f 586 587 523
f 523 587 524
f 587 588 524
f 524 588 525
f 588 589 525
f 525 589 526
f 589 590 526
f 526 590 527
f 590 591 527
f 527 591 528
f 591 592 528
f 528 592 529
f 592 593 529
f 529 593 530
f 593 594 530
f 530 594 595
f 530 595 531
f 531 595 596
f 531 596 532
f 532 596 597
f 532 597 533
f 533 597 598
f 533 598 534
f 534 598 599
f 534 599 535
f 535 599 600
f 535 600 536
f 536 600 601
f 536 601 537
f 537 601 602
f 537 602 538
f 538 602 603
f 538 603 539
f 539 603 604
f 539 604 540
f 540 604 605
f 540 605 541
f 541 605 606
f 541 606 542
f 542 606 607
f 542 607 543
f 543 607 608
f 543 608 544
f 544 608 609
f 544 609 545
f 545 609 610
f 545 610 546
f 546 610 547
f 610 611 547
f 547 611 548
f 611 612 548
f 548 612 549
f 612 613 549
f 549 613 550
f 613 614 550
f 550 614 551
f 614 615 551
f 551 615 552
f 615 616 552
f 552 616 553
f 616 617 553
f 553 617 554
f 617 618 554
f 554 618 555
f 618 619 555
f 555 619 556
f 619 620 556
f 556 620 557
f 620 621 557
f 557 621 558
f 621 622 558
f 558 622 559
f 622 623 559
f 559 623 560
f 623 624 560
f 560 624 561
f 624 625 561
f 561 625 562
f 625 626 562
f 562 626 627
f 562 627 563
f 563 627 628
f 563 628 564
f 564 628 629
f 564 629 565
f 565 629 630
f 565 630 566
f 566 630 631
f 566 631 567
f 567 631 632
f 567 632 568
f 568 632 633
f 568 633 569
f 569 633 634
f 569 634 570
f 570 634 635
f 570 635 571
f 571 635 636
f 571 636 572
f 572 636 637
f 572 637 573
f 573 637 638
f 573 638 574
f 574 638 639
f 574 639 575
f 575 639 640
f 575 640 576
f 576 640 641
f 576 641 577
f 577 641 578
f 577 578 514
f 578 642 643
f 578 643 579
f 579 643 644
f 579 644 580
f 580 644 645
f 580 645 581
f 581 645 646
f 581 646 582
f 582 646 647
f 582 647 583
f 583 647 648
f 583 648 584
f 584 648 649
f 584 649 585
f 585 649 650
f 585 650 586
f 586 650 651
f 586 651 587
f 587 651 652
f 587 652 588
f 588 652 653
f 588 653 589
f 589 653 654
f 589 654 590
f 590 654 655
f 590 655 591
f 591 655 656
f 591 656 592
f 592 656 657
f 592 657 593
f 593 657 658
f 593 658 594
f 594 658 595
f 658 659 595
f 595 659 596
f 659 660 596
f 596 660 597
f 660 661 597
f 597 661 598
f 661 662 598
f 598 662 599
f 662 663 599
f 599 663 600
f 663 664 600
f 600 664 601
f 664 665 601
f 601 665 602
f 665 666 602
f 602 666 603
f 666 667 603
f 603 667 604
f 667 668 604
f 604 668 605
f 668 669 605
f 605 669 606
f 669 670 606
f 606 670 607
f 670 671 607
f 607 671 608
f 671 672 608
f 608 672 609
f 672 673 609
f 609 673 610
f 673 674 610
f 610 674 675
f 610 675 611
f 611 675 676
f 611 676 612
f 612 676 677
f 612 677 613
f 613 677 678
f 613 678 614
f 614 678 679
f 614 679 615
f 615 679 680
f 615 680 616
f 616 680 681
f 616 681 617
f 617 681 682
f 617 682 618
f 618 682 683
f 618 683 619
f 619 683 684
f 619 684 620
f 620 684 685
f 620 685 621
f 621 685 686
f 621 686 622
f 622 686 687
f 622 687 623
f 623 687 688
f 623 688 624
f 624 688 689
f 624 689 625
f 625 689 690
f 625 690 626
f 626 690 627
f 690 691 627
f 627 691 628
f 691 692 628
f 628 692 629
f 692 693 629
f 629 693 630
f 693 694 630
f 630 694 631
f 694 695 631
f 631 695 632
f 695 696 632
f 632 696 633
f 696 697 633
f 633 697 634
f 697 698 634
f 634 698 635
f 698 699 635
f 635 699 636
f 699 700 636
f 636 700 637
f 700 701 637
f 637 701 638
f 701 702 638
f 638 702 639
f 702 703 639
f 639 703 640
f 703 704 640
f 640 704 641
f 704 705 641
f 641 705 578
f 705 642 578
f 642 706 707
f 642 707 643
f 643 707 708
f 643 708 644
f 644 708 709
f 644 709 645
f 645 709 710
f 645 710 646
f 646 710 711
f 646 711 647
f 647 711 712
f 647 712 648
f 648 712 713
f 648 713 649
f 649 713 714
f 649 714 650
f 650 714 715
f 650 715 651
f 651 715 716
f 651 716 652
f 652 716 717
f 652 717 653
f 653 717 718
f 653 718 654
f 654 718 719
f 654 719 655
f 655 719 720
f 655 720 656
f 656 720 721
f 656 721 657
f 657 721 722
f 657 722 658
f 658 722 659
f 722 723 659
f 659 723 660
f 723 724 660
f 660 724 661
f 724 725 661
f 661 725 662
f 725 726 662
f 662 726 663
f 726 727 663
f 663 727 664
f 727 728 664
f 664 728 665
f 728 729 665
f 665 729 666
f 729 730 666
f 666 730 667
f 730 731 667
f 667 731 668
f 731 732 668
f 668 732 669
f 732 733 669
f 669 733 670
f 733 734 670
f 670 734 671
f 734 735 671
f 671 735 672
f 735 736 672
f 672 736 673
f 736 737 673
f 673 737 674
f 737 738 674
f 674 738 739
f 674 739 675
f 675 739 740
f 675 740 676
f 676 740 741
f 676 741 677
f 677 741 742
f 677 742 678
f 678 742 743
f 678 743 679
f 679 743 744
f 679 744 680
f 680 744 745
f 680 745 681
f 681 745 746
f 681 746 682
f 682 746 747
f 682 747 683
f 683 747 748
f 683 748 684
f 684 748 749
f 684 749 685
f 685 749 750
f 685 750 686
f 686 750 751
f 686 751 687
f 687 751 752
f 687 752 688
f 688 752 753
f 688 753 689
f 689 753 754
f 689 754 690
f 690 754 691
f 754 755 691
f 691 755 692
f 755 756 692
f 692 756 693
f 756 757 693
f 693 757 694
f 757 758 694
f 694 758 695
f 758 759 695
f 695 759 696
f 759 760 696
f 696 760 697
f 760 761 697
f 697 761 698
f 761 762 698
f 698 762 699
f 762 763 699
f 699 763 700
f 763 764 700
f 700 764 701
f 764 765 701
f 701 765 702
f 765 766 702
f 702 766 703
f 766 767 703
f 703 767 704
f 767 768 704
f 704 768 705
f 768 769 705
f 705 769 642
f 769 706 642
f 706 770 771
f 706 771 707
f 707 771 772
f 707 772 708
f 708 772 773
f 708 773 709
f 709 773 774
f 709 774 710
f 710 774 775
f 710 775 711
f 711 775 776
f 711 776 712
f 712 776 777
f 712 777 713
f 713 777 778
f 713 778 714
f 714 778 779
f 714 779 715
f 715 779 780
f 715 780 716
f 716 780 781
f 716 781 717
f 717 781 782
f 717 782 718
f 718 782 783
f 718 783 719
f 719 783 784
f 719 784 720
f 720 784 785
f 720 785 721
f 721 785 786
f 721 786 722
f 722 786 723
f 786 787 723
f 723 787 724
f 787 788 724
f 724 788 725
f 788 789 725
f 725 789 726
f 789 790 726
f 726 790 727
f 790 791 727
f 727 791 728
f 791 792 728
f 728 792 729
f 792 793 729
f 729 793 730
f 793 794 730
f 730 794 731
f 794 795 731
f 731 795 732
f 795 796 732
f 732 796 733
f 796 797 733
f 733 797 734
f 797 798 734
f 734 798 735
f 798 799 735
f 735 799 736
f 799 800 736
f 736 800 737
f 800 801 737
f 737 801 738
f 801 802 738
f 738 802 803
f 738 803 739
f 739 803 804
f 739 804 740
f 740 804 805
f 740 805 741
f 741 805 806
f 741 806 742
f 742 806 807
f 742 807 743
f 743 807 808
f 743 808 744
f 744 808 809
f 744 809 745
f 745 809 810
f 745 810 746
f 746 810 811
f 746 811 747
f 747 811 812
f 747 812 748
f 748 812 813
f 748 813 749
f 749 813 814
f 749 814 750
f 750 814 815
f 750 815 751
f 751 815 816
f 751 816 752
f 752 816 817
f 752 817 753
f 753 817 818
f 753 818 754
f 754 818 755
f 818 819 755
f 755 819 756
f 819 820 756
f 756 820 757
f 820 821 757
f 757 821 758
f 821 822 758
f 758 822 759
f 822 823 759
f 759 823 760
f 823 824 760
f 760 824 761
f 824 825 761
f 761 825 762
f 825 826 762
f 762 826 763
f 826 827 763
f 763 827 764
f 827 828 764
f 764 828 765
f 828 829 765
f 765 829 766
f 829 830 766
f 766 830 767
f 830 831 767
f 767 831 768
f 831 832 768
f 768 832 769
f 832 833 769
f 769 833 706
f 833 770 706
f 770 834 835
f 770 835 771
f 771 835 836
f 771 836 772
f 772 836 837
f 772 837 773
f 773 837 838
f 773 838 774
f 774 838 839
f 774 839 775
f 775 839 840
f 775 840 776
f 776 840 841
f 776 841 777
f 777 841 842
f 777 842 778
f 778 842 843
f 778 843 779
f 779 843 844
f 779 844 780
f 780 844 845
f 780 845 781
f 781 845 846
f 781 846 782
f 782 846 847
f 782 847 783
f 783 847 848
f 783 848 784
f 784 848 849
f 784 849 785
f 785 849 850
f 785 850 786
f 786 850 787
f 850 851 787
f 787 851 788
f 851 852 788
f 788 852 789
f 852 853 789
f 789 853 790
f 853 854 790
f 790 854 791
f 854 855 791
f 791 855 792
f 855 856 792
f 792 856 793
f 856 857 793
f 793 857 794
f 857 858 794
f 794 858 795
f 858 859 795
f 795 859 796
f 859 860 796
f 796 860 797
f 860 861 797
f 797 861 798
f 861 862 798
f 798 862 799
f 862 863 799
f 799 863 800
f 863 864 800
f 800 864 801
f 864 865 801
f 801 865 802
f 865 866 802
f 802 866 867
f 802 867 803
f 803 867 868
f 803 868 804
f 804 868 869
f 804 869 805
f 805 869 870
f 805 870 806
f 806 870 871
f 806 871 807
f 807 871 872
f 807 872 808
f 808 872 873
f 808 873 809
f 809 873 874
f 809 874 810
f 810 874 875
f 810 875 811
f 811 875 876
f 811 876 812
f 812 876 877
f 812 877 813
f 813 877 878
f 813 878 814
f 814 878 879
f 814 879 815
f 815 879 880
f 815 880 816
f 816 880 881
f 816 881 817
f 817 881 882
f 817 882 818
f 818 882 819
f 882 883 819
f 819 883 820
f 883 884 820
f 820 884 821
f 884 885 821
f 821 885 822
f 885 886 822
f 822 886 823
f 886 887 823
f 823 887 824
f 887 888 824
f 824 888 825
f 888 889 825
f 825 889 826
f 889 890 826
f 826 890 827
f 890 891 827
f 827 891 828
f 891 892 828
f 828 892 829
f 892 893 829
f 829 893 830
f 893 894 830
f 830 894 831
f 894 895 831
f 831 895 832
f 895 896 832
f 832 896 833
f 896 897 833
f 833 897 770
f 897 834 770
f 834 898 899
f 834 899 835
f 835 899 900
f 835 900 836
f 836 900 901
f 836 901 837
f 837 901 902
f 837 902 838
f 838 902 903
f 838 903 839
f 839 903 904
f 839 904 840
f 840 904 905
f 840 905 841
f 841 905 906
f 841 906 842
f 842 906 907
f 842 907 843
f 843 907 908
f 843 908 844
f 844 908 909
f 844 909 845
f 845 909 910
f 845 910 846
f 846 910 911
f 846 911 847
f 847 911 912
f 847 912 848
f 848 912 913
f 848 913 849
f 849 913 914
f 849 914 850
f 850 914 851
f 914 915 851
f 851 915 852
f 915 916 852
f 852 916 853
f 916 917 853
f 853 917 854
f 917 918 854
f 854 918 855
f 918 919 855
f 855 919 856
f 919 920 856
f 856 920 857
f 920 921 857
f 857 921 858
f 921 922 858
f 858 922 859
f 922 923 859
f 859 923 860
f 923 924 860
f 860 924 861
f 924 925 861
f 861 925 862
f 925 926 862
f 862 926 863
f 926 927 863
f 863 927 864
f 927 928 864
f 864 928 865
f 928 929 865
f 865 929 866
f 929 930 866
f 866 930 931
f 866 931 867
f 867 931 932
f 867 932 868
f 868 932 933
f 868 933 869
f 869 933 934
f 869 934 870
f 870 934 935
f 870 935 871
f 871 935 936
f 871 936 872
f 872 936 937
f 872 937 873
f 873 937 938
f 873 938 874
f 874 938 939
f 874 939 875
f 875 939 940
f 875 940 876
f 876 940 941
f 876 941 877
f 877 941 942
f 877 942 878
f 878 942 943
f 878 943 879
f 879 943 944
f 879 944 880
f 880 944 945
f 880 945 881
f 881 945 946
f 881 946 882
f 882 946 883
f 946 947 883
f 883 947 884
f 947 948 884
f 884 948 885
f 948 949 885
f 885 949 886
f 949 950 886
f 886 950 887
f 950 951 887
f 887 951 888
f 951 952 888
f 888 952 889
f 952 953 889
f 889 953 890
f 953 954 890
f 890 954 891
f 954 955 891
f 891 955 892
f 955 956 892
f 892 956 893
f 956 957 893
f 893 957 894
f 957 958 894
f 894 958 895
f 958 959 895
f 895 959 896
f 959 960 896
f 896 960 897
f 960 961 897
f 897 961 834
f 961 898 834
f 898 962 963
f 898 963 899
f 899 963 964
f 899 964 900
f 900 964 965
f 900 965 901
f 901 965 966
f 901 966 902
f 902 966 967
f 902 967 903
f 903 967 968
f 903 968 904
f 904 968 969
f 904 969 905
f 905 969 970
f 905 970 906
f 906 970 971
f 906 971 907
f 907 971 972
f 907 972 908
f 908 972 973
f 908 973 909
f 909 973 974
f 909 974 910
f 910 974 975
f 910 975 911
f 911 975 976
f 911 976 912
f 912 976 977
f 912 977 913
f 913 977 978
f 913 978 914
f 914 978 915
f 978 979 915
f 915 979 916
f 979 980 916
f 916 980 917
f 980 981 917
f 917 981 918
f 981 982 918
f 918 982 919
f 982 983 919
f 919 983 920
f 983 984 920
f 920 984 921
f 984 985 921
f 921 985 922
f 985 986 922
f 922 986 923
f 986 987 923
f 923 987 924
f 987 988 924
f 924 988 925
f 988 989 925
f 925 989 926
f 989 990 926
f 926 990 927
f 990 991 927
f 927 991 928
f 991 992 928
f 928 992 929
f 992 993 929
f 929 993 930
f 993 994 930
f 930 994 995
f 930 995 931
f 931 995 996
f 931 996 932
f 932 996 997
f 932 997 933
f 933 997 998
f 933 998 934
f 934 998 999
f 934 999 935
f 935 999 1000
f 935 1000 936
f 936 1000 1001
f 936 1001 937
f 937 1001 1002
f 937 1002 938
f 938 1002 1003
f 938 1003 939
f 939 1003 1004
f 939 1004 940
f 940 1004 1005
f 940 1005 941
f 941 1005 1006
f 941 1006 942
f 942 1006 1007
f 942 1007 943
f 943 1007 1008
f 943 1008 944
f 944 1008 1009
f 944 1009 945
f 945 1009 1010
f 945 1010 946
f 946 1010 947
f 1010 1011 947
f 947 1011 948
f 1011 1012 948
f 948 1012 949
f 1012 1013 949
f 949 1013 950
f 1013 1014 950
f 950 1014 951
f 1014 1015 951
f 951 1015 952
f 1015 1016 952
f 952 1016 953
f 1016 1017 953
f 953 1017 954
f 1017 1018 954
f 954 1018 955
f 1018 1019 955
f 955 1019 956
f 1019 1020 956
f 956 1020 957
f 1020 1021 957
f 957 1021 958
f 1021 1022 958
f 958 1022 959
f 1022 1023 959
f 959 1023 960
f 1023 1024 960
f 960 1024 961
f 1024 1025 961
f 961 1025 898
f 1025 962 898
f 962 1026 1027
f 962 1027 963
f 963 1027 1028
f 963 1028 964
f 964 1028 1029
f 964 1029 965
f 965 1029 1030
f 965 1030 966
f 966 1030 1031
f 966 1031 967
f 967 1031 1032
f 967 1032 968
f 968 1032 1033
f 968 1033 969
f 969 1033 1034
f 969 1034 970
f 970 1034 1035
f 970 1035 971
f 971 1035 1036
f 971 1036 972
f 972 1036 1037
f 972 1037 973
f 973 1037 1038
f 973 1038 974
f 974 1038 1039
f 974 1039 975
f 975 1039 1040
f 975 1040 976
f 976 1040 1041
f 976 1041 977
f 977 1041 1042
f 977 1042 978
f 978 1042 979
f 1042 1043 979
f 979 1043 980
f 1043 1044 980
f 980 1044 981
f 1044 1045 981
f 981 1045 982
f 1045 1046 982
f 982 1046 983
f 1046 1047 983
f 983 1047 984
f 1047 1048 984
f 984 1048 985
f 1048 1049 985
f 985 1049 986
f 1049 1050 986
f 986 1050 987
f 1050 1051 987
f 987 1051 988
f 1051 1052 988
f 988 1052 989
f 1052 1053 989
f 989 1053 990
f 1053 1054 990
f 990 1054 991
f 1054 1055 991
f 991 1055 992
f 1055 1056 992
f 992 1056 993
f 1056 1057 993
f 993 1057 994
f 1057 1058 994
f 994 1058 1059
f 994 1059 995
f 995 1059 1060
f 995 1060 996
f 996 1060 1061
f 996 1061 997
f 997 1061 1062
f 997 1062 998
f 998 1062 1063
f 998 1063 999
f 999 1063 1064
f 999 1064 1000
f 1000 1064 1065
f 1000 1065 1001
f 1001 1065 1066
f 1001 1066 1002
f 1002 1066 1067
f 1002 1067 1003
f 1003 1067 1068
f 1003 1068 1004
f 1004 1068 1069
f 1004 1069 1005
f 1005 1069 1070
f 1005 1070 1006
f 1006 1070 1071
f 1006 1071 1007
f 1007 1071 1072
f 1007 1072 1008
f 1008 1072 1073
f 1008 1073 1009
f 1009 1073 1074
f 1009 1074 1010
f 1010 1074 1011
f 1074 1075 1011
f 1011 1075 1012
f 1075 1076 1012
f 1012 1076 1013
f 1076 1077 1013
f 1013 1077 1014
f 1077 1078 1014
f 1014 1078 1015
f 1078 1079 1015
f 1015 1079 1016
f 1079 1080 1016
f 1016 1080 1017
f 1080 1081 1017
f 1017 1081 1018
f 1081 1082 1018
f 1018 1082 1019
f 1082 1083 1019
f 1019 1083 1020
f 1083 1084 1020
f 1020 1084 1021
f 1084 1085 1021
f 1021 1085 1022
f 1085 1086 1022
f 1022 1086 1023
f 1086 1087 1023
f 1023 1087 1024
f 1087 1088 1024
f 1024 1088 1025
f 1088 1089 1025
f 1025 1089 962
f 1089 1026 962
f 1026 1090 1091
f 1026 1091 1027
f 1027 1091 1092
f 1027 1092 1028
f 1028 1092 1093
f 1028 1093 1029
f 1029 1093 1094
f 1029 1094 1030
f 1030 1094 1095
f 1030 1095 1031
f 1031 1095 1096
f 1031 1096 1032
f 1032 1096 1097
f 1032 1097 1033
f 1033 1097 1098
f 1033 1098 1034
f 1034 1098 1099
f 1034 1099 1035
f 1035 1099 1100
f 1035 1100 1036
f 1036 1100 1101
f 1036 1101 1037
f 1037 1101 1102
f 1037 1102 1038
f 1038 1102 1103
f 1038 1103 1039
f 1039 1103 1104
f 1039 1104 1040
f 1040 1104 1105
f 1040 1105 1041
f 1041 1105 1106
f 1041 1106 1042
f 1042 1106 1043
f 1106 1107 1043
f 1043 1107 1044
f 1107 1108 1044
f 1044 1108 1045
f 1108 1109 1045
f 1045 1109 1046
f 1109 1110 1046
f 1046 1110 1047
f 1110 1111 1047
f 1047 1111 1048
f 1111 1112 1048
f 1048 1112 1049
f 1112 1113 1049
f 1049 1113 1050
f 1113 1114 1050
f 1050 1114 1051
f 1114 1115 1051
f 1051 1115 1052
f 1115 1116 1052
f 1052 1116 1053
f 1116 1117 1053
f 1053 1117 1054
f 1117 1118 1054
f 1054 1118 1055
f 1118 1119 1055
f 1055 1119 1056
f 1119 1120 1056
f 1056 1120 1057
f 1120 1121 1057
f 1057 1121 1058
f 1121 1122 1058
f 1058 1122 1123
f 1058 1123 1059
f 1059 1123 1124
f 1059 1124 1060
f 1060 1124 1125
f 1060 1125 1061
f 1061 1125 1126
f 1061 1126 1062
f 1062 1126 1127
f 1062 1127 1063
f 1063 1127 1128
f 1063 1128 1064
f 1064 1128 1129
f 1064 1129 1065
f 1065 1129 1130
f 1065 1130 1066
f 1066 1130 1131
f 1066 1131 1067
f 1067 1131 1132
f 1067 1132 1068
f 1068 1132 1133
f 1068 1133 1069
f 1069 1133 1134
f 1069 1134 1070
f 1070 1134 1135
f 1070 1135 1071
f 1071 1135 1136
f 1071 1136 1072
f 1072 1136 1137
f 1072 1137 1073
f 1073 1137 1138
f 1073 1138 1074
f 1074 1138 1075
f 1138 1139 1075
f 1075 1139 1076
f 1139 1140 1076
f 1076 1140 1077
f 1140 1141 1077
f 1077 1141 1078
f 1141 1142 1078
f 1078 1142 1079
f 1142 1143 1079
f 1079 1143 1080
f 1143 1144 1080
f 1080 1144 1081
f 1144 1145 1081
f 1081 1145 1082
f 1145 1146 1082
f 1082 1146 1083
f 1146 1147 1083
f 1083 1147 1084
f 1147 1148 1084
f 1084 1148 1085
f 1148 1149 1085
f 1085 1149 1086
f 1149 1150 1086
f 1086 1150 1087
f 1150 1151 1087
f 1087 1151 1088
f 1151 1152 1088
f 1088 1152 1089
f 1152 1153 1089
f 1089 1153 1026
f 1153 1090 1026
f 1090 1154 1155
f 1090 1155 1091
f 1091 1155 1156
f 1091 1156 1092
f 1092 1156 1157
f 1092 1157 1093
f 1093 1157 1158
f 1093 1158 1094
f 1094 1158 1159
f 1094 1159 1095
f 1095 1159 1160
f 1095 1160 1096
f 1096 1160 1161
f 1096 1161 1097
f 1097 1161 1162
f 1097 1162 1098
f 1098 1162 1163
f 1098 1163 1099
f 1099 1163 1164
f 1099 1164 1100
f 1100 1164 1165
f 1100 1165 1101
f 1101 1165 1166
f 1101 1166 1102
f 1102 1166 1167
f 1102 1167 1103
f 1103 1167 1168
f 1103 1168 1104
f 1104 1168 1169
f 1104 1169 1105
f 1105 1169 1170
f 1105 1170 1106
f 1106 1170 1107
f 1170 1171 1107
f 1107 1171 1108
f 1171 1172 1108
f 1108 1172 1109
f 1172 1173 1109
f 1109 1173 1110
f 1173 1174 1110
f 1110 1174 1111
f 1174 1175 1111
f 1111 1175 1112
f 1175 1176 1112
f 1112 1176 1113
f 1176 1177 1113
f 1113 1177 1114
f 1177 1178 1114
f 1114 1178 1115
f 1178 1179 1115
f 1115 1179 1116
f 1179 1180 1116
f 1116 1180 1117
f 1180 1181 1117
f 1117 1181 1118
f 1181 1182 1118
f 1118 1182 1119
f 1182 1183 1119
f 1119 1183 1120
f 1183 1184 1120
f 1120 1184 1121
f 1184 1185 1121
f 1121 1185 1122
f 1185 1186 1122
f 1122 1186 1187
f 1122 1187 1123
f 1123 1187 1188
f 1123 1188 1124
f 1124 1188 1189
f 1124 1189 1125
f 1125 1189 1190
f 1125 1190 1126
f 1126 1190 1191
f 1126 1191 1127
f 1127 1191 1192
f 1127 1192 1128
f 1128 1192 1193
f 1128 1193 1129
f 1129 1193 1194
f 1129 1194 1130
f 1130 1194 1195
f 1130 1195 1131
f 1131 1195 1196
f 1131 1196 1132
f 1132 1196 1197
f 1132 1197 1133
f 1133 1197 1198
f 1133 1198 1134
f 1134 1198 1199
f 1134 1199 1135
f 1135 1199 1200
f 1135 1200 1136
f 1136 1200 1201
f 1136 1201 1137
f 1137 1201 1202
f 1137 1202 1138
f 1138 1202 1139
f 1202 1203 1139
f 1139 1203 1140
f 1203 1204 1140
f 1140 1204 1141
f 1204 1205 1141
f 1141 1205 1142
f 1205 1206 1142
f 1142 1206 1143
f 1206 1207 1143
f 1143 1207 1144
f 1207 1208 1144
f 1144 1208 1145
f 1208 1209 1145
f 1145 1209 1146
f 1209 1210 1146
f 1146 1210 1147
f 1210 1211 1147
f 1147 1211 1148
f 1211 1212 1148
f 1148 1212 1149
f 1212 1213 1149
f 1149 1213 1150
f 1213 1214 1150
f 1150 1214 1151
f 1214 1215 1151
f 1151 1215 1152
f 1215 1216 1152
f 1152 1216 1153
f 1216 1217 1153
f 1153 1217 1090
f 1217 1154 1090
f 1154 1218 1155
f 1155 1218 1156
f 1156 1218 1157
f 1157 1218 1158
f 1158 1218 1159
f 1159 1218 1160
f 1160 1218 1161
f 1161 1218 1162
f 1162 1218 1163
f 1163 1218 1164
f 1164 1218 1165
f 1165 1218 1166
f 1166 1218 1167
f 1167 1218 1168
f 1168 1218 1169
f 1169 1218 1170
f 1170 1218 1171
f 1171 1218 1172
f 1172 1218 1173
f 1173 1218 1174
f 1174 1218 1175
f 1175 1218 1176
f 1176 1218 1177
f 1177 1218 1178
f 1178 1218 1179
f 1179 1218 1180
f 1180 1218 1181
f 1181 1218 1182
f 1182 1218 1183
f 1183 1218 1184
f 1184 1218 1185
f 1185 1218 1186
f 1186 1218 1187
f 1187 1218 1188
f 1188 1218 1189
f 1189 1218 1190
f 1190 1218 1191
f 1191 1218 1192
f 1192 1218 1193
f 1193 1218 1194
f 1194 1218 1195
f 1195 1218 1196
f 1196 1218 1197
f 1197 1218 1198
f 1198 1218 1199
f 1199 1218 1200
f 1200 1218 1201
f 1201 1218 1202
f 1202 1218 1203
f 1203 1218 1204
f 1204 1218 1205
f 1205 1218 1206
f 1206 1218 1207
f 1207 1218 1208
f 1208 1218 1209
f 1209 1218 1210
f 1210 1218 1211
f 1211 1218 1212
f 1212 1218 1213
f 1213 1218 1214
f 1214 1218 1215
f 1215 1218 1216
f 1216 1218 1217
f 1217 1218 1154
f 1219 1220 1221
f 1220 1222 1221
f 1222 1223 1221
f 1223 1224 1221
f 1221 1224 1225
f 1221 1225 1226
f 1221 1226 1227
f 1221 1227 1228
f 1228 1229 1221
f 1229 1230 1221
f 1230 1231 1221
f 1231 1232 1221
f 1221 1232 1233
f 1221 1233 1234
f 1221 1234 1235
f 1221 1235 1219
f 1219 1236 1220
f 1236 1237 1220
f 1220 1237 1222
f 1237 1238 1222
f 1222 1238 1223
f 1238 1239 1223
f 1223 1239 1224
f 1239 1240 1224
f 1224 1240 1241
f 1224 1241 1225
f 1225 1241 1242
f 1225 1242 1226
f 1226 1242 1243
f 1226 1243 1227
f 1227 1243 1244
f 1227 1244 1228
f 1228 1244 1229
f 1244 1245 1229
f 1229 1245 1230
f 1245 1246 1230
f 1230 1246 1231
f 1246 1247 1231
f 1231 1247 1232
f 1247 1248 1232
f 1232 1248 1249
f 1232 1249 1233
f 1233 1249 1250
f 1233 1250 1234
f 1234 1250 1251
f 1234 1251 1235
f 1235 1251 1236
f 1235 1236 1219
f 1236 1252 1237
f 1252 1253 1237
f 1237 1253 1238
f 1253 1254 1238
f 1238 1254 1239
f 1254 1255 1239
f 1239 1255 1240
f 1255 1256 1240
f 1240 1256 1257
f 1240 1257 1241
f 1241 1257 1258
f 1241 1258 1242
f 1242 1258 1259
f 1242 1259 1243
f 1243 1259 1260
f 1243 1260 1244
f 1244 1260 1245
f 1260 1261 1245
f 1245 1261 1246
f 1261 1262 1246
f 1246 1262 1247
f 1262 1263 1247
f 1247 1263 1248
f 1263 1264 1248
f 1248 1264 1265
f 1248 1265 1249
f 1249 1265 1266
f 1249 1266 1250
f 1250 1266 1267
f 1250 1267 1251
f 1251 1267 1252
f 1251 1252 1236
f 1252 1268 1253
f 1268 1269 1253
f 1253 1269 1254
f 1269 1270 1254
f 1254 1270 1255
f 1270 1271 1255
f 1255 1271 1256
f 1271 1272 1256
f 1256 1272 1273
f 1256 1273 1257
f 1257 1273 1274
f 1257 1274 1258
f 1258 1274 1275
f 1258 1275 1259
f 1259 1275 1276
f 1259 1276 1260
f 1260 1276 1261
f 1276 1277 1261
f 1261 1277 1262
f 1277 1278 1262
f 1262 1278 1263
f 1278 1279 1263
f 1263 1279 1264
f 1279 1280 1264
f 1264 1280 1281
f 1264 1281 1265
f 1265 1281 1282
f 1265 1282 1266
f 1266 1282 1283
f 1266 1283 1267
f 1267 1283 1268
f 1267 1268 1252
f 1268 1284 1269
f 1284 1285 1269
f 1269 1285 1270
f 1285 1286 1270
f 1270 1286 1271
f 1286 1287 1271
f 1271 1287 1272
f 1287 1288 1272
f 1272 1288 1289
f 1272 1289 1273
f 1273 1289 1290
f 1273 1290 1274
f 1274 1290 1291
f 1274 1291 1275
f 1275 1291 1292
f 1275 1292 1276
f 1276 1292 1277
f 1292 1293 1277
f 1277 1293 1278
f 1293 1294 1278
f 1278 1294 1279
f 1294 1295 1279
f 1279 1295 1280
f 1295 1296 1280
f 1280 1296 1297
f 1280 1297 1281
f 1281 1297 1298
f 1281 1298 1282
f 1282 1298 1299
f 1282 1299 1283
f 1283 1299 1284
f 1283 1284 1268
f 1284 1300 1285
f 1300 1301 1285
f 1285 1301 1286
f 1301 1302 1286
f 1286 1302 1287
f 1302 1303 1287
f 1287 1303 1288
f 1303 1304 1288
f 1288 1304 1305
f 1288 1305 1289
f 1289 1305 1306
f 1289 1306 1290
f 1290 1306 1307
f 1290 1307 1291
f 1291 1307 1308
f 1291 1308 1292
f 1292 1308 1293
f 1308 1309 1293
f 1293 1309 1294
f 1309 1310 1294
f 1294 1310 1295
f 1310 1311 1295
f 1295 1311 1296
f 1311 1312 1296
f 1296 1312 1313
f 1296 1313 1297
f 1297 1313 1314
f 1297 1314 1298
f 1298 1314 1315
f 1298 1315 1299
f 1299 1315 1300
f 1299 1300 1284
f 1300 1316 1301
f 1316 1317 1301
f 1301 1317 1302
f 1317 1318 1302
f 1302 1318 1303
f 1318 1319 1303
f 1303 1319 1304
f 1319 1320 1304
f 1304 1320 1321
f 1304 1321 1305
f 1305 1321 1322
f 1305 1322 1306
f 1306 1322 1323
f 1306 1323 1307
f 1307 1323 1324
f 1307 1324 1308
f 1308 1324 1309
f 1324 1325 1309
f 1309 1325 1310
f 1325 1326 1310
f 1310 1326 1311
f 1326 1327 1311
f 1311 1327 1312
f 1327 1328 1312
f 1312 1328 1329
f 1312 1329 1313
f 1313 1329 1330
f 1313 1330 1314
f 1314 1330 1331
f 1314 1331 1315
f 1315 1331 1316
f 1315 1316 1300
f 1316 1332 1317
f 1332 1333 1317
f 1317 1333 1318
f 1333 1334 1318
f 1318 1334 1319
f 1334 1335 1319
f 1319 1335 1320
f 1335 1336 1320
f 1320 1336 1337
f 1320 1337 1321
f 1321 1337 1338
f 1321 1338 1322
f 1322 1338 1339
f 1322 1339 1323
f 1323 1339 1340
f 1323 1340 1324
f 1324 1340 1325
f 1340 1341 1325
f 1325 1341 1326
f 1341 1342 1326
f 1326 1342 1327
f 1342 1343 1327
f 1327 1343 1328
f 1343 1344 1328
f 1328 1344 1345
f 1328 1345 1329
f 1329 1345 1346
f 1329 1346 1330
f 1330 1346 1347
f 1330 1347 1331
f 1331 1347 1332
f 1331 1332 1316
f 1332 1348 1333
f 1348 1349 1333
f 1333 1349 1334
f 1349 1350 1334
f 1334 1350 1335
f 1350 1351 1335
f 1335 1351 1336
f 1351 1352 1336
f 1336 1352 1353
f 1336 1353 1337
f 1337 1353 1354
f 1337 1354 1338
f 1338 1354 1355
f 1338 1355 1339
f 1339 1355 1356
f 1339 1356 1340
f 1340 1356 1341
f 1356 1357 1341
f 1341 1357 1342
f 1357 1358 1342
f 1342 1358 1343
f 1358 1359 1343
f 1343 1359 1344
f 1359 1360 1344
f 1344 1360 1361
f 1344 1361 1345
f 1345 1361 1362
f 1345 1362 1346
f 1346 1362 1363
f 1346 1363 1347
f 1347 1363 1348
f 1347 1348 1332
f 1348 1364 1349
f 1364 1365 1349
f 1349 1365 1350
f 1365 1366 1350
f 1350 1366 1351
f 1366 1367 1351
f 1351 1367 1352
f 1367 1368 1352
f 1352 1368 1369
f 1352 1369 1353
f 1353 1369 1370
f 1353 1370 1354
f 1354 1370 1371
f 1354 1371 1355
f 1355 1371 1372
f 1355 1372 1356
f 1356 1372 1357
f 1372 1373 1357
f 1357 1373 1358
f 1373 1374 1358
f 1358 1374 1359
f 1374 1375 1359
f 1359 1375 1360
f 1375 1376 1360
f 1360 1376 1377
f 1360 1377 1361
f 1361 1377 1378
f 1361 1378 1362
f 1362 1378 1379
f 1362 1379 1363
f 1363 1379 1364
f 1363 1364 1348
f 1364 1380 1381
f 1364 1381 1365
f 1365 1381 1382
f 1365 1382 1366
f 1366 1382 1383
f 1366 1383 1367
f 1367 1383 1384
f 1367 1384 1368
f 1368 1384 1369
f 1384 1385 1369
f 1369 1385 1370
f 1385 1386 1370
f 1370 1386 1371
f 1386 1387 1371
f 1371 1387 1372
f 1387 1388 1372
f 1372 1388 1389
f 1372 1389 1373
f 1373 1389 1390
f 1373 1390 1374
f 1374 1390 1391
f 1374 1391 1375
f 1375 1391 1392
f 1375 1392 1376
f 1376 1392 1377
f 1392 1393 1377
f 1377 1393 1378
f 1393 1394 1378
f 1378 1394 1379
f 1394 1395 1379
f 1379 1395 1364
f 1395 1380 1364
f 1380 1396 1397
f 1380 1397 1381
f 1381 1397 1398
f 1381 1398 1382
f 1382 1398 1399
f 1382 1399 1383
f 1383 1399 1400
f 1383 1400 1384
f 1384 1400 1385
f 1400 1401 1385
f 1385 1401 1386
f 1401 1402 1386
f 1386 1402 1387
f 1402 1403 1387
f 1387 1403 1388
f 1403 1404 1388
f 1388 1404 1405
f 1388 1405 1389
f 1389 1405 1406
f 1389 1406 1390
f 1390 1406 1407
f 1390 1407 1391
f 1391 1407 1408
f 1391 1408 1392
f 1392 1408 1393
f 1408 1409 1393
f 1393 1409 1394
f 1409 1410 1394
f 1394 1410 1395
f 1410 1411 1395
f 1395 1411 1380
f 1411 1396 1380
f 1396 1412 1413
f 1396 1413 1397
f 1397 1413 1414
f 1397 1414 1398
f 1398 1414 1415
f 1398 1415 1399
f 1399 1415 1416
f 1399 1416 1400
f 1400 1416 1401
f 1416 1417 1401
f 1401 1417 1402
f 1417 1418 1402
f 1402 1418 1403
f 1418 1419 1403
f 1403 1419 1404
f 1419 1420 1404
f 1404 1420 1421
f 1404 1421 1405
f 1405 1421 1422
f 1405 1422 1406
f 1406 1422 1423
f 1406 1423 1407
f 1407 1423 1424
f 1407 1424 1408
f 1408 1424 1409
f 1424 1425 1409
f 1409 1425 1410
f 1425 1426 1410
f 1410 1426 1411
f 1426 1427 1411
f 1411 1427 1396
f 1427 1412 1396
f 1412 1428 1429
f 1412 1429 1413
f 1413 1429 1430
f 1413 1430 1414
f 1414 1430 1431
f 1414 1431 1415
f 1415 1431 1432
f 1415 1432 1416
f 1416 1432 1417
f 1432 1433 1417
f 1417 1433 1418
f 1433 1434 1418
f 1418 1434 1419
f 1434 1435 1419
f 1419 1435 1420
f 1435 1436 1420
f 1420 1436 1437
f 1420 1437 1421
f 1421 1437 1438
f 1421 1438 1422
f 1422 1438 1439
f 1422 1439 1423
f 1423 1439 1440
f 1423 1440 1424
f 1424 1440 1425
f 1440 1441 1425
f 1425 1441 1426
f 1441 1442 1426
f 1426 1442 1427
f 1442 1443 1427
f 1427 1443 1412
f 1443 1428 1412
f 1428 1444 1445
f 1428 1445 1429
f 1429 1445 1446
f 1429 1446 1430
f 1430 1446 1447
f 1430 1447 1431
f 1431 1447 1448
f 1431 1448 1432
f 1432 1448 1433
f 1448 1449 1433
f 1433 1449 1434
f 1449 1450 1434
f 1434 1450 1435
f 1450 1451 1435
f 1435 1451 1436
f 1451 1452 1436
f 1436 1452 1453
f 1436 1453 1437
f 1437 1453 1454
f 1437 1454 1438
f 1438 1454 1455
f 1438 1455 1439
f 1439 1455 1456
f 1439 1456 1440
f 1440 1456 1441
f 1456 1457 1441
f 1441 1457 1442
f 1457 1458 1442
f 1442 1458 1443
f 1458 1459 1443
f 1443 1459 1428
f 1459 1444 1428
f 1444 1460 1461
f 1444 1461 1445
f 1445 1461 1462
f 1445 1462 1446
f 1446 1462 1463
f 1446 1463 1447
f 1447 1463 1464
f 1447 1464 1448
f 1448 1464 1449
f 1464 1465 1449
f 1449 1465 1450
f 1465 1466 1450
f 1450 1466 1451
f 1466 1467 1451
f 1451 1467 1452
f 1467 1468 1452
f 1452 1468 1469
f 1452 1469 1453
f 1453 1469 1470
f 1453 1470 1454
f 1454 1470 1471
f 1454 1471 1455
f 1455 1471 1472
f 1455 1472 1456
f 1456 1472 1457
f 1472 1473 1457
f 1457 1473 1458
f 1473 1474 1458
f 1458 1474 1459
f 1474 1475 1459
f 1459 1475 1444
f 1475 1460 1444
f 1460 1476 1477
f 1460 1477 1461
f 1461 1477 1478
f 1461 1478 1462
f 1462 1478 1479
f 1462 1479 1463
f 1463 1479 1480
f 1463 1480 1464
f 1464 1480 1465
f 1480 1481 1465
f 1465 1481 1466
f 1481 1482 1466
f 1466 1482 1467
f 1482 1483 1467
f 1467 1483 1468
f 1483 1484 1468
f 1468 1484 1485
f 1468 1485 1469
f 1469 1485 1486
f 1469 1486 1470
f 1470 1486 1487
f 1470 1487 1471
f 1471 1487 1488
f 1471 1488 1472
f 1472 1488 1473
f 1488 1489 1473
f 1473 1489 1474
f 1489 1490 1474
f 1474 1490 1475
f 1490 1491 1475
f 1475 1491 1460
f 1491 1476 1460
f 1476 1492 1493
f 1476 1493 1477
f 1477 1493 1494
f 1477 1494 1478
f 1478 1494 1495
f 1478 1495 1479
f 1479 1495 1496
f 1479 1496 1480
f 1480 1496 1481
f 1496 1497 1481
f 1481 1497 1482
f 1497 1498 1482
f 1482 1498 1483
f 1498 1499 1483
f 1483 1499 1484
f 1499 1500 1484
f 1484 1500 1501
f 1484 1501 1485
f 1485 1501 1502
f 1485 1502 1486
f 1486 1502 1503
f 1486 1503 1487
f 1487 1503 1504
f 1487 1504 1488
f 1488 1504 1489
f 1504 1505 1489
f 1489 1505 1490
f 1505 1506 1490
f 1490 1506 1491
f 1506 1507 1491
f 1491 1507 1476
f 1507 1492 1476
f 1492 1508 1509
f 1492 1509 1493
f 1493 1509 1510
f 1493 1510 1494
f 1494 1510 1511
f 1494 1511 1495
f 1495 1511 1512
f 1495 1512 1496
f 1496 1512 1497
f 1512 1513 1497
f 1497 1513 1498
f 1513 1514 1498
f 1498 1514 1499
f 1514 1515 1499
f 1499 1515 1500
f 1515 1516 1500
f 1500 1516 1517
f 1500 1517 1501
f 1501 1517 1518
f 1501 1518 1502
f 1502 1518 1519
f 1502 1519 1503
f 1503 1519 1520
f 1503 1520 1504
f 1504 1520 1505
f 1520 1521 1505
f 1505 1521 1506
f 1521 1522 1506
f 1506 1522 1507
f 1522 1523 1507
f 1507 1523 1492
f 1523 1508 1492
f 1508 1524 1509
f 1509 1524 1510
f 1510 1524 1511
f 1511 1524 1512
f 1512 1524 1513
f 1513 1524 1514
f 1514 1524 1515
f 1515 1524 1516
f 1516 1524 1517
f 1517 1524 1518
f 1518 1524 1519
f 1519 1524 1520
f 1520 1524 1521
f 1521 1524 1522
f 1522 1524 1523
f 1523 1524 1508
f 1525 1526 1527
f 1526 1528 1527
f 1528 1529 1527
f 1529 1530 1527
f 1527 1530 1531
f 1527 1531 1532
f 1527 1532 1533
f 1527 1533 1534
f 1534 1535 1527
f 1535 1536 1527
f 1536 1537 1527
f 1537 1538 1527
f 1527 1538 1539
f 1527 1539 1540
f 1527 1540 1541
f 1527 1541 1525
f 1525 1542 1526
f 1542 1543 1526
f 1526 1543 1528
f 1543 1544 1528
f 1528 1544 1529
f 1544 1545 1529
f 1529 1545 1530
f 1545 1546 1530
f 1530 1546 1547
f 1530 1547 1531
f 1531 1547 1548
f 1531 1548 1532
f 1532 1548 1549
f 1532 1549 1533
f 1533 1549 1550
f 1533 1550 1534
f 1534 1550 1535
f 1550 1551 1535
f 1535 1551 1536
f 1551 1552 1536
f 1536 1552 1537
f 1552 1553 1537
f 1537 1553 1538
f 1553 1554 1538
f 1538 1554 1555
f 1538 1555 1539
f 1539 1555 1556
f 1539 1556 1540
f 1540 1556 1557
f 1540 1557 1541
f 1541 1557 1542
f 1541 1542 1525
f 1542 1558 1543
f 1558 1559 1543
f 1543 1559 1544
f 1559 1560 1544
f 1544 1560 1545
f 1560 1561 1545
f 1545 1561 1546
f 1561 1562 1546
f 1546 1562 1563
f 1546 1563 1547
f 1547 1563 1564
f 1547 1564 1548
f 1548 1564 1565
f 1548 1565 1549
f 1549 1565 1566
f 1549 1566 1550
f 1550 1566 1551
f 1566 1567 1551
f 1551 1567 1552
f 1567 1568 1552
f 1552 1568 1553
f 1568 1569 1553
f 1553 1569 1554
f 1569 1570 1554
f 1554 1570 1571
f 1554 1571 1555
f 1555 1571 1572
f 1555 1572 1556
f 1556 1572 1573
f 1556 1573 1557
f 1557 1573 1558
f 1557 1558 1542
f 1558 1574 1559
f 1574 1575 1559
f 1559 1575 1560
f 1575 1576 1560
f 1560 1576 1561
f 1576 1577 1561
f 1561 1577 1562
f 1577 1578 1562
f 1562 1578 1579
f 1562 1579 1563
f 1563 1579 1580
f 1563 1580 1564
f 1564 1580 1581
f 1564 1581 1565
f 1565 1581 1582
f 1565 1582 1566
f 1566 1582 1567
f 1582 1583 1567
f 1567 1583 1568
f 1583 1584 1568
f 1568 1584 1569
f 1584 1585 1569
f 1569 1585 1570
f 1585 1586 1570
f 1570 1586 1587
f 1570 1587 1571
f 1571 1587 1588
f 1571 1588 1572
f 1572 1588 1589
f 1572 1589 1573
f 1573 1589 1574
f 1573 1574 1558
f 1574 1590 1575
f 1590 1591 1575
f 1575 1591 1576
f 1591 1592 1576
f 1576 1592 1577
f 1592 1593 1577
f 1577 1593 1578
f 1593 1594 1578
f 1578 1594 1595
f 1578 1595 1579
f 1579 1595 1596
f 1579 1596 1580
f 1580 1596 1597
f 1580 1597 1581
f 1581 1597 1598
f 1581 1598 1582
f 1582 1598 1583
f 1598 1599 1583
f 1583 1599 1584
f 1599 1600 1584
f 1584 1600 1585
f 1600 1601 1585
f 1585 1601 1586
f 1601 1602 1586
f 1586 1602 1603
f 1586 1603 1587
f 1587 1603 1604
f 1587 1604 1588
f 1588 1604 1605
f 1588 1605 1589
f 1589 1605 1590
f 1589 1590 1574
f 1590 1606 1591
f 1606 1607 1591
f 1591 1607 1592
f 1607 1608 1592
f 1592 1608 1593
f 1608 1609 1593
f 1593 1609 1594
f 1609 1610 1594
f 1594 1610 1611
f 1594 1611 1595
f 1595 1611 1612
f 1595 1612 1596
f 1596 1612 1613
f 1596 1613 1597
f 1597 1613 1614
f 1597 1614 1598
f 1598 1614 1599
f 1614 1615 1599
f 1599 1615 1600
f 1615 1616 1600
f 1600 1616 1601
f 1616 1617 1601
f 1601 1617 1602
f 1617 1618 1602
f 1602 1618 1619
f 1602 1619 1603
f 1603 1619 1620
f 1603 1620 1604
f 1604 1620 1621
f 1604 1621 1605
f 1605 1621 1606
f 1605 1606 1590
f 1606 1622 1607
f 1622 1623 1607
f 1607 1623 1608
f 1623 1624 1608
f 1608 1624 1609
f 1624 1625 1609
f 1609 1625 1610
f 1625 1626 1610
f 1610 1626 1627
f 1610 1627 1611
f 1611 1627 1628
f 1611 1628 1612
f 1612 1628 1629
f 1612 1629 1613
f 1613 1629 1630
f 1613 1630 1614
f 1614 1630 1615
f 1630 1631 1615
f 1615 1631 1616
f 1631 1632 1616
f 1616 1632 1617
f 1632 1633 1617
f 1617 1633 1618
f 1633 1634 1618
f 1618 1634 1635
f 1618 1635 1619
f 1619 1635 1636
f 1619 1636 1620
f 1620 1636 1637
f 1620 1637 1621
f 1621 1637 1622
f 1621 1622 1606
f 1622 1638 1623
f 1638 1639 1623
f 1623 1639 1624
f 1639 1640 1624
f 1624 1640 1625
f 1640 1641 1625
f 1625 1641 1626
f 1641 1642 1626
f 1626 1642 1643
f 1626 1643 1627
f 1627 1643 1644
f 1627 1644 1628
f 1628 1644 1645
f 1628 1645 1629
f 1629 1645 1646
f 1629 1646 1630
f 1630 1646 1631
f 1646 1647 1631
f 1631 1647 1632
f 1647 1648 1632
f 1632 1648 1633
f 1648 1649 1633
f 1633 1649 1634
f 1649 1650 1634
f 1634 1650 1651
f 1634 1651 1635
f 1635 1651 1652
f 1635 1652 1636
f 1636 1652 1653
f 1636 1653 1637
f 1637 1653 1638
f 1637 1638 1622
f 1638 1654 1639
f 1654 1655 1639
f 1639 1655 1640
f 1655 1656 1640
f 1640 1656 1641
f 1656 1657 1641
f 1641 1657 1642
f 1657 1658 1642
f 1642 1658 1659
f 1642 1659 1643
f 1643 1659 1660
f 1643 1660 1644
f 1644 1660 1661
f 1644 1661 1645
f 1645 1661 1662
f 1645 1662 1646
f 1646 1662 1647
f 1662 1663 1647
f 1647 1663 1648
f 1663 1664 1648
f 1648 1664 1649
f 1664 1665 1649
f 1649 1665 1650
f 1665 1666 1650
f 1650 1666 1667
f 1650 1667 1651
f 1651 1667 1668
f 1651 1668 1652
f 1652 1668 1669
f 1652 1669 1653
f 1653 1669 1654
f 1653 1654 1638
f 1654 1670 1655
f 1670 1671 1655
f 1655 1671 1656
f 1671 1672 1656
f 1656 1672 1657
f 1672 1673 1657
f 1657 1673 1658
f 1673 1674 1658
f 1658 1674 1675
f 1658 1675 1659
f 1659 1675 1676
f 1659 1676 1660
f 1660 1676 1677
f 1660 1677 1661
f 1661 1677 1678
f 1661 1678 1662
f 1662 1678 1663
f 1678 1679 1663
f 1663 1679 1664
f 1679 1680 1664
f 1664 1680 1665
f 1680 1681 1665
f 1665 1681 1666
f 1681 1682 1666
f 1666 1682 1683
f 1666 1683 1667
f 1667 1683 1684
f 1667 1684 1668
f 1668 1684 1685
f 1668 1685 1669
f 1669 1685 1670
f 1669 1670 1654
f 1670 1686 1687
f 1670 1687 1671
f 1671 1687 1688
f 1671 1688 1672
f 1672 1688 1689
f 1672 1689 1673
f 1673 1689 1690
f 1673 1690 1674
f 1674 1690 1675
f 1690 1691 1675
f 1675 1691 1676
f 1691 1692 1676
f 1676 1692 1677
f 1692 1693 1677
f 1677 1693 1678
f 1693 1694 1678
f 1678 1694 1695
f 1678 1695 1679
f 1679 1695 1696
f 1679 1696 1680
f 1680 1696 1697
f 1680 1697 1681
f 1681 1697 1698
f 1681 1698 1682
f 1682 1698 1683
f 1698 1699 1683
f 1683 1699 1684
f 1699 1700 1684
f 1684 1700 1685
f 1700 1701 1685
f 1685 1701 1670
f 1701 1686 1670
f 1686 1702 1703
f 1686 1703 1687
f 1687 1703 1704
f 1687 1704 1688
f 1688 1704 1705
f 1688 1705 1689
f 1689 1705 1706
f 1689 1706 1690
f 1690 1706 1691
f 1706 1707 1691
f 1691 1707 1692
f 1707 1708 1692
f 1692 1708 1693
f 1708 1709 1693
f 1693 1709 1694
f 1709 1710 1694
f 1694 1710 1711
f 1694 1711 1695
f 1695 1711 1712
f 1695 1712 1696
f 1696 1712 1713
f 1696 1713 1697
f 1697 1713 1714
f 1697 1714 1698
f 1698 1714 1699
f 1714 1715 1699
f 1699 1715 1700
f 1715 1716 1700
f 1700 1716 1701
f 1716 1717 1701
f 1701 1717 1686
f 1717 1702 1686
f 1702 1718 1719
f 1702 1719 1703
f 1703 1719 1720
f 1703 1720 1704
f 1704 1720 1721
f 1704 1721 1705
f 1705 1721 1722
f 1705 1722 1706
f 1706 1722 1707
f 1722 1723 1707
f 1707 1723 1708
f 1723 1724 1708
f 1708 1724 1709
f 1724 1725 1709
f 1709 1725 1710
f 1725 1726 1710
f 1710 1726 1727
f 1710 1727 1711
f 1711 1727 1728
f 1711 1728 1712
f 1712 1728 1729
f 1712 1729 1713
f 1713 1729 1730
f 1713 1730 1714
f 1714 1730 1715
f 1730 1731 1715
f 1715 1731 1716
f 1731 1732 1716
f 1716 1732 1717
f 1732 1733 1717
f 1717 1733 1702
f 1733 1718 1702
f 1718 1734 1735
f 1718 1735 1719
f 1719 1735 1736
f 1719 1736 1720
f 1720 1736 1737
f 1720 1737 1721
f 1721 1737 1738
f 1721 1738 1722
f 1722 1738 1723
f 1738 1739 1723
f 1723 1739 1724
f 1739 1740 1724
f 1724 1740 1725
f 1740 1741 1725
f 1725 1741 1726
f 1741 1742 1726
f 1726 1742 1743
f 1726 1743 1727
f 1727 1743 1744
f 1727 1744 1728
f 1728 1744 1745
f 1728 1745 1729
f 1729 1745 1746
f 1729 1746 1730
f 1730 1746 1731
f 1746 1747 1731
f 1731 1747 1732
f 1747 1748 1732
f 1732 1748 1733
f 1748 1749 1733
f 1733 1749 1718
f 1749 1734 1718
f 1734 1750 1751
f 1734 1751 1735
f 1735 1751 1752
f 1735 1752 1736
f 1736 1752 1753
f 1736 1753 1737
f 1737 1753 1754
f 1737 1754 1738
f 1738 1754 1739
f 1754 1755 1739
f 1739 1755 1740
f 1755 1756 1740
f 1740 1756 1741
f 1756 1757 1741
f 1741 1757 1742
f 1757 1758 1742
f 1742 1758 1759
f 1742 1759 1743
f 1743 1759 1760
f 1743 1760 1744
f 1744 1760 1761
f 1744 1761 1745
f 1745 1761 1762
f 1745 1762 1746
f 1746 1762 1747
f 1762 1763 1747
f 1747 1763 1748
f 1763 1764 1748
f 1748 1764 1749
f 1764 1765 1749
f 1749 1765 1734
f 1765 1750 1734
f 1750 1766 1767
f 1750 1767 1751
f 1751 1767 1768
f 1751 1768 1752
f 1752 1768 1769
f 1752 1769 1753
f 1753 1769 1770
f 1753 1770 1754
f 1754 1770 1755
f 1770 1771 1755
f 1755 1771 1756
f 1771 1772 1756
f 1756 1772 1757
f 1772 1773 1757
f 1757 1773 1758
f 1773 1774 1758
f 1758 1774 1775
f 1758 1775 1759
f 1759 1775 1776
f 1759 1776 1760
f 1760 1776 1777
f 1760 1777 1761
f 1761 1777 1778
f 1761 1778 1762
f 1762 1778 1763
f 1778 1779 1763
f 1763 1779 1764
f 1779 1780 1764
f 1764 1780 1765
f 1780 1781 1765
f 1765 1781 1750
f 1781 1766 1750
f 1766 1782 1783
f 1766 1783 1767
f 1767 1783 1784
f 1767 1784 1768
f 1768 1784 1785
f 1768 1785 1769
f 1769 1785 1786
f 1769 1786 1770
f 1770 1786 1771
f 1786 1787 1771
f 1771 1787 1772
f 1787 1788 1772
f 1772 1788 1773
f 1788 1789 1773
f 1773 1789 1774
f 1789 1790 1774
f 1774 1790 1791
f 1774 1791 1775
f 1775 1791 1792
f 1775 1792 1776
f 1776 1792 1793
f 1776 1793 1777
f 1777 1793 1794
f 1777 1794 1778
f 1778 1794 1779
f 1794 1795 1779
f 1779 1795 1780
f 1795 1796 1780
f 1780 1796 1781
f 1796 1797 1781
f 1781 1797 1766
f 1797 1782 1766
f 1782 1798 1799
f 1782 1799 1783
f 1783 1799 1800
f 1783 1800 1784
f 1784 1800 1801
f 1784 1801 1785
f 1785 1801 1802
f 1785 1802 1786
f 1786 1802 1787
f 1802 1803 1787
f 1787 1803 1788
f 1803 1804 1788
f 1788 1804 1789
f 1804 1805 1789
f 1789 1805 1790
f 1805 1806 1790
f 1790 1806 1807
f 1790 1807 1791
f 1791 1807 1808
f 1791 1808 1792
f 1792 1808 1809
f 1792 1809 1793
f 1793 1809 1810
f 1793 1810 1794
f 1794 1810 1795
f 1810 1811 1795
f 1795 1811 1796
f 1811 1812 1796
f 1796 1812 1797
f 1812 1813 1797
f 1797 1813 1782
f 1813 1798 1782
f 1798 1814 1815
f 1798 1815 1799
f 1799 1815 1816
f 1799 1816 1800
f 1800 1816 1817
f 1800 1817 1801
f 1801 1817 1818
f 1801 1818 1802
f 1802 1818 1803
f 1818 1819 1803
f 1803 1819 1804
f 1819 1820 1804
f 1804 1820 1805
f 1820 1821 1805
f 1805 1821 1806
f 1821 1822 1806
f 1806 1822 1823
f 1806 1823 1807
f 1807 1823 1824
f 1807 1824 1808
f 1808 1824 1825
f 1808 1825 1809
f 1809 1825 1826
f 1809 1826 1810
f 1810 1826 1811
f 1826 1827 1811
f 1811 1827 1812
f 1827 1828 1812
f 1812 1828 1813
f 1828 1829 1813
f 1813 1829 1798
f 1829 1814 1798
f 1814 1830 1815
f 1815 1830 1816
f 1816 1830 1817
f 1817 1830 1818
f 1818 1830 1819
f 1819 1830 1820
f 1820 1830 1821
f 1821 1830 1822
f 1822 1830 1823
f 1823 1830 1824
f 1824 1830 1825
f 1825 1830 1826
f 1826 1830 1827
f 1827 1830 1828
f 1828 1830 1829
f 1829 1830 1814
f 1831 1832 1833
f 1832 1834 1833
f 1834 1835 1833
f 1835 1836 1833
f 1833 1836 1837
f 1833 1837 1838
f 1833 1838 1839
f 1833 1839 1840
f 1840 1841 1833
f 1841 1842 1833
f 1842 1843 1833
f 1843 1844 1833
f 1833 1844 1845
f 1833 1845 1846
f 1833 1846 1847
f 1833 1847 1831
f 1831 1848 1832
f 1848 1849 1832
f 1832 1849 1834
f 1849 1850 1834
f 1834 1850 1835
f 1850 1851 1835
f 1835 1851 1836
f 1851 1852 1836
f 1836 1852 1853
f 1836 1853 1837
f 1837 1853 1854
f 1837 1854 1838
f 1838 1854 1855
f 1838 1855 1839
f 1839 1855 1856
f 1839 1856 1840
f 1840 1856 1841
f 1856 1857 1841
f 1841 1857 1842
f 1857 1858 1842
f 1842 1858 1843
f 1858 1859 1843
f 1843 1859 1844
f 1859 1860 1844
f 1844 1860 1861
f 1844 1861 1845
f 1845 1861 1862
f 1845 1862 1846
f 1846 1862 1863
f 1846 1863 1847
f 1847 1863 1848
f 1847 1848 1831
f 1848 1864 1849
f 1864 1865 1849
f 1849 1865 1850
f 1865 1866 1850
f 1850 1866 1851
f 1866 1867 1851
f 1851 1867 1852
f 1867 1868 1852
f 1852 1868 1869
f 1852 1869 1853
f 1853 1869 1870
f 1853 1870 1854
f 1854 1870 1871
f 1854 1871 1855
f 1855 1871 1872
f 1855 1872 1856
f 1856 1872 1857
f 1872 1873 1857
f 1857 1873 1858
f 1873 1874 1858
f 1858 1874 1859
f 1874 1875 1859
f 1859 1875 1860
f 1875 1876 1860
f 1860 1876 1877
f 1860 1877 1861
f 1861 1877 1878
f 1861 1878 1862
f 1862 1878 1879
f 1862 1879 1863
f 1863 1879 1864
f 1863 1864 1848
f 1864 1880 1865
f 1880 1881 1865
f 1865 1881 1866
f 1881 1882 1866
f 1866 1882 1867
f 1882 1883 1867
f 1867 1883 1868
f 1883 1884 1868
f 1868 1884 1885
f 1868 1885 1869
f 1869 1885 1886
f 1869 1886 1870
f 1870 1886 1887
f 1870 1887 1871
f 1871 1887 1888
f 1871 1888 1872
f 1872 1888 1873
f 1888 1889 1873
f 1873 1889 1874
f 1889 1890 1874
f 1874 1890 1875
f 1890 1891 1875
f 1875 1891 1876
f 1891 1892 1876
f 1876 1892 1893
f 1876 1893 1877
f 1877 1893 1894
f 1877 1894 1878
f 1878 1894 1895
f 1878 1895 1879
f 1879 1895 1880
f 1879 1880 1864
f 1880 1896 1881
f 1896 1897 1881
f 1881 1897 1882
f 1897 1898 1882
f 1882 1898 1883
f 1898 1899 1883
f 1883 1899 1884
f 1899 1900 1884
f 1884 1900 1901
f 1884 1901 1885
f 1885 1901 1902
f 1885 1902 1886
f 1886 1902 1903
f 1886 1903 1887
f 1887 1903 1904
f 1887 1904 1888
f 1888 1904 1889
f 1904 1905 1889
f 1889 1905 1890
f 1905 1906 1890
f 1890 1906 1891
f 1906 1907 1891
f 1891 1907 1892
f 1907 1908 1892
f 1892 1908 1909
f 1892 1909 1893
f 1893 1909 1910
f 1893 1910 1894
f 1894 1910 1911
f 1894 1911 1895
f 1895 1911 1896
f 1895 1896 1880
f 1896 1912 1897
f 1912 1913 1897
f 1897 1913 1898
f 1913 1914 1898
f 1898 1914 1899
f 1914 1915 1899
f 1899 1915 1900
f 1915 1916 1900
f 1900 1916 1917
f 1900 1917 1901
f 1901 1917 1918
f 1901 1918 1902
f 1902 1918 1919
f 1902 1919 1903
f 1903 1919 1920
f 1903 1920 1904
f 1904 1920 1905
f 1920 1921 1905
f 1905 1921 1906
f 1921 1922 1906
f 1906 1922 1907
f 1922 1923 1907
f 1907 1923 1908
f 1923 1924 1908
f 1908 1924 1925
f 1908 1925 1909
f 1909 1925 1926
f 1909 1926 1910
f 1910 1926 1927
f 1910 1927 1911
f 1911 1927 1912
f 1911 1912 1896
f 1912 1928 1913
f 1928 1929 1913
f 1913 1929 1914
f 1929 1930 1914
f 1914 1930 1915
f 1930 1931 1915
f 1915 1931 1916
f 1931 1932 1916
f 1916 1932 1933
f 1916 1933 1917
f 1917 1933 1934
f 1917 1934 1918
f 1918 1934 1935
f 1918 1935 1919
f 1919 1935 1936
f 1919 1936 1920
f 1920 1936 1921
f 1936 1937 1921
f 1921 1937 1922
f 1937 1938 1922
f 1922 1938 1923
f 1938 1939 1923
f 1923 1939 1924
f 1939 1940 1924
f 1924 1940 1941
f 1924 1941 1925
f 1925 1941 1942
f 1925 1942 1926
f 1926 1942 1943
f 1926 1943 1927
f 1927 1943 1928
f 1927 1928 1912
f 1928 1944 1929
f 1944 1945 1929
f 1929 1945 1930
f 1945 1946 1930
f 1930 1946 1931
f 1946 1947 1931
f 1931 1947 1932
f 1947 1948 1932
f 1932 1948 1949
f 1932 1949 1933
f 1933 1949 1950
f 1933 1950 1934
f 1934 1950 1951
f 1934 1951 1935
f 1935 1951 1952
f 1935 1952 1936
f 1936 1952 1937
f 1952 1953 1937
f 1937 1953 1938
f 1953 1954 1938
f 1938 1954 1939
f 1954 1955 1939
f 1939 1955 1940
f 1955 1956 1940
f 1940 1956 1957
f 1940 1957 1941
f 1941 1957 1958
f 1941 1958 1942
f 1942 1958 1959
f 1942 1959 1943
f 1943 1959 1944
f 1943 1944 1928
f 1944 1960 1945
f 1960 1961 1945
f 1945 1961 1946
f 1961 1962 1946
f 1946 1962 1947
f 1962 1963 1947
f 1947 1963 1948
f 1963 1964 1948
f 1948 1964 1965
f 1948 1965 1949
f 1949 1965 1966
f 1949 1966 1950
f 1950 1966 1967
f 1950 1967 1951
f 1951 1967 1968
f 1951 1968 1952
f 1952 1968 1953
f 1968 1969 1953
f 1953 1969 1954
f 1969 1970 1954
f 1954 1970 1955
f 1970 1971 1955
f 1955 1971 1956
f 1971 1972 1956
f 1956 1972 1973
f 1956 1973 1957
f 1957 1973 1974
f 1957 1974 1958
f 1958 1974 1975
f 1958 1975 1959
f 1959 1975 1960
f 1959 1960 1944
f 1960 1976 1961
f 1976 1977 1961
f 1961 1977 1962
f 1977 1978 1962
f 1962 1978 1963
f 1978 1979 1963
f 1963 1979 1964
f 1979 1980 1964
f 1964 1980 1981
f 1964 1981 1965
f 1965 1981 1982
f 1965 1982 1966
f 1966 1982 1983
f 1966 1983 1967
f 1967 1983 1984
f 1967 1984 1968
f 1968 1984 1969
f 1984 1985 1969
f 1969 1985 1970
f 1985 1986 1970
f 1970 1986 1971
f 1986 1987 1971
f 1971 1987 1972
f 1987 1988 1972
f 1972 1988 1989
f 1972 1989 1973
f 1973 1989 1990
f 1973 1990 1974
f 1974 1990 1991
f 1974 1991 1975
f 1975 1991 1976
f 1975 1976 1960
f 1976 1992 1993
f 1976 1993 1977
f 1977 1993 1994
f 1977 1994 1978
f 1978 1994 1995
f 1978 1995 1979
f 1979 1995 1996
f 1979 1996 1980
f 1980 1996 1981
f 1996 1997 1981
f 1981 1997 1982
f 1997 1998 1982
f 1982 1998 1983
f 1998 1999 1983
f 1983 1999 1984
f 1999 2000 1984
f 1984 2000 2001
f 1984 2001 1985
f 1985 2001 2002
f 1985 2002 1986
f 1986 2002 2003
f 1986 2003 1987
f 1987 2003 2004
f 1987 2004 1988
f 1988 2004 1989
f 2004 2005 1989
f 1989 2005 1990
f 2005 2006 1990
f 1990 2006 1991
f 2006 2007 1991
f 1991 2007 1976
f 2007 1992 1976
f 1992 2008 2009
f 1992 2009 1993
f 1993 2009 2010
f 1993 2010 1994
f 1994 2010 2011
f 1994 2011 1995
f 1995 2011 2012
f 1995 2012 1996
f 1996 2012 1997
f 2012 2013 1997
f 1997 2013 1998
f 2013 2014 1998
f 1998 2014 1999
f 2014 2015 1999
f 1999 2015 2000
f 2015 2016 2000
f 2000 2016 2017
f 2000 2017 2001
f 2001 2017 2018
f 2001 2018 2002
f 2002 2018 2019
f 2002 2019 2003
f 2003 2019 2020
f 2003 2020 2004
f 2004 2020 2005
f 2020 2021 2005
f 2005 2021 2006
f 2021 2022 2006
f 2006 2022 2007
f 2022 2023 2007
f 2007 2023 1992
f 2023 2008 1992
f 2008 2024 2025
f 2008 2025 2009
f 2009 2025 2026
f 2009 2026 2010
f 2010 2026 2027
f 2010 2027 2011
f 2011 2027 2028
f 2011 2028 2012
f 2012 2028 2013
f 2028 2029 2013
f 2013 2029 2014
f 2029 2030 2014
f 2014 2030 2015
f 2030 2031 2015
f 2015 2031 2016
f 2031 2032 2016
f 2016 2032 2033
f 2016 2033 2017
f 2017 2033 2034
f 2017 2034 2018
f 2018 2034 2035
f 2018 2035 2019
f 2019 2035 2036
f 2019 2036 2020
f 2020 2036 2021
f 2036 2037 2021
f 2021 2037 2022
f 2037 2038 2022
f 2022 2038 2023
f 2038 2039 2023
f 2023 2039 2008
f 2039 2024 2008
f 2024 2040 2041
f 2024 2041 2025
f 2025 2041 2042
f 2025 2042 2026
f 2026 2042 2043
f 2026 2043 2027
f 2027 2043 2044
f 2027 2044 2028
f 2028 2044 2029
f 2044 2045 2029
f 2029 2045 2030
f 2045 2046 2030
f 2030 2046 2031
f 2046 2047 2031
f 2031 2047 2032
f 2047 2048 2032
f 2032 2048 2049
f 2032 2049 2033
f 2033 2049 2050
f 2033 2050 2034
f 2034 2050 2051
f 2034 2051 2035
f 2035 2051 2052
f 2035 2052 2036
f 2036 2052 2037
f 2052 2053 2037
f 2037 2053 2038
f 2053 2054 2038
f 2038 2054 2039
f 2054 2055 2039
f 2039 2055 2024
f 2055 2040 2024
f 2040 2056 2057
f 2040 2057 2041
f 2041 2057 2058
f 2041 2058 2042
f 2042 2058 2059
f 2042 2059 2043
f 2043 2059 2060
f 2043 2060 2044
f 2044 2060 2045
f 2060 2061 2045
f 2045 2061 2046
f 2061 2062 2046
f 2046 2062 2047
f 2062 2063 2047
f 2047 2063 2048
f 2063 2064 2048
f 2048 2064 2065
f 2048 2065 2049
f 2049 2065 2066
f 2049 2066 2050
f 2050 2066 2067
f 2050 2067 2051
f 2051 2067 2068
f 2051 2068 2052
f 2052 2068 2053
f 2068 2069 2053
f 2053 2069 2054
f 2069 2070 2054
f 2054 2070 2055
f 2070 2071 2055
f 2055 2071 2040
f 2071 2056 2040
f 2056 2072 2073
f 2056 2073 2057
f 2057 2073 2074
f 2057 2074 2058
f 2058 2074 2075
f 2058 2075 2059
f 2059 2075 2076
f 2059 2076 2060
f 2060 2076 2061
f 2076 2077 2061
f 2061 2077 2062
f 2077 2078 2062
f 2062 2078 2063
f 2078 2079 2063
f 2063 2079 2064
f 2079 2080 2064
f 2064 2080 2081
f 2064 2081 2065
f 2065 2081 2082
f 2065 2082 2066
f 2066 2082 2083
f 2066 2083 2067
f 2067 2083 2084
f 2067 2084 2068
f 2068 2084 2069
f 2084 2085 2069
f 2069 2085 2070
f 2085 2086 2070
f 2070 2086 2071
f 2086 2087 2071
f 2071 2087 2056
f 2087 2072 2056
f 2072 2088 2089
f 2072 2089 2073
f 2073 2089 2090
f 2073 2090 2074
f 2074 2090 2091
f 2074 2091 2075
f 2075 2091 2092
f 2075 2092 2076
f 2076 2092 2077
f 2092 2093 2077
f 2077 2093 2078
f 2093 2094 2078
f 2078 2094 2079
f 2094 2095 2079
f 2079 2095 2080
f 2095 2096 2080
f 2080 2096 2097
f 2080 2097 2081
f 2081 2097 2098
f 2081 2098 2082
f 2082 2098 2099
f 2082 2099 2083
f 2083 2099 2100
f 2083 2100 2084
f 2084 2100 2085
f 2100 2101 2085
f 2085 2101 2086
f 2101 2102 2086
f 2086 2102 2087
f 2102 2103 2087
f 2087 2103 2072
f 2103 2088 2072
f 2088 2104 2105
f 2088 2105 2089
f 2089 2105 2106
f 2089 2106 2090
f 2090 2106 2107
f 2090 2107 2091
f 2091 2107 2108
f 2091 2108 2092
f 2092 2108 2093
f 2108 2109 2093
f 2093 2109 2094
f 2109 2110 2094
f 2094 2110 2095
f 2110 2111 2095
f 2095 2111 2096
f 2111 2112 2096
f 2096 2112 2113
f 2096 2113 2097
f 2097 2113 2114
f 2097 2114 2098
f 2098 2114 2115
f 2098 2115 2099
f 2099 2115 2116
f 2099 2116 2100
f 2100 2116 2101
f 2116 2117 2101
f 2101 2117 2102
f 2117 2118 2102
f 2102 2118 2103
f 2118 2119 2103
f 2103 2119 2088
f 2119 2104 2088
f 2104 2120 2121
f 2104 2121 2105
f 2105 2121 2122
f 2105 2122 2106
f 2106 2122 2123
f 2106 2123 2107
f 2107 2123 2124
f 2107 2124 2108
f 2108 2124 2109
f 2124 2125 2109
f 2109 2125 2110
f 2125 2126 2110
f 2110 2126 2111
f 2126 2127 2111
f 2111 2127 2112
f 2127 2128 2112
f 2112 2128 2129
f 2112 2129 2113
f 2113 2129 2130
f 2113 2130 2114
f 2114 2130 2131
f 2114 2131 2115
f 2115 2131 2132
f 2115 2132 2116
f 2116 2132 2117
f 2132 2133 2117
f 2117 2133 2118
f 2133 2134 2118
f 2118 2134 2119
f 2134 2135 2119
f 2119 2135 2104
f 2135 2120 2104
f 2120 2136 2121
f 2121 2136 2122
f 2122 2136 2123
f 2123 2136 2124
f 2124 2136 2125
f 2125 2136 2126
f 2126 2136 2127
f 2127 2136 2128
f 2128 2136 2129
f 2129 2136 2130
f 2130 2136 2131
f 2131 2136 2132
f 2132 2136 2133
f 2133 2136 2134
f 2134 2136 2135
f 2135 2136 2120
f 2137 2138 2139
f 2138 2140 2139
f 2140 2141 2139
f 2141 2142 2139
f 2139 2142 2143
f 2139 2143 2144
f 2139 2144 2145
f 2139 2145 2146
f 2146 2147 2139
f 2147 2148 2139
f 2148 2149 2139
f 2149 2150 2139
f 2139 2150 2151
f 2139 2151 2152
f 2139 2152 2153
f 2139 2153 2137
f 2137 2154 2138
f 2154 2155 2138
f 2138 2155 2140
f 2155 2156 2140
f 2140 2156 2141
f 2156 2157 2141
f 2141 2157 2142
f 2157 2158 2142
f 2142 2158 2159
f 2142 2159 2143
f 2143 2159 2160
f 2143 2160 2144
f 2144 2160 2161
f 2144 2161 2145
f 2145 2161 2162
f 2145 2162 2146
f 2146 2162 2147
f 2162 2163 2147
f 2147 2163 2148
f 2163 2164 2148
f 2148 2164 2149
f 2164 2165 2149
f 2149 2165 2150
f 2165 2166 2150
f 2150 2166 2167
f 2150 2167 2151
f 2151 2167 2168
f 2151 2168 2152
f 2152 2168 2169
f 2152 2169 2153
f 2153 2169 2154
f 2153 2154 2137
f 2154 2170 2155
f 2170 2171 2155
f 2155 2171 2156
f 2171 2172 2156
f 2156 2172 2157
f 2172 2173 2157
f 2157 2173 2158
f 2173 2174 2158
f 2158 2174 2175
f 2158 2175 2159
f 2159 2175 2176
f 2159 2176 2160
f 2160 2176 2177
f 2160 2177 2161
f 2161 2177 2178
f 2161 2178 2162
f 2162 2178 2163
f 2178 2179 2163
f 2163 2179 2164
f 2179 2180 2164
f 2164 2180 2165
f 2180 2181 2165
f 2165 2181 2166
f 2181 2182 2166
f 2166 2182 2183
f 2166 2183 2167
f 2167 2183 2184
f 2167 2184 2168
f 2168 2184 2185
f 2168 2185 2169
f 2169 2185 2170
f 2169 2170 2154
f 2170 2186 2171
f 2186 2187 2171
f 2171 2187 2172
f 2187 2188 2172
f 2172 2188 2173
f 2188 2189 2173
f 2173 2189 2174
f 2189 2190 2174
f 2174 2190 2191
f 2174 2191 2175
f 2175 2191 2192
f 2175 2192 2176
f 2176 2192 2193
f 2176 2193 2177
f 2177 2193 2194
f 2177 2194 2178
f 2178 2194 2179
f 2194 2195 2179
f 2179 2195 2180
f 2195 2196 2180
f 2180 2196 2181
f 2196 2197 2181
f 2181 2197 2182
f 2197 2198 2182
f 2182 2198 2199
f 2182 2199 2183
f 2183 2199 2200
f 2183 2200 2184
f 2184 2200 2201
f 2184 2201 2185
f 2185 2201 2186
f 2185 2186 2170
f 2186 2202 2187
f 2202 2203 2187
f 2187 2203 2188
f 2203 2204 2188
f 2188 2204 2189
f 2204 2205 2189
f 2189 2205 2190
f 2205 2206 2190
f 2190 2206 2207
f 2190 2207 2191
f 2191 2207 2208
f 2191 2208 2192
f 2192 2208 2209
f 2192 2209 2193
f 2193 2209 2210
f 2193 2210 2194
f 2194 2210 2195
f 2210 2211 2195
f 2195 2211 2196
f 2211 2212 2196
f 2196 2212 2197
f 2212 2213 2197
f 2197 2213 2198
f 2213 2214 2198
f 2198 2214 2215
f 2198 2215 2199
f 2199 2215 2216
f 2199 2216 2200
f 2200 2216 2217
f 2200 2217 2201
f 2201 2217 2202
f 2201 2202 2186
f 2202 2218 2203
f 2218 2219 2203
f 2203 2219 2204
f 2219 2220 2204
f 2204 2220 2205
f 2220 2221 2205
f 2205 2221 2206
f 2221 2222 2206
f 2206 2222 2223
f 2206 2223 2207
f 2207 2223 2224
f 2207 2224 2208
f 2208 2224 2225
f 2208 2225 2209
f 2209 2225 2226
f 2209 2226 2210
f 2210 2226 2211
f 2226 2227 2211
f 2211 2227 2212
f 2227 2228 2212
f 2212 2228 2213
f 2228 2229 2213
f 2213 2229 2214
f 2229 2230 2214
f 2214 2230 2231
f 2214 2231 2215
f 2215 2231 2232
f 2215 2232 2216
f 2216 2232 2233
f 2216 2233 2217
f 2217 2233 2218
f 2217 2218 2202
f 2218 2234 2219
f 2234 2235 2219
f 2219 2235 2220
f 2235 2236 2220
f 2220 2236 2221
f 2236 2237 2221
f 2221 2237 2222
f 2237 2238 2222
f 2222 2238 2239
f 2222 2239 2223
f 2223 2239 2240
f 2223 2240 2224
f 2224 2240 2241
f 2224 2241 2225
f 2225 2241 2242
f 2225 2242 2226
f 2226 2242 2227
f 2242 2243 2227
f 2227 2243 2228
f 2243 2244 2228
f 2228 2244 2229
f 2244 2245 2229
f 2229 2245 2230
f 2245 2246 2230
f 2230 2246 2247
f 2230 2247 2231
f 2231 2247 2248
f 2231 2248 2232
f 2232 2248 2249
f 2232 2249 2233
f 2233 2249 2234
f 2233 2234 2218
f 2234 2250 2235
f 2250 2251 2235
f 2235 2251 2236
f 2251 2252 2236
f 2236 2252 2237
f 2252 2253 2237
f 2237 2253 2238
f 2253 2254 2238
f 2238 2254 2255
f 2238 2255 2239
f 2239 2255 2256
f 2239 2256 2240
f 2240 2256 2257
f 2240 2257 2241
f 2241 2257 2258
f 2241 2258 2242
f 2242 2258 2243
f 2258 2259 2243
f 2243 2259 2244
f 2259 2260 2244
f 2244 2260 2245
f 2260 2261 2245
f 2245 2261 2246
f 2261 2262 2246
f 2246 2262 2263
f 2246 2263 2247
f 2247 2263 2264
f 2247 2264 2248
f 2248 2264 2265
f 2248 2265 2249
f 2249 2265 2250
f 2249 2250 2234
f 2250 2266 2251
f 2266 2267 2251
f 2251 2267 2252
f 2267 2268 2252
f 2252 2268 2253
f 2268 2269 2253
f 2253 2269 2254
f 2269 2270 2254
f 2254 2270 2271
f 2254 2271 2255
f 2255 2271 2272
f 2255 2272 2256
f 2256 2272 2273
f 2256 2273 2257
f 2257 2273 2274
f 2257 2274 2258
f 2258 2274 2259
f 2274 2275 2259
f 2259 2275 2260
f 2275 2276 2260
f 2260 2276 2261
f 2276 2277 2261
f 2261 2277 2262
f 2277 2278 2262
f 2262 2278 2279
f 2262 2279 2263
f 2263 2279 2280
f 2263 2280 2264
f 2264 2280 2281
f 2264 2281 2265
f 2265 2281 2266
f 2265 2266 2250
f 2266 2282 2267
f 2282 2283 2267
f 2267 2283 2268
f 2283 2284 2268
f 2268 2284 2269
f 2284 2285 2269
f 2269 2285 2270
f 2285 2286 2270
f 2270 2286 2287
f 2270 2287 2271
f 2271 2287 2288
f 2271 2288 2272
f 2272 2288 2289
f 2272 2289 2273
f 2273 2289 2290
f 2273 2290 2274
f 2274 2290 2275
f 2290 2291 2275
f 2275 2291 2276
f 2291 2292 2276
f 2276 2292 2277
f 2292 2293 2277
f 2277 2293 2278
f 2293 2294 2278
f 2278 2294 2295
f 2278 2295 2279
f 2279 2295 2296
f 2279 2296 2280
f 2280 2296 2297
f 2280 2297 2281
f 2281 2297 2282
f 2281 2282 2266
f 2282 2298 2299
f 2282 2299 2283
f 2283 2299 2300
f 2283 2300 2284
f 2284 2300 2301
f 2284 2301 2285
f 2285 2301 2302
f 2285 2302 2286
f 2286 2302 2287
f 2302 2303 2287
f 2287 2303 2288
f 2303 2304 2288
f 2288 2304 2289
f 2304 2305 2289
f 2289 2305 2290
f 2305 2306 2290
f 2290 2306 2307
f 2290 2307 2291
f 2291 2307 2308
f 2291 2308 2292
f 2292 2308 2309
f 2292 2309 2293
f 2293 2309 2310
f 2293 2310 2294
f 2294 2310 2295
f 2310 2311 2295
f 2295 2311 2296
f 2311 2312 2296
f 2296 2312 2297
f 2312 2313 2297
f 2297 2313 2282
f 2313 2298 2282
f 2298 2314 2315
f 2298 2315 2299
f 2299 2315 2316
f 2299 2316 2300
f 2300 2316 2317
f 2300 2317 2301
f 2301 2317 2318
f 2301 2318 2302
f 2302 2318 2303
f 2318 2319 2303
f 2303 2319 2304
f 2319 2320 2304
f 2304 2320 2305
f 2320 2321 2305
f 2305 2321 2306
f 2321 2322 2306
f 2306 2322 2323
f 2306 2323 2307
f 2307 2323 2324
f 2307 2324 2308
f 2308 2324 2325
f 2308 2325 2309
f 2309 2325 2326
f 2309 2326 2310
f 2310 2326 2311
f 2326 2327 2311
f 2311 2327 2312
f 2327 2328 2312
f 2312 2328 2313
f 2328 2329 2313
f 2313 2329 2298
f 2329 2314 2298
f 2314 2330 2331
f 2314 2331 2315
f 2315 2331 2332
f 2315 2332 2316
f 2316 2332 2333
f 2316 2333 2317
f 2317 2333 2334
f 2317 2334 2318
f 2318 2334 2319
f 2334 2335 2319
f 2319 2335 2320
f 2335 2336 2320
f 2320 2336 2321
f 2336 2337 2321
f 2321 2337 2322
f 2337 2338 2322
f 2322 2338 2339
f 2322 2339 2323
f 2323 2339 2340
f 2323 2340 2324
f 2324 2340 2341
f 2324 2341 2325
f 2325 2341 2342
f 2325 2342 2326
f 2326 2342 2327
f 2342 2343 2327
f 2327 2343 2328
f 2343 2344 2328
f 2328 2344 2329
f 2344 2345 2329
f 2329 2345 2314
f 2345 2330 2314
f 2330 2346 2347
f 2330 2347 2331
f 2331 2347 2348
f 2331 2348 2332
f 2332 2348 2349
f 2332 2349 2333
f 2333 2349 2350
f 2333 2350 2334
f 2334 2350 2335
f 2350 2351 2335
f 2335 2351 2336
f 2351 2352 2336
f 2336 2352 2337
f 2352 2353 2337
f 2337 2353 2338
f 2353 2354 2338
f 2338 2354 2355
f 2338 2355 2339
f 2339 2355 2356
f 2339 2356 2340
f 2340 2356 2357
f 2340 2357 2341
f 2341 2357 2358
f 2341 2358 2342
f 2342 2358 2343
f 2358 2359 2343
f 2343 2359 2344
f 2359 2360 2344
f 2344 2360 2345
f 2360 2361 2345
f 2345 2361 2330
f 2361 2346 2330
f 2346 2362 2363
f 2346 2363 2347
f 2347 2363 2364
f 2347 2364 2348
f 2348 2364 2365
f 2348 2365 2349
f 2349 2365 2366
f 2349 2366 2350
f 2350 2366 2351
f 2366 2367 2351
f 2351 2367 2352
f 2367 2368 2352
f 2352 2368 2353
f 2368 2369 2353
f 2353 2369 2354
f 2369 2370 2354
f 2354 2370 2371
f 2354 2371 2355
f 2355 2371 2372
f 2355 2372 2356
f 2356 2372 2373
f 2356 2373 2357
f 2357 2373 2374
f 2357 2374 2358
f 2358 2374 2359
f 2374 2375 2359
f 2359 2375 2360
f 2375 2376 2360
f 2360 2376 2361
f 2376 2377 2361
f 2361 2377 2346
f 2377 2362 2346
f 2362 2378 2379
f 2362 2379 2363
f 2363 2379 2380
f 2363 2380 2364
f 2364 2380 2381
f 2364 2381 2365
f 2365 2381 2382
f 2365 2382 2366
f 2366 2382 2367
f 2382 2383 2367
f 2367 2383 2368
f 2383 2384 2368
f 2368 2384 2369
f 2384 2385 2369
f 2369 2385 2370
f 2385 2386 2370
f 2370 2386 2387
f 2370 2387 2371
f 2371 2387 2388
f 2371 2388 2372
f 2372 2388 2389
f 2372 2389 2373
f 2373 2389 2390
f 2373 2390 2374
f 2374 2390 2375
f 2390 2391 2375
f 2375 2391 2376
f 2391 2392 2376
f 2376 2392 2377
f 2392 2393 2377
f 2377 2393 2362
f 2393 2378 2362
f 2378 2394 2395
f 2378 2395 2379
f 2379 2395 2396
f 2379 2396 2380
f 2380 2396 2397
f 2380 2397 2381
f 2381 2397 2398
f 2381 2398 2382
f 2382 2398 2383
f 2398 2399 2383
f 2383 2399 2384
f 2399 2400 2384
f 2384 2400 2385
f 2400 2401 2385
f 2385 2401 2386
f 2401 2402 2386
f 2386 2402 2403
f 2386 2403 2387
f 2387 2403 2404
f 2387 2404 2388
f 2388 2404 2405
f 2388 2405 2389
f 2389 2405 2406
f 2389 2406 2390
f 2390 2406 2391
f 2406 2407 2391
f 2391 2407 2392
f 2407 2408 2392
f 2392 2408 2393
f 2408 2409 2393
f 2393 2409 2378
f 2409 2394 2378
f 2394 2410 2411
f 2394 2411 2395
f 2395 2411 2412
f 2395 2412 2396
f 2396 2412 2413
f 2396 2413 2397
f 2397 2413 2414
f 2397 2414 2398
f 2398 2414 2399
f 2414 2415 2399
f 2399 2415 2400
f 2415 2416 2400
f 2400 2416 2401
f 2416 2417 2401
f 2401 2417 2402
f 2417 2418 2402
f 2402 2418 2419
f 2402 2419 2403
f 2403 2419 2420
f 2403 2420 2404
f 2404 2420 2421
f 2404 2421 2405
f 2405 2421 2422
f 2405 2422 2406
f 2406 2422 2407
f 2422 2423 2407
f 2407 2423 2408
f 2423 2424 2408
f 2408 2424 2409
f 2424 2425 2409
f 2409 2425 2394
f 2425 2410 2394
f 2410 2426 2427
f 2410 2427 2411
f 2411 2427 2428
f 2411 2428 2412
f 2412 2428 2429
f 2412 2429 2413
f 2413 2429 2430
f 2413 2430 2414
f 2414 2430 2415
f 2430 2431 2415
f 2415 2431 2416
f 2431 2432 2416
f 2416 2432 2417
f 2432 2433 2417
f 2417 2433 2418
f 2433 2434 2418
f 2418 2434 2435
f 2418 2435 2419
f 2419 2435 2436
f 2419 2436 2420
f 2420 2436 2437
f 2420 2437 2421
f 2421 2437 2438
f 2421 2438 2422
f 2422 2438 2423
f 2438 2439 2423
f 2423 2439 2424
f 2439 2440 2424
f 2424 2440 2425
f 2440 2441 2425
f 2425 2441 2410
f 2441 2426 2410
f 2426 2442 2427
f 2427 2442 2428
f 2428 2442 2429
f 2429 2442 2430
f 2430 2442 2431
f 2431 2442 2432
f 2432 2442 2433
f 2433 2442 2434
f 2434 2442 2435
f 2435 2442 2436
f 2436 2442 2437
f 2437 2442 2438
f 2438 2442 2439
f 2439 2442 2440
f 2440 2442 2441
f 2441 2442 2426
f 2443 2444 2445
f 2444 2446 2445
f 2446 2447 2445
f 2447 2448 2445
f 2445 2448 2449
f 2445 2449 2450
f 2445 2450 2451
f 2445 2451 2452
f 2452 2453 2445
f 2453 2454 2445
f 2454 2455 2445
f 2455 2456 2445
f 2445 2456 2457
f 2445 2457 2458
f 2445 2458 2459
f 2445 2459 2443
f 2443 2460 2444
f 2460 2461 2444
f 2444 2461 2446
f 2461 2462 2446
f 2446 2462 2447
f 2462 2463 2447
f 2447 2463 2448
f 2463 2464 2448
f 2448 2464 2465
f 2448 2465 2449
f 2449 2465 2466
f 2449 2466 2450
f 2450 2466 2467
f 2450 2467 2451
f 2451 2467 2468
f 2451 2468 2452
f 2452 2468 2453
f 2468 2469 2453
f 2453 2469 2454
f 2469 2470 2454
f 2454 2470 2455
f 2470 2471 2455
f 2455 2471 2456
f 2471 2472 2456
f 2456 2472 2473
f 2456 2473 2457
f 2457 2473 2474
f 2457 2474 2458
f 2458 2474 2475
f 2458 2475 2459
f 2459 2475 2460
f 2459 2460 2443
f 2460 2476 2461
f 2476 2477 2461
f 2461 2477 2462
f 2477 2478 2462
f 2462 2478 2463
f 2478 2479 2463
f 2463 2479 2464
f 2479 2480 2464
f 2464 2480 2481
f 2464 2481 2465
f 2465 2481 2482
f 2465 2482 2466
f 2466 2482 2483
f 2466 2483 2467
f 2467 2483 2484
f 2467 2484 2468
f 2468 2484 2469
f 2484 2485 2469
f 2469 2485 2470
f 2485 2486 2470
f 2470 2486 2471
f 2486 2487 2471
f 2471 2487 2472
f 2487 2488 2472
f 2472 2488 2489
f 2472 2489 2473
f 2473 2489 2490
f 2473 2490 2474
f 2474 2490 2491
f 2474 2491 2475
f 2475 2491 2476
f 2475 2476 2460
f 2476 2492 2477
f 2492 2493 2477
f 2477 2493 2478
f 2493 2494 2478
f 2478 2494 2479
f 2494 2495 2479
f 2479 2495 2480
f 2495 2496 2480
f 2480 2496 2497
f 2480 2497 2481
f 2481 2497 2498
f 2481 2498 2482
f 2482 2498 2499
f 2482 2499 2483
f 2483 2499 2500
f 2483 2500 2484
f 2484 2500 2485
f 2500 2501 2485
f 2485 2501 2486
f 2501 2502 2486
f 2486 2502 2487
f 2502 2503 2487
f 2487 2503 2488
f 2503 2504 2488
f 2488 2504 2505
f 2488 2505 2489
f 2489 2505 2506
f 2489 2506 2490
f 2490 2506 2507
f 2490 2507 2491
f 2491 2507 2492
f 2491 2492 2476
f 2492 2508 2493
f 2508 2509 2493
f 2493 2509 2494
f 2509 2510 2494
f 2494 2510 2495
f 2510 2511 2495
f 2495 2511 2496
f 2511 2512 2496
f 2496 2512 2513
f 2496 2513 2497
f 2497 2513 2514
f 2497 2514 2498
f 2498 2514 2515
f 2498 2515 2499
f 2499 2515 2516
f 2499 2516 2500
f 2500 2516 2501
f 2516 2517 2501
f 2501 2517 2502
f 2517 2518 2502
f 2502 2518 2503
f 2518 2519 2503
f 2503 2519 2504
f 2519 2520 2504
f 2504 2520 2521
f 2504 2521 2505
f 2505 2521 2522
f 2505 2522 2506
f 2506 2522 2523
f 2506 2523 2507
f 2507 2523 2508
f 2507 2508 2492
f 2508 2524 2509
f 2524 2525 2509
f 2509 2525 2510
f 2525 2526 2510
f 2510 2526 2511
f 2526 2527 2511
f 2511 2527 2512
f 2527 2528 2512
f 2512 2528 2529
f 2512 2529 2513
f 2513 2529 2530
f 2513 2530 2514
f 2514 2530 2531
f 2514 2531 2515
f 2515 2531 2532
f 2515 2532 2516
f 2516 2532 2517
f 2532 2533 2517
f 2517 2533 2518
f 2533 2534 2518
f 2518 2534 2519
f 2534 2535 2519
f 2519 2535 2520
f 2535 2536 2520
f 2520 2536 2537
f 2520 2537 2521
f 2521 2537 2538
f 2521 2538 2522
f 2522 2538 2539
f 2522 2539 2523
f 2523 2539 2524
f 2523 2524 2508
f 2524 2540 2525
f 2540 2541 2525
f 2525 2541 2526
f 2541 2542 2526
f 2526 2542 2527
f 2542 2543 2527
f 2527 2543 2528
f 2543 2544 2528
f 2528 2544 2545
f 2528 2545 2529
f 2529 2545 2546
f 2529 2546 2530
f 2530 2546 2547
f 2530 2547 2531
f 2531 2547 2548
f 2531 2548 2532
f 2532 2548 2533
f 2548 2549 2533
f 2533 2549 2534
f 2549 2550 2534
f 2534 2550 2535
f 2550 2551 2535
f 2535 2551 2536
f 2551 2552 2536
f 2536 2552 2553
f 2536 2553 2537
f 2537 2553 2554
f 2537 2554 2538
f 2538 2554 2555
f 2538 2555 2539
f 2539 2555 2540
f 2539 2540 2524
f 2540 2556 2541
f 2556 2557 2541
f 2541 2557 2542
f 2557 2558 2542
f 2542 2558 2543
f 2558 2559 2543
f 2543 2559 2544
f 2559 2560 2544
f 2544 2560 2561
f 2544 2561 2545
f 2545 2561 2562
f 2545 2562 2546
f 2546 2562 2563
f 2546 2563 2547
f 2547 2563 2564
f 2547 2564 2548
f 2548 2564 2549
f 2564 2565 2549
f 2549 2565 2550
f 2565 2566 2550
f 2550 2566 2551
f 2566 2567 2551
f 2551 2567 2552
f 2567 2568 2552
f 2552 2568 2569
f 2552 2569 2553
f 2553 2569 2570
f 2553 2570 2554
f 2554 2570 2571
f 2554 2571 2555
f 2555 2571 2556
f 2555 2556 2540
f 2556 2572 2557
f 2572 2573 2557
f 2557 2573 2558
f 2573 2574 2558
f 2558 2574 2559
f 2574 2575 2559
f 2559 2575 2560
f 2575 2576 2560
f 2560 2576 2577
f 2560 2577 2561
f 2561 2577 2578
f 2561 2578 2562
f 2562 2578 2579
f 2562 2579 2563
f 2563 2579 2580
f 2563 2580 2564
f 2564 2580 2565
f 2580 2581 2565
f 2565 2581 2566
f 2581 2582 2566
f 2566 2582 2567
f 2582 2583 2567
f 2567 2583 2568
f 2583 2584 2568
f 2568 2584 2585
f 2568 2585 2569
f 2569 2585 2586
f 2569 2586 2570
f 2570 2586 2587
f 2570 2587 2571
f 2571 2587 2572
f 2571 2572 2556
f 2572 2588 2573
f 2588 2589 2573
f 2573 2589 2574
f 2589 2590 2574
f 2574 2590 2575
f 2590 2591 2575
f 2575 2591 2576
f 2591 2592 2576
f 2576 2592 2593
f 2576 2593 2577
f 2577 2593 2594
f 2577 2594 2578
f 2578 2594 2595
f 2578 2595 2579
f 2579 2595 2596
f 2579 2596 2580
f 2580 2596 2581
f 2596 2597 2581
f 2581 2597 2582
f 2597 2598 2582
f 2582 2598 2583
f 2598 2599 2583
f 2583 2599 2584
f 2599 2600 2584
f 2584 2600 2601
f 2584 2601 2585
f 2585 2601 2602
f 2585 2602 2586
f 2586 2602 2603
f 2586 2603 2587
f 2587 2603 2588
f 2587 2588 2572
f 2588 2604 2605
f 2588 2605 2589
f 2589 2605 2606
f 2589 2606 2590
f 2590 2606 2607
f 2590 2607 2591
f 2591 2607 2608
f 2591 2608 2592
f 2592 2608 2593
f 2608 2609 2593
f 2593 2609 2594
f 2609 2610 2594
f 2594 2610 2595
f 2610 2611 2595
f 2595 2611 2596
f 2611 2612 2596
f 2596 2612 2613
f 2596 2613 2597
f 2597 2613 2614
f 2597 2614 2598
f 2598 2614 2615
f 2598 2615 2599
f 2599 2615 2616
f 2599 2616 2600
f 2600 2616 2601
f 2616 2617 2601
f 2601 2617 2602
f 2617 2618 2602
f 2602 2618 2603
f 2618 2619 2603
f 2603 2619 2588
f 2619 2604 2588
f 2604 2620 2621
f 2604 2621 2605
f 2605 2621 2622
f 2605 2622 2606
f 2606 2622 2623
f 2606 2623 2607
f 2607 2623 2624
f 2607 2624 2608
f 2608 2624 2609
f 2624 2625 2609
f 2609 2625 2610
f 2625 2626 2610
f 2610 2626 2611
f 2626 2627 2611
f 2611 2627 2612
f 2627 2628 2612
f 2612 2628 2629
f 2612 2629 2613
f 2613 2629 2630
f 2613 2630 2614
f 2614 2630 2631
f 2614 2631 2615
f 2615 2631 2632
f 2615 2632 2616
f 2616 2632 2617
f 2632 2633 2617
f 2617 2633 2618
f 2633 2634 2618
f 2618 2634 2619
f 2634 2635 2619
f 2619 2635 2604
f 2635 2620 2604
f 2620 2636 2637
f 2620 2637 2621
f 2621 2637 2638
f 2621 2638 2622
f 2622 2638 2639
f 2622 2639 2623
f 2623 2639 2640
f 2623 2640 2624
f 2624 2640 2625
f 2640 2641 2625
f 2625 2641 2626
f 2641 2642 2626
f 2626 2642 2627
f 2642 2643 2627
f 2627 2643 2628
f 2643 2644 2628
f 2628 2644 2645
f 2628 2645 2629
f 2629 2645 2646
f 2629 2646 2630
f 2630 2646 2647
f 2630 2647 2631
f 2631 2647 2648
f 2631 2648 2632
f 2632 2648 2633
f 2648 2649 2633
f 2633 2649 2634
f 2649 2650 2634
f 2634 2650 2635
f 2650 2651 2635
f 2635 2651 2620
f 2651 2636 2620
f 2636 2652 2653
f 2636 2653 2637
f 2637 2653 2654
f 2637 2654 2638
f 2638 2654 2655
f 2638 2655 2639
f 2639 2655 2656
f 2639 2656 2640
f 2640 2656 2641
f 2656 2657 2641
f 2641 2657 2642
f 2657 2658 2642
f 2642 2658 2643
f 2658 2659 2643
f 2643 2659 2644
f 2659 2660 2644
f 2644 2660 2661
f 2644 2661 2645
f 2645 2661 2662
f 2645 2662 2646
f 2646 2662 2663
f 2646 2663 2647
f 2647 2663 2664
f 2647 2664 2648
f 2648 2664 2649
f 2664 2665 2649
f 2649 2665 2650
f 2665 2666 2650
f 2650 2666 2651
f 2666 2667 2651
f 2651 2667 2636
f 2667 2652 2636
f 2652 2668 2669
f 2652 2669 2653
f 2653 2669 2670
f 2653 2670 2654
f 2654 2670 2671
f 2654 2671 2655
f 2655 2671 2672
f 2655 2672 2656
f 2656 2672 2657
f 2672 2673 2657
f 2657 2673 2658
f 2673 2674 2658
f 2658 2674 2659
f 2674 2675 2659
f 2659 2675 2660
f 2675 2676 2660
f 2660 2676 2677
f 2660 2677 2661
f 2661 2677 2678
f 2661 2678 2662
f 2662 2678 2679
f 2662 2679 2663
f 2663 2679 2680
f 2663 2680 2664
f 2664 2680 2665
f 2680 2681 2665
f 2665 2681 2666
f 2681 2682 2666
f 2666 2682 2667
f 2682 2683 2667
f 2667 2683 2652
f 2683 2668 2652
f 2668 2684 2685
f 2668 2685 2669
f 2669 2685 2686
f 2669 2686 2670
f 2670 2686 2687
f 2670 2687 2671
f 2671 2687 2688
f 2671 2688 2672
f 2672 2688 2673
f 2688 2689 2673
f 2673 2689 2674
f 2689 2690 2674
f 2674 2690 2675
f 2690 2691 2675
f 2675 2691 2676
f 2691 2692 2676
f 2676 2692 2693
f 2676 2693 2677
f 2677 2693 2694
f 2677 2694 2678
f 2678 2694 2695
f 2678 2695 2679
f 2679 2695 2696
f 2679 2696 2680
f 2680 2696 2681
f 2696 2697 2681
f 2681 2697 2682
f 2697 2698 2682
f 2682 2698 2683
f 2698 2699 2683
f 2683 2699 2668
f 2699 2684 2668
f 2684 2700 2701
f 2684 2701 2685
f 2685 2701 2702
f 2685 2702 2686
f 2686 2702 2703
f 2686 2703 2687
f 2687 2703 2704
f 2687 2704 2688
f 2688 2704 2689
f 2704 2705 2689
f 2689 2705 2690
f 2705 2706 2690
f 2690 2706 2691
f 2706 2707 2691
f 2691 2707 2692
f 2707 2708 2692
f 2692 2708 2709
f 2692 2709 2693
f 2693 2709 2710
f 2693 2710 2694
f 2694 2710 2711
f 2694 2711 2695
f 2695 2711 2712
f 2695 2712 2696
f 2696 2712 2697
f 2712 2713 2697
f 2697 2713 2698
f 2713 2714 2698
f 2698 2714 2699
f 2714 2715 2699
f 2699 2715 2684
f 2715 2700 2684
f 2700 2716 2717
f 2700 2717 2701
f 2701 2717 2718
f 2701 2718 2702
f 2702 2718 2719
f 2702 2719 2703
f 2703 2719 2720
f 2703 2720 2704
f 2704 2720 2705
f 2720 2721 2705
f 2705 2721 2706
f 2721 2722 2706
f 2706 2722 2707
f 2722 2723 2707
f 2707 2723 2708
f 2723 2724 2708
f 2708 2724 2725
f 2708 2725 2709
f 2709 2725 2726
f 2709 2726 2710
f 2710 2726 2727
f 2710 2727 2711
f 2711 2727 2728
f 2711 2728 2712
f 2712 2728 2713
f 2728 2729 2713
f 2713 2729 2714
f 2729 2730 2714
f 2714 2730 2715
f 2730 2731 2715
f 2715 2731 2700
f 2731 2716 2700
f 2716 2732 2733
f 2716 2733 2717
f 2717 2733 2734
f 2717 2734 2718
f 2718 2734 2735
f 2718 2735 2719
f 2719 2735 2736
f 2719 2736 2720
f 2720 2736 2721
f 2736 2737 2721
f 2721 2737 2722
f 2737 2738 2722
f 2722 2738 2723
f 2738 2739 2723
f 2723 2739 2724
f 2739 2740 2724
f 2724 2740 2741
f 2724 2741 2725
f 2725 2741 2742
f 2725 2742 2726
f 2726 2742 2743
f 2726 2743 2727
f 2727 2743 2744
f 2727 2744 2728
f 2728 2744 2729
f 2744 2745 2729
f 2729 2745 2730
f 2745 2746 2730
f 2730 2746 2731
f 2746 2747 2731
f 2731 2747 2716
f 2747 2732 2716
f 2732 2748 2733
f 2733 2748 2734
f 2734 2748 2735
f 2735 2748 2736
f 2736 2748 2737
f 2737 2748 2738
f 2738 2748 2739
f 2739 2748 2740
f 2740 2748 2741
f 2741 2748 2742
f 2742 2748 2743
f 2743 2748 2744
f 2744 2748 2745
f 2745 2748 2746
f 2746 2748 2747
f 2747 2748 2732
f 2749 2750 2751
f 2751 2750 2752
f 2750 2753 2752
f 2752 2753 2754
f 2753 2755 2754
f 2754 2755 2756
f 2755 2757 2756
f 2756 2757 2758
f 2757 2759 2758
f 2758 2759 2760
f 2759 2761 2760
f 2760 2761 2762
f 2761 2763 2762
f 2762 2763 2764
f 2763 2765 2764
f 2764 2765 2766
f 2765 2767 2766
f 2765 2768 2767
f 2768 2769 2767
f 2768 2770 2769
f 2770 2771 2769
f 2770 2772 2771
f 2772 2773 2771
f 2772 2774 2773
f 2774 2775 2773
f 2774 2776 2775
f 2776 2777 2775
f 2776 2778 2777
f 2778 2779 2777
f 2778 2780 2779
f 2780 2781 2779
f 2780 2782 2781
f 2782 2783 2781
f 2781 2783 2784
f 2783 2785 2784
f 2784 2785 2786
f 2785 2787 2786
f 2786 2787 2788
f 2787 2789 2788
f 2788 2789 2790
f 2789 2791 2790
f 2790 2791 2792
f 2791 2793 2792
f 2792 2793 2794
f 2793 2795 2794
f 2794 2795 2796
f 2795 2797 2796
f 2796 2797 2798
f 2797 2799 2798
f 2797 2800 2799
f 2800 2801 2799
f 2800 2802 2801
f 2802 2803 2801
f 2802 2804 2803
f 2804 2805 2803
f 2804 2806 2805
f 2806 2807 2805
f 2806 2808 2807
f 2808 2809 2807
f 2808 2810 2809
f 2810 2811 2809
f 2810 2812 2811
f 2812 2751 2811
f 2812 2749 2751
f 2751 2752 2813
f 2813 2752 2814
f 2752 2754 2814
f 2814 2754 2815
f 2754 2756 2815
f 2815 2756 2816
f 2756 2758 2816
f 2816 2758 2817
f 2758 2760 2817
f 2817 2760 2818
f 2760 2762 2818
f 2818 2762 2819
f 2762 2764 2819
f 2819 2764 2820
f 2764 2766 2820
f 2820 2766 2821
f 2766 2822 2821
f 2766 2767 2822
f 2767 2823 2822
f 2767 2769 2823
f 2769 2824 2823
f 2769 2771 2824
f 2771 2825 2824
f 2771 2773 2825
f 2773 2826 2825
f 2773 2775 2826
f 2775 2827 2826
f 2775 2777 2827
f 2777 2828 2827
f 2777 2779 2828
f 2779 2829 2828
f 2779 2781 2829
f 2781 2784 2829
f 2829 2784 2830
f 2784 2786 2830
f 2830 2786 2831
f 2786 2788 2831
f 2831 2788 2832
f 2788 2790 2832
f 2832 2790 2833
f 2790 2792 2833
f 2833 2792 2834
f 2792 2794 2834
f 2834 2794 2835
f 2794 2796 2835
f 2835 2796 2836
f 2796 2798 2836
f 2836 2798 2837
f 2798 2838 2837
f 2798 2799 2838
f 2799 2839 2838
f 2799 2801 2839
f 2801 2840 2839
f 2801 2803 2840
f 2803 2841 2840
f 2803 2805 2841
f 2805 2842 2841
f 2805 2807 2842
f 2807 2843 2842
f 2807 2809 2843
f 2809 2844 2843
f 2809 2811 2844
f 2811 2813 2844
f 2811 2751 2813
f 2813 2814 2845
f 2845 2814 2846
f 2814 2815 2846
f 2846 2815 2847
f 2815 2816 2847
f 2847 2816 2848
f 2816 2817 2848
f 2848 2817 2849
f 2817 2818 2849
f 2849 2818 2850
f 2818 2819 2850
f 2850 2819 2851
f 2819 2820 2851
f 2851 2820 2852
f 2820 2821 2852
f 2852 2821 2853
f 2821 2854 2853
f 2821 2822 2854
f 2822 2855 2854
f 2822 2823 2855
f 2823 2856 2855
f 2823 2824 2856
f 2824 2857 2856
f 2824 2825 2857
f 2825 2858 2857
f 2825 2826 2858
f 2826 2859 2858
f 2826 2827 2859
f 2827 2860 2859
f 2827 2828 2860
f 2828 2861 2860
f 2828 2829 2861
f 2829 2830 2861
f 2861 2830 2862
f 2830 2831 2862
f 2862 2831 2863
f 2831 2832 2863
f 2863 2832 2864
f 2832 2833 2864
f 2864 2833 2865
f 2833 2834 2865
f 2865 2834 2866
f 2834 2835 2866
f 2866 2835 2867
f 2835 2836 2867
f 2867 2836 2868
f 2836 2837 2868
f 2868 2837 2869
f 2837 2870 2869
f 2837 2838 2870
f 2838 2871 2870
f 2838 2839 2871
f 2839 2872 2871
f 2839 2840 2872
f 2840 2873 2872
f 2840 2841 2873
f 2841 2874 2873
f 2841 2842 2874
f 2842 2875 2874
f 2842 2843 2875
f 2843 2876 2875
f 2843 2844 2876
f 2844 2845 2876
f 2844 2813 2845
f 2845 2846 2877
f 2877 2846 2878
f 2846 2847 2878
f 2878 2847 2879
f 2847 2848 2879
f 2879 2848 2880
f 2848 2849 2880
f 2880 2849 2881
f 2849 2850 2881
f 2881 2850 2882
f 2850 2851 2882
f 2882 2851 2883
f 2851 2852 2883
f 2883 2852 2884
f 2852 2853 2884
f 2884 2853 2885
f 2853 2886 2885
f 2853 2854 2886
f 2854 2887 2886
f 2854 2855 2887
f 2855 2888 2887
f 2855 2856 2888
f 2856 2889 2888
f 2856 2857 2889
f 2857 2890 2889
f 2857 2858 2890
f 2858 2891 2890
f 2858 2859 2891
f 2859 2892 2891
f 2859 2860 2892
f 2860 2893 2892
f 2860 2861 2893
f 2861 2862 2893
f 2893 2862 2894
f 2862 2863 2894
f 2894 2863 2895
f 2863 2864 2895
f 2895 2864 2896
f 2864 2865 2896
f 2896 2865 2897
f 2865 2866 2897
f 2897 2866 2898
f 2866 2867 2898
f 2898 2867 2899
f 2867 2868 2899
f 2899 2868 2900
f 2868 2869 2900
f 2900 2869 2901
f 2869 2902 2901
f 2869 2870 2902
f 2870 2903 2902
f 2870 2871 2903
f 2871 2904 2903
f 2871 2872 2904
f 2872 2905 2904
f 2872 2873 2905
f 2873 2906 2905
f 2873 2874 2906
f 2874 2907 2906
f 2874 2875 2907
f 2875 2908 2907
f 2875 2876 2908
f 2876 2877 2908
f 2876 2845 2877
f 2877 2878 2909
f 2909 2878 2910
f 2878 2879 2910
f 2910 2879 2911
f 2879 2880 2911
f 2911 2880 2912
f 2880 2881 2912
f 2912 2881 2913
f 2881 2882 2913
f 2913 2882 2914
f 2882 2883 2914
f 2914 2883 2915
f 2883 2884 2915
f 2915 2884 2916
f 2884 2885 2916
f 2916 2885 2917
f 2885 2918 2917
f 2885 2886 2918
f 2886 2919 2918
f 2886 2887 2919
f 2887 2920 2919
f 2887 2888 2920
f 2888 2921 2920
f 2888 2889 2921
f 2889 2922 2921
f 2889 2890 2922
f 2890 2923 2922
f 2890 2891 2923
f 2891 2924 2923
f 2891 2892 2924
f 2892 2925 2924
f 2892 2893 2925
f 2893 2894 2925
f 2925 2894 2926
f 2894 2895 2926
f 2926 2895 2927
f 2895 2896 2927
f 2927 2896 2928
f 2896 2897 2928
f 2928 2897 2929
f 2897 2898 2929
f 2929 2898 2930
f 2898 2899 2930
f 2930 2899 2931
f 2899 2900 2931
f 2931 2900 2932
f 2900 2901 2932
f 2932 2901 2933
f 2901 2934 2933
f 2901 2902 2934
f 2902 2935 2934
f 2902 2903 2935
f 2903 2936 2935
f 2903 2904 2936
f 2904 2937 2936
f 2904 2905 2937
f 2905 2938 2937
f 2905 2906 2938
f 2906 2939 2938
f 2906 2907 2939
f 2907 2940 2939
f 2907 2908 2940
f 2908 2909 2940
f 2908 2877 2909
f 2909 2910 2941
f 2910 2942 2941
f 2910 2911 2942
f 2911 2943 2942
f 2911 2912 2943
f 2912 2944 2943
f 2912 2913 2944
f 2913 2945 2944
f 2913 2914 2945
f 2914 2946 2945
f 2914 2915 2946
f 2915 2947 2946
f 2915 2916 2947
f 2916 2948 2947
f 2916 2917 2948
f 2917 2918 2948
f 2948 2918 2949
f 2918 2919 2949
f 2949 2919 2950
f 2919 2920 2950
f 2950 2920 2951
f 2920 2921 2951
f 2951 2921 2952
f 2921 2922 2952
f 2952 2922 2953
f 2922 2923 2953
f 2953 2923 2954
f 2923 2924 2954
f 2954 2924 2955
f 2924 2925 2955
f 2925 2926 2956
f 2926 2957 2956
f 2926 2927 2957
f 2927 2958 2957
f 2927 2928 2958
f 2928 2959 2958
f 2928 2929 2959
f 2929 2960 2959
f 2929 2930 2960
f 2930 2961 2960
f 2930 2931 2961
f 2931 2962 2961
f 2931 2932 2962
f 2932 2963 2962
f 2932 2933 2963
f 2933 2934 2963
f 2963 2934 2964
f 2934 2935 2964
f 2964 2935 2965
f 2935 2936 2965
f 2965 2936 2966
f 2936 2937 2966
f 2966 2937 2967
f 2937 2938 2967
f 2967 2938 2968
f 2938 2939 2968
f 2968 2939 2969
f 2939 2940 2969
f 2969 2940 2970
f 2940 2909 2970
f 2909 2941 2971
f 2941 2972 2971
f 2941 2942 2972
f 2942 2973 2972
f 2942 2943 2973
f 2943 2974 2973
f 2943 2944 2974
f 2944 2975 2974
f 2944 2945 2975
f 2945 2976 2975
f 2945 2946 2976
f 2946 2977 2976
f 2946 2947 2977
f 2947 2978 2977
f 2947 2948 2978
f 2948 2949 2978
f 2978 2949 2979
f 2949 2950 2979
f 2979 2950 2980
f 2950 2951 2980
f 2980 2951 2981
f 2951 2952 2981
f 2981 2952 2982
f 2952 2953 2982
f 2982 2953 2983
f 2953 2954 2983
f 2983 2954 2984
f 2954 2955 2984
f 2984 2955 2985
f 2955 2925 2985
f 2925 2956 2985
f 2956 2984 2985
f 2956 2957 2984
f 2957 2983 2984
f 2957 2958 2983
f 2958 2982 2983
f 2958 2959 2982
f 2959 2981 2982
f 2959 2960 2981
f 2960 2980 2981
f 2960 2961 2980
f 2961 2979 2980
f 2961 2962 2979
f 2962 2978 2979
f 2962 2963 2978
f 2963 2964 2978
f 2978 2964 2977
f 2964 2965 2977
f 2977 2965 2976
f 2965 2966 2976
f 2976 2966 2975
f 2966 2967 2975
f 2975 2967 2974
f 2967 2968 2974
f 2974 2968 2973
f 2968 2969 2973
f 2973 2969 2972
f 2969 2970 2972
f 2972 2970 2971
f 2970 2909 2971
f 2749 2986 2750
f 2986 2987 2750
f 2750 2987 2753
f 2987 2988 2753
f 2753 2988 2755
f 2988 2989 2755
f 2755 2989 2757
f 2989 2990 2757
f 2757 2990 2759
f 2990 2991 2759
f 2759 2991 2761
f 2991 2992 2761
f 2761 2992 2763
f 2992 2993 2763
f 2763 2993 2765
f 2993 2994 2765
f 2765 2994 2995
f 2765 2995 2768
f 2768 2995 2996
f 2768 2996 2770
f 2770 2996 2997
f 2770 2997 2772
f 2772 2997 2998
f 2772 2998 2774
f 2774 2998 2999
f 2774 2999 2776
f 2776 2999 3000
f 2776 3000 2778
f 2778 3000 3001
f 2778 3001 2780
f 2780 3001 3002
f 2780 3002 2782
f 2782 3002 2783
f 3002 3003 2783
f 2783 3003 2785
f 3003 3004 2785
f 2785 3004 2787
f 3004 3005 2787
f 2787 3005 2789
f 3005 3006 2789
f 2789 3006 2791
f 3006 3007 2791
f 2791 3007 2793
f 3007 3008 2793
f 2793 3008 2795
f 3008 3009 2795
f 2795 3009 2797
f 3009 3010 2797
f 2797 3010 3011
f 2797 3011 2800
f 2800 3011 3012
f 2800 3012 2802
f 2802 3012 3013
f 2802 3013 2804
f 2804 3013 3014
f 2804 3014 2806
f 2806 3014 3015
f 2806 3015 2808
f 2808 3015 3016
f 2808 3016 2810
f 2810 3016 3017
f 2810 3017 2812
f 2812 3017 2986
f 2812 2986 2749
f 2986 3018 2987
f 3018 3019 2987
f 2987 3019 2988
f 3019 3020 2988
f 2988 3020 2989
f 3020 3021 2989
f 2989 3021 2990
f 3021 3022 2990
f 2990 3022 2991
f 3022 3023 2991
f 2991 3023 2992
f 3023 3024 2992
f 2992 3024 2993
f 3024 3025 2993
f 2993 3025 2994
f 3025 3026 2994
f 2994 3026 3027
f 2994 3027 2995
f 2995 3027 3028
f 2995 3028 2996
f 2996 3028 3029
f 2996 3029 2997
f 2997 3029 3030
f 2997 3030 2998
f 2998 3030 3031
f 2998 3031 2999
f 2999 3031 3032
f 2999 3032 3000
f 3000 3032 3033
f 3000 3033 3001
f 3001 3033 3034
f 3001 3034 3002
f 3002 3034 3003
f 3034 3035 3003
f 3003 3035 3004
f 3035 3036 3004
f 3004 3036 3005
f 3036 3037 3005
f 3005 3037 3006
f 3037 3038 3006
f 3006 3038 3007
f 3038 3039 3007
f 3007 3039 3008
f 3039 3040 3008
f 3008 3040 3009
f 3040 3041 3009
f 3009 3041 3010
f 3041 3042 3010
f 3010 3042 3043
f 3010 3043 3011
f 3011 3043 3044
f 3011 3044 3012
f 3012 3044 3045
f 3012 3045 3013
f 3013 3045 3046
f 3013 3046 3014
f 3014 3046 3047
f 3014 3047 3015
f 3015 3047 3048
f 3015 3048 3016
f 3016 3048 3049
f 3016 3049 3017
f 3017 3049 3018
f 3017 3018 2986
f 3018 3050 3019
f 3050 3051 3019
f 3019 3051 3020
f 3051 3052 3020
f 3020 3052 3021
f 3052 3053 3021
f 3021 3053 3022
f 3053 3054 3022
f 3022 3054 3023
f 3054 3055 3023
f 3023 3055 3024
f 3055 3056 3024
f 3024 3056 3025
f 3056 3057 3025
f 3025 3057 3026
f 3057 3058 3026
f 3026 3058 3059
f 3026 3059 3027
f 3027 3059 3060
f 3027 3060 3028
f 3028 3060 3061
f 3028 3061 3029
f 3029 3061 3062
f 3029 3062 3030
f 3030 3062 3063
f 3030 3063 3031
f 3031 3063 3064
f 3031 3064 3032
f 3032 3064 3065
f 3032 3065 3033
f 3033 3065 3066
f 3033 3066 3034
f 3034 3066 3035
f 3066 3067 3035
f 3035 3067 3036
f 3067 3068 3036
f 3036 3068 3037
f 3068 3069 3037
f 3037 3069 3038
f 3069 3070 3038
f 3038 3070 3039
f 3070 3071 3039
f 3039 3071 3040
f 3071 3072 3040
f 3040 3072 3041
f 3072 3073 3041
f 3041 3073 3042
f 3073 3074 3042
f 3042 3074 3075
f 3042 3075 3043
f 3043 3075 3076
f 3043 3076 3044
f 3044 3076 3077
f 3044 3077 3045
f 3045 3077 3078
f 3045 3078 3046
f 3046 3078 3079
f 3046 3079 3047
f 3047 3079 3080
f 3047 3080 3048
f 3048 3080 3081
f 3048 3081 3049
f 3049 3081 3050
f 3049 3050 3018
f 3050 3082 3051
f 3082 3083 3051
f 3051 3083 3052
f 3083 3084 3052
f 3052 3084 3053
f 3084 3085 3053
f 3053 3085 3054
f 3085 3086 3054
f 3054 3086 3055
f 3086 3087 3055
f 3055 3087 3056
f 3087 3088 3056
f 3056 3088 3057
f 3088 3089 3057
f 3057 3089 3058
f 3089 3090 3058
f 3058 3090 3091
f 3058 3091 3059
f 3059 3091 3092
f 3059 3092 3060
f 3060 3092 3093
f 3060 3093 3061
f 3061 3093 3094
f 3061 3094 3062
f 3062 3094 3095
f 3062 3095 3063
f 3063 3095 3096
f 3063 3096 3064
f 3064 3096 3097
f 3064 3097 3065
f 3065 3097 3098
f 3065 3098 3066
f 3066 3098 3067
f 3098 3099 3067
f 3067 3099 3068
f 3099 3100 3068
f 3068 3100 3069
f 3100 3101 3069
f 3069 3101 3070
f 3101 3102 3070
f 3070 3102 3071
f 3102 3103 3071
f 3071 3103 3072
f 3103 3104 3072
f 3072 3104 3073
f 3104 3105 3073
f 3073 3105 3074
f 3105 3106 3074
f 3074 3106 3107
f 3074 3107 3075
f 3075 3107 3108
f 3075 3108 3076
f 3076 3108 3109
f 3076 3109 3077
f 3077 3109 3110
f 3077 3110 3078
f 3078 3110 3111
f 3078 3111 3079
f 3079 3111 3112
f 3079 3112 3080
f 3080 3112 3113
f 3080 3113 3081
f 3081 3113 3082
f 3081 3082 3050
f 3082 3114 3083
f 3114 3115 3083
f 3083 3115 3084
f 3115 3116 3084
f 3084 3116 3085
f 3116 3117 3085
f 3085 3117 3086
f 3117 3118 3086
f 3086 3118 3087
f 3118 3119 3087
f 3087 3119 3088
f 3119 3120 3088
f 3088 3120 3089
f 3120 3121 3089
f 3089 3121 3090
f 3121 3122 3090
f 3090 3122 3123
f 3090 3123 3091
f 3091 3123 3124
f 3091 3124 3092
f 3092 3124 3125
f 3092 3125 3093
f 3093 3125 3126
f 3093 3126 3094
f 3094 3126 3127
f 3094 3127 3095
f 3095 3127 3128
f 3095 3128 3096
f 3096 3128 3129
f 3096 3129 3097
f 3097 3129 3130
f 3097 3130 3098
f 3098 3130 3099
f 3130 3131 3099
f 3099 3131 3100
f 3131 3132 3100
f 3100 3132 3101
f 3132 3133 3101
f 3101 3133 3102
f 3133 3134 3102
f 3102 3134 3103
f 3134 3135 3103
f 3103 3135 3104
f 3135 3136 3104
f 3104 3136 3105
f 3136 3137 3105
f 3105 3137 3106
f 3137 3138 3106
f 3106 3138 3139
f 3106 3139 3107
f 3107 3139 3140
f 3107 3140 3108
f 3108 3140 3141
f 3108 3141 3109
f 3109 3141 3142
f 3109 3142 3110
f 3110 3142 3143
f 3110 3143 3111
f 3111 3143 3144
f 3111 3144 3112
f 3112 3144 3145
f 3112 3145 3113
f 3113 3145 3114
f 3113 3114 3082
f 3114 3146 3115
f 3115 3146 3147
f 3115 3147 3116
f 3116 3147 3148
f 3116 3148 3117
f 3117 3148 3149
f 3117 3149 3118
f 3118 3149 3150
f 3118 3150 3119
f 3119 3150 3151
f 3119 3151 3120
f 3120 3151 3152
f 3120 3152 3121
f 3121 3152 3153
f 3121 3153 3122
f 3122 3153 3123
f 3153 3154 3123
f 3123 3154 3124
f 3154 3155 3124
f 3124 3155 3125
f 3155 3156 3125
f 3125 3156 3126
f 3156 3157 3126
f 3126 3157 3127
f 3157 3158 3127
f 3127 3158 3128
f 3158 3159 3128
f 3128 3159 3129
f 3159 3160 3129
f 3129 3160 3130
f 3130 3161 3131
f 3131 3161 3162
f 3131 3162 3132
f 3132 3162 3163
f 3132 3163 3133
f 3133 3163 3164
f 3133 3164 3134
f 3134 3164 3165
f 3134 3165 3135
f 3135 3165 3166
f 3135 3166 3136
f 3136 3166 3167
f 3136 3167 3137
f 3137 3167 3168
f 3137 3168 3138
f 3138 3168 3139
f 3168 3169 3139
f 3139 3169 3140
f 3169 3170 3140
f 3140 3170 3141
f 3170 3171 3141
f 3141 3171 3142
f 3171 3172 3142
f 3142 3172 3143
f 3172 3173 3143
f 3143 3173 3144
f 3173 3174 3144
f 3144 3174 3145
f 3174 3175 3145
f 3145 3175 3114
f 3114 3176 3146
f 3146 3176 3177
f 3146 3177 3147
f 3147 3177 3178
f 3147 3178 3148
f 3148 3178 3179
f 3148 3179 3149
f 3149 3179 3180
f 3149 3180 3150
f 3150 3180 3181
f 3150 3181 3151
f 3151 3181 3182
f 3151 3182 3152
f 3152 3182 3183
f 3152 3183 3153
f 3153 3183 3154
f 3183 3184 3154
f 3154 3184 3155
f 3184 3185 3155
f 3155 3185 3156
f 3185 3186 3156
f 3156 3186 3157
f 3186 3187 3157
f 3157 3187 3158
f 3187 3188 3158
f 3158 3188 3159
f 3188 3189 3159
f 3159 3189 3160
f 3189 3190 3160
f 3160 3190 3130
f 3130 3190 3161
f 3161 3190 3189
f 3161 3189 3162
f 3162 3189 3188
f 3162 3188 3163
f 3163 3188 3187
f 3163 3187 3164
f 3164 3187 3186
f 3164 3186 3165
f 3165 3186 3185
f 3165 3185 3166
f 3166 3185 3184
f 3166 3184 3167
f 3167 3184 3183
f 3167 3183 3168
f 3168 3183 3169
f 3183 3182 3169
f 3169 3182 3170
f 3182 3181 3170
f 3170 3181 3171
f 3181 3180 3171
f 3171 3180 3172
f 3180 3179 3172
f 3172 3179 3173
f 3179 3178 3173
f 3173 3178 3174
f 3178 3177 3174
f 3174 3177 3175
f 3177 3176 3175
f 3175 3176 3114
f 3191 3192 3193
f 3193 3192 3194
f 3192 3195 3194
f 3194 3195 3196
f 3195 3197 3196
f 3196 3197 3198
f 3197 3199 3198
f 3198 3199 3200
f 3199 3201 3200
f 3200 3201 3202
f 3201 3203 3202
f 3202 3203 3204
f 3203 3205 3204
f 3204 3205 3206
f 3205 3207 3206
f 3206 3207 3208
f 3207 3209 3208
f 3207 3210 3209
f 3210 3211 3209
f 3210 3212 3211
f 3212 3213 3211
f 3212 3214 3213
f 3214 3215 3213
f 3214 3216 3215
f 3216 3217 3215
f 3216 3218 3217
f 3218 3219 3217
f 3218 3220 3219
f 3220 3221 3219
f 3220 3222 3221
f 3222 3223 3221
f 3222 3224 3223
f 3224 3225 3223
f 3223 3225 3226
f 3225 3227 3226
f 3226 3227 3228
f 3227 3229 3228
f 3228 3229 3230
f 3229 3231 3230
f 3230 3231 3232
f 3231 3233 3232
f 3232 3233 3234
f 3233 3235 3234
f 3234 3235 3236
f 3235 3237 3236
f 3236 3237 3238
f 3237 3239 3238
f 3238 3239 3240
f 3239 3241 3240
f 3239 3242 3241
f 3242 3243 3241
f 3242 3244 3243
f 3244 3245 3243
f 3244 3246 3245
f 3246 3247 3245
f 3246 3248 3247
f 3248 3249 3247
f 3248 3250 3249
f 3250 3251 3249
f 3250 3252 3251
f 3252 3253 3251
f 3252 3254 3253
f 3254 3193 3253
f 3254 3191 3193
f 3193 3194 3255
f 3255 3194 3256
f 3194 3196 3256
f 3256 3196 3257
f 3196 3198 3257
f 3257 3198 3258
f 3198 3200 3258
f 3258 3200 3259
f 3200 3202 3259
f 3259 3202 3260
f 3202 3204 3260
f 3260 3204 3261
f 3204 3206 3261
f 3261 3206 3262
f 3206 3208 3262
f 3262 3208 3263
f 3208 3264 3263
f 3208 3209 3264
f 3209 3265 3264
f 3209 3211 3265
f 3211 3266 3265
f 3211 3213 3266
f 3213 3267 3266
f 3213 3215 3267
f 3215 3268 3267
f 3215 3217 3268
f 3217 3269 3268
f 3217 3219 3269
f 3219 3270 3269
f 3219 3221 3270
f 3221 3271 3270
f 3221 3223 3271
f 3223 3226 3271
f 3271 3226 3272
f 3226 3228 3272
f 3272 3228 3273
f 3228 3230 3273
f 3273 3230 3274
f 3230 3232 3274
f 3274 3232 3275
f 3232 3234 3275
f 3275 3234 3276
f 3234 3236 3276
f 3276 3236 3277
f 3236 3238 3277
f 3277 3238 3278
f 3238 3240 3278
f 3278 3240 3279
f 3240 3280 3279
f 3240 3241 3280
f 3241 3281 3280
f 3241 3243 3281
f 3243 3282 3281
f 3243 3245 3282
f 3245 3283 3282
f 3245 3247 3283
f 3247 3284 3283
f 3247 3249 3284
f 3249 3285 3284
f 3249 3251 3285
f 3251 3286 3285
f 3251 3253 3286
f 3253 3255 3286
f 3253 3193 3255
f 3255 3256 3287
f 3287 3256 3288
f 3256 3257 3288
f 3288 3257 3289
f 3257 3258 3289
f 3289 3258 3290
f 3258 3259 3290
f 3290 3259 3291
f 3259 3260 3291
f 3291 3260 3292
f 3260 3261 3292
f 3292 3261 3293
f 3261 3262 3293
f 3293 3262 3294
f 3262 3263 3294
f 3294 3263 3295
f 3263 3296 3295
f 3263 3264 3296
f 3264 3297 3296
f 3264 3265 3297
f 3265 3298 3297
f 3265 3266 3298
f 3266 3299 3298
f 3266 3267 3299
f 3267 3300 3299
f 3267 3268 3300
f 3268 3301 3300
f 3268 3269 3301
f 3269 3302 3301
f 3269 3270 3302
f 3270 3303 3302
f 3270 3271 3303
f 3271 3272 3303
f 3303 3272 3304
f 3272 3273 3304
f 3304 3273 3305
f 3273 3274 3305
f 3305 3274 3306
f 3274 3275 3306
f 3306 3275 3307
f 3275 3276 3307
f 3307 3276 3308
f 3276 3277 3308
f 3308 3277 3309
f 3277 3278 3309
f 3309 3278 3310
f 3278 3279 3310
f 3310 3279 3311
f 3279 3312 3311
f 3279 3280 3312
f 3280 3313 3312
f 3280 3281 3313
f 3281 3314 3313
f 3281 3282 3314
f 3282 3315 3314
f 3282 3283 3315
f 3283 3316 3315
f 3283 3284 3316
f 3284 3317 3316
f 3284 3285 3317
f 3285 3318 3317
f 3285 3286 3318
f 3286 3287 3318
f 3286 3255 3287
f 3287 3288 3319
f 3319 3288 3320
f 3288 3289 3320
f 3320 3289 3321
f 3289 3290 3321
f 3321 3290 3322
f 3290 3291 3322
f 3322 3291 3323
f 3291 3292 3323
f 3323 3292 3324
f 3292 3293 3324
f 3324 3293 3325
f 3293 3294 3325
f 3325 3294 3326
f 3294 3295 3326
f 3326 3295 3327
f 3295 3328 3327
f 3295 3296 3328
f 3296 3329 3328
f 3296 3297 3329
f 3297 3330 3329
f 3297 3298 3330
f 3298 3331 3330
f 3298 3299 3331
f 3299 3332 3331
f 3299 3300 3332
f 3300 3333 3332
f 3300 3301 3333
f 3301 3334 3333
f 3301 3302 3334
f 3302 3335 3334
f 3302 3303 3335
f 3303 3304 3335
f 3335 3304 3336
f 3304 3305 3336
f 3336 3305 3337
f 3305 3306 3337
f 3337 3306 3338
f 3306 3307 3338
f 3338 3307 3339
f 3307 3308 3339
f 3339 3308 3340
f 3308 3309 3340
f 3340 3309 3341
f 3309 3310 3341
f 3341 3310 3342
f 3310 3311 3342
f 3342 3311 3343
f 3311 3344 3343
f 3311 3312 3344
f 3312 3345 3344
f 3312 3313 3345
f 3313 3346 3345
f 3313 3314 3346
f 3314 3347 3346
f 3314 3315 3347
f 3315 3348 3347
f 3315 3316 3348
f 3316 3349 3348
f 3316 3317 3349
f 3317 3350 3349
f 3317 3318 3350
f 3318 3319 3350
f 3318 3287 3319
f 3319 3320 3351
f 3351 3320 3352
f 3320 3321 3352
f 3352 3321 3353
f 3321 3322 3353
f 3353 3322 3354
f 3322 3323 3354
f 3354 3323 3355
f 3323 3324 3355
f 3355 3324 3356
f 3324 3325 3356
f 3356 3325 3357
f 3325 3326 3357
f 3357 3326 3358
f 3326 3327 3358
f 3358 3327 3359
f 3327 3360 3359
f 3327 3328 3360
f 3328 3361 3360
f 3328 3329 3361
f 3329 3362 3361
f 3329 3330 3362
f 3330 3363 3362
f 3330 3331 3363
f 3331 3364 3363
f 3331 3332 3364
f 3332 3365 3364
f 3332 3333 3365
f 3333 3366 3365
f 3333 3334 3366
f 3334 3367 3366
f 3334 3335 3367
f 3335 3336 3367
f 3367 3336 3368
f 3336 3337 3368
f 3368 3337 3369
f 3337 3338 3369
f 3369 3338 3370
f 3338 3339 3370
f 3370 3339 3371
f 3339 3340 3371
f 3371 3340 3372
f 3340 3341 3372
f 3372 3341 3373
f 3341 3342 3373
f 3373 3342 3374
f 3342 3343 3374
f 3374 3343 3375
f 3343 3376 3375
f 3343 3344 3376
f 3344 3377 3376
f 3344 3345 3377
f 3345 3378 3377
f 3345 3346 3378
f 3346 3379 3378
f 3346 3347 3379
f 3347 3380 3379
f 3347 3348 3380
f 3348 3381 3380
f 3348 3349 3381
f 3349 3382 3381
f 3349 3350 3382
f 3350 3351 3382
f 3350 3319 3351
f 3351 3352 3383
f 3352 3384 3383
f 3352 3353 3384
f 3353 3385 3384
f 3353 3354 3385
f 3354 3386 3385
f 3354 3355 3386
f 3355 3387 3386
f 3355 3356 3387
f 3356 3388 3387
f 3356 3357 3388
f 3357 3389 3388
f 3357 3358 3389
f 3358 3390 3389
f 3358 3359 3390
f 3359 3360 3390
f 3390 3360 3391
f 3360 3361 3391
f 3391 3361 3392
f 3361 3362 3392
f 3392 3362 3393
f 3362 3363 3393
f 3393 3363 3394
f 3363 3364 3394
f 3394 3364 3395
f 3364 3365 3395
f 3395 3365 3396
f 3365 3366 3396
f 3396 3366 3397
f 3366 3367 3397
f 3367 3368 3398
f 3368 3399 3398
f 3368 3369 3399
f 3369 3400 3399
f 3369 3370 3400
f 3370 3401 3400
f 3370 3371 3401
f 3371 3402 3401
f 3371 3372 3402
f 3372 3403 3402
f 3372 3373 3403
f 3373 3404 3403
f 3373 3374 3404
f 3374 3405 3404
f 3374 3375 3405
f 3375 3376 3405
f 3405 3376 3406
f 3376 3377 3406
f 3406 3377 3407
f 3377 3378 3407
f 3407 3378 3408
f 3378 3379 3408
f 3408 3379 3409
f 3379 3380 3409
f 3409 3380 3410
f 3380 3381 3410
f 3410 3381 3411
f 3381 3382 3411
f 3411 3382 3412
f 3382 3351 3412
f 3351 3383 3413
f 3383 3414 3413
f 3383 3384 3414
f 3384 3415 3414
f 3384 3385 3415
f 3385 3416 3415
f 3385 3386 3416
f 3386 3417 3416
f 3386 3387 3417
f 3387 3418 3417
f 3387 3388 3418
f 3388 3419 3418
f 3388 3389 3419
f 3389 3420 3419
f 3389 3390 3420
f 3390 3391 3420
f 3420 3391 3421
f 3391 3392 3421
f 3421 3392 3422
f 3392 3393 3422
f 3422 3393 3423
f 3393 3394 3423
f 3423 3394 3424
f 3394 3395 3424
f 3424 3395 3425
f 3395 3396 3425
f 3425 3396 3426
f 3396 3397 3426
f 3426 3397 3427
f 3397 3367 3427
f 3367 3398 3427
f 3398 3426 3427
f 3398 3399 3426
f 3399 3425 3426
f 3399 3400 3425
f 3400 3424 3425
f 3400 3401 3424
f 3401 3423 3424
f 3401 3402 3423
f 3402 3422 3423
f 3402 3403 3422
f 3403 3421 3422
f 3403 3404 3421
f 3404 3420 3421
f 3404 3405 3420
f 3405 3406 3420
f 3420 3406 3419
f 3406 3407 3419
f 3419 3407 3418
f 3407 3408 3418
f 3418 3408 3417
f 3408 3409 3417
f 3417 3409 3416
f 3409 3410 3416
f 3416 3410 3415
f 3410 3411 3415
f 3415 3411 3414
f 3411 3412 3414
f 3414 3412 3413
f 3412 3351 3413
f 3191 3428 3192
f 3428 3429 3192
f 3192 3429 3195
f 3429 3430 3195
f 3195 3430 3197
f 3430 3431 3197
f 3197 3431 3199
f 3431 3432 3199
f 3199 3432 3201
f 3432 3433 3201
f 3201 3433 3203
f 3433 3434 3203
f 3203 3434 3205
f 3434 3435 3205
f 3205 3435 3207
f 3435 3436 3207
f 3207 3436 3437
f 3207 3437 3210
f 3210 3437 3438
f 3210 3438 3212
f 3212 3438 3439
f 3212 3439 3214
f 3214 3439 3440
f 3214 3440 3216
f 3216 3440 3441
f 3216 3441 3218
f 3218 3441 3442
f 3218 3442 3220
f 3220 3442 3443
f 3220 3443 3222
f 3222 3443 3444
f 3222 3444 3224
f 3224 3444 3225
f 3444 3445 3225
f 3225 3445 3227
f 3445 3446 3227
f 3227 3446 3229
f 3446 3447 3229
f 3229 3447 3231
f 3447 3448 3231
f 3231 3448 3233
f 3448 3449 3233
f 3233 3449 3235
f 3449 3450 3235
f 3235 3450 3237
f 3450 3451 3237
f 3237 3451 3239
f 3451 3452 3239
f 3239 3452 3453
f 3239 3453 3242
f 3242 3453 3454
f 3242 3454 3244
f 3244 3454 3455
f 3244 3455 3246
f 3246 3455 3456
f 3246 3456 3248
f 3248 3456 3457
f 3248 3457 3250
f 3250 3457 3458
f 3250 3458 3252
f 3252 3458 3459
f 3252 3459 3254
f 3254 3459 3428
f 3254 3428 3191
f 3428 3460 3429
f 3460 3461 3429
f 3429 3461 3430
f 3461 3462 3430
f 3430 3462 3431
f 3462 3463 3431
f 3431 3463 3432
f 3463 3464 3432
f 3432 3464 3433
f 3464 3465 3433
f 3433 3465 3434
f 3465 3466 3434
f 3434 3466 3435
f 3466 3467 3435
f 3435 3467 3436
f 3467 3468 3436
f 3436 3468 3469
f 3436 3469 3437
f 3437 3469 3470
f 3437 3470 3438
f 3438 3470 3471
f 3438 3471 3439
f 3439 3471 3472
f 3439 3472 3440
f 3440 3472 3473
f 3440 3473 3441
f 3441 3473 3474
f 3441 3474 3442
f 3442 3474 3475
f 3442 3475 3443
f 3443 3475 3476
f 3443 3476 3444
f 3444 3476 3445
f 3476 3477 3445
f 3445 3477 3446
f 3477 3478 3446
f 3446 3478 3447
f 3478 3479 3447
f 3447 3479 3448
f 3479 3480 3448
f 3448 3480 3449
f 3480 3481 3449
f 3449 3481 3450
f 3481 3482 3450
f 3450 3482 3451
f 3482 3483 3451
f 3451 3483 3452
f 3483 3484 3452
f 3452 3484 3485
f 3452 3485 3453
f 3453 3485 3486
f 3453 3486 3454
f 3454 3486 3487
f 3454 3487 3455
f 3455 3487 3488
f 3455 3488 3456
f 3456 3488 3489
f 3456 3489 3457
f 3457 3489 3490
f 3457 3490 3458
f 3458 3490 3491
f 3458 3491 3459
f 3459 3491 3460
f 3459 3460 3428
f 3460 3492 3461
f 3492 3493 3461
f 3461 3493 3462
f 3493 3494 3462
f 3462 3494 3463
f 3494 3495 3463
f 3463 3495 3464
f 3495 3496 3464
f 3464 3496 3465
f 3496 3497 3465
f 3465 3497 3466
f 3497 3498 3466
f 3466 3498 3467
f 3498 3499 3467
f 3467 3499 3468
f 3499 3500 3468
f 3468 3500 3501
f 3468 3501 3469
f 3469 3501 3502
f 3469 3502 3470
f 3470 3502 3503
f 3470 3503 3471
f 3471 3503 3504
f 3471 3504 3472
f 3472 3504 3505
f 3472 3505 3473
f 3473 3505 3506
f 3473 3506 3474
f 3474 3506 3507
f 3474 3507 3475
f 3475 3507 3508
f 3475 3508 3476
f 3476 3508 3477
f 3508 3509 3477
f 3477 3509 3478
f 3509 3510 3478
f 3478 3510 3479
f 3510 3511 3479
f 3479 3511 3480
f 3511 3512 3480
f 3480 3512 3481
f 3512 3513 3481
f 3481 3513 3482
f 3513 3514 3482
f 3482 3514 3483
f 3514 3515 3483
f 3483 3515 3484
f 3515 3516 3484
f 3484 3516 3517
f 3484 3517 3485
f 3485 3517 3518
f 3485 3518 3486
f 3486 3518 3519
f 3486 3519 3487
f 3487 3519 3520
f 3487 3520 3488
f 3488 3520 3521
f 3488 3521 3489
f 3489 3521 3522
f 3489 3522 3490
f 3490 3522 3523
f 3490 3523 3491
f 3491 3523 3492
f 3491 3492 3460
f 3492 3524 3493
f 3524 3525 3493
f 3493 3525 3494
f 3525 3526 3494
f 3494 3526 3495
f 3526 3527 3495
f 3495 3527 3496
f 3527 3528 3496
f 3496 3528 3497
f 3528 3529 3497
f 3497 3529 3498
f 3529 3530 3498
f 3498 3530 3499
f 3530 3531 3499
f 3499 3531 3500
f 3531 3532 3500
f 3500 3532 3533
f 3500 3533 3501
f 3501 3533 3534
f 3501 3534 3502
f 3502 3534 3535
f 3502 3535 3503
f 3503 3535 3536
f 3503 3536 3504
f 3504 3536 3537
f 3504 3537 3505
f 3505 3537 3538
f 3505 3538 3506
f 3506 3538 3539
f 3506 3539 3507
f 3507 3539 3540
f 3507 3540 3508
f 3508 3540 3509
f 3540 3541 3509
f 3509 3541 3510
f 3541 3542 3510
f 3510 3542 3511
f 3542 3543 3511
f 3511 3543 3512
f 3543 3544 3512
f 3512 3544 3513
f 3544 3545 3513
f 3513 3545 3514
f 3545 3546 3514
f 3514 3546 3515
f 3546 3547 3515
f 3515 3547 3516
f 3547 3548 3516
f 3516 3548 3549
f 3516 3549 3517
f 3517 3549 3550
f 3517 3550 3518
f 3518 3550 3551
f 3518 3551 3519
f 3519 3551 3552
f 3519 3552 3520
f 3520 3552 3553
f 3520 3553 3521
f 3521 3553 3554
f 3521 3554 3522
f 3522 3554 3555
f 3522 3555 3523
f 3523 3555 3524
f 3523 3524 3492
f 3524 3556 3525
f 3556 3557 3525
f 3525 3557 3526
f 3557 3558 3526
f 3526 3558 3527
f 3558 3559 3527
f 3527 3559 3528
f 3559 3560 3528
f 3528 3560 3529
f 3560 3561 3529
f 3529 3561 3530
f 3561 3562 3530
f 3530 3562 3531
f 3562 3563 3531
f 3531 3563 3532
f 3563 3564 3532
f 3532 3564 3565
f 3532 3565 3533
f 3533 3565 3566
f 3533 3566 3534
f 3534 3566 3567
f 3534 3567 3535
f 3535 3567 3568
f 3535 3568 3536
f 3536 3568 3569
f 3536 3569 3537
f 3537 3569 3570
f 3537 3570 3538
f 3538 3570 3571
f 3538 3571 3539
f 3539 3571 3572
f 3539 3572 3540
f 3540 3572 3541
f 3572 3573 3541
f 3541 3573 3542
f 3573 3574 3542
f 3542 3574 3543
f 3574 3575 3543
f 3543 3575 3544
f 3575 3576 3544
f 3544 3576 3545
f 3576 3577 3545
f 3545 3577 3546
f 3577 3578 3546
f 3546 3578 3547
f 3578 3579 3547
f 3547 3579 3548
f 3579 3580 3548
f 3548 3580 3581
f 3548 3581 3549
f 3549 3581 3582
f 3549 3582 3550
f 3550 3582 3583
f 3550 3583 3551
f 3551 3583 3584
f 3551 3584 3552
f 3552 3584 3585
f 3552 3585 3553
f 3553 3585 3586
f 3553 3586 3554
f 3554 3586 3587
f 3554 3587 3555
f 3555 3587 3556
f 3555 3556 3524
f 3556 3588 3557
f 3557 3588 3589
f 3557 3589 3558
f 3558 3589 3590
f 3558 3590 3559
f 3559 3590 3591
f 3559 3591 3560
f 3560 3591 3592
f 3560 3592 3561
f 3561 3592 3593
f 3561 3593 3562
f 3562 3593 3594
f 3562 3594 3563
f 3563 3594 3595
f 3563 3595 3564
f 3564 3595 3565
f 3595 3596 3565
f 3565 3596 3566
f 3596 3597 3566
f 3566 3597 3567
f 3597 3598 3567
f 3567 3598 3568
f 3598 3599 3568
f 3568 3599 3569
f 3599 3600 3569
f 3569 3600 3570
f 3600 3601 3570
f 3570 3601 3571
f 3601 3602 3571
f 3571 3602 3572
f 3572 3603 3573
f 3573 3603 3604
f 3573 3604 3574
f 3574 3604 3605
f 3574 3605 3575
f 3575 3605 3606
f 3575 3606 3576
f 3576 3606 3607
f 3576 3607 3577
f 3577 3607 3608
f 3577 3608 3578
f 3578 3608 3609
f 3578 3609 3579
f 3579 3609 3610
f 3579 3610 3580
f 3580 3610 3581
f 3610 3611 3581
f 3581 3611 3582
f 3611 3612 3582
f 3582 3612 3583
f 3612 3613 3583
f 3583 3613 3584
f 3613 3614 3584
f 3584 3614 3585
f 3614 3615 3585
f 3585 3615 3586
f 3615 3616 3586
f 3586 3616 3587
f 3616 3617 3587
f 3587 3617 3556
f 3556 3618 3588
f 3588 3618 3619
f 3588 3619 3589
f 3589 3619 3620
f 3589 3620 3590
f 3590 3620 3621
f 3590 3621 3591
f 3591 3621 3622
f 3591 3622 3592
f 3592 3622 3623
f 3592 3623 3593
f 3593 3623 3624
f 3593 3624 3594
f 3594 3624 3625
f 3594 3625 3595
f 3595 3625 3596
f 3625 3626 3596
f 3596 3626 3597
f 3626 3627 3597
f 3597 3627 3598
f 3627 3628 3598
f 3598 3628 3599
f 3628 3629 3599
f 3599 3629 3600
f 3629 3630 3600
f 3600 3630 3601
f 3630 3631 3601
f 3601 3631 3602
f 3631 3632 3602
f 3602 3632 3572
f 3572 3632 3603
f 3603 3632 3631
f 3603 3631 3604
f 3604 3631 3630
f 3604 3630 3605
f 3605 3630 3629
f 3605 3629 3606
f 3606 3629 3628
f 3606 3628 3607
f 3607 3628 3627
f 3607 3627 3608
f 3608 3627 3626
f 3608 3626 3609
f 3609 3626 3625
f 3609 3625 3610
f 3610 3625 3611
f 3625 3624 3611
f 3611 3624 3612
f 3624 3623 3612
f 3612 3623 3613
f 3623 3622 3613
f 3613 3622 3614
f 3622 3621 3614
f 3614 3621 3615
f 3621 3620 3615
f 3615 3620 3616
f 3620 3619 3616
f 3616 3619 3617
f 3619 3618 3617
f 3617 3618 3556
f 3633 3634 3635
f 3634 3636 3635
f 3635 3636 3637
f 3636 3638 3637
f 3637 3638 3639
f 3638 3640 3639
f 3639 3640 3641
f 3640 3642 3641
f 3641 3642 3643
f 3642 3644 3643
f 3643 3644 3645
f 3644 3646 3645
f 3645 3646 3647
f 3646 3648 3647
f 3647 3648 3649
f 3648 3650 3649
f 3648 3651 3650
f 3651 3652 3650
f 3651 3653 3652
f 3653 3654 3652
f 3653 3655 3654
f 3655 3656 3654
f 3655 3657 3656
f 3657 3658 3656
f 3657 3659 3658
f 3659 3660 3658
f 3659 3661 3660
f 3661 3662 3660
f 3661 3663 3662
f 3663 3664 3662
f 3664 3663 3665
f 3663 3661 3665
f 3665 3661 3666
f 3661 3659 3666
f 3666 3659 3667
f 3659 3657 3667
f 3667 3657 3668
f 3657 3655 3668
f 3668 3655 3669
f 3655 3653 3669
f 3669 3653 3670
f 3653 3651 3670
f 3670 3651 3671
f 3651 3648 3671
f 3671 3648 3672
f 3648 3673 3672
f 3648 3646 3673
f 3646 3674 3673
f 3646 3644 3674
f 3644 3675 3674
f 3644 3642 3675
f 3642 3676 3675
f 3642 3640 3676
f 3640 3677 3676
f 3640 3638 3677
f 3638 3678 3677
f 3638 3636 3678
f 3636 3679 3678
f 3636 3634 3679
f 3634 3633 3679
f 3633 3635 3680
f 3635 3637 3680
f 3680 3637 3681
f 3637 3639 3681
f 3681 3639 3682
f 3639 3641 3682
f 3682 3641 3683
f 3641 3643 3683
f 3683 3643 3684
f 3643 3645 3684
f 3684 3645 3685
f 3645 3647 3685
f 3685 3647 3686
f 3647 3649 3686
f 3686 3649 3687
f 3649 3688 3687
f 3649 3650 3688
f 3650 3689 3688
f 3650 3652 3689
f 3652 3690 3689
f 3652 3654 3690
f 3654 3691 3690
f 3654 3656 3691
f 3656 3692 3691
f 3656 3658 3692
f 3658 3693 3692
f 3658 3660 3693
f 3660 3694 3693
f 3660 3662 3694
f 3662 3664 3694
f 3664 3665 3695
f 3665 3666 3695
f 3695 3666 3696
f 3666 3667 3696
f 3696 3667 3697
f 3667 3668 3697
f 3697 3668 3698
f 3668 3669 3698
f 3698 3669 3699
f 3669 3670 3699
f 3699 3670 3700
f 3670 3671 3700
f 3700 3671 3701
f 3671 3672 3701
f 3701 3672 3702
f 3672 3703 3702
f 3672 3673 3703
f 3673 3704 3703
f 3673 3674 3704
f 3674 3705 3704
f 3674 3675 3705
f 3675 3706 3705
f 3675 3676 3706
f 3676 3707 3706
f 3676 3677 3707
f 3677 3708 3707
f 3677 3678 3708
f 3678 3709 3708
f 3678 3679 3709
f 3679 3633 3709
f 3633 3680 3710
f 3710 3680 3711
f 3680 3681 3711
f 3711 3681 3712
f 3681 3682 3712
f 3712 3682 3713
f 3682 3683 3713
f 3713 3683 3714
f 3683 3684 3714
f 3714 3684 3715
f 3684 3685 3715
f 3715 3685 3716
f 3685 3686 3716
f 3716 3686 3717
f 3686 3687 3717
f 3717 3687 3718
f 3687 3719 3718
f 3687 3688 3719
f 3688 3720 3719
f 3688 3689 3720
f 3689 3721 3720
f 3689 3690 3721
f 3690 3722 3721
f 3690 3691 3722
f 3691 3723 3722
f 3691 3692 3723
f 3692 3724 3723
f 3692 3693 3724
f 3693 3725 3724
f 3693 3694 3725
f 3694 3726 3725
f 3694 3664 3726
f 3664 3695 3726
f 3726 3695 3727
f 3695 3696 3727
f 3727 3696 3728
f 3696 3697 3728
f 3728 3697 3729
f 3697 3698 3729
f 3729 3698 3730
f 3698 3699 3730
f 3730 3699 3731
f 3699 3700 3731
f 3731 3700 3732
f 3700 3701 3732
f 3732 3701 3733
f 3701 3702 3733
f 3733 3702 3734
f 3702 3735 3734
f 3702 3703 3735
f 3703 3736 3735
f 3703 3704 3736
f 3704 3737 3736
f 3704 3705 3737
f 3705 3738 3737
f 3705 3706 3738
f 3706 3739 3738
f 3706 3707 3739
f 3707 3740 3739
f 3707 3708 3740
f 3708 3741 3740
f 3708 3709 3741
f 3709 3710 3741
f 3709 3633 3710
f 3710 3711 3742
f 3742 3711 3743
f 3711 3712 3743
f 3743 3712 3744
f 3712 3713 3744
f 3744 3713 3745
f 3713 3714 3745
f 3745 3714 3746
f 3714 3715 3746
f 3746 3715 3747
f 3715 3716 3747
f 3747 3716 3748
f 3716 3717 3748
f 3748 3717 3749
f 3717 3718 3749
f 3749 3718 3750
f 3718 3751 3750
f 3718 3719 3751
f 3719 3752 3751
f 3719 3720 3752
f 3720 3753 3752
f 3720 3721 3753
f 3721 3754 3753
f 3721 3722 3754
f 3722 3755 3754
f 3722 3723 3755
f 3723 3756 3755
f 3723 3724 3756
f 3724 3757 3756
f 3724 3725 3757
f 3725 3758 3757
f 3725 3726 3758
f 3726 3727 3758
f 3758 3727 3759
f 3727 3728 3759
f 3759 3728 3760
f 3728 3729 3760
f 3760 3729 3761
f 3729 3730 3761
f 3761 3730 3762
f 3730 3731 3762
f 3762 3731 3763
f 3731 3732 3763
f 3763 3732 3764
f 3732 3733 3764
f 3764 3733 3765
f 3733 3734 3765
f 3765 3734 3766
f 3734 3767 3766
f 3734 3735 3767
f 3735 3768 3767
f 3735 3736 3768
f 3736 3769 3768
f 3736 3737 3769
f 3737 3770 3769
f 3737 3738 3770
f 3738 3771 3770
f 3738 3739 3771
f 3739 3772 3771
f 3739 3740 3772
f 3740 3773 3772
f 3740 3741 3773
f 3741 3742 3773
f 3741 3710 3742
f 3742 3743 3774
f 3774 3743 3775
f 3743 3744 3775
f 3775 3744 3776
f 3744 3745 3776
f 3776 3745 3777
f 3745 3746 3777
f 3777 3746 3778
f 3746 3747 3778
f 3778 3747 3779
f 3747 3748 3779
f 3779 3748 3780
f 3748 3749 3780
f 3780 3749 3781
f 3749 3750 3781
f 3781 3750 3782
f 3750 3783 3782
f 3750 3751 3783
f 3751 3784 3783
f 3751 3752 3784
f 3752 3785 3784
f 3752 3753 3785
f 3753 3786 3785
f 3753 3754 3786
f 3754 3787 3786
f 3754 3755 3787
f 3755 3788 3787
f 3755 3756 3788
f 3756 3789 3788
f 3756 3757 3789
f 3757 3790 3789
f 3757 3758 3790
f 3758 3759 3790
f 3790 3759 3791
f 3759 3760 3791
f 3791 3760 3792
f 3760 3761 3792
f 3792 3761 3793
f 3761 3762 3793
f 3793 3762 3794
f 3762 3763 3794
f 3794 3763 3795
f 3763 3764 3795
f 3795 3764 3796
f 3764 3765 3796
f 3796 3765 3797
f 3765 3766 3797
f 3797 3766 3798
f 3766 3799 3798
f 3766 3767 3799
f 3767 3800 3799
f 3767 3768 3800
f 3768 3801 3800
f 3768 3769 3801
f 3769 3802 3801
f 3769 3770 3802
f 3770 3803 3802
f 3770 3771 3803
f 3771 3804 3803
f 3771 3772 3804
f 3772 3805 3804
f 3772 3773 3805
f 3773 3774 3805
f 3773 3742 3774
f 3774 3806 3807
f 3774 3775 3806
f 3775 3808 3806
f 3775 3776 3808
f 3776 3809 3808
f 3776 3777 3809
f 3777 3810 3809
f 3777 3778 3810
f 3778 3811 3810
f 3778 3779 3811
f 3779 3812 3811
f 3779 3780 3812
f 3780 3813 3812
f 3780 3781 3813
f 3781 3814 3813
f 3781 3782 3814
f 3782 3783 3814
f 3814 3783 3815
f 3783 3784 3815
f 3815 3784 3816
f 3784 3785 3816
f 3816 3785 3817
f 3785 3786 3817
f 3817 3786 3818
f 3786 3787 3818
f 3818 3787 3819
f 3787 3788 3819
f 3819 3788 3820
f 3788 3789 3820
f 3820 3789 3821
f 3789 3790 3821
f 3821 3790 3822
f 3790 3823 3822
f 3790 3791 3823
f 3791 3824 3823
f 3791 3792 3824
f 3792 3825 3824
f 3792 3793 3825
f 3793 3826 3825
f 3793 3794 3826
f 3794 3827 3826
f 3794 3795 3827
f 3795 3828 3827
f 3795 3796 3828
f 3796 3829 3828
f 3796 3797 3829
f 3797 3830 3829
f 3797 3798 3830
f 3798 3799 3830
f 3830 3799 3831
f 3799 3800 3831
f 3831 3800 3832
f 3800 3801 3832
f 3832 3801 3833
f 3801 3802 3833
f 3833 3802 3834
f 3802 3803 3834
f 3834 3803 3835
f 3803 3804 3835
f 3835 3804 3836
f 3804 3805 3836
f 3836 3805 3837
f 3805 3774 3837
f 3837 3774 3807
f 3807 3838 3839
f 3807 3806 3838
f 3806 3840 3838
f 3806 3808 3840
f 3808 3841 3840
f 3808 3809 3841
f 3809 3842 3841
f 3809 3810 3842
f 3810 3843 3842
f 3810 3811 3843
f 3811 3844 3843
f 3811 3812 3844
f 3812 3845 3844
f 3812 3813 3845
f 3813 3846 3845
f 3813 3814 3846
f 3814 3815 3846
f 3846 3815 3847
f 3815 3816 3847
f 3847 3816 3848
f 3816 3817 3848
f 3848 3817 3849
f 3817 3818 3849
f 3849 3818 3850
f 3818 3819 3850
f 3850 3819 3851
f 3819 3820 3851
f 3851 3820 3852
f 3820 3821 3852
f 3852 3821 3853
f 3821 3822 3853
f 3853 3822 3854
f 3822 3855 3854
f 3822 3823 3855
f 3823 3856 3855
f 3823 3824 3856
f 3824 3857 3856
f 3824 3825 3857
f 3825 3858 3857
f 3825 3826 3858
f 3826 3859 3858
f 3826 3827 3859
f 3827 3860 3859
f 3827 3828 3860
f 3828 3861 3860
f 3828 3829 3861
f 3829 3862 3861
f 3829 3830 3862
f 3830 3831 3862
f 3862 3831 3863
f 3831 3832 3863
f 3863 3832 3864
f 3832 3833 3864
f 3864 3833 3865
f 3833 3834 3865
f 3865 3834 3866
f 3834 3835 3866
f 3866 3835 3867
f 3835 3836 3867
f 3867 3836 3868
f 3836 3837 3868
f 3868 3837 3869
f 3837 3807 3869
f 3869 3807 3839
f 3839 3838 3870
f 3838 3871 3870
f 3838 3840 3871
f 3840 3872 3871
f 3840 3841 3872
f 3841 3873 3872
f 3841 3842 3873
f 3842 3874 3873
f 3842 3843 3874
f 3843 3875 3874
f 3843 3844 3875
f 3844 3876 3875
f 3844 3845 3876
f 3845 3877 3876
f 3845 3846 3877
f 3846 3847 3877
f 3877 3847 3878
f 3847 3848 3878
f 3878 3848 3879
f 3848 3849 3879
f 3879 3849 3880
f 3849 3850 3880
f 3880 3850 3881
f 3850 3851 3881
f 3881 3851 3882
f 3851 3852 3882
f 3882 3852 3883
f 3852 3853 3883
f 3883 3853 3884
f 3853 3854 3884
f 3854 3855 3885
f 3855 3886 3885
f 3855 3856 3886
f 3856 3887 3886
f 3856 3857 3887
f 3857 3888 3887
f 3857 3858 3888
f 3858 3889 3888
f 3858 3859 3889
f 3859 3890 3889
f 3859 3860 3890
f 3860 3891 3890
f 3860 3861 3891
f 3861 3892 3891
f 3861 3862 3892
f 3862 3863 3892
f 3892 3863 3893
f 3863 3864 3893
f 3893 3864 3894
f 3864 3865 3894
f 3894 3865 3895
f 3865 3866 3895
f 3895 3866 3896
f 3866 3867 3896
f 3896 3867 3897
f 3867 3868 3897
f 3897 3868 3898
f 3868 3869 3898
f 3898 3869 3899
f 3869 3839 3899
f 3839 3870 3900
f 3870 3901 3900
f 3870 3871 3901
f 3871 3902 3901
f 3871 3872 3902
f 3872 3903 3902
f 3872 3873 3903
f 3873 3904 3903
f 3873 3874 3904
f 3874 3905 3904
f 3874 3875 3905
f 3875 3906 3905
f 3875 3876 3906
f 3876 3907 3906
f 3876 3877 3907
f 3877 3878 3907
f 3907 3878 3908
f 3878 3879 3908
f 3908 3879 3909
f 3879 3880 3909
f 3909 3880 3910
f 3880 3881 3910
f 3910 3881 3911
f 3881 3882 3911
f 3911 3882 3912
f 3882 3883 3912
f 3912 3883 3913
f 3883 3884 3913
f 3913 3884 3914
f 3884 3854 3914
f 3854 3885 3914
f 3885 3913 3914
f 3885 3886 3913
f 3886 3912 3913
f 3886 3887 3912
f 3887 3911 3912
f 3887 3888 3911
f 3888 3910 3911
f 3888 3889 3910
f 3889 3909 3910
f 3889 3890 3909
f 3890 3908 3909
f 3890 3891 3908
f 3891 3907 3908
f 3891 3892 3907
f 3892 3893 3907
f 3907 3893 3906
f 3893 3894 3906
f 3906 3894 3905
f 3894 3895 3905
f 3905 3895 3904
f 3895 3896 3904
f 3904 3896 3903
f 3896 3897 3903
f 3903 3897 3902
f 3897 3898 3902
f 3902 3898 3901
f 3898 3899 3901
f 3901 3899 3900
f 3899 3839 3900
f 3915 3916 3917
f 3916 3918 3917
f 3918 3919 3917
f 3919 3920 3917
f 3917 3920 3921
f 3917 3921 3922
f 3917 3922 3923
f 3917 3923 3924
f 3924 3925 3917
f 3925 3926 3917
f 3926 3927 3917
f 3927 3928 3917
f 3917 3928 3929
f 3917 3929 3930
f 3917 3930 3931
f 3917 3931 3915
f 3915 3932 3916
f 3932 3933 3916
f 3916 3933 3918
f 3933 3934 3918
f 3918 3934 3919
f 3934 3935 3919
f 3919 3935 3920
f 3935 3936 3920
f 3920 3936 3937
f 3920 3937 3921
f 3921 3937 3938
f 3921 3938 3922
f 3922 3938 3939
f 3922 3939 3923
f 3923 3939 3940
f 3923 3940 3924
f 3924 3940 3925
f 3940 3941 3925
f 3925 3941 3926
f 3941 3942 3926
f 3926 3942 3927
f 3942 3943 3927
f 3927 3943 3928
f 3943 3944 3928
f 3928 3944 3945
f 3928 3945 3929
f 3929 3945 3946
f 3929 3946 3930
f 3930 3946 3947
f 3930 3947 3931
f 3931 3947 3932
f 3931 3932 3915
f 3932 3948 3933
f 3948 3949 3933
f 3933 3949 3934
f 3949 3950 3934
f 3934 3950 3935
f 3950 3951 3935
f 3935 3951 3936
f 3951 3952 3936
f 3936 3952 3953
f 3936 3953 3937
f 3937 3953 3954
f 3937 3954 3938
f 3938 3954 3955
f 3938 3955 3939
f 3939 3955 3956
f 3939 3956 3940
f 3940 3956 3941
f 3956 3957 3941
f 3941 3957 3942
f 3957 3958 3942
f 3942 3958 3943
f 3958 3959 3943
f 3943 3959 3944
f 3959 3960 3944
f 3944 3960 3961
f 3944 3961 3945
f 3945 3961 3962
f 3945 3962 3946
f 3946 3962 3963
f 3946 3963 3947
f 3947 3963 3948
f 3947 3948 3932
f 3948 3964 3949
f 3964 3965 3949
f 3949 3965 3950
f 3965 3966 3950
f 3950 3966 3951
f 3966 3967 3951
f 3951 3967 3952
f 3967 3968 3952
f 3952 3968 3969
f 3952 3969 3953
f 3953 3969 3970
f 3953 3970 3954
f 3954 3970 3971
f 3954 3971 3955
f 3955 3971 3972
f 3955 3972 3956
f 3956 3972 3957
f 3972 3973 3957
f 3957 3973 3958
f 3973 3974 3958
f 3958 3974 3959
f 3974 3975 3959
f 3959 3975 3960
f 3975 3976 3960
f 3960 3976 3977
f 3960 3977 3961
f 3961 3977 3978
f 3961 3978 3962
f 3962 3978 3979
f 3962 3979 3963
f 3963 3979 3964
f 3963 3964 3948
f 3964 3980 3965
f 3980 3981 3965
f 3965 3981 3966
f 3981 3982 3966
f 3966 3982 3967
f 3982 3983 3967
f 3967 3983 3968
f 3983 3984 3968
f 3968 3984 3985
f 3968 3985 3969
f 3969 3985 3986
f 3969 3986 3970
f 3970 3986 3987
f 3970 3987 3971
f 3971 3987 3988
f 3971 3988 3972
f 3972 3988 3973
f 3988 3989 3973
f 3973 3989 3974
f 3989 3990 3974
f 3974 3990 3975
f 3990 3991 3975
f 3975 3991 3976
f 3991 3992 3976
f 3976 3992 3993
f 3976 3993 3977
f 3977 3993 3994
f 3977 3994 3978
f 3978 3994 3995
f 3978 3995 3979
f 3979 3995 3980
f 3979 3980 3964
f 3980 3996 3981
f 3996 3997 3981
f 3981 3997 3982
f 3997 3998 3982
f 3982 3998 3983
f 3998 3999 3983
f 3983 3999 3984
f 3999 4000 3984
f 3984 4000 4001
f 3984 4001 3985
f 3985 4001 4002
f 3985 4002 3986
f 3986 4002 4003
f 3986 4003 3987
f 3987 4003 4004
f 3987 4004 3988
f 3988 4004 3989
f 4004 4005 3989
f 3989 4005 3990
f 4005 4006 3990
f 3990 4006 3991
f 4006 4007 3991
f 3991 4007 3992
f 4007 4008 3992
f 3992 4008 4009
f 3992 4009 3993
f 3993 4009 4010
f 3993 4010 3994
f 3994 4010 4011
f 3994 4011 3995
f 3995 4011 3996
f 3995 3996 3980
f 3996 4012 3997
f 4012 4013 3997
f 3997 4013 3998
f 4013 4014 3998
f 3998 4014 3999
f 4014 4015 3999
f 3999 4015 4000
f 4015 4016 4000
f 4000 4016 4017
f 4000 4017 4001
f 4001 4017 4018
f 4001 4018 4002
f 4002 4018 4019
f 4002 4019 4003
f 4003 4019 4020
f 4003 4020 4004
f 4004 4020 4005
f 4020 4021 4005
f 4005 4021 4006
f 4021 4022 4006
f 4006 4022 4007
f 4022 4023 4007
f 4007 4023 4008
f 4023 4024 4008
f 4008 4024 4025
f 4008 4025 4009
f 4009 4025 4026
f 4009 4026 4010
f 4010 4026 4027
f 4010 4027 4011
f 4011 4027 4012
f 4011 4012 3996
f 4012 4028 4013
f 4028 4029 4013
f 4013 4029 4014
f 4029 4030 4014
f 4014 4030 4015
f 4030 4031 4015
f 4015 4031 4016
f 4031 4032 4016
f 4016 4032 4033
f 4016 4033 4017
f 4017 4033 4034
f 4017 4034 4018
f 4018 4034 4035
f 4018 4035 4019
f 4019 4035 4036
f 4019 4036 4020
f 4020 4036 4021
f 4036 4037 4021
f 4021 4037 4022
f 4037 4038 4022
f 4022 4038 4023
f 4038 4039 4023
f 4023 4039 4024
f 4039 4040 4024
f 4024 4040 4041
f 4024 4041 4025
f 4025 4041 4042
f 4025 4042 4026
f 4026 4042 4043
f 4026 4043 4027
f 4027 4043 4028
f 4027 4028 4012
f 4028 4044 4029
f 4044 4045 4029
f 4029 4045 4030
f 4045 4046 4030
f 4030 4046 4031
f 4046 4047 4031
f 4031 4047 4032
f 4047 4048 4032
f 4032 4048 4049
f 4032 4049 4033
f 4033 4049 4050
f 4033 4050 4034
f 4034 4050 4051
f 4034 4051 4035
f 4035 4051 4052
f 4035 4052 4036
f 4036 4052 4037
f 4052 4053 4037
f 4037 4053 4038
f 4053 4054 4038
f 4038 4054 4039
f 4054 4055 4039
f 4039 4055 4040
f 4055 4056 4040
f 4040 4056 4057
f 4040 4057 4041
f 4041 4057 4058
f 4041 4058 4042
f 4042 4058 4059
f 4042 4059 4043
f 4043 4059 4044
f 4043 4044 4028
f 4044 4060 4045
f 4060 4061 4045
f 4045 4061 4046
f 4061 4062 4046
f 4046 4062 4047
f 4062 4063 4047
f 4047 4063 4048
f 4063 4064 4048
f 4048 4064 4065
f 4048 4065 4049
f 4049 4065 4066
f 4049 4066 4050
f 4050 4066 4067
f 4050 4067 4051
f 4051 4067 4068
f 4051 4068 4052
f 4052 4068 4053
f 4068 4069 4053
f 4053 4069 4054
f 4069 4070 4054
f 4054 4070 4055
f 4070 4071 4055
f 4055 4071 4056
f 4071 4072 4056
f 4056 4072 4073
f 4056 4073 4057
f 4057 4073 4074
f 4057 4074 4058
f 4058 4074 4075
f 4058 4075 4059
f 4059 4075 4060
f 4059 4060 4044
f 4060 4076 4077
f 4060 4077 4061
f 4061 4077 4078
f 4061 4078 4062
f 4062 4078 4079
f 4062 4079 4063
f 4063 4079 4080
f 4063 4080 4064
f 4064 4080 4065
f 4080 4081 4065
f 4065 4081 4066
f 4081 4082 4066
f 4066 4082 4067
f 4082 4083 4067
f 4067 4083 4068
f 4083 4084 4068
f 4068 4084 4085
f 4068 4085 4069
f 4069 4085 4086
f 4069 4086 4070
f 4070 4086 4087
f 4070 4087 4071
f 4071 4087 4088
f 4071 4088 4072
f 4072 4088 4073
f 4088 4089 4073
f 4073 4089 4074
f 4089 4090 4074
f 4074 4090 4075
f 4090 4091 4075
f 4075 4091 4060
f 4091 4076 4060
f 4076 4092 4093
f 4076 4093 4077
f 4077 4093 4094
f 4077 4094 4078
f 4078 4094 4095
f 4078 4095 4079
f 4079 4095 4096
f 4079 4096 4080
f 4080 4096 4081
f 4096 4097 4081
f 4081 4097 4082
f 4097 4098 4082
f 4082 4098 4083
f 4098 4099 4083
f 4083 4099 4084
f 4099 4100 4084
f 4084 4100 4101
f 4084 4101 4085
f 4085 4101 4102
f 4085 4102 4086
f 4086 4102 4103
f 4086 4103 4087
f 4087 4103 4104
f 4087 4104 4088
f 4088 4104 4089
f 4104 4105 4089
f 4089 4105 4090
f 4105 4106 4090
f 4090 4106 4091
f 4106 4107 4091
f 4091 4107 4076
f 4107 4092 4076
f 4092 4108 4109
f 4092 4109 4093
f 4093 4109 4110
f 4093 4110 4094
f 4094 4110 4111
f 4094 4111 4095
f 4095 4111 4112
f 4095 4112 4096
f 4096 4112 4097
f 4112 4113 4097
f 4097 4113 4098
f 4113 4114 4098
f 4098 4114 4099
f 4114 4115 4099
f 4099 4115 4100
f 4115 4116 4100
f 4100 4116 4117
f 4100 4117 4101
f 4101 4117 4118
f 4101 4118 4102
f 4102 4118 4119
f 4102 4119 4103
f 4103 4119 4120
f 4103 4120 4104
f 4104 4120 4105
f 4120 4121 4105
f 4105 4121 4106
f 4121 4122 4106
f 4106 4122 4107
f 4122 4123 4107
f 4107 4123 4092
f 4123 4108 4092
f 4108 4124 4125
f 4108 4125 4109
f 4109 4125 4126
f 4109 4126 4110
f 4110 4126 4127
f 4110 4127 4111
f 4111 4127 4128
f 4111 4128 4112
f 4112 4128 4113
f 4128 4129 4113
f 4113 4129 4114
f 4129 4130 4114
f 4114 4130 4115
f 4130 4131 4115
f 4115 4131 4116
f 4131 4132 4116
f 4116 4132 4133
f 4116 4133 4117
f 4117 4133 4134
f 4117 4134 4118
f 4118 4134 4135
f 4118 4135 4119
f 4119 4135 4136
f 4119 4136 4120
f 4120 4136 4121
f 4136 4137 4121
f 4121 4137 4122
f 4137 4138 4122
f 4122 4138 4123
f 4138 4139 4123
f 4123 4139 4108
f 4139 4124 4108
f 4124 4140 4141
f 4124 4141 4125
f 4125 4141 4142
f 4125 4142 4126
f 4126 4142 4143
f 4126 4143 4127
f 4127 4143 4144
f 4127 4144 4128
f 4128 4144 4129
f 4144 4145 4129
f 4129 4145 4130
f 4145 4146 4130
f 4130 4146 4131
f 4146 4147 4131
f 4131 4147 4132
f 4147 4148 4132
f 4132 4148 4149
f 4132 4149 4133
f 4133 4149 4150
f 4133 4150 4134
f 4134 4150 4151
f 4134 4151 4135
f 4135 4151 4152
f 4135 4152 4136
f 4136 4152 4137
f 4152 4153 4137
f 4137 4153 4138
f 4153 4154 4138
f 4138 4154 4139
f 4154 4155 4139
f 4139 4155 4124
f 4155 4140 4124
f 4140 4156 4157
f 4140 4157 4141
f 4141 4157 4158
f 4141 4158 4142
f 4142 4158 4159
f 4142 4159 4143
f 4143 4159 4160
f 4143 4160 4144
f 4144 4160 4145
f 4160 4161 4145
f 4145 4161 4146
f 4161 4162 4146
f 4146 4162 4147
f 4162 4163 4147
f 4147 4163 4148
f 4163 4164 4148
f 4148 4164 4165
f 4148 4165 4149
f 4149 4165 4166
f 4149 4166 4150
f 4150 4166 4167
f 4150 4167 4151
f 4151 4167 4168
f 4151 4168 4152
f 4152 4168 4153
f 4168 4169 4153
f 4153 4169 4154
f 4169 4170 4154
f 4154 4170 4155
f 4170 4171 4155
f 4155 4171 4140
f 4171 4156 4140
f 4156 4172 4173
f 4156 4173 4157
f 4157 4173 4174
f 4157 4174 4158
f 4158 4174 4175
f 4158 4175 4159
f 4159 4175 4176
f 4159 4176 4160
f 4160 4176 4161
f 4176 4177 4161
f 4161 4177 4162
f 4177 4178 4162
f 4162 4178 4163
f 4178 4179 4163
f 4163 4179 4164
f 4179 4180 4164
f 4164 4180 4181
f 4164 4181 4165
f 4165 4181 4182
f 4165 4182 4166
f 4166 4182 4183
f 4166 4183 4167
f 4167 4183 4184
f 4167 4184 4168
f 4168 4184 4169
f 4184 4185 4169
f 4169 4185 4170
f 4185 4186 4170
f 4170 4186 4171
f 4186 4187 4171
f 4171 4187 4156
f 4187 4172 4156
f 4172 4188 4189
f 4172 4189 4173
f 4173 4189 4190
f 4173 4190 4174
f 4174 4190 4191
f 4174 4191 4175
f 4175 4191 4192
f 4175 4192 4176
f 4176 4192 4177
f 4192 4193 4177
f 4177 4193 4178
f 4193 4194 4178
f 4178 4194 4179
f 4194 4195 4179
f 4179 4195 4180
f 4195 4196 4180
f 4180 4196 4197
f 4180 4197 4181
f 4181 4197 4198
f 4181 4198 4182
f 4182 4198 4199
f 4182 4199 4183
f 4183 4199 4200
f 4183 4200 4184
f 4184 4200 4185
f 4200 4201 4185
f 4185 4201 4186
f 4201 4202 4186
f 4186 4202 4187
f 4202 4203 4187
f 4187 4203 4172
f 4203 4188 4172
f 4188 4204 4205
f 4188 4205 4189
f 4189 4205 4206
f 4189 4206 4190
f 4190 4206 4207
f 4190 4207 4191
f 4191 4207 4208
f 4191 4208 4192
f 4192 4208 4193
f 4208 4209 4193
f 4193 4209 4194
f 4209 4210 4194
f 4194 4210 4195
f 4210 4211 4195
f 4195 4211 4196
f 4211 4212 4196
f 4196 4212 4213
f 4196 4213 4197
f 4197 4213 4214
f 4197 4214 4198
f 4198 4214 4215
f 4198 4215 4199
f 4199 4215 4216
f 4199 4216 4200
f 4200 4216 4201
f 4216 4217 4201
f 4201 4217 4202
f 4217 4218 4202
f 4202 4218 4203
f 4218 4219 4203
f 4203 4219 4188
f 4219 4204 4188
f 4204 4220 4205
f 4205 4220 4206
f 4206 4220 4207
f 4207 4220 4208
f 4208 4220 4209
f 4209 4220 4210
f 4210 4220 4211
f 4211 4220 4212
f 4212 4220 4213
f 4213 4220 4214
f 4214 4220 4215
f 4215 4220 4216
f 4216 4220 4217
f 4217 4220 4218
f 4218 4220 4219
f 4219 4220 4204
f 4221 4222 4223
f 4222 4224 4223
f 4224 4225 4223
f 4225 4226 4223
f 4223 4226 4227
f 4223 4227 4228
f 4223 4228 4229
f 4223 4229 4230
f 4230 4231 4223
f 4231 4232 4223
f 4232 4233 4223
f 4233 4234 4223
f 4223 4234 4235
f 4223 4235 4236
f 4223 4236 4237
f 4223 4237 4221
f 4221 4238 4222
f 4238 4239 4222
f 4222 4239 4224
f 4239 4240 4224
f 4224 4240 4225
f 4240 4241 4225
f 4225 4241 4226
f 4241 4242 4226
f 4226 4242 4243
f 4226 4243 4227
f 4227 4243 4244
f 4227 4244 4228
f 4228 4244 4245
f 4228 4245 4229
f 4229 4245 4246
f 4229 4246 4230
f 4230 4246 4231
f 4246 4247 4231
f 4231 4247 4232
f 4247 4248 4232
f 4232 4248 4233
f 4248 4249 4233
f 4233 4249 4234
f 4249 4250 4234
f 4234 4250 4251
f 4234 4251 4235
f 4235 4251 4252
f 4235 4252 4236
f 4236 4252 4253
f 4236 4253 4237
f 4237 4253 4238
f 4237 4238 4221
f 4238 4254 4239
f 4254 4255 4239
f 4239 4255 4240
f 4255 4256 4240
f 4240 4256 4241
f 4256 4257 4241
f 4241 4257 4242
f 4257 4258 4242
f 4242 4258 4259
f 4242 4259 4243
f 4243 4259 4260
f 4243 4260 4244
f 4244 4260 4261
f 4244 4261 4245
f 4245 4261 4262
f 4245 4262 4246
f 4246 4262 4247
f 4262 4263 4247
f 4247 4263 4248
f 4263 4264 4248
f 4248 4264 4249
f 4264 4265 4249
f 4249 4265 4250
f 4265 4266 4250
f 4250 4266 4267
f 4250 4267 4251
f 4251 4267 4268
f 4251 4268 4252
f 4252 4268 4269
f 4252 4269 4253
f 4253 4269 4254
f 4253 4254 4238
f 4254 4270 4255
f 4270 4271 4255
f 4255 4271 4256
f 4271 4272 4256
f 4256 4272 4257
f 4272 4273 4257
f 4257 4273 4258
f 4273 4274 4258
f 4258 4274 4275
f 4258 4275 4259
f 4259 4275 4276
f 4259 4276 4260
f 4260 4276 4277
f 4260 4277 4261
f 4261 4277 4278
f 4261 4278 4262
f 4262 4278 4263
f 4278 4279 4263
f 4263 4279 4264
f 4279 4280 4264
f 4264 4280 4265
f 4280 4281 4265
f 4265 4281 4266
f 4281 4282 4266
f 4266 4282 4283
f 4266 4283 4267
f 4267 4283 4284
f 4267 4284 4268
f 4268 4284 4285
f 4268 4285 4269
f 4269 4285 4270
f 4269 4270 4254
f 4270 4286 4271
f 4286 4287 4271
f 4271 4287 4272
f 4287 4288 4272
f 4272 4288 4273
f 4288 4289 4273
f 4273 4289 4274
f 4289 4290 4274
f 4274 4290 4291
f 4274 4291 4275
f 4275 4291 4292
f 4275 4292 4276
f 4276 4292 4293
f 4276 4293 4277
f 4277 4293 4294
f 4277 4294 4278
f 4278 4294 4279
f 4294 4295 4279
f 4279 4295 4280
f 4295 4296 4280
f 4280 4296 4281
f 4296 4297 4281
f 4281 4297 4282
f 4297 4298 4282
f 4282 4298 4299
f 4282 4299 4283
f 4283 4299 4300
f 4283 4300 4284
f 4284 4300 4301
f 4284 4301 4285
f 4285 4301 4286
f 4285 4286 4270
f 4286 4302 4287
f 4302 4303 4287
f 4287 4303 4288
f 4303 4304 4288
f 4288 4304 4289
f 4304 4305 4289
f 4289 4305 4290
f 4305 4306 4290
f 4290 4306 4307
f 4290 4307 4291
f 4291 4307 4308
f 4291 4308 4292
f 4292 4308 4309
f 4292 4309 4293
f 4293 4309 4310
f 4293 4310 4294
f 4294 4310 4295
f 4310 4311 4295
f 4295 4311 4296
f 4311 4312 4296
f 4296 4312 4297
f 4312 4313 4297
f 4297 4313 4298
f 4313 4314 4298
f 4298 4314 4315
f 4298 4315 4299
f 4299 4315 4316
f 4299 4316 4300
f 4300 4316 4317
f 4300 4317 4301
f 4301 4317 4302
f 4301 4302 4286
f 4302 4318 4303
f 4318 4319 4303
f 4303 4319 4304
f 4319 4320 4304
f 4304 4320 4305
f 4320 4321 4305
f 4305 4321 4306
f 4321 4322 4306
f 4306 4322 4323
f 4306 4323 4307
f 4307 4323 4324
f 4307 4324 4308
f 4308 4324 4325
f 4308 4325 4309
f 4309 4325 4326
f 4309 4326 4310
f 4310 4326 4311
f 4326 4327 4311
f 4311 4327 4312
f 4327 4328 4312
f 4312 4328 4313
f 4328 4329 4313
f 4313 4329 4314
f 4329 4330 4314
f 4314 4330 4331
f 4314 4331 4315
f 4315 4331 4332
f 4315 4332 4316
f 4316 4332 4333
f 4316 4333 4317
f 4317 4333 4318
f 4317 4318 4302
f 4318 4334 4319
f 4334 4335 4319
f 4319 4335 4320
f 4335 4336 4320
f 4320 4336 4321
f 4336 4337 4321
f 4321 4337 4322
f 4337 4338 4322
f 4322 4338 4339
f 4322 4339 4323
f 4323 4339 4340
f 4323 4340 4324
f 4324 4340 4341
f 4324 4341 4325
f 4325 4341 4342
f 4325 4342 4326
f 4326 4342 4327
f 4342 4343 4327
f 4327 4343 4328
f 4343 4344 4328
f 4328 4344 4329
f 4344 4345 4329
f 4329 4345 4330
f 4345 4346 4330
f 4330 4346 4347
f 4330 4347 4331
f 4331 4347 4348
f 4331 4348 4332
f 4332 4348 4349
f 4332 4349 4333
f 4333 4349 4334
f 4333 4334 4318
f 4334 4350 4335
f 4350 4351 4335
f 4335 4351 4336
f 4351 4352 4336
f 4336 4352 4337
f 4352 4353 4337
f 4337 4353 4338
f 4353 4354 4338
f 4338 4354 4355
f 4338 4355 4339
f 4339 4355 4356
f 4339 4356 4340
f 4340 4356 4357
f 4340 4357 4341
f 4341 4357 4358
f 4341 4358 4342
f 4342 4358 4343
f 4358 4359 4343
f 4343 4359 4344
f 4359 4360 4344
f 4344 4360 4345
f 4360 4361 4345
f 4345 4361 4346
f 4361 4362 4346
f 4346 4362 4363
f 4346 4363 4347
f 4347 4363 4364
f 4347 4364 4348
f 4348 4364 4365
f 4348 4365 4349
f 4349 4365 4350
f 4349 4350 4334
f 4350 4366 4351
f 4366 4367 4351
f 4351 4367 4352
f 4367 4368 4352
f 4352 4368 4353
f 4368 4369 4353
f 4353 4369 4354
f 4369 4370 4354
f 4354 4370 4371
f 4354 4371 4355
f 4355 4371 4372
f 4355 4372 4356
f 4356 4372 4373
f 4356 4373 4357
f 4357 4373 4374
f 4357 4374 4358
f 4358 4374 4359
f 4374 4375 4359
f 4359 4375 4360
f 4375 4376 4360
f 4360 4376 4361
f 4376 4377 4361
f 4361 4377 4362
f 4377 4378 4362
f 4362 4378 4379
f 4362 4379 4363
f 4363 4379 4380
f 4363 4380 4364
f 4364 4380 4381
f 4364 4381 4365
f 4365 4381 4366
f 4365 4366 4350
f 4366 4382 4383
f 4366 4383 4367
f 4367 4383 4384
f 4367 4384 4368
f 4368 4384 4385
f 4368 4385 4369
f 4369 4385 4386
f 4369 4386 4370
f 4370 4386 4371
f 4386 4387 4371
f 4371 4387 4372
f 4387 4388 4372
f 4372 4388 4373
f 4388 4389 4373
f 4373 4389 4374
f 4389 4390 4374
f 4374 4390 4391
f 4374 4391 4375
f 4375 4391 4392
f 4375 4392 4376
f 4376 4392 4393
f 4376 4393 4377
f 4377 4393 4394
f 4377 4394 4378
f 4378 4394 4379
f 4394 4395 4379
f 4379 4395 4380
f 4395 4396 4380
f 4380 4396 4381
f 4396 4397 4381
f 4381 4397 4366
f 4397 4382 4366
f 4382 4398 4399
f 4382 4399 4383
f 4383 4399 4400
f 4383 4400 4384
f 4384 4400 4401
f 4384 4401 4385
f 4385 4401 4402
f 4385 4402 4386
f 4386 4402 4387
f 4402 4403 4387
f 4387 4403 4388
f 4403 4404 4388
f 4388 4404 4389
f 4404 4405 4389
f 4389 4405 4390
f 4405 4406 4390
f 4390 4406 4407
f 4390 4407 4391
f 4391 4407 4408
f 4391 4408 4392
f 4392 4408 4409
f 4392 4409 4393
f 4393 4409 4410
f 4393 4410 4394
f 4394 4410 4395
f 4410 4411 4395
f 4395 4411 4396
f 4411 4412 4396
f 4396 4412 4397
f 4412 4413 4397
f 4397 4413 4382
f 4413 4398 4382
f 4398 4414 4415
f 4398 4415 4399
f 4399 4415 4416
f 4399 4416 4400
f 4400 4416 4417
f 4400 4417 4401
f 4401 4417 4418
f 4401 4418 4402
f 4402 4418 4403
f 4418 4419 4403
f 4403 4419 4404
f 4419 4420 4404
f 4404 4420 4405
f 4420 4421 4405
f 4405 4421 4406
f 4421 4422 4406
f 4406 4422 4423
f 4406 4423 4407
f 4407 4423 4424
f 4407 4424 4408
f 4408 4424 4425
f 4408 4425 4409
f 4409 4425 4426
f 4409 4426 4410
f 4410 4426 4411
f 4426 4427 4411
f 4411 4427 4412
f 4427 4428 4412
f 4412 4428 4413
f 4428 4429 4413
f 4413 4429 4398
f 4429 4414 4398
f 4414 4430 4431
f 4414 4431 4415
f 4415 4431 4432
f 4415 4432 4416
f 4416 4432 4433
f 4416 4433 4417
f 4417 4433 4434
f 4417 4434 4418
f 4418 4434 4419
f 4434 4435 4419
f 4419 4435 4420
f 4435 4436 4420
f 4420 4436 4421
f 4436 4437 4421
f 4421 4437 4422
f 4437 4438 4422
f 4422 4438 4439
f 4422 4439 4423
f 4423 4439 4440
f 4423 4440 4424
f 4424 4440 4441
f 4424 4441 4425
f 4425 4441 4442
f 4425 4442 4426
f 4426 4442 4427
f 4442 4443 4427
f 4427 4443 4428
f 4443 4444 4428
f 4428 4444 4429
f 4444 4445 4429
f 4429 4445 4414
f 4445 4430 4414
f 4430 4446 4447
f 4430 4447 4431
f 4431 4447 4448
f 4431 4448 4432
f 4432 4448 4449
f 4432 4449 4433
f 4433 4449 4450
f 4433 4450 4434
f 4434 4450 4435
f 4450 4451 4435
f 4435 4451 4436
f 4451 4452 4436
f 4436 4452 4437
f 4452 4453 4437
f 4437 4453 4438
f 4453 4454 4438
f 4438 4454 4455
f 4438 4455 4439
f 4439 4455 4456
f 4439 4456 4440
f 4440 4456 4457
f 4440 4457 4441
f 4441 4457 4458
f 4441 4458 4442
f 4442 4458 4443
f 4458 4459 4443
f 4443 4459 4444
f 4459 4460 4444
f 4444 4460 4445
f 4460 4461 4445
f 4445 4461 4430
f 4461 4446 4430
f 4446 4462 4463
f 4446 4463 4447
f 4447 4463 4464
f 4447 4464 4448
f 4448 4464 4465
f 4448 4465 4449
f 4449 4465 4466
f 4449 4466 4450
f 4450 4466 4451
f 4466 4467 4451
f 4451 4467 4452
f 4467 4468 4452
f 4452 4468 4453
f 4468 4469 4453
f 4453 4469 4454
f 4469 4470 4454
f 4454 4470 4471
f 4454 4471 4455
f 4455 4471 4472
f 4455 4472 4456
f 4456 4472 4473
f 4456 4473 4457
f 4457 4473 4474
f 4457 4474 4458
f 4458 4474 4459
f 4474 4475 4459
f 4459 4475 4460
f 4475 4476 4460
f 4460 4476 4461
f 4476 4477 4461
f 4461 4477 4446
f 4477 4462 4446
f 4462 4478 4479
f 4462 4479 4463
f 4463 4479 4480
f 4463 4480 4464
f 4464 4480 4481
f 4464 4481 4465
f 4465 4481 4482
f 4465 4482 4466
f 4466 4482 4467
f 4482 4483 4467
f 4467 4483 4468
f 4483 4484 4468
f 4468 4484 4469
f 4484 4485 4469
f 4469 4485 4470
f 4485 4486 4470
f 4470 4486 4487
f 4470 4487 4471
f 4471 4487 4488
f 4471 4488 4472
f 4472 4488 4489
f 4472 4489 4473
f 4473 4489 4490
f 4473 4490 4474
f 4474 4490 4475
f 4490 4491 4475
f 4475 4491 4476
f 4491 4492 4476
f 4476 4492 4477
f 4492 4493 4477
f 4477 4493 4462
f 4493 4478 4462
f 4478 4494 4495
f 4478 4495 4479
f 4479 4495 4496
f 4479 4496 4480
f 4480 4496 4497
f 4480 4497 4481
f 4481 4497 4498
f 4481 4498 4482
f 4482 4498 4483
f 4498 4499 4483
f 4483 4499 4484
f 4499 4500 4484
f 4484 4500 4485
f 4500 4501 4485
f 4485 4501 4486
f 4501 4502 4486
f 4486 4502 4503
f 4486 4503 4487
f 4487 4503 4504
f 4487 4504 4488
f 4488 4504 4505
f 4488 4505 4489
f 4489 4505 4506
f 4489 4506 4490
f 4490 4506 4491
f 4506 4507 4491
f 4491 4507 4492
f 4507 4508 4492
f 4492 4508 4493
f 4508 4509 4493
f 4493 4509 4478
f 4509 4494 4478
f 4494 4510 4511
f 4494 4511 4495
f 4495 4511 4512
f 4495 4512 4496
f 4496 4512 4513
f 4496 4513 4497
f 4497 4513 4514
f 4497 4514 4498
f 4498 4514 4499
f 4514 4515 4499
f 4499 4515 4500
f 4515 4516 4500
f 4500 4516 4501
f 4516 4517 4501
f 4501 4517 4502
f 4517 4518 4502
f 4502 4518 4519
f 4502 4519 4503
f 4503 4519 4520
f 4503 4520 4504
f 4504 4520 4521
f 4504 4521 4505
f 4505 4521 4522
f 4505 4522 4506
f 4506 4522 4507
f 4522 4523 4507
f 4507 4523 4508
f 4523 4524 4508
f 4508 4524 4509
f 4524 4525 4509
f 4509 4525 4494
f 4525 4510 4494
f 4510 4526 4511
f 4511 4526 4512
f 4512 4526 4513
f 4513 4526 4514
f 4514 4526 4515
f 4515 4526 4516
f 4516 4526 4517
f 4517 4526 4518
f 4518 4526 4519
f 4519 4526 4520
f 4520 4526 4521
f 4521 4526 4522
f 4522 4526 4523
f 4523 4526 4524
f 4524 4526 4525
f 4525 4526 4510
f 4527 4528 4529
f 4528 4530 4529
f 4530 4531 4529
f 4531 4532 4529
f 4529 4532 4533
f 4529 4533 4534
f 4529 4534 4535
f 4529 4535 4536
f 4536 4537 4529
f 4537 4538 4529
f 4538 4539 4529
f 4539 4540 4529
f 4529 4540 4541
f 4529 4541 4542
f 4529 4542 4543
f 4529 4543 4527
f 4527 4544 4528
f 4544 4545 4528
f 4528 4545 4530
f 4545 4546 4530
f 4530 4546 4531
f 4546 4547 4531
f 4531 4547 4532
f 4547 4548 4532
f 4532 4548 4549
f 4532 4549 4533
f 4533 4549 4550
f 4533 4550 4534
f 4534 4550 4551
f 4534 4551 4535
f 4535 4551 4552
f 4535 4552 4536
f 4536 4552 4537
f 4552 4553 4537
f 4537 4553 4538
f 4553 4554 4538
f 4538 4554 4539
f 4554 4555 4539
f 4539 4555 4540
f 4555 4556 4540
f 4540 4556 4557
f 4540 4557 4541
f 4541 4557 4558
f 4541 4558 4542
f 4542 4558 4559
f 4542 4559 4543
f 4543 4559 4544
f 4543 4544 4527
f 4544 4560 4545
f 4560 4561 4545
f 4545 4561 4546
f 4561 4562 4546
f 4546 4562 4547
f 4562 4563 4547
f 4547 4563 4548
f 4563 4564 4548
f 4548 4564 4565
f 4548 4565 4549
f 4549 4565 4566
f 4549 4566 4550
f 4550 4566 4567
f 4550 4567 4551
f 4551 4567 4568
f 4551 4568 4552
f 4552 4568 4553
f 4568 4569 4553
f 4553 4569 4554
f 4569 4570 4554
f 4554 4570 4555
f 4570 4571 4555
f 4555 4571 4556
f 4571 4572 4556
f 4556 4572 4573
f 4556 4573 4557
f 4557 4573 4574
f 4557 4574 4558
f 4558 4574 4575
f 4558 4575 4559
f 4559 4575 4560
f 4559 4560 4544
f 4560 4576 4561
f 4576 4577 4561
f 4561 4577 4562
f 4577 4578 4562
f 4562 4578 4563
f 4578 4579 4563
f 4563 4579 4564
f 4579 4580 4564
f 4564 4580 4581
f 4564 4581 4565
f 4565 4581 4582
f 4565 4582 4566
f 4566 4582 4583
f 4566 4583 4567
f 4567 4583 4584
f 4567 4584 4568
f 4568 4584 4569
f 4584 4585 4569
f 4569 4585 4570
f 4585 4586 4570
f 4570 4586 4571
f 4586 4587 4571
f 4571 4587 4572
f 4587 4588 4572
f 4572 4588 4589
f 4572 4589 4573
f 4573 4589 4590
f 4573 4590 4574
f 4574 4590 4591
f 4574 4591 4575
f 4575 4591 4576
f 4575 4576 4560
f 4576 4592 4577
f 4592 4593 4577
f 4577 4593 4578
f 4593 4594 4578
f 4578 4594 4579
f 4594 4595 4579
f 4579 4595 4580
f 4595 4596 4580
f 4580 4596 4597
f 4580 4597 4581
f 4581 4597 4598
f 4581 4598 4582
f 4582 4598 4599
f 4582 4599 4583
f 4583 4599 4600
f 4583 4600 4584
f 4584 4600 4585
f 4600 4601 4585
f 4585 4601 4586
f 4601 4602 4586
f 4586 4602 4587
f 4602 4603 4587
f 4587 4603 4588
f 4603 4604 4588
f 4588 4604 4605
f 4588 4605 4589
f 4589 4605 4606
f 4589 4606 4590
f 4590 4606 4607
f 4590 4607 4591
f 4591 4607 4592
f 4591 4592 4576
f 4592 4608 4593
f 4608 4609 4593
f 4593 4609 4594
f 4609 4610 4594
f 4594 4610 4595
f 4610 4611 4595
f 4595 4611 4596
f 4611 4612 4596
f 4596 4612 4613
f 4596 4613 4597
f 4597 4613 4614
f 4597 4614 4598
f 4598 4614 4615
f 4598 4615 4599
f 4599 4615 4616
f 4599 4616 4600
f 4600 4616 4601
f 4616 4617 4601
f 4601 4617 4602
f 4617 4618 4602
f 4602 4618 4603
f 4618 4619 4603
f 4603 4619 4604
f 4619 4620 4604
f 4604 4620 4621
f 4604 4621 4605
f 4605 4621 4622
f 4605 4622 4606
f 4606 4622 4623
f 4606 4623 4607
f 4607 4623 4608
f 4607 4608 4592
f 4608 4624 4609
f 4624 4625 4609
f 4609 4625 4610
f 4625 4626 4610
f 4610 4626 4611
f 4626 4627 4611
f 4611 4627 4612
f 4627 4628 4612
f 4612 4628 4629
f 4612 4629 4613
f 4613 4629 4630
f 4613 4630 4614
f 4614 4630 4631
f 4614 4631 4615
f 4615 4631 4632
f 4615 4632 4616
f 4616 4632 4617
f 4632 4633 4617
f 4617 4633 4618
f 4633 4634 4618
f 4618 4634 4619
f 4634 4635 4619
f 4619 4635 4620
f 4635 4636 4620
f 4620 4636 4637
f 4620 4637 4621
f 4621 4637 4638
f 4621 4638 4622
f 4622 4638 4639
f 4622 4639 4623
f 4623 4639 4624
f 4623 4624 4608
f 4624 4640 4625
f 4640 4641 4625
f 4625 4641 4626
f 4641 4642 4626
f 4626 4642 4627
f 4642 4643 4627
f 4627 4643 4628
f 4643 4644 4628
f 4628 4644 4645
f 4628 4645 4629
f 4629 4645 4646
f 4629 4646 4630
f 4630 4646 4647
f 4630 4647 4631
f 4631 4647 4648
f 4631 4648 4632
f 4632 4648 4633
f 4648 4649 4633
f 4633 4649 4634
f 4649 4650 4634
f 4634 4650 4635
f 4650 4651 4635
f 4635 4651 4636
f 4651 4652 4636
f 4636 4652 4653
f 4636 4653 4637
f 4637 4653 4654
f 4637 4654 4638
f 4638 4654 4655
f 4638 4655 4639
f 4639 4655 4640
f 4639 4640 4624
f 4640 4656 4641
f 4656 4657 4641
f 4641 4657 4642
f 4657 4658 4642
f 4642 4658 4643
f 4658 4659 4643
f 4643 4659 4644
f 4659 4660 4644
f 4644 4660 4661
f 4644 4661 4645
f 4645 4661 4662
f 4645 4662 4646
f 4646 4662 4663
f 4646 4663 4647
f 4647 4663 4664
f 4647 4664 4648
f 4648 4664 4649
f 4664 4665 4649
f 4649 4665 4650
f 4665 4666 4650
f 4650 4666 4651
f 4666 4667 4651
f 4651 4667 4652
f 4667 4668 4652
f 4652 4668 4669
f 4652 4669 4653
f 4653 4669 4670
f 4653 4670 4654
f 4654 4670 4671
f 4654 4671 4655
f 4655 4671 4656
f 4655 4656 4640
f 4656 4672 4657
f 4672 4673 4657
f 4657 4673 4658
f 4673 4674 4658
f 4658 4674 4659
f 4674 4675 4659
f 4659 4675 4660
f 4675 4676 4660
f 4660 4676 4677
f 4660 4677 4661
f 4661 4677 4678
f 4661 4678 4662
f 4662 4678 4679
f 4662 4679 4663
f 4663 4679 4680
f 4663 4680 4664
f 4664 4680 4665
f 4680 4681 4665
f 4665 4681 4666
f 4681 4682 4666
f 4666 4682 4667
f 4682 4683 4667
f 4667 4683 4668
f 4683 4684 4668
f 4668 4684 4685
f 4668 4685 4669
f 4669 4685 4686
f 4669 4686 4670
f 4670 4686 4687
f 4670 4687 4671
f 4671 4687 4672
f 4671 4672 4656
f 4672 4688 4689
f 4672 4689 4673
f 4673 4689 4690
f 4673 4690 4674
f 4674 4690 4691
f 4674 4691 4675
f 4675 4691 4692
f 4675 4692 4676
f 4676 4692 4677
f 4692 4693 4677
f 4677 4693 4678
f 4693 4694 4678
f 4678 4694 4679
f 4694 4695 4679
f 4679 4695 4680
f 4695 4696 4680
f 4680 4696 4697
f 4680 4697 4681
f 4681 4697 4698
f 4681 4698 4682
f 4682 4698 4699
f 4682 4699 4683
f 4683 4699 4700
f 4683 4700 4684
f 4684 4700 4685
f 4700 4701 4685
f 4685 4701 4686
f 4701 4702 4686
f 4686 4702 4687
f 4702 4703 4687
f 4687 4703 4672
f 4703 4688 4672
f 4688 4704 4705
f 4688 4705 4689
f 4689 4705 4706
f 4689 4706 4690
f 4690 4706 4707
f 4690 4707 4691
f 4691 4707 4708
f 4691 4708 4692
f 4692 4708 4693
f 4708 4709 4693
f 4693 4709 4694
f 4709 4710 4694
f 4694 4710 4695
f 4710 4711 4695
f 4695 4711 4696
f 4711 4712 4696
f 4696 4712 4713
f 4696 4713 4697
f 4697 4713 4714
f 4697 4714 4698
f 4698 4714 4715
f 4698 4715 4699
f 4699 4715 4716
f 4699 4716 4700
f 4700 4716 4701
f 4716 4717 4701
f 4701 4717 4702
f 4717 4718 4702
f 4702 4718 4703
f 4718 4719 4703
f 4703 4719 4688
f 4719 4704 4688
f 4704 4720 4721
f 4704 4721 4705
f 4705 4721 4722
f 4705 4722 4706
f 4706 4722 4723
f 4706 4723 4707
f 4707 4723 4724
f 4707 4724 4708
f 4708 4724 4709
f 4724 4725 4709
f 4709 4725 4710
f 4725 4726 4710
f 4710 4726 4711
f 4726 4727 4711
f 4711 4727 4712
f 4727 4728 4712
f 4712 4728 4729
f 4712 4729 4713
f 4713 4729 4730
f 4713 4730 4714
f 4714 4730 4731
f 4714 4731 4715
f 4715 4731 4732
f 4715 4732 4716
f 4716 4732 4717
f 4732 4733 4717
f 4717 4733 4718
f 4733 4734 4718
f 4718 4734 4719
f 4734 4735 4719
f 4719 4735 4704
f 4735 4720 4704
f 4720 4736 4737
f 4720 4737 4721
f 4721 4737 4738
f 4721 4738 4722
f 4722 4738 4739
f 4722 4739 4723
f 4723 4739 4740
f 4723 4740 4724
f 4724 4740 4725
f 4740 4741 4725
f 4725 4741 4726
f 4741 4742 4726
f 4726 4742 4727
f 4742 4743 4727
f 4727 4743 4728
f 4743 4744 4728
f 4728 4744 4745
f 4728 4745 4729
f 4729 4745 4746
f 4729 4746 4730
f 4730 4746 4747
f 4730 4747 4731
f 4731 4747 4748
f 4731 4748 4732
f 4732 4748 4733
f 4748 4749 4733
f 4733 4749 4734
f 4749 4750 4734
f 4734 4750 4735
f 4750 4751 4735
f 4735 4751 4720
f 4751 4736 4720
f 4736 4752 4753
f 4736 4753 4737
f 4737 4753 4754
f 4737 4754 4738
f 4738 4754 4755
f 4738 4755 4739
f 4739 4755 4756
f 4739 4756 4740
f 4740 4756 4741
f 4756 4757 4741
f 4741 4757 4742
f 4757 4758 4742
f 4742 4758 4743
f 4758 4759 4743
f 4743 4759 4744
f 4759 4760 4744
f 4744 4760 4761
f 4744 4761 4745
f 4745 4761 4762
f 4745 4762 4746
f 4746 4762 4763
f 4746 4763 4747
f 4747 4763 4764
f 4747 4764 4748
f 4748 4764 4749
f 4764 4765 4749
f 4749 4765 4750
f 4765 4766 4750
f 4750 4766 4751
f 4766 4767 4751
f 4751 4767 4736
f 4767 4752 4736
f 4752 4768 4769
f 4752 4769 4753
f 4753 4769 4770
f 4753 4770 4754
f 4754 4770 4771
f 4754 4771 4755
f 4755 4771 4772
f 4755 4772 4756
f 4756 4772 4757
f 4772 4773 4757
f 4757 4773 4758
f 4773 4774 4758
f 4758 4774 4759
f 4774 4775 4759
f 4759 4775 4760
f 4775 4776 4760
f 4760 4776 4777
f 4760 4777 4761
f 4761 4777 4778
f 4761 4778 4762
f 4762 4778 4779
f 4762 4779 4763
f 4763 4779 4780
f 4763 4780 4764
f 4764 4780 4765
f 4780 4781 4765
f 4765 4781 4766
f 4781 4782 4766
f 4766 4782 4767
f 4782 4783 4767
f 4767 4783 4752
f 4783 4768 4752
f 4768 4784 4785
f 4768 4785 4769
f 4769 4785 4786
f 4769 4786 4770
f 4770 4786 4787
f 4770 4787 4771
f 4771 4787 4788
f 4771 4788 4772
f 4772 4788 4773
f 4788 4789 4773
f 4773 4789 4774
f 4789 4790 4774
f 4774 4790 4775
f 4790 4791 4775
f 4775 4791 4776
f 4791 4792 4776
f 4776 4792 4793
f 4776 4793 4777
f 4777 4793 4794
f 4777 4794 4778
f 4778 4794 4795
f 4778 4795 4779
f 4779 4795 4796
f 4779 4796 4780
f 4780 4796 4781
f 4796 4797 4781
f 4781 4797 4782
f 4797 4798 4782
f 4782 4798 4783
f 4798 4799 4783
f 4783 4799 4768
f 4799 4784 4768
f 4784 4800 4801
f 4784 4801 4785
f 4785 4801 4802
f 4785 4802 4786
f 4786 4802 4803
f 4786 4803 4787
f 4787 4803 4804
f 4787 4804 4788
f 4788 4804 4789
f 4804 4805 4789
f 4789 4805 4790
f 4805 4806 4790
f 4790 4806 4791
f 4806 4807 4791
f 4791 4807 4792
f 4807 4808 4792
f 4792 4808 4809
f 4792 4809 4793
f 4793 4809 4810
f 4793 4810 4794
f 4794 4810 4811
f 4794 4811 4795
f 4795 4811 4812
f 4795 4812 4796
f 4796 4812 4797
f 4812 4813 4797
f 4797 4813 4798
f 4813 4814 4798
f 4798 4814 4799
f 4814 4815 4799
f 4799 4815 4784
f 4815 4800 4784
f 4800 4816 4817
f 4800 4817 4801
f 4801 4817 4818
f 4801 4818 4802
f 4802 4818 4819
f 4802 4819 4803
f 4803 4819 4820
f 4803 4820 4804
f 4804 4820 4805
f 4820 4821 4805
f 4805 4821 4806
f 4821 4822 4806
f 4806 4822 4807
f 4822 4823 4807
f 4807 4823 4808
f 4823 4824 4808
f 4808 4824 4825
f 4808 4825 4809
f 4809 4825 4826
f 4809 4826 4810
f 4810 4826 4827
f 4810 4827 4811
f 4811 4827 4828
f 4811 4828 4812
f 4812 4828 4813
f 4828 4829 4813
f 4813 4829 4814
f 4829 4830 4814
f 4814 4830 4815
f 4830 4831 4815
f 4815 4831 4800
f 4831 4816 4800
f 4816 4832 4817
f 4817 4832 4818
f 4818 4832 4819
f 4819 4832 4820
f 4820 4832 4821
f 4821 4832 4822
f 4822 4832 4823
f 4823 4832 4824
f 4824 4832 4825
f 4825 4832 4826
f 4826 4832 4827
f 4827 4832 4828
f 4828 4832 4829
f 4829 4832 4830
f 4830 4832 4831
f 4831 4832 4816
f 4833 4834 4835
f 4834 4836 4835
f 4836 4837 4835
f 4837 4838 4835
f 4835 4838 4839
f 4835 4839 4840
f 4835 4840 4841
f 4835 4841 4842
f 4842 4843 4835
f 4843 4844 4835
f 4844 4845 4835
f 4845 4846 4835
f 4835 4846 4847
f 4835 4847 4848
f 4835 4848 4849
f 4835 4849 4833
f 4833 4850 4834
f 4850 4851 4834
f 4834 4851 4836
f 4851 4852 4836
f 4836 4852 4837
f 4852 4853 4837
f 4837 4853 4838
f 4853 4854 4838
f 4838 4854 4855
f 4838 4855 4839
f 4839 4855 4856
f 4839 4856 4840
f 4840 4856 4857
f 4840 4857 4841
f 4841 4857 4858
f 4841 4858 4842
f 4842 4858 4843
f 4858 4859 4843
f 4843 4859 4844
f 4859 4860 4844
f 4844 4860 4845
f 4860 4861 4845
f 4845 4861 4846
f 4861 4862 4846
f 4846 4862 4863
f 4846 4863 4847
f 4847 4863 4864
f 4847 4864 4848
f 4848 4864 4865
f 4848 4865 4849
f 4849 4865 4850
f 4849 4850 4833
f 4850 4866 4851
f 4866 4867 4851
f 4851 4867 4852
f 4867 4868 4852
f 4852 4868 4853
f 4868 4869 4853
f 4853 4869 4854
f 4869 4870 4854
f 4854 4870 4871
f 4854 4871 4855
f 4855 4871 4872
f 4855 4872 4856
f 4856 4872 4873
f 4856 4873 4857
f 4857 4873 4874
f 4857 4874 4858
f 4858 4874 4859
f 4874 4875 4859
f 4859 4875 4860
f 4875 4876 4860
f 4860 4876 4861
f 4876 4877 4861
f 4861 4877 4862
f 4877 4878 4862
f 4862 4878 4879
f 4862 4879 4863
f 4863 4879 4880
f 4863 4880 4864
f 4864 4880 4881
f 4864 4881 4865
f 4865 4881 4866
f 4865 4866 4850
f 4866 4882 4867
f 4882 4883 4867
f 4867 4883 4868
f 4883 4884 4868
f 4868 4884 4869
f 4884 4885 4869
f 4869 4885 4870
f 4885 4886 4870
f 4870 4886 4887
f 4870 4887 4871
f 4871 4887 4888
f 4871 4888 4872
f 4872 4888 4889
f 4872 4889 4873
f 4873 4889 4890
f 4873 4890 4874
f 4874 4890 4875
f 4890 4891 4875
f 4875 4891 4876
f 4891 4892 4876
f 4876 4892 4877
f 4892 4893 4877
f 4877 4893 4878
f 4893 4894 4878
f 4878 4894 4895
f 4878 4895 4879
f 4879 4895 4896
f 4879 4896 4880
f 4880 4896 4897
f 4880 4897 4881
f 4881 4897 4882
f 4881 4882 4866
f 4882 4898 4883
f 4898 4899 4883
f 4883 4899 4884
f 4899 4900 4884
f 4884 4900 4885
f 4900 4901 4885
f 4885 4901 4886
f 4901 4902 4886
f 4886 4902 4903
f 4886 4903 4887
f 4887 4903 4904
f 4887 4904 4888
f 4888 4904 4905
f 4888 4905 4889
f 4889 4905 4906
f 4889 4906 4890
f 4890 4906 4891
f 4906 4907 4891
f 4891 4907 4892
f 4907 4908 4892
f 4892 4908 4893
f 4908 4909 4893
f 4893 4909 4894
f 4909 4910 4894
f 4894 4910 4911
f 4894 4911 4895
f 4895 4911 4912
f 4895 4912 4896
f 4896 4912 4913
f 4896 4913 4897
f 4897 4913 4898
f 4897 4898 4882
f 4898 4914 4899
f 4914 4915 4899
f 4899 4915 4900
f 4915 4916 4900
f 4900 4916 4901
f 4916 4917 4901
f 4901 4917 4902
f 4917 4918 4902
f 4902 4918 4919
f 4902 4919 4903
f 4903 4919 4920
f 4903 4920 4904
f 4904 4920 4921
f 4904 4921 4905
f 4905 4921 4922
f 4905 4922 4906
f 4906 4922 4907
f 4922 4923 4907
f 4907 4923 4908
f 4923 4924 4908
f 4908 4924 4909
f 4924 4925 4909
f 4909 4925 4910
f 4925 4926 4910
f 4910 4926 4927
f 4910 4927 4911
f 4911 4927 4928
f 4911 4928 4912
f 4912 4928 4929
f 4912 4929 4913
f 4913 4929 4914
f 4913 4914 4898
f 4914 4930 4915
f 4930 4931 4915
f 4915 4931 4916
f 4931 4932 4916
f 4916 4932 4917
f 4932 4933 4917
f 4917 4933 4918
f 4933 4934 4918
f 4918 4934 4935
f 4918 4935 4919
f 4919 4935 4936
f 4919 4936 4920
f 4920 4936 4937
f 4920 4937 4921
f 4921 4937 4938
f 4921 4938 4922
f 4922 4938 4923
f 4938 4939 4923
f 4923 4939 4924
f 4939 4940 4924
f 4924 4940 4925
f 4940 4941 4925
f 4925 4941 4926
f 4941 4942 4926
f 4926 4942 4943
f 4926 4943 4927
f 4927 4943 4944
f 4927 4944 4928
f 4928 4944 4945
f 4928 4945 4929
f 4929 4945 4930
f 4929 4930 4914
f 4930 4946 4931
f 4946 4947 4931
f 4931 4947 4932
f 4947 4948 4932
f 4932 4948 4933
f 4948 4949 4933
f 4933 4949 4934
f 4949 4950 4934
f 4934 4950 4951
f 4934 4951 4935
f 4935 4951 4952
f 4935 4952 4936
f 4936 4952 4953
f 4936 4953 4937
f 4937 4953 4954
f 4937 4954 4938
f 4938 4954 4939
f 4954 4955 4939
f 4939 4955 4940
f 4955 4956 4940
f 4940 4956 4941
f 4956 4957 4941
f 4941 4957 4942
f 4957 4958 4942
f 4942 4958 4959
f 4942 4959 4943
f 4943 4959 4960
f 4943 4960 4944
f 4944 4960 4961
f 4944 4961 4945
f 4945 4961 4946
f 4945 4946 4930
f 4946 4962 4947
f 4962 4963 4947
f 4947 4963 4948
f 4963 4964 4948
f 4948 4964 4949
f 4964 4965 4949
f 4949 4965 4950
f 4965 4966 4950
f 4950 4966 4967
f 4950 4967 4951
f 4951 4967 4968
f 4951 4968 4952
f 4952 4968 4969
f 4952 4969 4953
f 4953 4969 4970
f 4953 4970 4954
f 4954 4970 4955
f 4970 4971 4955
f 4955 4971 4956
f 4971 4972 4956
f 4956 4972 4957
f 4972 4973 4957
f 4957 4973 4958
f 4973 4974 4958
f 4958 4974 4975
f 4958 4975 4959
f 4959 4975 4976
f 4959 4976 4960
f 4960 4976 4977
f 4960 4977 4961
f 4961 4977 4962
f 4961 4962 4946
f 4962 4978 4963
f 4978 4979 4963
f 4963 4979 4964
f 4979 4980 4964
f 4964 4980 4965
f 4980 4981 4965
f 4965 4981 4966
f 4981 4982 4966
f 4966 4982 4983
f 4966 4983 4967
f 4967 4983 4984
f 4967 4984 4968
f 4968 4984 4985
f 4968 4985 4969
f 4969 4985 4986
f 4969 4986 4970
f 4970 4986 4971
f 4986 4987 4971
f 4971 4987 4972
f 4987 4988 4972
f 4972 4988 4973
f 4988 4989 4973
f 4973 4989 4974
f 4989 4990 4974
f 4974 4990 4991
f 4974 4991 4975
f 4975 4991 4992
f 4975 4992 4976
f 4976 4992 4993
f 4976 4993 4977
f 4977 4993 4978
f 4977 4978 4962
f 4978 4994 4995
f 4978 4995 4979
f 4979 4995 4996
f 4979 4996 4980
f 4980 4996 4997
f 4980 4997 4981
f 4981 4997 4998
f 4981 4998 4982
f 4982 4998 4983
f 4998 4999 4983
f 4983 4999 4984
f 4999 5000 4984
f 4984 5000 4985
f 5000 5001 4985
f 4985 5001 4986
f 5001 5002 4986
f 4986 5002 5003
f 4986 5003 4987
f 4987 5003 5004
f 4987 5004 4988
f 4988 5004 5005
f 4988 5005 4989
f 4989 5005 5006
f 4989 5006 4990
f 4990 5006 4991
f 5006 5007 4991
f 4991 5007 4992
f 5007 5008 4992
f 4992 5008 4993
f 5008 5009 4993
f 4993 5009 4978
f 5009 4994 4978
f 4994 5010 5011
f 4994 5011 4995
f 4995 5011 5012
f 4995 5012 4996
f 4996 5012 5013
f 4996 5013 4997
f 4997 5013 5014
f 4997 5014 4998
f 4998 5014 4999
f 5014 5015 4999
f 4999 5015 5000
f 5015 5016 5000
f 5000 5016 5001
f 5016 5017 5001
f 5001 5017 5002
f 5017 5018 5002
f 5002 5018 5019
f 5002 5019 5003
f 5003 5019 5020
f 5003 5020 5004
f 5004 5020 5021
f 5004 5021 5005
f 5005 5021 5022
f 5005 5022 5006
f 5006 5022 5007
f 5022 5023 5007
f 5007 5023 5008
f 5023 5024 5008
f 5008 5024 5009
f 5024 5025 5009
f 5009 5025 4994
f 5025 5010 4994
f 5010 5026 5027
f 5010 5027 5011
f 5011 5027 5028
f 5011 5028 5012
f 5012 5028 5029
f 5012 5029 5013
f 5013 5029 5030
f 5013 5030 5014
f 5014 5030 5015
f 5030 5031 5015
f 5015 5031 5016
f 5031 5032 5016
f 5016 5032 5017
f 5032 5033 5017
f 5017 5033 5018
f 5033 5034 5018
f 5018 5034 5035
f 5018 5035 5019
f 5019 5035 5036
f 5019 5036 5020
f 5020 5036 5037
f 5020 5037 5021
f 5021 5037 5038
f 5021 5038 5022
f 5022 5038 5023
f 5038 5039 5023
f 5023 5039 5024
f 5039 5040 5024
f 5024 5040 5025
f 5040 5041 5025
f 5025 5041 5010
f 5041 5026 5010
f 5026 5042 5043
f 5026 5043 5027
f 5027 5043 5044
f 5027 5044 5028
f 5028 5044 5045
f 5028 5045 5029
f 5029 5045 5046
f 5029 5046 5030
f 5030 5046 5031
f 5046 5047 5031
f 5031 5047 5032
f 5047 5048 5032
f 5032 5048 5033
f 5048 5049 5033
f 5033 5049 5034
f 5049 5050 5034
f 5034 5050 5051
f 5034 5051 5035
f 5035 5051 5052
f 5035 5052 5036
f 5036 5052 5053
f 5036 5053 5037
f 5037 5053 5054
f 5037 5054 5038
f 5038 5054 5039
f 5054 5055 5039
f 5039 5055 5040
f 5055 5056 5040
f 5040 5056 5041
f 5056 5057 5041
f 5041 5057 5026
f 5057 5042 5026
f 5042 5058 5059
f 5042 5059 5043
f 5043 5059 5060
f 5043 5060 5044
f 5044 5060 5061
f 5044 5061 5045
f 5045 5061 5062
f 5045 5062 5046
f 5046 5062 5047
f 5062 5063 5047
f 5047 5063 5048
f 5063 5064 5048
f 5048 5064 5049
f 5064 5065 5049
f 5049 5065 5050
f 5065 5066 5050
f 5050 5066 5067
f 5050 5067 5051
f 5051 5067 5068
f 5051 5068 5052
f 5052 5068 5069
f 5052 5069 5053
f 5053 5069 5070
f 5053 5070 5054
f 5054 5070 5055
f 5070 5071 5055
f 5055 5071 5056
f 5071 5072 5056
f 5056 5072 5057
f 5072 5073 5057
f 5057 5073 5042
f 5073 5058 5042
f 5058 5074 5075
f 5058 5075 5059
f 5059 5075 5076
f 5059 5076 5060
f 5060 5076 5077
f 5060 5077 5061
f 5061 5077 5078
f 5061 5078 5062
f 5062 5078 5063
f 5078 5079 5063
f 5063 5079 5064
f 5079 5080 5064
f 5064 5080 5065
f 5080 5081 5065
f 5065 5081 5066
f 5081 5082 5066
f 5066 5082 5083
f 5066 5083 5067
f 5067 5083 5084
f 5067 5084 5068
f 5068 5084 5085
f 5068 5085 5069
f 5069 5085 5086
f 5069 5086 5070
f 5070 5086 5071
f 5086 5087 5071
f 5071 5087 5072
f 5087 5088 5072
f 5072 5088 5073
f 5088 5089 5073
f 5073 5089 5058
f 5089 5074 5058
f 5074 5090 5091
f 5074 5091 5075
f 5075 5091 5092
f 5075 5092 5076
f 5076 5092 5093
f 5076 5093 5077
f 5077 5093 5094
f 5077 5094 5078
f 5078 5094 5079
f 5094 5095 5079
f 5079 5095 5080
f 5095 5096 5080
f 5080 5096 5081
f 5096 5097 5081
f 5081 5097 5082
f 5097 5098 5082
f 5082 5098 5099
f 5082 5099 5083
f 5083 5099 5100
f 5083 5100 5084
f 5084 5100 5101
f 5084 5101 5085
f 5085 5101 5102
f 5085 5102 5086
f 5086 5102 5087
f 5102 5103 5087
f 5087 5103 5088
f 5103 5104 5088
f 5088 5104 5089
f 5104 5105 5089
f 5089 5105 5074
f 5105 5090 5074
f 5090 5106 5107
f 5090 5107 5091
f 5091 5107 5108
f 5091 5108 5092
f 5092 5108 5109
f 5092 5109 5093
f 5093 5109 5110
f 5093 5110 5094
f 5094 5110 5095
f 5110 5111 5095
f 5095 5111 5096
f 5111 5112 5096
f 5096 5112 5097
f 5112 5113 5097
f 5097 5113 5098
f 5113 5114 5098
f 5098 5114 5115
f 5098 5115 5099
f 5099 5115 5116
f 5099 5116 5100
f 5100 5116 5117
f 5100 5117 5101
f 5101 5117 5118
f 5101 5118 5102
f 5102 5118 5103
f 5118 5119 5103
f 5103 5119 5104
f 5119 5120 5104
f 5104 5120 5105
f 5120 5121 5105
f 5105 5121 5090
f 5121 5106 5090
f 5106 5122 5123
f 5106 5123 5107
f 5107 5123 5124
f 5107 5124 5108
f 5108 5124 5125
f 5108 5125 5109
f 5109 5125 5126
f 5109 5126 5110
f 5110 5126 5111
f 5126 5127 5111
f 5111 5127 5112
f 5127 5128 5112
f 5112 5128 5113
f 5128 5129 5113
f 5113 5129 5114
f 5129 5130 5114
f 5114 5130 5131
f 5114 5131 5115
f 5115 5131 5132
f 5115 5132 5116
f 5116 5132 5133
f 5116 5133 5117
f 5117 5133 5134
f 5117 5134 5118
f 5118 5134 5119
f 5134 5135 5119
f 5119 5135 5120
f 5135 5136 5120
f 5120 5136 5121
f 5136 5137 5121
f 5121 5137 5106
f 5137 5122 5106
f 5122 5138 5123
f 5123 5138 5124
f 5124 5138 5125
f 5125 5138 5126
f 5126 5138 5127
f 5127 5138 5128
f 5128 5138 5129
f 5129 5138 5130
f 5130 5138 5131
f 5131 5138 5132
f 5132 5138 5133
f 5133 5138 5134
f 5134 5138 5135
f 5135 5138 5136
f 5136 5138 5137
f 5137 5138 5122
