v               32                0                0
v      31.38576247                0    -0.1066602954
v      31.17052526              1.3                0
v      30.59476727      1.300238675   -0.09900191439
v      30.50248767                0    -0.2563638088
v      29.76683679      1.300573648    -0.2379553037
v      29.25835767                0    -0.4601406331
v       28.6006816      1.301029579     -0.427097053
v       27.5561525                0    -0.7260151038
v      27.00519588      1.301624398    -0.6738737638
v      25.31761247                0     -1.053488881
v      24.90705805      1.302356972    -0.9778219341
v       22.5221701                0     -1.426461582
v      22.28703364      1.303191316     -1.323999613
v      19.24809299                0     -1.807203377
v      19.21853106       1.30404321     -1.677398074
v      15.68911406                0     -2.136996888
v      15.88316903      1.304781798     -1.983546518
v      12.53968905      1.305259222      -2.18078271
v      12.12130517                0     -2.349352632
v      9.451476558      1.305367024     -2.223670024
v       8.82579635                0     -2.395241799
v       6.81192267      1.305082273     -2.102413082
v       6.00914532                0     -2.264062339
v       4.70868387      1.304463455     -1.841295373
v      3.765150307                0     -1.981980225
v       3.13663113      1.303600958     -1.478100668
v      2.088635682                0      -1.58975241
v      2.041311268      1.302559476     -1.040500929
v     0.9219412807                0      -1.11733578
v      1.379132829      1.301337615    -0.5331087049
v     0.2193150127                0    -0.5705959952
v      1.170525258              1.3                0
v                0                0                0
v     0.2193150127                0     0.5705959952
v      1.379132829      1.298662385     0.5331087049
v     0.9219412807                0       1.11733578
v      2.041311268      1.297440524      1.040500929
v      2.088635682                0       1.58975241
v       3.13663113      1.296399042      1.478100668
v      3.765150307                0      1.981980225
v       4.70868387      1.295536545      1.841295373
v       6.00914532                0      2.264062339
v       6.81192267      1.294917727      2.102413082
v       8.82579635                0      2.395241799
v      9.451476558      1.294632976      2.223670024
v      12.12130517                0      2.349352632
v      12.53968905      1.294740778       2.18078271
v      15.68911406                0      2.136996888
v      15.88316903      1.295218202      1.983546518
v      19.21853106       1.29595679      1.677398074
v      19.24809299                0      1.807203377
v      22.28703364      1.296808684      1.323999613
v       22.5221701                0      1.426461582
v      24.90705805      1.297643028     0.9778219341
v      25.31761247                0      1.053488881
v      27.00519588      1.298375602     0.6738737638
v       27.5561525                0     0.7260151038
v       28.6006816      1.298970421      0.427097053
v      29.25835767                0     0.4601406331
v      29.76683679      1.299426352     0.2379553037
v      30.50248767                0     0.2563638088
v      30.59476727      1.299761325    0.09900191439
v      31.38576247                0     0.1066602954
v      30.34105052              2.6                0
v      29.80377208       2.60047735   -0.09134353336
v      29.03118592      2.601147295    -0.2195467986
v      27.94300553      2.602059158    -0.3940534729
v      26.45423927      2.603248795    -0.6217324238
v      24.49650362      2.604713944    -0.9021549867
v      22.05189718      2.606382631     -1.221537644
v      19.18896914      2.608086421     -1.547592771
v        16.077224      2.609563595     -1.830096148
v      12.95807294      2.610518443     -2.012212788
v      10.07715677      2.610734047     -2.052098249
v       7.61470002      2.610164546     -1.940763825
v      5.652217433      2.608926911     -1.700610521
v      4.184626579      2.607201916     -1.366448926
v      3.160681255      2.605118953    -0.9636660783
v      2.538950645       2.60267523    -0.4956214145
v      2.341050515              2.6                0
v      2.538950645       2.59732477     0.4956214145
v      3.160681255      2.594881047     0.9636660783
v      4.184626579      2.592798084      1.366448926
v      5.652217433      2.591073089      1.700610521
v       7.61470002      2.589835454      1.940763825
v      10.07715677      2.589265953      2.052098249
v      12.95807294      2.589481557      2.012212788
v        16.077224      2.590436405      1.830096148
v      19.18896914      2.591913579      1.547592771
v      22.05189718      2.593617369      1.221537644
v      24.49650362      2.595286056     0.9021549867
v      26.45423927      2.596751205     0.6217324238
v      27.94300553      2.597940842     0.3940534729
v      29.03118592      2.598852705     0.2195467986
v      29.80377208       2.59952265    0.09134353336
v      29.51157577              3.9                0
v      29.01277689      3.900716025   -0.08368515233
v      28.29553504      3.901720943    -0.2011382936
v      27.28532946      3.903088737    -0.3610098928
v      25.90328266      3.904873193    -0.5695910838
v       24.0859492      3.907070916    -0.8264880393
v      21.81676072      3.909573947     -1.119075675
v      19.15940721      3.912129631     -1.417787468
v      16.27127897      3.914345393     -1.676645779
v      13.37645682      3.915777665     -1.843642866
v      10.70283698      3.916101071     -1.880526474
v       8.41747737      3.915246818     -1.779114569
v      6.595750997      3.913390366     -1.559925668
v      5.232622027      3.910802874     -1.254797183
v      4.280051242      3.907678429    -0.8868312277
v      3.698768461      3.904012845    -0.4581341241
v      3.511575773              3.9                0
v      3.698768461      3.895987155     0.4581341241
v      4.280051242      3.892321571     0.8868312277
v      5.232622027      3.889197126      1.254797183
v      6.595750997      3.886609634      1.559925668
v       8.41747737      3.884753182      1.779114569
v      10.70283698      3.883898929      1.880526474
v      13.37645682      3.884222335      1.843642866
v      16.27127897      3.885654607      1.676645779
v      19.15940721      3.887870369      1.417787468
v      21.81676072      3.890426053      1.119075675
v       24.0859492      3.892929084     0.8264880393
v      25.90328266      3.895126807     0.5695910838
v      27.28532946      3.896911263     0.3610098928
v      28.29553504      3.898279057     0.2011382936
v      29.01277689      3.899283975    0.08368515233
v      28.68210103              5.2                0
v       28.2217817        5.2009547    -0.0760267713
v      27.55988416      5.202294591    -0.1827297885
v      26.62765339      5.204118316    -0.3279663127
v      25.35232604      5.206497591    -0.5174497438
v      23.67539478      5.209427888     -0.750821092
v      21.58162425      5.212765262     -1.016613707
v      19.12984529      5.216172842     -1.287982164
v      16.46533394      5.219127191     -1.523195409
v      13.79484071      5.221036886     -1.675072944
v      11.32851718      5.221468095     -1.708954699
v      9.220254719      5.220329091     -1.617465312
v       7.53928456      5.217853822     -1.419240816
v      6.280617476      5.214403832     -1.143145441
v      5.399421229      5.210237906     -0.809996377
v      4.858586277       5.20535046    -0.4206468338
v       4.68210103              5.2                0
v      4.858586277       5.19464954     0.4206468338
v      5.399421229      5.189762094      0.809996377
v      6.280617476      5.185596168      1.143145441
v       7.53928456      5.182146178      1.419240816
v      9.220254719      5.179670909      1.617465312
v      11.32851718      5.178531905      1.708954699
v      13.79484071      5.178963114      1.675072944
v      16.46533394      5.180872809      1.523195409
v      19.12984529      5.183827158      1.287982164
v      21.58162425      5.187234738      1.016613707
v      23.67539478      5.190572112      0.750821092
v      25.35232604      5.193502409     0.5174497438
v      26.62765339      5.195881684     0.3279663127
v      27.55988416      5.197705409     0.1827297885
v       28.2217817        5.1990453     0.0760267713
v      27.85262629              6.5                0
v      27.43078651      6.501193375   -0.06836839026
v      26.82423328      6.502868239    -0.1643212834
v      25.96997732      6.505147895    -0.2949227326
v      24.80136943      6.508121988    -0.4653084038
v      23.26484035      6.511784859    -0.6751541446
v      21.34648779      6.515956578    -0.9141517379
v      19.10028336      6.520216052     -1.158176861
v      16.65938891      6.523908989     -1.369745039
v      14.21322459      6.526296108     -1.506503023
v      11.95419739      6.526835119     -1.537382923
v      10.02303207      6.525411364     -1.455816055
v      8.482818123      6.522317277     -1.278555963
v      7.328612924      6.518004789     -1.031493699
v      6.518791217      6.512797382    -0.7331615264
v      6.018404094      6.506688075    -0.3831595434
v      5.852626288              6.5                0
v      6.018404094      6.493311925     0.3831595434
v      6.518791217      6.487202618     0.7331615264
v      7.328612924      6.481995211      1.031493699
v      8.482818123      6.477682723      1.278555963
v      10.02303207      6.474588636      1.455816055
v      11.95419739      6.473164881      1.537382923
v      14.21322459      6.473703892      1.506503023
v      16.65938891      6.476091011      1.369745039
v      19.10028336      6.479783948      1.158176861
v      21.34648779      6.484043422     0.9141517379
v      23.26484035      6.488215141     0.6751541446
v      24.80136943      6.491878012     0.4653084038
v      25.96997732      6.494852105     0.2949227326
v      26.82423328      6.497131761     0.1643212834
v      27.43078651      6.498806625    0.06836839026
v      26.78774859      8.198964406    0.05932914439
v      26.41009704      8.200235654 -0.0009401665502
v      25.86709026      8.202019797   -0.08552600073
v      25.10234856      8.204448019    -0.2006526723
v      24.05622474      8.207615768    -0.3508466879
v      22.68079183      8.211517182     -0.535825206
v      20.96364118      8.215960418     -0.746498108
v       18.9531285      8.220497683    -0.9616126012
v      16.76848516      8.224433234     -1.148146661
v       14.5792586      8.226981967     -1.268806848
v      12.55759027      8.227568908     -1.296253302
v      10.82927748      8.226073879     -1.224730014
v      9.450584686      8.222808862     -1.069014045
v      8.416864441      8.218253771    -0.8519027931
v      7.690520579      8.212749525    -0.5896684827
v       7.23949231      8.206260801    -0.2814674959
v      7.087748586      8.198964406    0.05932914439
v       7.23949231      8.191668011     0.4001257846
v      7.690520579      8.185179287     0.7083267715
v      8.416864441      8.179675041     0.9705610818
v      9.450584686       8.17511995      1.187672334
v      10.82927748      8.171854933      1.343388302
v      12.55759027      8.170359904      1.414911591
v       14.5792586      8.170946845      1.387465137
v      16.76848516      8.173495578       1.26680495
v       18.9531285      8.177431129       1.08027089
v      20.96364118      8.181968394     0.8651563968
v      22.68079183       8.18641163     0.6544834948
v      24.05622474      8.190313044     0.4695049767
v      25.10234856      8.193480793     0.3193109611
v      25.86709026      8.195909015     0.2041842895
v      26.41009704      8.197693158     0.1195984553
v      25.72287088      9.897928812     0.1186582888
v      25.38940756      9.899277934    0.06648805716
v      24.90994723      9.901171356  -0.006730718037
v      24.23471981      9.903748142     -0.106382612
v      23.31108004      9.907109547     -0.236384972
v      22.09674332      9.911249505    -0.3964962674
v      20.58079456      9.915964258     -0.578844478
v      18.80597363      9.920779313    -0.7650483412
v       16.8775814      9.924957479    -0.9265482826
v      14.94529261      9.927667825     -1.031110674
v      13.16098315      9.928302696     -1.055123681
v      11.63552289      9.926736394    -0.9936439721
v      10.41835125      9.923300447    -0.8594721269
v      9.505115957      9.918502753    -0.6723118873
v      8.862249942      9.912701667    -0.4461754391
v      8.460580527      9.905833527    -0.1797754483
v      8.322870883      9.897928812     0.1186582888
v      8.460580527      9.890024097     0.4170920259
v      8.862249942      9.883155956     0.6834920167
v      9.505115957      9.877354871     0.9096284649
v      10.41835125      9.872557177      1.096788704
v      11.63552289       9.86912123       1.23096055
v      13.16098315      9.867554927      1.292440259
v      14.94529261      9.868189799      1.268427252
v       16.8775814      9.870900144       1.16386486
v      18.80597363       9.87507831      1.002364919
v      20.58079456      9.879893366     0.8161610556
v      22.09674332      9.884608119      0.633812845
v      23.31108004      9.888748077     0.4737015496
v      24.23471981      9.892109482     0.3436991896
v      24.90994723      9.894686268     0.2440472956
v      25.38940756       9.89657969     0.1708285204
v      24.65799318      11.59689322     0.1779874332
v      24.36871809      11.59832021     0.1339162809
v       23.9528042      11.60032291    0.07206456466
v      23.36709106      11.60304826   -0.01211255171
v      22.56593535      11.60660333    -0.1219232561
v       21.5126948      11.61098183    -0.2571673288
v      20.19794794       11.6159681     -0.411190848
v      18.65881876      11.62106094    -0.5684840812
v      16.98667765      11.62548172    -0.7049499044
v      15.31132663      11.62835368    -0.7934144998
v      13.76437604      11.62903649    -0.8139940599
v      12.44176831      11.62739891    -0.7625579306
v      11.38611781      11.62379203    -0.6499302087
v      10.59336747      11.61875173    -0.4927209816
v       10.0339793      11.61265381    -0.3026823954
v      9.681668744      11.60540625    -0.0780834008
v      9.557993181      11.59689322     0.1779874332
v      9.681668744      11.58838018     0.4340582672
v       10.0339793      11.58113263     0.6586572618
v      10.59336747       11.5750347      0.848695848
v      11.38611781       11.5699944      1.005905075
v      12.44176831      11.56638753      1.118532797
v      13.76437604      11.56474995      1.169968926
v      15.31132663      11.56543275      1.149389366
v      16.98667765      11.56830471      1.060924771
v      18.65881876      11.57272549     0.9244589476
v      20.19794794      11.57781834     0.7671657144
v       21.5126948      11.58280461     0.6131421952
v      22.56593535      11.58718311     0.4778981224
v      23.36709106      11.59073817     0.3680874181
v       23.9528042      11.59346352     0.2839103017
v      24.36871809      11.59546622     0.2220585855
v      23.59311548      13.29585762     0.2373165776
v      23.34802862      13.29736249     0.2013445046
v      22.99566118      13.29947447     0.1508598474
v      22.49946231      13.30234839    0.08215750857
v      21.82079066      13.30609711  -0.007461540149
v      20.92864628      13.31071415    -0.1178383902
v      19.81510132      13.31597194     -0.243537218
v       18.5116639      13.32134257    -0.3719198212
v       17.0957739      13.32600597    -0.4833515261
v      15.67736064      13.32903954    -0.5557183255
v      14.36776892      13.32977027    -0.5728644388
v      13.24801372      13.32806142     -0.531471889
v      12.35388438      13.32428362    -0.4403882906
v      11.68161899      13.31900072    -0.3131300759
v      11.20570867      13.31260595    -0.1591893518
v      10.90275696      13.30497898    0.02360864674
v      10.79311548      13.29585762     0.2373165776
v      10.90275696      13.28673627     0.4510245084
v      11.20570867      13.27910929      0.633822507
v      11.68161899      13.27271453      0.787763231
v      12.35388438      13.26743163     0.9150214457
v      13.24801372      13.26365382      1.006105044
v      14.36776892      13.26194497      1.047497594
v      15.67736064      13.26267571      1.030351481
v       17.0957739      13.26570928     0.9579846813
v       18.5116639      13.27037267     0.8465529764
v      19.81510132      13.27574331     0.7181703732
v      20.92864628       13.2810011     0.5924715453
v      21.82079066      13.28561814     0.4820946953
v      22.49946231      13.28936686     0.3924756466
v      22.99566118      13.29224077     0.3237733078
v      23.34802862      13.29435275     0.2732886506
v      22.52823778      14.99482203      0.296645722
v      22.32733915      14.99640477     0.2687727283
v      22.03851815      14.99862603     0.2296551301
v      21.63183356      15.00164851     0.1764275689
v      21.07564596      15.00559088     0.1070001758
v      20.34459776      15.01044647    0.02149054842
v       19.4322547      15.01597578   -0.07588358806
v      18.36450903       15.0216242    -0.1753555612
v      17.20487014      15.02653022    -0.2617531479
v      16.04339465       15.0297254    -0.3180221513
v       14.9711618      15.03050406    -0.3317348176
v      14.05425913      15.02872394    -0.3003858475
v      13.32165094       15.0247752    -0.2308463724
v      12.76987051       15.0192497    -0.1335391702
v      12.37743803       15.0125581   -0.01569630816
v      12.12384518      15.00455171     0.1253006943
v      12.02823778      14.99482203      0.296645722
v      12.12384518      14.98509235     0.4679907497
v      12.37743803      14.97708596     0.6089877521
v      12.76987051      14.97039436     0.7268306141
v      13.32165094      14.96486886     0.8241378163
v      14.05425913      14.96092012     0.8936772915
v       14.9711618         14.95914     0.9250262616
v      16.04339465      14.95991866     0.9113135952
v      17.20487014      14.96311384     0.8550445918
v      18.36450903      14.96801985     0.7686470052
v       19.4322547      14.97366828      0.669175032
v      20.34459776      14.97919759     0.5718008955
v      21.07564596      14.98405318     0.4862912682
v      21.63183356      14.98799555     0.4168638751
v      22.03851815      14.99101803     0.3636363139
v      22.32733915      14.99323929     0.3245187156
v      22.91602599      18.48540989     0.5475438378
v      23.08896372       18.4840327      0.571252557
v      22.66740522      18.48734265     0.5142706388
v      22.31733047      18.48997256     0.4689958582
v      21.83857113      18.49340285     0.4099420494
v      21.20930663      18.49762771     0.3372092847
v      20.42400808      18.50243882     0.2543842508
v      19.50497343       18.5073537     0.1697731828
v      18.50687755      18.51162318    0.09627570394
v       17.5072351      18.51440534    0.04838873527
v      16.58442124      18.51508696    0.03667289728
v      15.79527943      18.51354496     0.0632501077
v      15.16469126      18.51011875     0.1222770114
v      14.68962007      18.50532341     0.2048868404
v      14.35149762      18.49951591     0.3049324861
v      14.13244272      18.49256209     0.4247021194
v      14.04896372       18.4840327      0.571252557
v      14.13244272       18.4755033     0.7178029946
v      14.35149762      18.46854948     0.8375726279
v      14.68962007      18.46274198     0.9376182737
v      15.16469126      18.45794664      1.020228103
v      15.79527943      18.45452043      1.079255006
v      16.58442124      18.45297844      1.105832217
v       17.5072351      18.45366005      1.094116379
v      18.50687755      18.45644222       1.04622941
v      19.50497343      18.46071169     0.9727319312
v      20.42400808      18.46562658     0.8881208633
v      21.20930663      18.47043768     0.8052958293
v      21.83857113      18.47466254     0.7325630647
v      22.31733047      18.47809283     0.6735092558
v      22.66740522      18.48072274     0.6282344753
v      22.91602599      18.48265551     0.5949612762
v      23.50471283        21.974415     0.8263149473
v      23.64968966      21.97324337     0.8458593921
v       23.2962923      21.97605928     0.7988861475
v      23.00282738      21.97829661     0.7615641476
v       22.6014963      21.98121482     0.7128839229
v       22.0740155      21.98480895      0.652928021
v      21.41576145      21.98890186     0.5846520896
v      20.64543783       21.9930832     0.5149019269
v      19.80888496      21.99671614     0.4543045558
v      18.97107556      21.99908528     0.4147996218
v      18.19768068      21.99966986     0.4050806122
v      17.53629972      21.99836599     0.4268860629
v      17.00773159      21.99546231     0.4754003952
v      16.60936963      21.99139712     0.5433128509
v      16.32555721      21.98647373     0.6255612804
v      16.14104027      21.98057248     0.7241035446
v      16.06968966      21.97324337     0.8458593921
v      16.14104027      21.96591425     0.9676152395
v      16.32555721        21.960013      1.066157504
v      16.60936963      21.95508961      1.148405933
v      17.00773159      21.95102442      1.216318389
v      17.53629972      21.94812075      1.264832721
v      18.19768068      21.94681688      1.286638172
v      18.97107556      21.94740145      1.276919162
v      19.80888496      21.94977059      1.237414228
v      20.64543783      21.95340353      1.176816857
v      21.41576145      21.95758487      1.107066695
v       22.0740155      21.96167778      1.038790763
v       22.6014963      21.96527191     0.9788348612
v      23.00282738      21.96819012     0.9301546365
v       23.2962923      21.97042745     0.8928326366
v      23.50471283      21.97207173     0.8654038368
v      24.09339968      25.46342012      1.105086057
v       24.2104156      25.46245403      1.120466227
v      23.92517937       25.4647759      1.083501656
v       23.6883243      25.46662066      1.054132437
v      23.36442147      25.46902678      1.015825797
v      22.93872437      25.47199019     0.9686467573
v      22.40751482       25.4753649     0.9149199284
v      21.78590222       25.4788127     0.8600306709
v      21.11089237      25.48180911     0.8123334076
v      20.43491602      25.48376522     0.7812105083
v      19.81094012      25.48425275     0.7734883271
v      19.27732001      25.48318701     0.7905220181
v      18.85077191      25.48080586      0.828523779
v      18.52911919      25.47747084     0.8817388615
v      18.29961679      25.47343155     0.9461900747
v      18.14963781      25.46858286       1.02350497
v       18.0904156      25.46245403      1.120466227
v      18.14963781      25.45632521      1.217427484
v      18.29961679      25.45147652       1.29474238
v      18.52911919      25.44743723      1.359193593
v      18.85077191      25.44410221      1.412408675
v      19.27732001      25.44172106      1.450410436
v      19.81094012      25.44065532      1.467444127
v      20.43491602      25.44114285      1.459721946
v      21.11089237      25.44309896      1.428599047
v      21.78590222      25.44609536      1.380901783
v      22.40751482      25.44954317      1.326012526
v      22.93872437      25.45291788      1.272285697
v      23.36442147      25.45588128      1.225106658
v       23.6883243      25.45828741      1.186800017
v      23.92517937      25.46013217      1.157430798
v      24.09339968      25.46148795      1.135846397
v      24.68208652      28.95242523      1.383857166
v      24.77114154       28.9516647      1.395073062
v      24.55406644      28.95349252      1.368117165
v      24.37382121      28.95494471      1.346700726
v      24.12734664      28.95683875       1.31876767
v      23.80343324      28.95917143      1.284365494
v      23.39926819      28.96182794      1.245187767
v      22.92636662       28.9645422      1.205159415
v      22.41289979      28.96690207      1.170362259
v      21.89875647      28.96844516      1.147621395
v      21.42419957      28.96883565      1.141896042
v      21.01834031      28.96800803      1.154157973
v      20.69381224      28.96614941      1.181647163
v      20.44886875      28.96354455      1.220164872
v      20.27367638      28.96038937      1.266818869
v      20.15823536      28.95659325      1.322906395
v      20.11114154       28.9516647      1.395073062
v      20.15823536      28.94673616      1.467239729
v      20.27367638      28.94294004      1.523327255
v      20.44886875      28.93978485      1.569981252
v      20.69381224      28.93717999      1.608498962
v      21.01834031      28.93532137      1.635988151
v      21.42419957      28.93449376      1.648250082
v      21.89875647      28.93488424      1.642524729
v      22.41289979      28.93642733      1.619783865
v      22.92636662       28.9387872      1.584986709
v      23.39926819      28.94150146      1.544958357
v      23.80343324      28.94415798      1.505780631
v      24.12734664      28.94649065      1.471378454
v      24.37382121       28.9483847      1.443445398
v      24.55406644      28.94983688      1.422028959
v      24.68208652      28.95090417      1.406288958
v      25.27077336      32.44143034      1.662628276
v      25.33186749      32.44087537      1.669679897
v      25.18295352      32.44220915      1.652732674
v      25.05931812      32.44326876      1.639269016
v      24.89027181      32.44465072      1.621709544
v      24.66814211      32.44635267       1.60008423
v      24.39102156      32.44829098      1.575455606
v      24.06683102       32.4502717      1.550288159
v       23.7149072      32.45199504      1.528391111
v      23.36259693       32.4531251      1.514032281
v      23.03745901      32.45341854      1.510303757
v       22.7593606      32.45282905      1.517793929
v      22.53685256      32.45149297      1.534770547
v      22.36861831      32.44961827      1.558590883
v      22.24773597      32.44734719      1.587447663
v       22.1668329      32.44460363       1.62230782
v      22.13186749      32.44087537      1.669679897
v       22.1668329      32.43714711      1.717051974
v      22.24773597      32.43440355      1.751912131
v      22.36861831      32.43213247      1.780768912
v      22.53685256      32.43025777      1.804589248
v       22.7593606      32.42892169      1.821565866
v      23.03745901       32.4283322      1.829056038
v      23.36259693      32.42862564      1.825327513
v       23.7149072       32.4297557      1.810968683
v      24.06683102      32.43147904      1.789071635
v      24.39102156      32.43345976      1.763904188
v      24.66814211      32.43539807      1.739275565
v      24.89027181      32.43710002      1.717650251
v      25.05931812      32.43848198      1.700090779
v      25.18295352      32.43954159      1.686627121
v      25.27077336       32.4403204      1.676731519
v      25.27077336      32.44115286      1.666154087
v      25.18295352      32.44154226      1.661206285
v      25.05931812      32.44207206      1.654474456
v      24.89027181      32.44276304       1.64569472
v      24.66814211      32.44361402      1.634882064
v      24.39102156      32.44458318      1.622567752
v      24.06683102      32.44557354      1.609984028
v       23.7149072       32.4464352      1.599035504
v      23.36259693      32.44700024      1.591856089
v      23.03745901      32.44714696      1.589991827
v       22.7593606      32.44685221      1.593736913
v      22.53685256      32.44618417      1.602225222
v      22.36861831      32.44524682       1.61413539
v      22.24773597      32.44411128       1.62856378
v       22.1668329       32.4427395      1.645993859
v       22.1668329      32.43901124      1.693365936
v      22.24773597      32.43763946      1.710796014
v      22.36861831      32.43650392      1.725224405
v      22.53685256      32.43556657      1.737134573
v       22.7593606      32.43489853      1.745622882
v      23.03745901      32.43460378      1.749367967
v      23.36259693       32.4347505      1.747503705
v       23.7149072      32.43531554       1.74032429
v      24.06683102       32.4361772      1.729375766
v      24.39102156      32.43716756      1.716792043
v      24.66814211      32.43813672      1.704477731
v      24.89027181       32.4389877      1.693665074
v      25.05931812      32.43967868      1.684885338
v      25.18295352      32.44020848      1.678153509
v      25.27077336      32.44059788      1.673205708
v      25.27077336      32.44087537      1.669679897
v      25.18295352      32.44087537      1.669679897
v      25.05931812      32.44087537      1.669679897
v      24.89027181      32.44087537      1.669679897
v      24.66814211      32.44087537      1.669679897
v      24.39102156      32.44087537      1.669679897
v      24.06683102      32.44087537      1.669679897
v       23.7149072      32.44087537      1.669679897
v      23.36259693      32.44087537      1.669679897
v      23.03745901      32.44087537      1.669679897
v       22.7593606      32.44087537      1.669679897
v      22.53685256      32.44087537      1.669679897
v      22.36861831      32.44087537      1.669679897
v      22.24773597      32.44087537      1.669679897
v       22.1668329      32.44087537      1.669679897
v      31.17052526             -1.3                0
v      30.59476727     -1.300238675   -0.09900191439
v      29.76683679     -1.300573648    -0.2379553037
v       28.6006816     -1.301029579     -0.427097053
v      27.00519588     -1.301624398    -0.6738737638
v      24.90705805     -1.302356972    -0.9778219341
v      22.28703364     -1.303191316     -1.323999613
v      19.21853106      -1.30404321     -1.677398074
v      15.88316903     -1.304781798     -1.983546518
v      12.53968905     -1.305259222      -2.18078271
v      9.451476558     -1.305367024     -2.223670024
v       6.81192267     -1.305082273     -2.102413082
v       4.70868387     -1.304463455     -1.841295373
v       3.13663113     -1.303600958     -1.478100668
v      2.041311268     -1.302559476     -1.040500929
v      1.379132829     -1.301337615    -0.5331087049
v      1.170525258             -1.3                0
v      1.379132829     -1.298662385     0.5331087049
v      2.041311268     -1.297440524      1.040500929
v       3.13663113     -1.296399042      1.478100668
v       4.70868387     -1.295536545      1.841295373
v       6.81192267     -1.294917727      2.102413082
v      9.451476558     -1.294632976      2.223670024
v      12.53968905     -1.294740778       2.18078271
v      15.88316903     -1.295218202      1.983546518
v      19.21853106      -1.29595679      1.677398074
v      22.28703364     -1.296808684      1.323999613
v      24.90705805     -1.297643028     0.9778219341
v      27.00519588     -1.298375602     0.6738737638
v       28.6006816     -1.298970421      0.427097053
v      29.76683679     -1.299426352     0.2379553037
v      30.59476727     -1.299761325    0.09900191439
v      30.34105052             -2.6                0
v      29.80377208      -2.60047735   -0.09134353336
v      29.03118592     -2.601147295    -0.2195467986
v      27.94300553     -2.602059158    -0.3940534729
v      26.45423927     -2.603248795    -0.6217324238
v      24.49650362     -2.604713944    -0.9021549867
v      22.05189718     -2.606382631     -1.221537644
v      19.18896914     -2.608086421     -1.547592771
v        16.077224     -2.609563595     -1.830096148
v      12.95807294     -2.610518443     -2.012212788
v      10.07715677     -2.610734047     -2.052098249
v       7.61470002     -2.610164546     -1.940763825
v      5.652217433     -2.608926911     -1.700610521
v      4.184626579     -2.607201916     -1.366448926
v      3.160681255     -2.605118953    -0.9636660783
v      2.538950645      -2.60267523    -0.4956214145
v      2.341050515             -2.6                0
v      2.538950645      -2.59732477     0.4956214145
v      3.160681255     -2.594881047     0.9636660783
v      4.184626579     -2.592798084      1.366448926
v      5.652217433     -2.591073089      1.700610521
v       7.61470002     -2.589835454      1.940763825
v      10.07715677     -2.589265953      2.052098249
v      12.95807294     -2.589481557      2.012212788
v        16.077224     -2.590436405      1.830096148
v      19.18896914     -2.591913579      1.547592771
v      22.05189718     -2.593617369      1.221537644
v      24.49650362     -2.595286056     0.9021549867
v      26.45423927     -2.596751205     0.6217324238
v      27.94300553     -2.597940842     0.3940534729
v      29.03118592     -2.598852705     0.2195467986
v      29.80377208      -2.59952265    0.09134353336
v      29.51157577             -3.9                0
v      29.01277689     -3.900716025   -0.08368515233
v      28.29553504     -3.901720943    -0.2011382936
v      27.28532946     -3.903088737    -0.3610098928
v      25.90328266     -3.904873193    -0.5695910838
v       24.0859492     -3.907070916    -0.8264880393
v      21.81676072     -3.909573947     -1.119075675
v      19.15940721     -3.912129631     -1.417787468
v      16.27127897     -3.914345393     -1.676645779
v      13.37645682     -3.915777665     -1.843642866
v      10.70283698     -3.916101071     -1.880526474
v       8.41747737     -3.915246818     -1.779114569
v      6.595750997     -3.913390366     -1.559925668
v      5.232622027     -3.910802874     -1.254797183
v      4.280051242     -3.907678429    -0.8868312277
v      3.698768461     -3.904012845    -0.4581341241
v      3.511575773             -3.9                0
v      3.698768461     -3.895987155     0.4581341241
v      4.280051242     -3.892321571     0.8868312277
v      5.232622027     -3.889197126      1.254797183
v      6.595750997     -3.886609634      1.559925668
v       8.41747737     -3.884753182      1.779114569
v      10.70283698     -3.883898929      1.880526474
v      13.37645682     -3.884222335      1.843642866
v      16.27127897     -3.885654607      1.676645779
v      19.15940721     -3.887870369      1.417787468
v      21.81676072     -3.890426053      1.119075675
v       24.0859492     -3.892929084     0.8264880393
v      25.90328266     -3.895126807     0.5695910838
v      27.28532946     -3.896911263     0.3610098928
v      28.29553504     -3.898279057     0.2011382936
v      29.01277689     -3.899283975    0.08368515233
v      28.68210103             -5.2                0
v       28.2217817       -5.2009547    -0.0760267713
v      27.55988416     -5.202294591    -0.1827297885
v      26.62765339     -5.204118316    -0.3279663127
v      25.35232604     -5.206497591    -0.5174497438
v      23.67539478     -5.209427888     -0.750821092
v      21.58162425     -5.212765262     -1.016613707
v      19.12984529     -5.216172842     -1.287982164
v      16.46533394     -5.219127191     -1.523195409
v      13.79484071     -5.221036886     -1.675072944
v      11.32851718     -5.221468095     -1.708954699
v      9.220254719     -5.220329091     -1.617465312
v       7.53928456     -5.217853822     -1.419240816
v      6.280617476     -5.214403832     -1.143145441
v      5.399421229     -5.210237906     -0.809996377
v      4.858586277      -5.20535046    -0.4206468338
v       4.68210103             -5.2                0
v      4.858586277      -5.19464954     0.4206468338
v      5.399421229     -5.189762094      0.809996377
v      6.280617476     -5.185596168      1.143145441
v       7.53928456     -5.182146178      1.419240816
v      9.220254719     -5.179670909      1.617465312
v      11.32851718     -5.178531905      1.708954699
v      13.79484071     -5.178963114      1.675072944
v      16.46533394     -5.180872809      1.523195409
v      19.12984529     -5.183827158      1.287982164
v      21.58162425     -5.187234738      1.016613707
v      23.67539478     -5.190572112      0.750821092
v      25.35232604     -5.193502409     0.5174497438
v      26.62765339     -5.195881684     0.3279663127
v      27.55988416     -5.197705409     0.1827297885
v       28.2217817       -5.1990453     0.0760267713
v      27.85262629             -6.5                0
v      27.43078651     -6.501193375   -0.06836839026
v      26.82423328     -6.502868239    -0.1643212834
v      25.96997732     -6.505147895    -0.2949227326
v      24.80136943     -6.508121988    -0.4653084038
v      23.26484035     -6.511784859    -0.6751541446
v      21.34648779     -6.515956578    -0.9141517379
v      19.10028336     -6.520216052     -1.158176861
v      16.65938891     -6.523908989     -1.369745039
v      14.21322459     -6.526296108     -1.506503023
v      11.95419739     -6.526835119     -1.537382923
v      10.02303207     -6.525411364     -1.455816055
v      8.482818123     -6.522317277     -1.278555963
v      7.328612924     -6.518004789     -1.031493699
v      6.518791217     -6.512797382    -0.7331615264
v      6.018404094     -6.506688075    -0.3831595434
v      5.852626288             -6.5                0
v      6.018404094     -6.493311925     0.3831595434
v      6.518791217     -6.487202618     0.7331615264
v      7.328612924     -6.481995211      1.031493699
v      8.482818123     -6.477682723      1.278555963
v      10.02303207     -6.474588636      1.455816055
v      11.95419739     -6.473164881      1.537382923
v      14.21322459     -6.473703892      1.506503023
v      16.65938891     -6.476091011      1.369745039
v      19.10028336     -6.479783948      1.158176861
v      21.34648779     -6.484043422     0.9141517379
v      23.26484035     -6.488215141     0.6751541446
v      24.80136943     -6.491878012     0.4653084038
v      25.96997732     -6.494852105     0.2949227326
v      26.82423328     -6.497131761     0.1643212834
v      27.43078651     -6.498806625    0.06836839026
v      26.78774859     -8.198964406    0.05932914439
v      26.41009704     -8.200235654 -0.0009401665502
v      25.86709026     -8.202019797   -0.08552600073
v      25.10234856     -8.204448019    -0.2006526723
v      24.05622474     -8.207615768    -0.3508466879
v      22.68079183     -8.211517182     -0.535825206
v      20.96364118     -8.215960418     -0.746498108
v       18.9531285     -8.220497683    -0.9616126012
v      16.76848516     -8.224433234     -1.148146661
v       14.5792586     -8.226981967     -1.268806848
v      12.55759027     -8.227568908     -1.296253302
v      10.82927748     -8.226073879     -1.224730014
v      9.450584686     -8.222808862     -1.069014045
v      8.416864441     -8.218253771    -0.8519027931
v      7.690520579     -8.212749525    -0.5896684827
v       7.23949231     -8.206260801    -0.2814674959
v      7.087748586     -8.198964406    0.05932914439
v       7.23949231     -8.191668011     0.4001257846
v      7.690520579     -8.185179287     0.7083267715
v      8.416864441     -8.179675041     0.9705610818
v      9.450584686      -8.17511995      1.187672334
v      10.82927748     -8.171854933      1.343388302
v      12.55759027     -8.170359904      1.414911591
v       14.5792586     -8.170946845      1.387465137
v      16.76848516     -8.173495578       1.26680495
v       18.9531285     -8.177431129       1.08027089
v      20.96364118     -8.181968394     0.8651563968
v      22.68079183      -8.18641163     0.6544834948
v      24.05622474     -8.190313044     0.4695049767
v      25.10234856     -8.193480793     0.3193109611
v      25.86709026     -8.195909015     0.2041842895
v      26.41009704     -8.197693158     0.1195984553
v      25.72287088     -9.897928812     0.1186582888
v      25.38940756     -9.899277934    0.06648805716
v      24.90994723     -9.901171356  -0.006730718037
v      24.23471981     -9.903748142     -0.106382612
v      23.31108004     -9.907109547     -0.236384972
v      22.09674332     -9.911249505    -0.3964962674
v      20.58079456     -9.915964258     -0.578844478
v      18.80597363     -9.920779313    -0.7650483412
v       16.8775814     -9.924957479    -0.9265482826
v      14.94529261     -9.927667825     -1.031110674
v      13.16098315     -9.928302696     -1.055123681
v      11.63552289     -9.926736394    -0.9936439721
v      10.41835125     -9.923300447    -0.8594721269
v      9.505115957     -9.918502753    -0.6723118873
v      8.862249942     -9.912701667    -0.4461754391
v      8.460580527     -9.905833527    -0.1797754483
v      8.322870883     -9.897928812     0.1186582888
v      8.460580527     -9.890024097     0.4170920259
v      8.862249942     -9.883155956     0.6834920167
v      9.505115957     -9.877354871     0.9096284649
v      10.41835125     -9.872557177      1.096788704
v      11.63552289      -9.86912123       1.23096055
v      13.16098315     -9.867554927      1.292440259
v      14.94529261     -9.868189799      1.268427252
v       16.8775814     -9.870900144       1.16386486
v      18.80597363      -9.87507831      1.002364919
v      20.58079456     -9.879893366     0.8161610556
v      22.09674332     -9.884608119      0.633812845
v      23.31108004     -9.888748077     0.4737015496
v      24.23471981     -9.892109482     0.3436991896
v      24.90994723     -9.894686268     0.2440472956
v      25.38940756      -9.89657969     0.1708285204
v      24.65799318     -11.59689322     0.1779874332
v      24.36871809     -11.59832021     0.1339162809
v       23.9528042     -11.60032291    0.07206456466
v      23.36709106     -11.60304826   -0.01211255171
v      22.56593535     -11.60660333    -0.1219232561
v       21.5126948     -11.61098183    -0.2571673288
v      20.19794794      -11.6159681     -0.411190848
v      18.65881876     -11.62106094    -0.5684840812
v      16.98667765     -11.62548172    -0.7049499044
v      15.31132663     -11.62835368    -0.7934144998
v      13.76437604     -11.62903649    -0.8139940599
v      12.44176831     -11.62739891    -0.7625579306
v      11.38611781     -11.62379203    -0.6499302087
v      10.59336747     -11.61875173    -0.4927209816
v       10.0339793     -11.61265381    -0.3026823954
v      9.681668744     -11.60540625    -0.0780834008
v      9.557993181     -11.59689322     0.1779874332
v      9.681668744     -11.58838018     0.4340582672
v       10.0339793     -11.58113263     0.6586572618
v      10.59336747      -11.5750347      0.848695848
v      11.38611781      -11.5699944      1.005905075
v      12.44176831     -11.56638753      1.118532797
v      13.76437604     -11.56474995      1.169968926
v      15.31132663     -11.56543275      1.149389366
v      16.98667765     -11.56830471      1.060924771
v      18.65881876     -11.57272549     0.9244589476
v      20.19794794     -11.57781834     0.7671657144
v       21.5126948     -11.58280461     0.6131421952
v      22.56593535     -11.58718311     0.4778981224
v      23.36709106     -11.59073817     0.3680874181
v       23.9528042     -11.59346352     0.2839103017
v      24.36871809     -11.59546622     0.2220585855
v      23.59311548     -13.29585762     0.2373165776
v      23.34802862     -13.29736249     0.2013445046
v      22.99566118     -13.29947447     0.1508598474
v      22.49946231     -13.30234839    0.08215750857
v      21.82079066     -13.30609711  -0.007461540149
v      20.92864628     -13.31071415    -0.1178383902
v      19.81510132     -13.31597194     -0.243537218
v       18.5116639     -13.32134257    -0.3719198212
v       17.0957739     -13.32600597    -0.4833515261
v      15.67736064     -13.32903954    -0.5557183255
v      14.36776892     -13.32977027    -0.5728644388
v      13.24801372     -13.32806142     -0.531471889
v      12.35388438     -13.32428362    -0.4403882906
v      11.68161899     -13.31900072    -0.3131300759
v      11.20570867     -13.31260595    -0.1591893518
v      10.90275696     -13.30497898    0.02360864674
v      10.79311548     -13.29585762     0.2373165776
v      10.90275696     -13.28673627     0.4510245084
v      11.20570867     -13.27910929      0.633822507
v      11.68161899     -13.27271453      0.787763231
v      12.35388438     -13.26743163     0.9150214457
v      13.24801372     -13.26365382      1.006105044
v      14.36776892     -13.26194497      1.047497594
v      15.67736064     -13.26267571      1.030351481
v       17.0957739     -13.26570928     0.9579846813
v       18.5116639     -13.27037267     0.8465529764
v      19.81510132     -13.27574331     0.7181703732
v      20.92864628      -13.2810011     0.5924715453
v      21.82079066     -13.28561814     0.4820946953
v      22.49946231     -13.28936686     0.3924756466
v      22.99566118     -13.29224077     0.3237733078
v      23.34802862     -13.29435275     0.2732886506
v      22.52823778     -14.99482203      0.296645722
v      22.32733915     -14.99640477     0.2687727283
v      22.03851815     -14.99862603     0.2296551301
v      21.63183356     -15.00164851     0.1764275689
v      21.07564596     -15.00559088     0.1070001758
v      20.34459776     -15.01044647    0.02149054842
v       19.4322547     -15.01597578   -0.07588358806
v      18.36450903      -15.0216242    -0.1753555612
v      17.20487014     -15.02653022    -0.2617531479
v      16.04339465      -15.0297254    -0.3180221513
v       14.9711618     -15.03050406    -0.3317348176
v      14.05425913     -15.02872394    -0.3003858475
v      13.32165094      -15.0247752    -0.2308463724
v      12.76987051      -15.0192497    -0.1335391702
v      12.37743803      -15.0125581   -0.01569630816
v      12.12384518     -15.00455171     0.1253006943
v      12.02823778     -14.99482203      0.296645722
v      12.12384518     -14.98509235     0.4679907497
v      12.37743803     -14.97708596     0.6089877521
v      12.76987051     -14.97039436     0.7268306141
v      13.32165094     -14.96486886     0.8241378163
v      14.05425913     -14.96092012     0.8936772915
v       14.9711618        -14.95914     0.9250262616
v      16.04339465     -14.95991866     0.9113135952
v      17.20487014     -14.96311384     0.8550445918
v      18.36450903     -14.96801985     0.7686470052
v       19.4322547     -14.97366828      0.669175032
v      20.34459776     -14.97919759     0.5718008955
v      21.07564596     -14.98405318     0.4862912682
v      21.63183356     -14.98799555     0.4168638751
v      22.03851815     -14.99101803     0.3636363139
v      22.32733915     -14.99323929     0.3245187156
v      23.08896372      -18.4840327      0.571252557
v      22.91602599     -18.48540989     0.5475438378
v      22.66740522     -18.48734265     0.5142706388
v      22.31733047     -18.48997256     0.4689958582
v      21.83857113     -18.49340285     0.4099420494
v      21.20930663     -18.49762771     0.3372092847
v      20.42400808     -18.50243882     0.2543842508
v      19.50497343      -18.5073537     0.1697731828
v      18.50687755     -18.51162318    0.09627570394
v       17.5072351     -18.51440534    0.04838873527
v      16.58442124     -18.51508696    0.03667289728
v      15.79527943     -18.51354496     0.0632501077
v      15.16469126     -18.51011875     0.1222770114
v      14.68962007     -18.50532341     0.2048868404
v      14.35149762     -18.49951591     0.3049324861
v      14.13244272     -18.49256209     0.4247021194
v      14.04896372      -18.4840327      0.571252557
v      14.13244272      -18.4755033     0.7178029946
v      14.35149762     -18.46854948     0.8375726279
v      14.68962007     -18.46274198     0.9376182737
v      15.16469126     -18.45794664      1.020228103
v      15.79527943     -18.45452043      1.079255006
v      16.58442124     -18.45297844      1.105832217
v       17.5072351     -18.45366005      1.094116379
v      18.50687755     -18.45644222       1.04622941
v      19.50497343     -18.46071169     0.9727319312
v      20.42400808     -18.46562658     0.8881208633
v      21.20930663     -18.47043768     0.8052958293
v      21.83857113     -18.47466254     0.7325630647
v      22.31733047     -18.47809283     0.6735092558
v      22.66740522     -18.48072274     0.6282344753
v      22.91602599     -18.48265551     0.5949612762
v      23.64968966     -21.97324337     0.8458593921
v      23.50471283       -21.974415     0.8263149473
v       23.2962923     -21.97605928     0.7988861475
v      23.00282738     -21.97829661     0.7615641476
v       22.6014963     -21.98121482     0.7128839229
v       22.0740155     -21.98480895      0.652928021
v      21.41576145     -21.98890186     0.5846520896
v      20.64543783      -21.9930832     0.5149019269
v      19.80888496     -21.99671614     0.4543045558
v      18.97107556     -21.99908528     0.4147996218
v      18.19768068     -21.99966986     0.4050806122
v      17.53629972     -21.99836599     0.4268860629
v      17.00773159     -21.99546231     0.4754003952
v      16.60936963     -21.99139712     0.5433128509
v      16.32555721     -21.98647373     0.6255612804
v      16.14104027     -21.98057248     0.7241035446
v      16.06968966     -21.97324337     0.8458593921
v      16.14104027     -21.96591425     0.9676152395
v      16.32555721       -21.960013      1.066157504
v      16.60936963     -21.95508961      1.148405933
v      17.00773159     -21.95102442      1.216318389
v      17.53629972     -21.94812075      1.264832721
v      18.19768068     -21.94681688      1.286638172
v      18.97107556     -21.94740145      1.276919162
v      19.80888496     -21.94977059      1.237414228
v      20.64543783     -21.95340353      1.176816857
v      21.41576145     -21.95758487      1.107066695
v       22.0740155     -21.96167778      1.038790763
v       22.6014963     -21.96527191     0.9788348612
v      23.00282738     -21.96819012     0.9301546365
v       23.2962923     -21.97042745     0.8928326366
v      23.50471283     -21.97207173     0.8654038368
v       24.2104156     -25.46245403      1.120466227
v      24.09339968     -25.46342012      1.105086057
v      23.92517937      -25.4647759      1.083501656
v       23.6883243     -25.46662066      1.054132437
v      23.36442147     -25.46902678      1.015825797
v      22.93872437     -25.47199019     0.9686467573
v      22.40751482      -25.4753649     0.9149199284
v      21.78590222      -25.4788127     0.8600306709
v      21.11089237     -25.48180911     0.8123334076
v      20.43491602     -25.48376522     0.7812105083
v      19.81094012     -25.48425275     0.7734883271
v      19.27732001     -25.48318701     0.7905220181
v      18.85077191     -25.48080586      0.828523779
v      18.52911919     -25.47747084     0.8817388615
v      18.29961679     -25.47343155     0.9461900747
v      18.14963781     -25.46858286       1.02350497
v       18.0904156     -25.46245403      1.120466227
v      18.14963781     -25.45632521      1.217427484
v      18.29961679     -25.45147652       1.29474238
v      18.52911919     -25.44743723      1.359193593
v      18.85077191     -25.44410221      1.412408675
v      19.27732001     -25.44172106      1.450410436
v      19.81094012     -25.44065532      1.467444127
v      20.43491602     -25.44114285      1.459721946
v      21.11089237     -25.44309896      1.428599047
v      21.78590222     -25.44609536      1.380901783
v      22.40751482     -25.44954317      1.326012526
v      22.93872437     -25.45291788      1.272285697
v      23.36442147     -25.45588128      1.225106658
v       23.6883243     -25.45828741      1.186800017
v      23.92517937     -25.46013217      1.157430798
v      24.09339968     -25.46148795      1.135846397
v      24.77114154      -28.9516647      1.395073062
v      24.68208652     -28.95242523      1.383857166
v      24.55406644     -28.95349252      1.368117165
v      24.37382121     -28.95494471      1.346700726
v      24.12734664     -28.95683875       1.31876767
v      23.80343324     -28.95917143      1.284365494
v      23.39926819     -28.96182794      1.245187767
v      22.92636662      -28.9645422      1.205159415
v      22.41289979     -28.96690207      1.170362259
v      21.89875647     -28.96844516      1.147621395
v      21.42419957     -28.96883565      1.141896042
v      21.01834031     -28.96800803      1.154157973
v      20.69381224     -28.96614941      1.181647163
v      20.44886875     -28.96354455      1.220164872
v      20.27367638     -28.96038937      1.266818869
v      20.15823536     -28.95659325      1.322906395
v      20.11114154      -28.9516647      1.395073062
v      20.15823536     -28.94673616      1.467239729
v      20.27367638     -28.94294004      1.523327255
v      20.44886875     -28.93978485      1.569981252
v      20.69381224     -28.93717999      1.608498962
v      21.01834031     -28.93532137      1.635988151
v      21.42419957     -28.93449376      1.648250082
v      21.89875647     -28.93488424      1.642524729
v      22.41289979     -28.93642733      1.619783865
v      22.92636662      -28.9387872      1.584986709
v      23.39926819     -28.94150146      1.544958357
v      23.80343324     -28.94415798      1.505780631
v      24.12734664     -28.94649065      1.471378454
v      24.37382121      -28.9483847      1.443445398
v      24.55406644     -28.94983688      1.422028959
v      24.68208652     -28.95090417      1.406288958
v      25.33186749     -32.44087537      1.669679897
v      25.27077336     -32.44143034      1.662628276
v      25.18295352     -32.44220915      1.652732674
v      25.05931812     -32.44326876      1.639269016
v      24.89027181     -32.44465072      1.621709544
v      24.66814211     -32.44635267       1.60008423
v      24.39102156     -32.44829098      1.575455606
v      24.06683102      -32.4502717      1.550288159
v       23.7149072     -32.45199504      1.528391111
v      23.36259693      -32.4531251      1.514032281
v      23.03745901     -32.45341854      1.510303757
v       22.7593606     -32.45282905      1.517793929
v      22.53685256     -32.45149297      1.534770547
v      22.36861831     -32.44961827      1.558590883
v      22.24773597     -32.44734719      1.587447663
v       22.1668329     -32.44460363       1.62230782
v      22.13186749     -32.44087537      1.669679897
v       22.1668329     -32.43714711      1.717051974
v      22.24773597     -32.43440355      1.751912131
v      22.36861831     -32.43213247      1.780768912
v      22.53685256     -32.43025777      1.804589248
v       22.7593606     -32.42892169      1.821565866
v      23.03745901      -32.4283322      1.829056038
v      23.36259693     -32.42862564      1.825327513
v       23.7149072      -32.4297557      1.810968683
v      24.06683102     -32.43147904      1.789071635
v      24.39102156     -32.43345976      1.763904188
v      24.66814211     -32.43539807      1.739275565
v      24.89027181     -32.43710002      1.717650251
v      25.05931812     -32.43848198      1.700090779
v      25.18295352     -32.43954159      1.686627121
v      25.27077336      -32.4403204      1.676731519
v      25.27077336     -32.44115286      1.666154087
v      25.18295352     -32.44154226      1.661206285
v      25.05931812     -32.44207206      1.654474456
v      24.89027181     -32.44276304       1.64569472
v      24.66814211     -32.44361402      1.634882064
v      24.39102156     -32.44458318      1.622567752
v      24.06683102     -32.44557354      1.609984028
v       23.7149072      -32.4464352      1.599035504
v      23.36259693     -32.44700024      1.591856089
v      23.03745901     -32.44714696      1.589991827
v       22.7593606     -32.44685221      1.593736913
v      22.53685256     -32.44618417      1.602225222
v      22.36861831     -32.44524682       1.61413539
v      22.24773597     -32.44411128       1.62856378
v       22.1668329      -32.4427395      1.645993859
v       22.1668329     -32.43901124      1.693365936
v      22.24773597     -32.43763946      1.710796014
v      22.36861831     -32.43650392      1.725224405
v      22.53685256     -32.43556657      1.737134573
v       22.7593606     -32.43489853      1.745622882
v      23.03745901     -32.43460378      1.749367967
v      23.36259693      -32.4347505      1.747503705
v       23.7149072     -32.43531554       1.74032429
v      24.06683102      -32.4361772      1.729375766
v      24.39102156     -32.43716756      1.716792043
v      24.66814211     -32.43813672      1.704477731
v      24.89027181      -32.4389877      1.693665074
v      25.05931812     -32.43967868      1.684885338
v      25.18295352     -32.44020848      1.678153509
v      25.27077336     -32.44059788      1.673205708
v      25.27077336     -32.44087537      1.669679897
v      25.18295352     -32.44087537      1.669679897
v      25.05931812     -32.44087537      1.669679897
v      24.89027181     -32.44087537      1.669679897
v      24.66814211     -32.44087537      1.669679897
v      24.39102156     -32.44087537      1.669679897
v      24.06683102     -32.44087537      1.669679897
v       23.7149072     -32.44087537      1.669679897
v      23.36259693     -32.44087537      1.669679897
v      23.03745901     -32.44087537      1.669679897
v       22.7593606     -32.44087537      1.669679897
v      22.53685256     -32.44087537      1.669679897
v      22.36861831     -32.44087537      1.669679897
v      22.24773597     -32.44087537      1.669679897
v       22.1668329     -32.44087537      1.669679897
v      8.957326313     0.3953463129              2.2
v      8.957326313     0.3625442915      2.051314618
v              8.5  -6.70759744e-17              2.2
v      8.957326313     0.2749287299       1.92507127
v      8.957326313     0.1486853815      1.837455708
v      8.957326313 -2.131628207e-17      1.804653687
v      8.957326313    -0.1486853815      1.837455708
v      8.957326313    -0.2749287299       1.92507127
v      8.957326313    -0.3625442915      2.051314618
v      8.957326313    -0.3953463129              2.2
v      8.957326313    -0.3625442915      2.348685382
v      8.957326313    -0.2749287299       2.47492873
v      8.957326313    -0.1486853815      2.562544292
v      8.957326313 -4.090555137e-17      2.595346313
v      8.957326313     0.1486853815      2.562544292
v      8.957326313     0.2749287299       2.47492873
v      8.957326313     0.3625442915      2.348685382
v      9.555679602      0.807839602              2.2
v      9.555679602     0.7423862175      1.891460402
v      9.555679602     0.5659772765      1.634022724
v      9.555679602     0.3085395977      1.457613783
v      9.555679602 -2.398081733e-17      1.392160398
v      9.555679602    -0.3085395977      1.457613783
v      9.555679602    -0.5659772765      1.634022724
v      9.555679602    -0.7423862175      1.891460402
v      9.555679602     -0.807839602              2.2
v      9.555679602    -0.7423862175      2.508539598
v      9.555679602    -0.5659772765      2.765977276
v      9.555679602    -0.3085395977      2.942386217
v      9.555679602 -4.601874529e-17      3.007839602
v      9.555679602     0.3085395977      2.942386217
v      9.555679602     0.5659772765      2.765977276
v      9.555679602     0.7423862175      2.508539598
v      10.23461973      1.177159735              2.2
v      10.23461973      1.083306589      1.745834603
v      10.23461973     0.8287880348      1.371211965
v      10.23461973     0.4541653969      1.116693411
v      10.23461973 -1.598721155e-17      1.022840265
v      10.23461973    -0.4541653969      1.116693411
v      10.23461973    -0.8287880348      1.371211965
v      10.23461973     -1.083306589      1.745834603
v      10.23461973     -1.177159735              2.2
v      10.23461973     -1.083306589      2.654165397
v      10.23461973    -0.8287880348      3.028788035
v      10.23461973    -0.4541653969      3.283306589
v      10.23461973 -3.067916353e-17      3.377159735
v      10.23461973     0.4541653969      3.283306589
v      10.23461973     0.8287880348      3.028788035
v      10.23461973      1.083306589      2.654165397
v      10.93370658      1.442986578              2.2
v      10.93370658      1.329086217      1.639834472
v      10.93370658        1.0190034        1.1809966
v      10.93370658     0.5601655276      0.870913783
v      10.93370658 -5.329070518e-18     0.7570134218
v      10.93370658    -0.5601655276      0.870913783
v      10.93370658       -1.0190034        1.1809966
v      10.93370658     -1.329086217      1.639834472
v      10.93370658     -1.442986578              2.2
v      10.93370658     -1.329086217      2.760165528
v      10.93370658       -1.0190034        3.2190034
v      10.93370658    -0.5601655276      3.529086217
v      10.93370658 -1.022638784e-17      3.642986578
v      10.93370658     0.5601655276      3.529086217
v      10.93370658        1.0190034        3.2190034
v      10.93370658      1.329086217      2.760165528
v          11.5925            1.545              2.2
v          11.5925      1.423505913      1.598857262
v          11.5925      1.092265767      1.107734233
v          11.5925     0.6011427382     0.7764940873
v          11.5925                0            0.655
v          11.5925    -0.6011427382     0.7764940873
v          11.5925     -1.092265767      1.107734233
v          11.5925     -1.423505913      1.598857262
v          11.5925           -1.545              2.2
v          11.5925     -1.423505913      2.801142738
v          11.5925     -1.092265767      3.292265767
v          11.5925    -0.6011427382      3.623505913
v          11.5925                0            3.745
v          11.5925     0.6011427382      3.623505913
v          11.5925      1.092265767      3.292265767
v          11.5925      1.423505913      2.801142738
v           12.211            1.545              2.2
v           12.211      1.423505913      1.598857262
v           12.211      1.092265767      1.107734233
v           12.211     0.6011427382     0.7764940873
v           12.211                0            0.655
v           12.211    -0.6011427382     0.7764940873
v           12.211     -1.092265767      1.107734233
v           12.211     -1.423505913      1.598857262
v           12.211           -1.545              2.2
v           12.211     -1.423505913      2.801142738
v           12.211     -1.092265767      3.292265767
v           12.211    -0.6011427382      3.623505913
v           12.211                0            3.745
v           12.211     0.6011427382      3.623505913
v           12.211      1.092265767      3.292265767
v           12.211      1.423505913      2.801142738
v          12.8295            1.545              2.2
v          12.8295      1.423505913      1.598857262
v          12.8295      1.092265767      1.107734233
v          12.8295     0.6011427382     0.7764940873
v          12.8295                0            0.655
v          12.8295    -0.6011427382     0.7764940873
v          12.8295     -1.092265767      1.107734233
v          12.8295     -1.423505913      1.598857262
v          12.8295           -1.545              2.2
v          12.8295     -1.423505913      2.801142738
v          12.8295     -1.092265767      3.292265767
v          12.8295    -0.6011427382      3.623505913
v          12.8295                0            3.745
v          12.8295     0.6011427382      3.623505913
v          12.8295      1.092265767      3.292265767
v          12.8295      1.423505913      2.801142738
v           13.448            1.545              2.2
v           13.448      1.423505913      1.598857262
v           13.448      1.092265767      1.107734233
v           13.448     0.6011427382     0.7764940873
v           13.448                0            0.655
v           13.448    -0.6011427382     0.7764940873
v           13.448     -1.092265767      1.107734233
v           13.448     -1.423505913      1.598857262
v           13.448           -1.545              2.2
v           13.448     -1.423505913      2.801142738
v           13.448     -1.092265767      3.292265767
v           13.448    -0.6011427382      3.623505913
v           13.448                0            3.745
v           13.448     0.6011427382      3.623505913
v           13.448      1.092265767      3.292265767
v           13.448      1.423505913      2.801142738
v          14.0665            1.545              2.2
v          14.0665      1.423505913      1.598857262
v          14.0665      1.092265767      1.107734233
v          14.0665     0.6011427382     0.7764940873
v          14.0665                0            0.655
v          14.0665    -0.6011427382     0.7764940873
v          14.0665     -1.092265767      1.107734233
v          14.0665     -1.423505913      1.598857262
v          14.0665           -1.545              2.2
v          14.0665     -1.423505913      2.801142738
v          14.0665     -1.092265767      3.292265767
v          14.0665    -0.6011427382      3.623505913
v          14.0665                0            3.745
v          14.0665     0.6011427382      3.623505913
v          14.0665      1.092265767      3.292265767
v          14.0665      1.423505913      2.801142738
v           14.685            1.545              2.2
v           14.685      1.423505913      1.598857262
v           14.685      1.092265767      1.107734233
v           14.685     0.6011427382     0.7764940873
v           14.685                0            0.655
v           14.685    -0.6011427382     0.7764940873
v           14.685     -1.092265767      1.107734233
v           14.685     -1.423505913      1.598857262
v           14.685           -1.545              2.2
v           14.685     -1.423505913      2.801142738
v           14.685     -1.092265767      3.292265767
v           14.685    -0.6011427382      3.623505913
v           14.685                0            3.745
v           14.685     0.6011427382      3.623505913
v           14.685      1.092265767      3.292265767
v           14.685      1.423505913      2.801142738
v          15.3035            1.545              2.2
v          15.3035      1.423505913      1.598857262
v          15.3035      1.092265767      1.107734233
v          15.3035     0.6011427382     0.7764940873
v          15.3035                0            0.655
v          15.3035    -0.6011427382     0.7764940873
v          15.3035     -1.092265767      1.107734233
v          15.3035     -1.423505913      1.598857262
v          15.3035           -1.545              2.2
v          15.3035     -1.423505913      2.801142738
v          15.3035     -1.092265767      3.292265767
v          15.3035    -0.6011427382      3.623505913
v          15.3035                0            3.745
v          15.3035     0.6011427382      3.623505913
v          15.3035      1.092265767      3.292265767
v          15.3035      1.423505913      2.801142738
v           15.922            1.545              2.2
v           15.922      1.423505913      1.598857262
v           15.922      1.092265767      1.107734233
v           15.922     0.6011427382     0.7764940873
v           15.922                0            0.655
v           15.922    -0.6011427382     0.7764940873
v           15.922     -1.092265767      1.107734233
v           15.922     -1.423505913      1.598857262
v           15.922           -1.545              2.2
v           15.922     -1.423505913      2.801142738
v           15.922     -1.092265767      3.292265767
v           15.922    -0.6011427382      3.623505913
v           15.922                0            3.745
v           15.922     0.6011427382      3.623505913
v           15.922      1.092265767      3.292265767
v           15.922      1.423505913      2.801142738
v          16.5405            1.545              2.2
v          16.5405      1.423505913      1.598857262
v          16.5405      1.092265767      1.107734233
v          16.5405     0.6011427382     0.7764940873
v          16.5405                0            0.655
v          16.5405    -0.6011427382     0.7764940873
v          16.5405     -1.092265767      1.107734233
v          16.5405     -1.423505913      1.598857262
v          16.5405           -1.545              2.2
v          16.5405     -1.423505913      2.801142738
v          16.5405     -1.092265767      3.292265767
v          16.5405    -0.6011427382      3.623505913
v          16.5405                0            3.745
v          16.5405     0.6011427382      3.623505913
v          16.5405      1.092265767      3.292265767
v          16.5405      1.423505913      2.801142738
v           17.159            1.545              2.2
v           17.159      1.423505913      1.598857262
v           17.159      1.092265767      1.107734233
v           17.159     0.6011427382     0.7764940873
v           17.159                0            0.655
v           17.159    -0.6011427382     0.7764940873
v           17.159     -1.092265767      1.107734233
v           17.159     -1.423505913      1.598857262
v           17.159           -1.545              2.2
v           17.159     -1.423505913      2.801142738
v           17.159     -1.092265767      3.292265767
v           17.159    -0.6011427382      3.623505913
v           17.159                0            3.745
v           17.159     0.6011427382      3.623505913
v           17.159      1.092265767      3.292265767
v           17.159      1.423505913      2.801142738
v          17.7775            1.545              2.2
v          17.7775      1.423505913      1.598857262
v          17.7775      1.092265767      1.107734233
v          17.7775     0.6011427382     0.7764940873
v          17.7775                0            0.655
v          17.7775    -0.6011427382     0.7764940873
v          17.7775     -1.092265767      1.107734233
v          17.7775     -1.423505913      1.598857262
v          17.7775           -1.545              2.2
v          17.7775     -1.423505913      2.801142738
v          17.7775     -1.092265767      3.292265767
v          17.7775    -0.6011427382      3.623505913
v          17.7775                0            3.745
v          17.7775     0.6011427382      3.623505913
v          17.7775      1.092265767      3.292265767
v          17.7775      1.423505913      2.801142738
v      18.43629342      1.442986578              2.2
v      18.43629342      1.329086217      1.639834472
v      18.43629342        1.0190034        1.1809966
v      18.43629342     0.5601655276      0.870913783
v      18.43629342 -5.329070518e-18     0.7570134218
v      18.43629342    -0.5601655276      0.870913783
v      18.43629342       -1.0190034        1.1809966
v      18.43629342     -1.329086217      1.639834472
v      18.43629342     -1.442986578              2.2
v      18.43629342     -1.329086217      2.760165528
v      18.43629342       -1.0190034        3.2190034
v      18.43629342    -0.5601655276      3.529086217
v      18.43629342 -1.022638784e-17      3.642986578
v      18.43629342     0.5601655276      3.529086217
v      18.43629342        1.0190034        3.2190034
v      18.43629342      1.329086217      2.760165528
v      19.13538027      1.177159735              2.2
v      19.13538027      1.083306589      1.745834603
v      19.13538027     0.8287880348      1.371211965
v      19.13538027     0.4541653969      1.116693411
v      19.13538027 -1.598721155e-17      1.022840265
v      19.13538027    -0.4541653969      1.116693411
v      19.13538027    -0.8287880348      1.371211965
v      19.13538027     -1.083306589      1.745834603
v      19.13538027     -1.177159735              2.2
v      19.13538027     -1.083306589      2.654165397
v      19.13538027    -0.8287880348      3.028788035
v      19.13538027    -0.4541653969      3.283306589
v      19.13538027 -3.067916353e-17      3.377159735
v      19.13538027     0.4541653969      3.283306589
v      19.13538027     0.8287880348      3.028788035
v      19.13538027      1.083306589      2.654165397
v       19.8143204      0.807839602              2.2
v       19.8143204     0.7423862175      1.891460402
v       19.8143204     0.5659772765      1.634022724
v       19.8143204     0.3085395977      1.457613783
v       19.8143204 -2.398081733e-17      1.392160398
v       19.8143204    -0.3085395977      1.457613783
v       19.8143204    -0.5659772765      1.634022724
v       19.8143204    -0.7423862175      1.891460402
v       19.8143204     -0.807839602              2.2
v       19.8143204    -0.7423862175      2.508539598
v       19.8143204    -0.5659772765      2.765977276
v       19.8143204    -0.3085395977      2.942386217
v       19.8143204 -4.601874529e-17      3.007839602
v       19.8143204     0.3085395977      2.942386217
v       19.8143204     0.5659772765      2.765977276
v       19.8143204     0.7423862175      2.508539598
v      20.41267369     0.3953463129              2.2
v      20.41267369     0.3625442915      2.051314618
v      20.41267369     0.2749287299       1.92507127
v      20.41267369     0.1486853815      1.837455708
v      20.41267369 -2.131628207e-17      1.804653687
v      20.41267369    -0.1486853815      1.837455708
v      20.41267369    -0.2749287299       1.92507127
v      20.41267369    -0.3625442915      2.051314618
v      20.41267369    -0.3953463129              2.2
v      20.41267369    -0.3625442915      2.348685382
v      20.41267369    -0.2749287299       2.47492873
v      20.41267369    -0.1486853815      2.562544292
v      20.41267369 -4.090555137e-17      2.595346313
v      20.41267369     0.1486853815      2.562544292
v      20.41267369     0.2749287299       2.47492873
v      20.41267369     0.3625442915      2.348685382
v            20.87                0              2.2
v      21.35732631     0.3953463129              2.2
v      21.35732631     0.3625442915      2.051314618
v             20.9  -6.70759744e-17              2.2
v      21.35732631     0.2749287299       1.92507127
v      21.35732631     0.1486853815      1.837455708
v      21.35732631 -2.131628207e-17      1.804653687
v      21.35732631    -0.1486853815      1.837455708
v      21.35732631    -0.2749287299       1.92507127
v      21.35732631    -0.3625442915      2.051314618
v      21.35732631    -0.3953463129              2.2
v      21.35732631    -0.3625442915      2.348685382
v      21.35732631    -0.2749287299       2.47492873
v      21.35732631    -0.1486853815      2.562544292
v      21.35732631 -4.090555137e-17      2.595346313
v      21.35732631     0.1486853815      2.562544292
v      21.35732631     0.2749287299       2.47492873
v      21.35732631     0.3625442915      2.348685382
v       21.9556796      0.807839602              2.2
v       21.9556796     0.7423862175      1.891460402
v       21.9556796     0.5659772765      1.634022724
v       21.9556796     0.3085395977      1.457613783
v       21.9556796 -2.398081733e-17      1.392160398
v       21.9556796    -0.3085395977      1.457613783
v       21.9556796    -0.5659772765      1.634022724
v       21.9556796    -0.7423862175      1.891460402
v       21.9556796     -0.807839602              2.2
v       21.9556796    -0.7423862175      2.508539598
v       21.9556796    -0.5659772765      2.765977276
v       21.9556796    -0.3085395977      2.942386217
v       21.9556796 -4.601874529e-17      3.007839602
v       21.9556796     0.3085395977      2.942386217
v       21.9556796     0.5659772765      2.765977276
v       21.9556796     0.7423862175      2.508539598
v      22.63461973      1.177159735              2.2
v      22.63461973      1.083306589      1.745834603
v      22.63461973     0.8287880348      1.371211965
v      22.63461973     0.4541653969      1.116693411
v      22.63461973 -1.598721155e-17      1.022840265
v      22.63461973    -0.4541653969      1.116693411
v      22.63461973    -0.8287880348      1.371211965
v      22.63461973     -1.083306589      1.745834603
v      22.63461973     -1.177159735              2.2
v      22.63461973     -1.083306589      2.654165397
v      22.63461973    -0.8287880348      3.028788035
v      22.63461973    -0.4541653969      3.283306589
v      22.63461973 -3.067916353e-17      3.377159735
v      22.63461973     0.4541653969      3.283306589
v      22.63461973     0.8287880348      3.028788035
v      22.63461973      1.083306589      2.654165397
v      23.33370658      1.442986578              2.2
v      23.33370658      1.329086217      1.639834472
v      23.33370658        1.0190034        1.1809966
v      23.33370658     0.5601655276      0.870913783
v      23.33370658 -5.329070518e-18     0.7570134218
v      23.33370658    -0.5601655276      0.870913783
v      23.33370658       -1.0190034        1.1809966
v      23.33370658     -1.329086217      1.639834472
v      23.33370658     -1.442986578              2.2
v      23.33370658     -1.329086217      2.760165528
v      23.33370658       -1.0190034        3.2190034
v      23.33370658    -0.5601655276      3.529086217
v      23.33370658 -1.022638784e-17      3.642986578
v      23.33370658     0.5601655276      3.529086217
v      23.33370658        1.0190034        3.2190034
v      23.33370658      1.329086217      2.760165528
v          23.9925            1.545              2.2
v          23.9925      1.423505913      1.598857262
v          23.9925      1.092265767      1.107734233
v          23.9925     0.6011427382     0.7764940873
v          23.9925                0            0.655
v          23.9925    -0.6011427382     0.7764940873
v          23.9925     -1.092265767      1.107734233
v          23.9925     -1.423505913      1.598857262
v          23.9925           -1.545              2.2
v          23.9925     -1.423505913      2.801142738
v          23.9925     -1.092265767      3.292265767
v          23.9925    -0.6011427382      3.623505913
v          23.9925                0            3.745
v          23.9925     0.6011427382      3.623505913
v          23.9925      1.092265767      3.292265767
v          23.9925      1.423505913      2.801142738
v           24.611            1.545              2.2
v           24.611      1.423505913      1.598857262
v           24.611      1.092265767      1.107734233
v           24.611     0.6011427382     0.7764940873
v           24.611                0            0.655
v           24.611    -0.6011427382     0.7764940873
v           24.611     -1.092265767      1.107734233
v           24.611     -1.423505913      1.598857262
v           24.611           -1.545              2.2
v           24.611     -1.423505913      2.801142738
v           24.611     -1.092265767      3.292265767
v           24.611    -0.6011427382      3.623505913
v           24.611                0            3.745
v           24.611     0.6011427382      3.623505913
v           24.611      1.092265767      3.292265767
v           24.611      1.423505913      2.801142738
v          25.2295            1.545              2.2
v          25.2295      1.423505913      1.598857262
v          25.2295      1.092265767      1.107734233
v          25.2295     0.6011427382     0.7764940873
v          25.2295                0            0.655
v          25.2295    -0.6011427382     0.7764940873
v          25.2295     -1.092265767      1.107734233
v          25.2295     -1.423505913      1.598857262
v          25.2295           -1.545              2.2
v          25.2295     -1.423505913      2.801142738
v          25.2295     -1.092265767      3.292265767
v          25.2295    -0.6011427382      3.623505913
v          25.2295                0            3.745
v          25.2295     0.6011427382      3.623505913
v          25.2295      1.092265767      3.292265767
v          25.2295      1.423505913      2.801142738
v           25.848            1.545              2.2
v           25.848      1.423505913      1.598857262
v           25.848      1.092265767      1.107734233
v           25.848     0.6011427382     0.7764940873
v           25.848                0            0.655
v           25.848    -0.6011427382     0.7764940873
v           25.848     -1.092265767      1.107734233
v           25.848     -1.423505913      1.598857262
v           25.848           -1.545              2.2
v           25.848     -1.423505913      2.801142738
v           25.848     -1.092265767      3.292265767
v           25.848    -0.6011427382      3.623505913
v           25.848                0            3.745
v           25.848     0.6011427382      3.623505913
v           25.848      1.092265767      3.292265767
v           25.848      1.423505913      2.801142738
v          26.4665            1.545              2.2
v          26.4665      1.423505913      1.598857262
v          26.4665      1.092265767      1.107734233
v          26.4665     0.6011427382     0.7764940873
v          26.4665                0            0.655
v          26.4665    -0.6011427382     0.7764940873
v          26.4665     -1.092265767      1.107734233
v          26.4665     -1.423505913      1.598857262
v          26.4665           -1.545              2.2
v          26.4665     -1.423505913      2.801142738
v          26.4665     -1.092265767      3.292265767
v          26.4665    -0.6011427382      3.623505913
v          26.4665                0            3.745
v          26.4665     0.6011427382      3.623505913
v          26.4665      1.092265767      3.292265767
v          26.4665      1.423505913      2.801142738
v           27.085            1.545              2.2
v           27.085      1.423505913      1.598857262
v           27.085      1.092265767      1.107734233
v           27.085     0.6011427382     0.7764940873
v           27.085                0            0.655
v           27.085    -0.6011427382     0.7764940873
v           27.085     -1.092265767      1.107734233
v           27.085     -1.423505913      1.598857262
v           27.085           -1.545              2.2
v           27.085     -1.423505913      2.801142738
v           27.085     -1.092265767      3.292265767
v           27.085    -0.6011427382      3.623505913
v           27.085                0            3.745
v           27.085     0.6011427382      3.623505913
v           27.085      1.092265767      3.292265767
v           27.085      1.423505913      2.801142738
v          27.7035            1.545              2.2
v          27.7035      1.423505913      1.598857262
v          27.7035      1.092265767      1.107734233
v          27.7035     0.6011427382     0.7764940873
v          27.7035                0            0.655
v          27.7035    -0.6011427382     0.7764940873
v          27.7035     -1.092265767      1.107734233
v          27.7035     -1.423505913      1.598857262
v          27.7035           -1.545              2.2
v          27.7035     -1.423505913      2.801142738
v          27.7035     -1.092265767      3.292265767
v          27.7035    -0.6011427382      3.623505913
v          27.7035                0            3.745
v          27.7035     0.6011427382      3.623505913
v          27.7035      1.092265767      3.292265767
v          27.7035      1.423505913      2.801142738
v           28.322            1.545              2.2
v           28.322      1.423505913      1.598857262
v           28.322      1.092265767      1.107734233
v           28.322     0.6011427382     0.7764940873
v           28.322                0            0.655
v           28.322    -0.6011427382     0.7764940873
v           28.322     -1.092265767      1.107734233
v           28.322     -1.423505913      1.598857262
v           28.322           -1.545              2.2
v           28.322     -1.423505913      2.801142738
v           28.322     -1.092265767      3.292265767
v           28.322    -0.6011427382      3.623505913
v           28.322                0            3.745
v           28.322     0.6011427382      3.623505913
v           28.322      1.092265767      3.292265767
v           28.322      1.423505913      2.801142738
v          28.9405            1.545              2.2
v          28.9405      1.423505913      1.598857262
v          28.9405      1.092265767      1.107734233
v          28.9405     0.6011427382     0.7764940873
v          28.9405                0            0.655
v          28.9405    -0.6011427382     0.7764940873
v          28.9405     -1.092265767      1.107734233
v          28.9405     -1.423505913      1.598857262
v          28.9405           -1.545              2.2
v          28.9405     -1.423505913      2.801142738
v          28.9405     -1.092265767      3.292265767
v          28.9405    -0.6011427382      3.623505913
v          28.9405                0            3.745
v          28.9405     0.6011427382      3.623505913
v          28.9405      1.092265767      3.292265767
v          28.9405      1.423505913      2.801142738
v           29.559            1.545              2.2
v           29.559      1.423505913      1.598857262
v           29.559      1.092265767      1.107734233
v           29.559     0.6011427382     0.7764940873
v           29.559                0            0.655
v           29.559    -0.6011427382     0.7764940873
v           29.559     -1.092265767      1.107734233
v           29.559     -1.423505913      1.598857262
v           29.559           -1.545              2.2
v           29.559     -1.423505913      2.801142738
v           29.559     -1.092265767      3.292265767
v           29.559    -0.6011427382      3.623505913
v           29.559                0            3.745
v           29.559     0.6011427382      3.623505913
v           29.559      1.092265767      3.292265767
v           29.559      1.423505913      2.801142738
v          30.1775            1.545              2.2
v          30.1775      1.423505913      1.598857262
v          30.1775      1.092265767      1.107734233
v          30.1775     0.6011427382     0.7764940873
v          30.1775                0            0.655
v          30.1775    -0.6011427382     0.7764940873
v          30.1775     -1.092265767      1.107734233
v          30.1775     -1.423505913      1.598857262
v          30.1775           -1.545              2.2
v          30.1775     -1.423505913      2.801142738
v          30.1775     -1.092265767      3.292265767
v          30.1775    -0.6011427382      3.623505913
v          30.1775                0            3.745
v          30.1775     0.6011427382      3.623505913
v          30.1775      1.092265767      3.292265767
v          30.1775      1.423505913      2.801142738
v      30.83629342      1.442986578              2.2
v      30.83629342      1.329086217      1.639834472
v      30.83629342        1.0190034        1.1809966
v      30.83629342     0.5601655276      0.870913783
v      30.83629342 -5.329070518e-18     0.7570134218
v      30.83629342    -0.5601655276      0.870913783
v      30.83629342       -1.0190034        1.1809966
v      30.83629342     -1.329086217      1.639834472
v      30.83629342     -1.442986578              2.2
v      30.83629342     -1.329086217      2.760165528
v      30.83629342       -1.0190034        3.2190034
v      30.83629342    -0.5601655276      3.529086217
v      30.83629342 -1.022638784e-17      3.642986578
v      30.83629342     0.5601655276      3.529086217
v      30.83629342        1.0190034        3.2190034
v      30.83629342      1.329086217      2.760165528
v      31.53538027      1.177159735              2.2
v      31.53538027      1.083306589      1.745834603
v      31.53538027     0.8287880348      1.371211965
v      31.53538027     0.4541653969      1.116693411
v      31.53538027 -1.598721155e-17      1.022840265
v      31.53538027    -0.4541653969      1.116693411
v      31.53538027    -0.8287880348      1.371211965
v      31.53538027     -1.083306589      1.745834603
v      31.53538027     -1.177159735              2.2
v      31.53538027     -1.083306589      2.654165397
v      31.53538027    -0.8287880348      3.028788035
v      31.53538027    -0.4541653969      3.283306589
v      31.53538027 -3.067916353e-17      3.377159735
v      31.53538027     0.4541653969      3.283306589
v      31.53538027     0.8287880348      3.028788035
v      31.53538027      1.083306589      2.654165397
v       32.2143204      0.807839602              2.2
v       32.2143204     0.7423862175      1.891460402
v       32.2143204     0.5659772765      1.634022724
v       32.2143204     0.3085395977      1.457613783
v       32.2143204 -2.398081733e-17      1.392160398
v       32.2143204    -0.3085395977      1.457613783
v       32.2143204    -0.5659772765      1.634022724
v       32.2143204    -0.7423862175      1.891460402
v       32.2143204     -0.807839602              2.2
v       32.2143204    -0.7423862175      2.508539598
v       32.2143204    -0.5659772765      2.765977276
v       32.2143204    -0.3085395977      2.942386217
v       32.2143204 -4.601874529e-17      3.007839602
v       32.2143204     0.3085395977      2.942386217
v       32.2143204     0.5659772765      2.765977276
v       32.2143204     0.7423862175      2.508539598
v      32.81267369     0.3953463129              2.2
v      32.81267369     0.3625442915      2.051314618
v      32.81267369     0.2749287299       1.92507127
v      32.81267369     0.1486853815      1.837455708
v      32.81267369 -2.131628207e-17      1.804653687
v      32.81267369    -0.1486853815      1.837455708
v      32.81267369    -0.2749287299       1.92507127
v      32.81267369    -0.3625442915      2.051314618
v      32.81267369    -0.3953463129              2.2
v      32.81267369    -0.3625442915      2.348685382
v      32.81267369    -0.2749287299       2.47492873
v      32.81267369    -0.1486853815      2.562544292
v      32.81267369 -4.090555137e-17      2.595346313
v      32.81267369     0.1486853815      2.562544292
v      32.81267369     0.2749287299       2.47492873
v      32.81267369     0.3625442915      2.348685382
v            33.27                0              2.2
v      33.75732631     0.3953463129              2.2
v      33.75732631     0.3625442915      2.051314618
v             33.3  -6.70759744e-17              2.2
v      33.75732631     0.2749287299       1.92507127
v      33.75732631     0.1486853815      1.837455708
v      33.75732631 -2.131628207e-17      1.804653687
v      33.75732631    -0.1486853815      1.837455708
v      33.75732631    -0.2749287299       1.92507127
v      33.75732631    -0.3625442915      2.051314618
v      33.75732631    -0.3953463129              2.2
v      33.75732631    -0.3625442915      2.348685382
v      33.75732631    -0.2749287299       2.47492873
v      33.75732631    -0.1486853815      2.562544292
v      33.75732631 -4.090555137e-17      2.595346313
v      33.75732631     0.1486853815      2.562544292
v      33.75732631     0.2749287299       2.47492873
v      33.75732631     0.3625442915      2.348685382
v       34.3556796      0.807839602              2.2
v       34.3556796     0.7423862175      1.891460402
v       34.3556796     0.5659772765      1.634022724
v       34.3556796     0.3085395977      1.457613783
v       34.3556796 -2.398081733e-17      1.392160398
v       34.3556796    -0.3085395977      1.457613783
v       34.3556796    -0.5659772765      1.634022724
v       34.3556796    -0.7423862175      1.891460402
v       34.3556796     -0.807839602              2.2
v       34.3556796    -0.7423862175      2.508539598
v       34.3556796    -0.5659772765      2.765977276
v       34.3556796    -0.3085395977      2.942386217
v       34.3556796 -4.601874529e-17      3.007839602
v       34.3556796     0.3085395977      2.942386217
v       34.3556796     0.5659772765      2.765977276
v       34.3556796     0.7423862175      2.508539598
v      35.03461973      1.177159735              2.2
v      35.03461973      1.083306589      1.745834603
v      35.03461973     0.8287880348      1.371211965
v      35.03461973     0.4541653969      1.116693411
v      35.03461973 -1.598721155e-17      1.022840265
v      35.03461973    -0.4541653969      1.116693411
v      35.03461973    -0.8287880348      1.371211965
v      35.03461973     -1.083306589      1.745834603
v      35.03461973     -1.177159735              2.2
v      35.03461973     -1.083306589      2.654165397
v      35.03461973    -0.8287880348      3.028788035
v      35.03461973    -0.4541653969      3.283306589
v      35.03461973 -3.067916353e-17      3.377159735
v      35.03461973     0.4541653969      3.283306589
v      35.03461973     0.8287880348      3.028788035
v      35.03461973      1.083306589      2.654165397
v      35.73370658      1.442986578              2.2
v      35.73370658      1.329086217      1.639834472
v      35.73370658        1.0190034        1.1809966
v      35.73370658     0.5601655276      0.870913783
v      35.73370658 -5.329070518e-18     0.7570134218
v      35.73370658    -0.5601655276      0.870913783
v      35.73370658       -1.0190034        1.1809966
v      35.73370658     -1.329086217      1.639834472
v      35.73370658     -1.442986578              2.2
v      35.73370658     -1.329086217      2.760165528
v      35.73370658       -1.0190034        3.2190034
v      35.73370658    -0.5601655276      3.529086217
v      35.73370658 -1.022638784e-17      3.642986578
v      35.73370658     0.5601655276      3.529086217
v      35.73370658        1.0190034        3.2190034
v      35.73370658      1.329086217      2.760165528
v          36.3925            1.545              2.2
v          36.3925      1.423505913      1.598857262
v          36.3925      1.092265767      1.107734233
v          36.3925     0.6011427382     0.7764940873
v          36.3925                0            0.655
v          36.3925    -0.6011427382     0.7764940873
v          36.3925     -1.092265767      1.107734233
v          36.3925     -1.423505913      1.598857262
v          36.3925           -1.545              2.2
v          36.3925     -1.423505913      2.801142738
v          36.3925     -1.092265767      3.292265767
v          36.3925    -0.6011427382      3.623505913
v          36.3925                0            3.745
v          36.3925     0.6011427382      3.623505913
v          36.3925      1.092265767      3.292265767
v          36.3925      1.423505913      2.801142738
v           37.011            1.545              2.2
v           37.011      1.423505913      1.598857262
v           37.011      1.092265767      1.107734233
v           37.011     0.6011427382     0.7764940873
v           37.011                0            0.655
v           37.011    -0.6011427382     0.7764940873
v           37.011     -1.092265767      1.107734233
v           37.011     -1.423505913      1.598857262
v           37.011           -1.545              2.2
v           37.011     -1.423505913      2.801142738
v           37.011     -1.092265767      3.292265767
v           37.011    -0.6011427382      3.623505913
v           37.011                0            3.745
v           37.011     0.6011427382      3.623505913
v           37.011      1.092265767      3.292265767
v           37.011      1.423505913      2.801142738
v          37.6295            1.545              2.2
v          37.6295      1.423505913      1.598857262
v          37.6295      1.092265767      1.107734233
v          37.6295     0.6011427382     0.7764940873
v          37.6295                0            0.655
v          37.6295    -0.6011427382     0.7764940873
v          37.6295     -1.092265767      1.107734233
v          37.6295     -1.423505913      1.598857262
v          37.6295           -1.545              2.2
v          37.6295     -1.423505913      2.801142738
v          37.6295     -1.092265767      3.292265767
v          37.6295    -0.6011427382      3.623505913
v          37.6295                0            3.745
v          37.6295     0.6011427382      3.623505913
v          37.6295      1.092265767      3.292265767
v          37.6295      1.423505913      2.801142738
v           38.248            1.545              2.2
v           38.248      1.423505913      1.598857262
v           38.248      1.092265767      1.107734233
v           38.248     0.6011427382     0.7764940873
v           38.248                0            0.655
v           38.248    -0.6011427382     0.7764940873
v           38.248     -1.092265767      1.107734233
v           38.248     -1.423505913      1.598857262
v           38.248           -1.545              2.2
v           38.248     -1.423505913      2.801142738
v           38.248     -1.092265767      3.292265767
v           38.248    -0.6011427382      3.623505913
v           38.248                0            3.745
v           38.248     0.6011427382      3.623505913
v           38.248      1.092265767      3.292265767
v           38.248      1.423505913      2.801142738
v          38.8665            1.545              2.2
v          38.8665      1.423505913      1.598857262
v          38.8665      1.092265767      1.107734233
v          38.8665     0.6011427382     0.7764940873
v          38.8665                0            0.655
v          38.8665    -0.6011427382     0.7764940873
v          38.8665     -1.092265767      1.107734233
v          38.8665     -1.423505913      1.598857262
v          38.8665           -1.545              2.2
v          38.8665     -1.423505913      2.801142738
v          38.8665     -1.092265767      3.292265767
v          38.8665    -0.6011427382      3.623505913
v          38.8665                0            3.745
v          38.8665     0.6011427382      3.623505913
v          38.8665      1.092265767      3.292265767
v          38.8665      1.423505913      2.801142738
v           39.485            1.545              2.2
v           39.485      1.423505913      1.598857262
v           39.485      1.092265767      1.107734233
v           39.485     0.6011427382     0.7764940873
v           39.485                0            0.655
v           39.485    -0.6011427382     0.7764940873
v           39.485     -1.092265767      1.107734233
v           39.485     -1.423505913      1.598857262
v           39.485           -1.545              2.2
v           39.485     -1.423505913      2.801142738
v           39.485     -1.092265767      3.292265767
v           39.485    -0.6011427382      3.623505913
v           39.485                0            3.745
v           39.485     0.6011427382      3.623505913
v           39.485      1.092265767      3.292265767
v           39.485      1.423505913      2.801142738
v          40.1035            1.545              2.2
v          40.1035      1.423505913      1.598857262
v          40.1035      1.092265767      1.107734233
v          40.1035     0.6011427382     0.7764940873
v          40.1035                0            0.655
v          40.1035    -0.6011427382     0.7764940873
v          40.1035     -1.092265767      1.107734233
v          40.1035     -1.423505913      1.598857262
v          40.1035           -1.545              2.2
v          40.1035     -1.423505913      2.801142738
v          40.1035     -1.092265767      3.292265767
v          40.1035    -0.6011427382      3.623505913
v          40.1035                0            3.745
v          40.1035     0.6011427382      3.623505913
v          40.1035      1.092265767      3.292265767
v          40.1035      1.423505913      2.801142738
v           40.722            1.545              2.2
v           40.722      1.423505913      1.598857262
v           40.722      1.092265767      1.107734233
v           40.722     0.6011427382     0.7764940873
v           40.722                0            0.655
v           40.722    -0.6011427382     0.7764940873
v           40.722     -1.092265767      1.107734233
v           40.722     -1.423505913      1.598857262
v           40.722           -1.545              2.2
v           40.722     -1.423505913      2.801142738
v           40.722     -1.092265767      3.292265767
v           40.722    -0.6011427382      3.623505913
v           40.722                0            3.745
v           40.722     0.6011427382      3.623505913
v           40.722      1.092265767      3.292265767
v           40.722      1.423505913      2.801142738
v          41.3405            1.545              2.2
v          41.3405      1.423505913      1.598857262
v          41.3405      1.092265767      1.107734233
v          41.3405     0.6011427382     0.7764940873
v          41.3405                0            0.655
v          41.3405    -0.6011427382     0.7764940873
v          41.3405     -1.092265767      1.107734233
v          41.3405     -1.423505913      1.598857262
v          41.3405           -1.545              2.2
v          41.3405     -1.423505913      2.801142738
v          41.3405     -1.092265767      3.292265767
v          41.3405    -0.6011427382      3.623505913
v          41.3405                0            3.745
v          41.3405     0.6011427382      3.623505913
v          41.3405      1.092265767      3.292265767
v          41.3405      1.423505913      2.801142738
v           41.959            1.545              2.2
v           41.959      1.423505913      1.598857262
v           41.959      1.092265767      1.107734233
v           41.959     0.6011427382     0.7764940873
v           41.959                0            0.655
v           41.959    -0.6011427382     0.7764940873
v           41.959     -1.092265767      1.107734233
v           41.959     -1.423505913      1.598857262
v           41.959           -1.545              2.2
v           41.959     -1.423505913      2.801142738
v           41.959     -1.092265767      3.292265767
v           41.959    -0.6011427382      3.623505913
v           41.959                0            3.745
v           41.959     0.6011427382      3.623505913
v           41.959      1.092265767      3.292265767
v           41.959      1.423505913      2.801142738
v          42.5775            1.545              2.2
v          42.5775      1.423505913      1.598857262
v          42.5775      1.092265767      1.107734233
v          42.5775     0.6011427382     0.7764940873
v          42.5775                0            0.655
v          42.5775    -0.6011427382     0.7764940873
v          42.5775     -1.092265767      1.107734233
v          42.5775     -1.423505913      1.598857262
v          42.5775           -1.545              2.2
v          42.5775     -1.423505913      2.801142738
v          42.5775     -1.092265767      3.292265767
v          42.5775    -0.6011427382      3.623505913
v          42.5775                0            3.745
v          42.5775     0.6011427382      3.623505913
v          42.5775      1.092265767      3.292265767
v          42.5775      1.423505913      2.801142738
v      43.23629342      1.442986578              2.2
v      43.23629342      1.329086217      1.639834472
v      43.23629342        1.0190034        1.1809966
v      43.23629342     0.5601655276      0.870913783
v      43.23629342 -5.329070518e-18     0.7570134218
v      43.23629342    -0.5601655276      0.870913783
v      43.23629342       -1.0190034        1.1809966
v      43.23629342     -1.329086217      1.639834472
v      43.23629342     -1.442986578              2.2
v      43.23629342     -1.329086217      2.760165528
v      43.23629342       -1.0190034        3.2190034
v      43.23629342    -0.5601655276      3.529086217
v      43.23629342 -1.022638784e-17      3.642986578
v      43.23629342     0.5601655276      3.529086217
v      43.23629342        1.0190034        3.2190034
v      43.23629342      1.329086217      2.760165528
v      43.93538027      1.177159735              2.2
v      43.93538027      1.083306589      1.745834603
v      43.93538027     0.8287880348      1.371211965
v      43.93538027     0.4541653969      1.116693411
v      43.93538027 -1.598721155e-17      1.022840265
v      43.93538027    -0.4541653969      1.116693411
v      43.93538027    -0.8287880348      1.371211965
v      43.93538027     -1.083306589      1.745834603
v      43.93538027     -1.177159735              2.2
v      43.93538027     -1.083306589      2.654165397
v      43.93538027    -0.8287880348      3.028788035
v      43.93538027    -0.4541653969      3.283306589
v      43.93538027 -3.067916353e-17      3.377159735
v      43.93538027     0.4541653969      3.283306589
v      43.93538027     0.8287880348      3.028788035
v      43.93538027      1.083306589      2.654165397
v       44.6143204      0.807839602              2.2
v       44.6143204     0.7423862175      1.891460402
v       44.6143204     0.5659772765      1.634022724
v       44.6143204     0.3085395977      1.457613783
v       44.6143204 -2.398081733e-17      1.392160398
v       44.6143204    -0.3085395977      1.457613783
v       44.6143204    -0.5659772765      1.634022724
v       44.6143204    -0.7423862175      1.891460402
v       44.6143204     -0.807839602              2.2
v       44.6143204    -0.7423862175      2.508539598
v       44.6143204    -0.5659772765      2.765977276
v       44.6143204    -0.3085395977      2.942386217
v       44.6143204 -4.601874529e-17      3.007839602
v       44.6143204     0.3085395977      2.942386217
v       44.6143204     0.5659772765      2.765977276
v       44.6143204     0.7423862175      2.508539598
v      45.21267369     0.3953463129              2.2
v      45.21267369     0.3625442915      2.051314618
v      45.21267369     0.2749287299       1.92507127
v      45.21267369     0.1486853815      1.837455708
v      45.21267369 -2.131628207e-17      1.804653687
v      45.21267369    -0.1486853815      1.837455708
v      45.21267369    -0.2749287299       1.92507127
v      45.21267369    -0.3625442915      2.051314618
v      45.21267369    -0.3953463129              2.2
v      45.21267369    -0.3625442915      2.348685382
v      45.21267369    -0.2749287299       2.47492873
v      45.21267369    -0.1486853815      2.562544292
v      45.21267369 -4.090555137e-17      2.595346313
v      45.21267369     0.1486853815      2.562544292
v      45.21267369     0.2749287299       2.47492873
v      45.21267369     0.3625442915      2.348685382
v            45.67                0              2.2
v      14.45732631     -3.404653687              1.8
v      14.45732631     -3.437455708      1.651314618
v               14             -3.8              1.8
v      14.45732631      -3.52507127       1.52507127
v      14.45732631     -3.651314618      1.437455708
v      14.45732631             -3.8      1.404653687
v      14.45732631     -3.948685382      1.437455708
v      14.45732631      -4.07492873       1.52507127
v      14.45732631     -4.162544292      1.651314618
v      14.45732631     -4.195346313              1.8
v      14.45732631     -4.162544292      1.948685382
v      14.45732631      -4.07492873       2.07492873
v      14.45732631     -3.948685382      2.162544292
v      14.45732631             -3.8      2.195346313
v      14.45732631     -3.651314618      2.162544292
v      14.45732631      -3.52507127       2.07492873
v      14.45732631     -3.437455708      1.948685382
v       15.0556796     -2.992160398              1.8
v       15.0556796     -3.057613783      1.491460402
v       15.0556796     -3.234022724      1.234022724
v       15.0556796     -3.491460402      1.057613783
v       15.0556796             -3.8      0.992160398
v       15.0556796     -4.108539598      1.057613783
v       15.0556796     -4.365977276      1.234022724
v       15.0556796     -4.542386217      1.491460402
v       15.0556796     -4.607839602              1.8
v       15.0556796     -4.542386217      2.108539598
v       15.0556796     -4.365977276      2.365977276
v       15.0556796     -4.108539598      2.542386217
v       15.0556796             -3.8      2.607839602
v       15.0556796     -3.491460402      2.542386217
v       15.0556796     -3.234022724      2.365977276
v       15.0556796     -3.057613783      2.108539598
v      15.73461973     -2.622840265              1.8
v      15.73461973     -2.716693411      1.345834603
v      15.73461973     -2.971211965     0.9712119652
v      15.73461973     -3.345834603     0.7166934111
v      15.73461973             -3.8     0.6228402653
v      15.73461973     -4.254165397     0.7166934111
v      15.73461973     -4.628788035     0.9712119652
v      15.73461973     -4.883306589      1.345834603
v      15.73461973     -4.977159735              1.8
v      15.73461973     -4.883306589      2.254165397
v      15.73461973     -4.628788035      2.628788035
v      15.73461973     -4.254165397      2.883306589
v      15.73461973             -3.8      2.977159735
v      15.73461973     -3.345834603      2.883306589
v      15.73461973     -2.971211965      2.628788035
v      15.73461973     -2.716693411      2.254165397
v      16.43370658     -2.357013422              1.8
v      16.43370658     -2.470913783      1.239834472
v      16.43370658       -2.7809966        0.7809966
v      16.43370658     -3.239834472      0.470913783
v      16.43370658             -3.8     0.3570134218
v      16.43370658     -4.360165528      0.470913783
v      16.43370658       -4.8190034        0.7809966
v      16.43370658     -5.129086217      1.239834472
v      16.43370658     -5.242986578              1.8
v      16.43370658     -5.129086217      2.360165528
v      16.43370658       -4.8190034        2.8190034
v      16.43370658     -4.360165528      3.129086217
v      16.43370658             -3.8      3.242986578
v      16.43370658     -3.239834472      3.129086217
v      16.43370658       -2.7809966        2.8190034
v      16.43370658     -2.470913783      2.360165528
v          17.0925           -2.255              1.8
v          17.0925     -2.376494087      1.198857262
v          17.0925     -2.707734233     0.7077342327
v          17.0925     -3.198857262     0.3764940873
v          17.0925             -3.8            0.255
v          17.0925     -4.401142738     0.3764940873
v          17.0925     -4.892265767     0.7077342327
v          17.0925     -5.223505913      1.198857262
v          17.0925           -5.345              1.8
v          17.0925     -5.223505913      2.401142738
v          17.0925     -4.892265767      2.892265767
v          17.0925     -4.401142738      3.223505913
v          17.0925             -3.8            3.345
v          17.0925     -3.198857262      3.223505913
v          17.0925     -2.707734233      2.892265767
v          17.0925     -2.376494087      2.401142738
v           17.711           -2.255              1.8
v           17.711     -2.376494087      1.198857262
v           17.711     -2.707734233     0.7077342327
v           17.711     -3.198857262     0.3764940873
v           17.711             -3.8            0.255
v           17.711     -4.401142738     0.3764940873
v           17.711     -4.892265767     0.7077342327
v           17.711     -5.223505913      1.198857262
v           17.711           -5.345              1.8
v           17.711     -5.223505913      2.401142738
v           17.711     -4.892265767      2.892265767
v           17.711     -4.401142738      3.223505913
v           17.711             -3.8            3.345
v           17.711     -3.198857262      3.223505913
v           17.711     -2.707734233      2.892265767
v           17.711     -2.376494087      2.401142738
v          18.3295           -2.255              1.8
v          18.3295     -2.376494087      1.198857262
v          18.3295     -2.707734233     0.7077342327
v          18.3295     -3.198857262     0.3764940873
v          18.3295             -3.8            0.255
v          18.3295     -4.401142738     0.3764940873
v          18.3295     -4.892265767     0.7077342327
v          18.3295     -5.223505913      1.198857262
v          18.3295           -5.345              1.8
v          18.3295     -5.223505913      2.401142738
v          18.3295     -4.892265767      2.892265767
v          18.3295     -4.401142738      3.223505913
v          18.3295             -3.8            3.345
v          18.3295     -3.198857262      3.223505913
v          18.3295     -2.707734233      2.892265767
v          18.3295     -2.376494087      2.401142738
v           18.948           -2.255              1.8
v           18.948     -2.376494087      1.198857262
v           18.948     -2.707734233     0.7077342327
v           18.948     -3.198857262     0.3764940873
v           18.948             -3.8            0.255
v           18.948     -4.401142738     0.3764940873
v           18.948     -4.892265767     0.7077342327
v           18.948     -5.223505913      1.198857262
v           18.948           -5.345              1.8
v           18.948     -5.223505913      2.401142738
v           18.948     -4.892265767      2.892265767
v           18.948     -4.401142738      3.223505913
v           18.948             -3.8            3.345
v           18.948     -3.198857262      3.223505913
v           18.948     -2.707734233      2.892265767
v           18.948     -2.376494087      2.401142738
v          19.5665           -2.255              1.8
v          19.5665     -2.376494087      1.198857262
v          19.5665     -2.707734233     0.7077342327
v          19.5665     -3.198857262     0.3764940873
v          19.5665             -3.8            0.255
v          19.5665     -4.401142738     0.3764940873
v          19.5665     -4.892265767     0.7077342327
v          19.5665     -5.223505913      1.198857262
v          19.5665           -5.345              1.8
v          19.5665     -5.223505913      2.401142738
v          19.5665     -4.892265767      2.892265767
v          19.5665     -4.401142738      3.223505913
v          19.5665             -3.8            3.345
v          19.5665     -3.198857262      3.223505913
v          19.5665     -2.707734233      2.892265767
v          19.5665     -2.376494087      2.401142738
v           20.185           -2.255              1.8
v           20.185     -2.376494087      1.198857262
v           20.185     -2.707734233     0.7077342327
v           20.185     -3.198857262     0.3764940873
v           20.185             -3.8            0.255
v           20.185     -4.401142738     0.3764940873
v           20.185     -4.892265767     0.7077342327
v           20.185     -5.223505913      1.198857262
v           20.185           -5.345              1.8
v           20.185     -5.223505913      2.401142738
v           20.185     -4.892265767      2.892265767
v           20.185     -4.401142738      3.223505913
v           20.185             -3.8            3.345
v           20.185     -3.198857262      3.223505913
v           20.185     -2.707734233      2.892265767
v           20.185     -2.376494087      2.401142738
v          20.8035           -2.255              1.8
v          20.8035     -2.376494087      1.198857262
v          20.8035     -2.707734233     0.7077342327
v          20.8035     -3.198857262     0.3764940873
v          20.8035             -3.8            0.255
v          20.8035     -4.401142738     0.3764940873
v          20.8035     -4.892265767     0.7077342327
v          20.8035     -5.223505913      1.198857262
v          20.8035           -5.345              1.8
v          20.8035     -5.223505913      2.401142738
v          20.8035     -4.892265767      2.892265767
v          20.8035     -4.401142738      3.223505913
v          20.8035             -3.8            3.345
v          20.8035     -3.198857262      3.223505913
v          20.8035     -2.707734233      2.892265767
v          20.8035     -2.376494087      2.401142738
v           21.422           -2.255              1.8
v           21.422     -2.376494087      1.198857262
v           21.422     -2.707734233     0.7077342327
v           21.422     -3.198857262     0.3764940873
v           21.422             -3.8            0.255
v           21.422     -4.401142738     0.3764940873
v           21.422     -4.892265767     0.7077342327
v           21.422     -5.223505913      1.198857262
v           21.422           -5.345              1.8
v           21.422     -5.223505913      2.401142738
v           21.422     -4.892265767      2.892265767
v           21.422     -4.401142738      3.223505913
v           21.422             -3.8            3.345
v           21.422     -3.198857262      3.223505913
v           21.422     -2.707734233      2.892265767
v           21.422     -2.376494087      2.401142738
v          22.0405           -2.255              1.8
v          22.0405     -2.376494087      1.198857262
v          22.0405     -2.707734233     0.7077342327
v          22.0405     -3.198857262     0.3764940873
v          22.0405             -3.8            0.255
v          22.0405     -4.401142738     0.3764940873
v          22.0405     -4.892265767     0.7077342327
v          22.0405     -5.223505913      1.198857262
v          22.0405           -5.345              1.8
v          22.0405     -5.223505913      2.401142738
v          22.0405     -4.892265767      2.892265767
v          22.0405     -4.401142738      3.223505913
v          22.0405             -3.8            3.345
v          22.0405     -3.198857262      3.223505913
v          22.0405     -2.707734233      2.892265767
v          22.0405     -2.376494087      2.401142738
v           22.659           -2.255              1.8
v           22.659     -2.376494087      1.198857262
v           22.659     -2.707734233     0.7077342327
v           22.659     -3.198857262     0.3764940873
v           22.659             -3.8            0.255
v           22.659     -4.401142738     0.3764940873
v           22.659     -4.892265767     0.7077342327
v           22.659     -5.223505913      1.198857262
v           22.659           -5.345              1.8
v           22.659     -5.223505913      2.401142738
v           22.659     -4.892265767      2.892265767
v           22.659     -4.401142738      3.223505913
v           22.659             -3.8            3.345
v           22.659     -3.198857262      3.223505913
v           22.659     -2.707734233      2.892265767
v           22.659     -2.376494087      2.401142738
v          23.2775           -2.255              1.8
v          23.2775     -2.376494087      1.198857262
v          23.2775     -2.707734233     0.7077342327
v          23.2775     -3.198857262     0.3764940873
v          23.2775             -3.8            0.255
v          23.2775     -4.401142738     0.3764940873
v          23.2775     -4.892265767     0.7077342327
v          23.2775     -5.223505913      1.198857262
v          23.2775           -5.345              1.8
v          23.2775     -5.223505913      2.401142738
v          23.2775     -4.892265767      2.892265767
v          23.2775     -4.401142738      3.223505913
v          23.2775             -3.8            3.345
v          23.2775     -3.198857262      3.223505913
v          23.2775     -2.707734233      2.892265767
v          23.2775     -2.376494087      2.401142738
v      23.93629342     -2.357013422              1.8
v      23.93629342     -2.470913783      1.239834472
v      23.93629342       -2.7809966        0.7809966
v      23.93629342     -3.239834472      0.470913783
v      23.93629342             -3.8     0.3570134218
v      23.93629342     -4.360165528      0.470913783
v      23.93629342       -4.8190034        0.7809966
v      23.93629342     -5.129086217      1.239834472
v      23.93629342     -5.242986578              1.8
v      23.93629342     -5.129086217      2.360165528
v      23.93629342       -4.8190034        2.8190034
v      23.93629342     -4.360165528      3.129086217
v      23.93629342             -3.8      3.242986578
v      23.93629342     -3.239834472      3.129086217
v      23.93629342       -2.7809966        2.8190034
v      23.93629342     -2.470913783      2.360165528
v      24.63538027     -2.622840265              1.8
v      24.63538027     -2.716693411      1.345834603
v      24.63538027     -2.971211965     0.9712119652
v      24.63538027     -3.345834603     0.7166934111
v      24.63538027             -3.8     0.6228402653
v      24.63538027     -4.254165397     0.7166934111
v      24.63538027     -4.628788035     0.9712119652
v      24.63538027     -4.883306589      1.345834603
v      24.63538027     -4.977159735              1.8
v      24.63538027     -4.883306589      2.254165397
v      24.63538027     -4.628788035      2.628788035
v      24.63538027     -4.254165397      2.883306589
v      24.63538027             -3.8      2.977159735
v      24.63538027     -3.345834603      2.883306589
v      24.63538027     -2.971211965      2.628788035
v      24.63538027     -2.716693411      2.254165397
v       25.3143204     -2.992160398              1.8
v       25.3143204     -3.057613783      1.491460402
v       25.3143204     -3.234022724      1.234022724
v       25.3143204     -3.491460402      1.057613783
v       25.3143204             -3.8      0.992160398
v       25.3143204     -4.108539598      1.057613783
v       25.3143204     -4.365977276      1.234022724
v       25.3143204     -4.542386217      1.491460402
v       25.3143204     -4.607839602              1.8
v       25.3143204     -4.542386217      2.108539598
v       25.3143204     -4.365977276      2.365977276
v       25.3143204     -4.108539598      2.542386217
v       25.3143204             -3.8      2.607839602
v       25.3143204     -3.491460402      2.542386217
v       25.3143204     -3.234022724      2.365977276
v       25.3143204     -3.057613783      2.108539598
v      25.91267369     -3.404653687              1.8
v      25.91267369     -3.437455708      1.651314618
v      25.91267369      -3.52507127       1.52507127
v      25.91267369     -3.651314618      1.437455708
v      25.91267369             -3.8      1.404653687
v      25.91267369     -3.948685382      1.437455708
v      25.91267369      -4.07492873       1.52507127
v      25.91267369     -4.162544292      1.651314618
v      25.91267369     -4.195346313              1.8
v      25.91267369     -4.162544292      1.948685382
v      25.91267369      -4.07492873       2.07492873
v      25.91267369     -3.948685382      2.162544292
v      25.91267369             -3.8      2.195346313
v      25.91267369     -3.651314618      2.162544292
v      25.91267369      -3.52507127       2.07492873
v      25.91267369     -3.437455708      1.948685382
v            26.37             -3.8              1.8
v      26.85732631     -3.404653687              1.8
v      26.85732631     -3.437455708      1.651314618
v             26.4             -3.8              1.8
v      26.85732631      -3.52507127       1.52507127
v      26.85732631     -3.651314618      1.437455708
v      26.85732631             -3.8      1.404653687
v      26.85732631     -3.948685382      1.437455708
v      26.85732631      -4.07492873       1.52507127
v      26.85732631     -4.162544292      1.651314618
v      26.85732631     -4.195346313              1.8
v      26.85732631     -4.162544292      1.948685382
v      26.85732631      -4.07492873       2.07492873
v      26.85732631     -3.948685382      2.162544292
v      26.85732631             -3.8      2.195346313
v      26.85732631     -3.651314618      2.162544292
v      26.85732631      -3.52507127       2.07492873
v      26.85732631     -3.437455708      1.948685382
v       27.4556796     -2.992160398              1.8
v       27.4556796     -3.057613783      1.491460402
v       27.4556796     -3.234022724      1.234022724
v       27.4556796     -3.491460402      1.057613783
v       27.4556796             -3.8      0.992160398
v       27.4556796     -4.108539598      1.057613783
v       27.4556796     -4.365977276      1.234022724
v       27.4556796     -4.542386217      1.491460402
v       27.4556796     -4.607839602              1.8
v       27.4556796     -4.542386217      2.108539598
v       27.4556796     -4.365977276      2.365977276
v       27.4556796     -4.108539598      2.542386217
v       27.4556796             -3.8      2.607839602
v       27.4556796     -3.491460402      2.542386217
v       27.4556796     -3.234022724      2.365977276
v       27.4556796     -3.057613783      2.108539598
v      28.13461973     -2.622840265              1.8
v      28.13461973     -2.716693411      1.345834603
v      28.13461973     -2.971211965     0.9712119652
v      28.13461973     -3.345834603     0.7166934111
v      28.13461973             -3.8     0.6228402653
v      28.13461973     -4.254165397     0.7166934111
v      28.13461973     -4.628788035     0.9712119652
v      28.13461973     -4.883306589      1.345834603
v      28.13461973     -4.977159735              1.8
v      28.13461973     -4.883306589      2.254165397
v      28.13461973     -4.628788035      2.628788035
v      28.13461973     -4.254165397      2.883306589
v      28.13461973             -3.8      2.977159735
v      28.13461973     -3.345834603      2.883306589
v      28.13461973     -2.971211965      2.628788035
v      28.13461973     -2.716693411      2.254165397
v      28.83370658     -2.357013422              1.8
v      28.83370658     -2.470913783      1.239834472
v      28.83370658       -2.7809966        0.7809966
v      28.83370658     -3.239834472      0.470913783
v      28.83370658             -3.8     0.3570134218
v      28.83370658     -4.360165528      0.470913783
v      28.83370658       -4.8190034        0.7809966
v      28.83370658     -5.129086217      1.239834472
v      28.83370658     -5.242986578              1.8
v      28.83370658     -5.129086217      2.360165528
v      28.83370658       -4.8190034        2.8190034
v      28.83370658     -4.360165528      3.129086217
v      28.83370658             -3.8      3.242986578
v      28.83370658     -3.239834472      3.129086217
v      28.83370658       -2.7809966        2.8190034
v      28.83370658     -2.470913783      2.360165528
v          29.4925           -2.255              1.8
v          29.4925     -2.376494087      1.198857262
v          29.4925     -2.707734233     0.7077342327
v          29.4925     -3.198857262     0.3764940873
v          29.4925             -3.8            0.255
v          29.4925     -4.401142738     0.3764940873
v          29.4925     -4.892265767     0.7077342327
v          29.4925     -5.223505913      1.198857262
v          29.4925           -5.345              1.8
v          29.4925     -5.223505913      2.401142738
v          29.4925     -4.892265767      2.892265767
v          29.4925     -4.401142738      3.223505913
v          29.4925             -3.8            3.345
v          29.4925     -3.198857262      3.223505913
v          29.4925     -2.707734233      2.892265767
v          29.4925     -2.376494087      2.401142738
v           30.111           -2.255              1.8
v           30.111     -2.376494087      1.198857262
v           30.111     -2.707734233     0.7077342327
v           30.111     -3.198857262     0.3764940873
v           30.111             -3.8            0.255
v           30.111     -4.401142738     0.3764940873
v           30.111     -4.892265767     0.7077342327
v           30.111     -5.223505913      1.198857262
v           30.111           -5.345              1.8
v           30.111     -5.223505913      2.401142738
v           30.111     -4.892265767      2.892265767
v           30.111     -4.401142738      3.223505913
v           30.111             -3.8            3.345
v           30.111     -3.198857262      3.223505913
v           30.111     -2.707734233      2.892265767
v           30.111     -2.376494087      2.401142738
v          30.7295           -2.255              1.8
v          30.7295     -2.376494087      1.198857262
v          30.7295     -2.707734233     0.7077342327
v          30.7295     -3.198857262     0.3764940873
v          30.7295             -3.8            0.255
v          30.7295     -4.401142738     0.3764940873
v          30.7295     -4.892265767     0.7077342327
v          30.7295     -5.223505913      1.198857262
v          30.7295           -5.345              1.8
v          30.7295     -5.223505913      2.401142738
v          30.7295     -4.892265767      2.892265767
v          30.7295     -4.401142738      3.223505913
v          30.7295             -3.8            3.345
v          30.7295     -3.198857262      3.223505913
v          30.7295     -2.707734233      2.892265767
v          30.7295     -2.376494087      2.401142738
v           31.348           -2.255              1.8
v           31.348     -2.376494087      1.198857262
v           31.348     -2.707734233     0.7077342327
v           31.348     -3.198857262     0.3764940873
v           31.348             -3.8            0.255
v           31.348     -4.401142738     0.3764940873
v           31.348     -4.892265767     0.7077342327
v           31.348     -5.223505913      1.198857262
v           31.348           -5.345              1.8
v           31.348     -5.223505913      2.401142738
v           31.348     -4.892265767      2.892265767
v           31.348     -4.401142738      3.223505913
v           31.348             -3.8            3.345
v           31.348     -3.198857262      3.223505913
v           31.348     -2.707734233      2.892265767
v           31.348     -2.376494087      2.401142738
v          31.9665           -2.255              1.8
v          31.9665     -2.376494087      1.198857262
v          31.9665     -2.707734233     0.7077342327
v          31.9665     -3.198857262     0.3764940873
v          31.9665             -3.8            0.255
v          31.9665     -4.401142738     0.3764940873
v          31.9665     -4.892265767     0.7077342327
v          31.9665     -5.223505913      1.198857262
v          31.9665           -5.345              1.8
v          31.9665     -5.223505913      2.401142738
v          31.9665     -4.892265767      2.892265767
v          31.9665     -4.401142738      3.223505913
v          31.9665             -3.8            3.345
v          31.9665     -3.198857262      3.223505913
v          31.9665     -2.707734233      2.892265767
v          31.9665     -2.376494087      2.401142738
v           32.585           -2.255              1.8
v           32.585     -2.376494087      1.198857262
v           32.585     -2.707734233     0.7077342327
v           32.585     -3.198857262     0.3764940873
v           32.585             -3.8            0.255
v           32.585     -4.401142738     0.3764940873
v           32.585     -4.892265767     0.7077342327
v           32.585     -5.223505913      1.198857262
v           32.585           -5.345              1.8
v           32.585     -5.223505913      2.401142738
v           32.585     -4.892265767      2.892265767
v           32.585     -4.401142738      3.223505913
v           32.585             -3.8            3.345
v           32.585     -3.198857262      3.223505913
v           32.585     -2.707734233      2.892265767
v           32.585     -2.376494087      2.401142738
v          33.2035           -2.255              1.8
v          33.2035     -2.376494087      1.198857262
v          33.2035     -2.707734233     0.7077342327
v          33.2035     -3.198857262     0.3764940873
v          33.2035             -3.8            0.255
v          33.2035     -4.401142738     0.3764940873
v          33.2035     -4.892265767     0.7077342327
v          33.2035     -5.223505913      1.198857262
v          33.2035           -5.345              1.8
v          33.2035     -5.223505913      2.401142738
v          33.2035     -4.892265767      2.892265767
v          33.2035     -4.401142738      3.223505913
v          33.2035             -3.8            3.345
v          33.2035     -3.198857262      3.223505913
v          33.2035     -2.707734233      2.892265767
v          33.2035     -2.376494087      2.401142738
v           33.822           -2.255              1.8
v           33.822     -2.376494087      1.198857262
v           33.822     -2.707734233     0.7077342327
v           33.822     -3.198857262     0.3764940873
v           33.822             -3.8            0.255
v           33.822     -4.401142738     0.3764940873
v           33.822     -4.892265767     0.7077342327
v           33.822     -5.223505913      1.198857262
v           33.822           -5.345              1.8
v           33.822     -5.223505913      2.401142738
v           33.822     -4.892265767      2.892265767
v           33.822     -4.401142738      3.223505913
v           33.822             -3.8            3.345
v           33.822     -3.198857262      3.223505913
v           33.822     -2.707734233      2.892265767
v           33.822     -2.376494087      2.401142738
v          34.4405           -2.255              1.8
v          34.4405     -2.376494087      1.198857262
v          34.4405     -2.707734233     0.7077342327
v          34.4405     -3.198857262     0.3764940873
v          34.4405             -3.8            0.255
v          34.4405     -4.401142738     0.3764940873
v          34.4405     -4.892265767     0.7077342327
v          34.4405     -5.223505913      1.198857262
v          34.4405           -5.345              1.8
v          34.4405     -5.223505913      2.401142738
v          34.4405     -4.892265767      2.892265767
v          34.4405     -4.401142738      3.223505913
v          34.4405             -3.8            3.345
v          34.4405     -3.198857262      3.223505913
v          34.4405     -2.707734233      2.892265767
v          34.4405     -2.376494087      2.401142738
v           35.059           -2.255              1.8
v           35.059     -2.376494087      1.198857262
v           35.059     -2.707734233     0.7077342327
v           35.059     -3.198857262     0.3764940873
v           35.059             -3.8            0.255
v           35.059     -4.401142738     0.3764940873
v           35.059     -4.892265767     0.7077342327
v           35.059     -5.223505913      1.198857262
v           35.059           -5.345              1.8
v           35.059     -5.223505913      2.401142738
v           35.059     -4.892265767      2.892265767
v           35.059     -4.401142738      3.223505913
v           35.059             -3.8            3.345
v           35.059     -3.198857262      3.223505913
v           35.059     -2.707734233      2.892265767
v           35.059     -2.376494087      2.401142738
v          35.6775           -2.255              1.8
v          35.6775     -2.376494087      1.198857262
v          35.6775     -2.707734233     0.7077342327
v          35.6775     -3.198857262     0.3764940873
v          35.6775             -3.8            0.255
v          35.6775     -4.401142738     0.3764940873
v          35.6775     -4.892265767     0.7077342327
v          35.6775     -5.223505913      1.198857262
v          35.6775           -5.345              1.8
v          35.6775     -5.223505913      2.401142738
v          35.6775     -4.892265767      2.892265767
v          35.6775     -4.401142738      3.223505913
v          35.6775             -3.8            3.345
v          35.6775     -3.198857262      3.223505913
v          35.6775     -2.707734233      2.892265767
v          35.6775     -2.376494087      2.401142738
v      36.33629342     -2.357013422              1.8
v      36.33629342     -2.470913783      1.239834472
v      36.33629342       -2.7809966        0.7809966
v      36.33629342     -3.239834472      0.470913783
v      36.33629342             -3.8     0.3570134218
v      36.33629342     -4.360165528      0.470913783
v      36.33629342       -4.8190034        0.7809966
v      36.33629342     -5.129086217      1.239834472
v      36.33629342     -5.242986578              1.8
v      36.33629342     -5.129086217      2.360165528
v      36.33629342       -4.8190034        2.8190034
v      36.33629342     -4.360165528      3.129086217
v      36.33629342             -3.8      3.242986578
v      36.33629342     -3.239834472      3.129086217
v      36.33629342       -2.7809966        2.8190034
v      36.33629342     -2.470913783      2.360165528
v      37.03538027     -2.622840265              1.8
v      37.03538027     -2.716693411      1.345834603
v      37.03538027     -2.971211965     0.9712119652
v      37.03538027     -3.345834603     0.7166934111
v      37.03538027             -3.8     0.6228402653
v      37.03538027     -4.254165397     0.7166934111
v      37.03538027     -4.628788035     0.9712119652
v      37.03538027     -4.883306589      1.345834603
v      37.03538027     -4.977159735              1.8
v      37.03538027     -4.883306589      2.254165397
v      37.03538027     -4.628788035      2.628788035
v      37.03538027     -4.254165397      2.883306589
v      37.03538027             -3.8      2.977159735
v      37.03538027     -3.345834603      2.883306589
v      37.03538027     -2.971211965      2.628788035
v      37.03538027     -2.716693411      2.254165397
v       37.7143204     -2.992160398              1.8
v       37.7143204     -3.057613783      1.491460402
v       37.7143204     -3.234022724      1.234022724
v       37.7143204     -3.491460402      1.057613783
v       37.7143204             -3.8      0.992160398
v       37.7143204     -4.108539598      1.057613783
v       37.7143204     -4.365977276      1.234022724
v       37.7143204     -4.542386217      1.491460402
v       37.7143204     -4.607839602              1.8
v       37.7143204     -4.542386217      2.108539598
v       37.7143204     -4.365977276      2.365977276
v       37.7143204     -4.108539598      2.542386217
v       37.7143204             -3.8      2.607839602
v       37.7143204     -3.491460402      2.542386217
v       37.7143204     -3.234022724      2.365977276
v       37.7143204     -3.057613783      2.108539598
v      38.31267369     -3.404653687              1.8
v      38.31267369     -3.437455708      1.651314618
v      38.31267369      -3.52507127       1.52507127
v      38.31267369     -3.651314618      1.437455708
v      38.31267369             -3.8      1.404653687
v      38.31267369     -3.948685382      1.437455708
v      38.31267369      -4.07492873       1.52507127
v      38.31267369     -4.162544292      1.651314618
v      38.31267369     -4.195346313              1.8
v      38.31267369     -4.162544292      1.948685382
v      38.31267369      -4.07492873       2.07492873
v      38.31267369     -3.948685382      2.162544292
v      38.31267369             -3.8      2.195346313
v      38.31267369     -3.651314618      2.162544292
v      38.31267369      -3.52507127       2.07492873
v      38.31267369     -3.437455708      1.948685382
v            38.77             -3.8              1.8
v      14.45732631      4.195346313              1.8
v      14.45732631      4.162544292      1.651314618
v               14              3.8              1.8
v      14.45732631       4.07492873       1.52507127
v      14.45732631      3.948685382      1.437455708
v      14.45732631              3.8      1.404653687
v      14.45732631      3.651314618      1.437455708
v      14.45732631       3.52507127       1.52507127
v      14.45732631      3.437455708      1.651314618
v      14.45732631      3.404653687              1.8
v      14.45732631      3.437455708      1.948685382
v      14.45732631       3.52507127       2.07492873
v      14.45732631      3.651314618      2.162544292
v      14.45732631              3.8      2.195346313
v      14.45732631      3.948685382      2.162544292
v      14.45732631       4.07492873       2.07492873
v      14.45732631      4.162544292      1.948685382
v       15.0556796      4.607839602              1.8
v       15.0556796      4.542386217      1.491460402
v       15.0556796      4.365977276      1.234022724
v       15.0556796      4.108539598      1.057613783
v       15.0556796              3.8      0.992160398
v       15.0556796      3.491460402      1.057613783
v       15.0556796      3.234022724      1.234022724
v       15.0556796      3.057613783      1.491460402
v       15.0556796      2.992160398              1.8
v       15.0556796      3.057613783      2.108539598
v       15.0556796      3.234022724      2.365977276
v       15.0556796      3.491460402      2.542386217
v       15.0556796              3.8      2.607839602
v       15.0556796      4.108539598      2.542386217
v       15.0556796      4.365977276      2.365977276
v       15.0556796      4.542386217      2.108539598
v      15.73461973      4.977159735              1.8
v      15.73461973      4.883306589      1.345834603
v      15.73461973      4.628788035     0.9712119652
v      15.73461973      4.254165397     0.7166934111
v      15.73461973              3.8     0.6228402653
v      15.73461973      3.345834603     0.7166934111
v      15.73461973      2.971211965     0.9712119652
v      15.73461973      2.716693411      1.345834603
v      15.73461973      2.622840265              1.8
v      15.73461973      2.716693411      2.254165397
v      15.73461973      2.971211965      2.628788035
v      15.73461973      3.345834603      2.883306589
v      15.73461973              3.8      2.977159735
v      15.73461973      4.254165397      2.883306589
v      15.73461973      4.628788035      2.628788035
v      15.73461973      4.883306589      2.254165397
v      16.43370658      5.242986578              1.8
v      16.43370658      5.129086217      1.239834472
v      16.43370658        4.8190034        0.7809966
v      16.43370658      4.360165528      0.470913783
v      16.43370658              3.8     0.3570134218
v      16.43370658      3.239834472      0.470913783
v      16.43370658        2.7809966        0.7809966
v      16.43370658      2.470913783      1.239834472
v      16.43370658      2.357013422              1.8
v      16.43370658      2.470913783      2.360165528
v      16.43370658        2.7809966        2.8190034
v      16.43370658      3.239834472      3.129086217
v      16.43370658              3.8      3.242986578
v      16.43370658      4.360165528      3.129086217
v      16.43370658        4.8190034        2.8190034
v      16.43370658      5.129086217      2.360165528
v          17.0925            5.345              1.8
v          17.0925      5.223505913      1.198857262
v          17.0925      4.892265767     0.7077342327
v          17.0925      4.401142738     0.3764940873
v          17.0925              3.8            0.255
v          17.0925      3.198857262     0.3764940873
v          17.0925      2.707734233     0.7077342327
v          17.0925      2.376494087      1.198857262
v          17.0925            2.255              1.8
v          17.0925      2.376494087      2.401142738
v          17.0925      2.707734233      2.892265767
v          17.0925      3.198857262      3.223505913
v          17.0925              3.8            3.345
v          17.0925      4.401142738      3.223505913
v          17.0925      4.892265767      2.892265767
v          17.0925      5.223505913      2.401142738
v           17.711            5.345              1.8
v           17.711      5.223505913      1.198857262
v           17.711      4.892265767     0.7077342327
v           17.711      4.401142738     0.3764940873
v           17.711              3.8            0.255
v           17.711      3.198857262     0.3764940873
v           17.711      2.707734233     0.7077342327
v           17.711      2.376494087      1.198857262
v           17.711            2.255              1.8
v           17.711      2.376494087      2.401142738
v           17.711      2.707734233      2.892265767
v           17.711      3.198857262      3.223505913
v           17.711              3.8            3.345
v           17.711      4.401142738      3.223505913
v           17.711      4.892265767      2.892265767
v           17.711      5.223505913      2.401142738
v          18.3295            5.345              1.8
v          18.3295      5.223505913      1.198857262
v          18.3295      4.892265767     0.7077342327
v          18.3295      4.401142738     0.3764940873
v          18.3295              3.8            0.255
v          18.3295      3.198857262     0.3764940873
v          18.3295      2.707734233     0.7077342327
v          18.3295      2.376494087      1.198857262
v          18.3295            2.255              1.8
v          18.3295      2.376494087      2.401142738
v          18.3295      2.707734233      2.892265767
v          18.3295      3.198857262      3.223505913
v          18.3295              3.8            3.345
v          18.3295      4.401142738      3.223505913
v          18.3295      4.892265767      2.892265767
v          18.3295      5.223505913      2.401142738
v           18.948            5.345              1.8
v           18.948      5.223505913      1.198857262
v           18.948      4.892265767     0.7077342327
v           18.948      4.401142738     0.3764940873
v           18.948              3.8            0.255
v           18.948      3.198857262     0.3764940873
v           18.948      2.707734233     0.7077342327
v           18.948      2.376494087      1.198857262
v           18.948            2.255              1.8
v           18.948      2.376494087      2.401142738
v           18.948      2.707734233      2.892265767
v           18.948      3.198857262      3.223505913
v           18.948              3.8            3.345
v           18.948      4.401142738      3.223505913
v           18.948      4.892265767      2.892265767
v           18.948      5.223505913      2.401142738
v          19.5665            5.345              1.8
v          19.5665      5.223505913      1.198857262
v          19.5665      4.892265767     0.7077342327
v          19.5665      4.401142738     0.3764940873
v          19.5665              3.8            0.255
v          19.5665      3.198857262     0.3764940873
v          19.5665      2.707734233     0.7077342327
v          19.5665      2.376494087      1.198857262
v          19.5665            2.255              1.8
v          19.5665      2.376494087      2.401142738
v          19.5665      2.707734233      2.892265767
v          19.5665      3.198857262      3.223505913
v          19.5665              3.8            3.345
v          19.5665      4.401142738      3.223505913
v          19.5665      4.892265767      2.892265767
v          19.5665      5.223505913      2.401142738
v           20.185            5.345              1.8
v           20.185      5.223505913      1.198857262
v           20.185      4.892265767     0.7077342327
v           20.185      4.401142738     0.3764940873
v           20.185              3.8            0.255
v           20.185      3.198857262     0.3764940873
v           20.185      2.707734233     0.7077342327
v           20.185      2.376494087      1.198857262
v           20.185            2.255              1.8
v           20.185      2.376494087      2.401142738
v           20.185      2.707734233      2.892265767
v           20.185      3.198857262      3.223505913
v           20.185              3.8            3.345
v           20.185      4.401142738      3.223505913
v           20.185      4.892265767      2.892265767
v           20.185      5.223505913      2.401142738
v          20.8035            5.345              1.8
v          20.8035      5.223505913      1.198857262
v          20.8035      4.892265767     0.7077342327
v          20.8035      4.401142738     0.3764940873
v          20.8035              3.8            0.255
v          20.8035      3.198857262     0.3764940873
v          20.8035      2.707734233     0.7077342327
v          20.8035      2.376494087      1.198857262
v          20.8035            2.255              1.8
v          20.8035      2.376494087      2.401142738
v          20.8035      2.707734233      2.892265767
v          20.8035      3.198857262      3.223505913
v          20.8035              3.8            3.345
v          20.8035      4.401142738      3.223505913
v          20.8035      4.892265767      2.892265767
v          20.8035      5.223505913      2.401142738
v           21.422            5.345              1.8
v           21.422      5.223505913      1.198857262
v           21.422      4.892265767     0.7077342327
v           21.422      4.401142738     0.3764940873
v           21.422              3.8            0.255
v           21.422      3.198857262     0.3764940873
v           21.422      2.707734233     0.7077342327
v           21.422      2.376494087      1.198857262
v           21.422            2.255              1.8
v           21.422      2.376494087      2.401142738
v           21.422      2.707734233      2.892265767
v           21.422      3.198857262      3.223505913
v           21.422              3.8            3.345
v           21.422      4.401142738      3.223505913
v           21.422      4.892265767      2.892265767
v           21.422      5.223505913      2.401142738
v          22.0405            5.345              1.8
v          22.0405      5.223505913      1.198857262
v          22.0405      4.892265767     0.7077342327
v          22.0405      4.401142738     0.3764940873
v          22.0405              3.8            0.255
v          22.0405      3.198857262     0.3764940873
v          22.0405      2.707734233     0.7077342327
v          22.0405      2.376494087      1.198857262
v          22.0405            2.255              1.8
v          22.0405      2.376494087      2.401142738
v          22.0405      2.707734233      2.892265767
v          22.0405      3.198857262      3.223505913
v          22.0405              3.8            3.345
v          22.0405      4.401142738      3.223505913
v          22.0405      4.892265767      2.892265767
v          22.0405      5.223505913      2.401142738
v           22.659            5.345              1.8
v           22.659      5.223505913      1.198857262
v           22.659      4.892265767     0.7077342327
v           22.659      4.401142738     0.3764940873
v           22.659              3.8            0.255
v           22.659      3.198857262     0.3764940873
v           22.659      2.707734233     0.7077342327
v           22.659      2.376494087      1.198857262
v           22.659            2.255              1.8
v           22.659      2.376494087      2.401142738
v           22.659      2.707734233      2.892265767
v           22.659      3.198857262      3.223505913
v           22.659              3.8            3.345
v           22.659      4.401142738      3.223505913
v           22.659      4.892265767      2.892265767
v           22.659      5.223505913      2.401142738
v          23.2775            5.345              1.8
v          23.2775      5.223505913      1.198857262
v          23.2775      4.892265767     0.7077342327
v          23.2775      4.401142738     0.3764940873
v          23.2775              3.8            0.255
v          23.2775      3.198857262     0.3764940873
v          23.2775      2.707734233     0.7077342327
v          23.2775      2.376494087      1.198857262
v          23.2775            2.255              1.8
v          23.2775      2.376494087      2.401142738
v          23.2775      2.707734233      2.892265767
v          23.2775      3.198857262      3.223505913
v          23.2775              3.8            3.345
v          23.2775      4.401142738      3.223505913
v          23.2775      4.892265767      2.892265767
v          23.2775      5.223505913      2.401142738
v      23.93629342      5.242986578              1.8
v      23.93629342      5.129086217      1.239834472
v      23.93629342        4.8190034        0.7809966
v      23.93629342      4.360165528      0.470913783
v      23.93629342              3.8     0.3570134218
v      23.93629342      3.239834472      0.470913783
v      23.93629342        2.7809966        0.7809966
v      23.93629342      2.470913783      1.239834472
v      23.93629342      2.357013422              1.8
v      23.93629342      2.470913783      2.360165528
v      23.93629342        2.7809966        2.8190034
v      23.93629342      3.239834472      3.129086217
v      23.93629342              3.8      3.242986578
v      23.93629342      4.360165528      3.129086217
v      23.93629342        4.8190034        2.8190034
v      23.93629342      5.129086217      2.360165528
v      24.63538027      4.977159735              1.8
v      24.63538027      4.883306589      1.345834603
v      24.63538027      4.628788035     0.9712119652
v      24.63538027      4.254165397     0.7166934111
v      24.63538027              3.8     0.6228402653
v      24.63538027      3.345834603     0.7166934111
v      24.63538027      2.971211965     0.9712119652
v      24.63538027      2.716693411      1.345834603
v      24.63538027      2.622840265              1.8
v      24.63538027      2.716693411      2.254165397
v      24.63538027      2.971211965      2.628788035
v      24.63538027      3.345834603      2.883306589
v      24.63538027              3.8      2.977159735
v      24.63538027      4.254165397      2.883306589
v      24.63538027      4.628788035      2.628788035
v      24.63538027      4.883306589      2.254165397
v       25.3143204      4.607839602              1.8
v       25.3143204      4.542386217      1.491460402
v       25.3143204      4.365977276      1.234022724
v       25.3143204      4.108539598      1.057613783
v       25.3143204              3.8      0.992160398
v       25.3143204      3.491460402      1.057613783
v       25.3143204      3.234022724      1.234022724
v       25.3143204      3.057613783      1.491460402
v       25.3143204      2.992160398              1.8
v       25.3143204      3.057613783      2.108539598
v       25.3143204      3.234022724      2.365977276
v       25.3143204      3.491460402      2.542386217
v       25.3143204              3.8      2.607839602
v       25.3143204      4.108539598      2.542386217
v       25.3143204      4.365977276      2.365977276
v       25.3143204      4.542386217      2.108539598
v      25.91267369      4.195346313              1.8
v      25.91267369      4.162544292      1.651314618
v      25.91267369       4.07492873       1.52507127
v      25.91267369      3.948685382      1.437455708
v      25.91267369              3.8      1.404653687
v      25.91267369      3.651314618      1.437455708
v      25.91267369       3.52507127       1.52507127
v      25.91267369      3.437455708      1.651314618
v      25.91267369      3.404653687              1.8
v      25.91267369      3.437455708      1.948685382
v      25.91267369       3.52507127       2.07492873
v      25.91267369      3.651314618      2.162544292
v      25.91267369              3.8      2.195346313
v      25.91267369      3.948685382      2.162544292
v      25.91267369       4.07492873       2.07492873
v      25.91267369      4.162544292      1.948685382
v            26.37              3.8              1.8
v      26.85732631      4.195346313              1.8
v      26.85732631      4.162544292      1.651314618
v             26.4              3.8              1.8
v      26.85732631       4.07492873       1.52507127
v      26.85732631      3.948685382      1.437455708
v      26.85732631              3.8      1.404653687
v      26.85732631      3.651314618      1.437455708
v      26.85732631       3.52507127       1.52507127
v      26.85732631      3.437455708      1.651314618
v      26.85732631      3.404653687              1.8
v      26.85732631      3.437455708      1.948685382
v      26.85732631       3.52507127       2.07492873
v      26.85732631      3.651314618      2.162544292
v      26.85732631              3.8      2.195346313
v      26.85732631      3.948685382      2.162544292
v      26.85732631       4.07492873       2.07492873
v      26.85732631      4.162544292      1.948685382
v       27.4556796      4.607839602              1.8
v       27.4556796      4.542386217      1.491460402
v       27.4556796      4.365977276      1.234022724
v       27.4556796      4.108539598      1.057613783
v       27.4556796              3.8      0.992160398
v       27.4556796      3.491460402      1.057613783
v       27.4556796      3.234022724      1.234022724
v       27.4556796      3.057613783      1.491460402
v       27.4556796      2.992160398              1.8
v       27.4556796      3.057613783      2.108539598
v       27.4556796      3.234022724      2.365977276
v       27.4556796      3.491460402      2.542386217
v       27.4556796              3.8      2.607839602
v       27.4556796      4.108539598      2.542386217
v       27.4556796      4.365977276      2.365977276
v       27.4556796      4.542386217      2.108539598
v      28.13461973      4.977159735              1.8
v      28.13461973      4.883306589      1.345834603
v      28.13461973      4.628788035     0.9712119652
v      28.13461973      4.254165397     0.7166934111
v      28.13461973              3.8     0.6228402653
v      28.13461973      3.345834603     0.7166934111
v      28.13461973      2.971211965     0.9712119652
v      28.13461973      2.716693411      1.345834603
v      28.13461973      2.622840265              1.8
v      28.13461973      2.716693411      2.254165397
v      28.13461973      2.971211965      2.628788035
v      28.13461973      3.345834603      2.883306589
v      28.13461973              3.8      2.977159735
v      28.13461973      4.254165397      2.883306589
v      28.13461973      4.628788035      2.628788035
v      28.13461973      4.883306589      2.254165397
v      28.83370658      5.242986578              1.8
v      28.83370658      5.129086217      1.239834472
v      28.83370658        4.8190034        0.7809966
v      28.83370658      4.360165528      0.470913783
v      28.83370658              3.8     0.3570134218
v      28.83370658      3.239834472      0.470913783
v      28.83370658        2.7809966        0.7809966
v      28.83370658      2.470913783      1.239834472
v      28.83370658      2.357013422              1.8
v      28.83370658      2.470913783      2.360165528
v      28.83370658        2.7809966        2.8190034
v      28.83370658      3.239834472      3.129086217
v      28.83370658              3.8      3.242986578
v      28.83370658      4.360165528      3.129086217
v      28.83370658        4.8190034        2.8190034
v      28.83370658      5.129086217      2.360165528
v          29.4925            5.345              1.8
v          29.4925      5.223505913      1.198857262
v          29.4925      4.892265767     0.7077342327
v          29.4925      4.401142738     0.3764940873
v          29.4925              3.8            0.255
v          29.4925      3.198857262     0.3764940873
v          29.4925      2.707734233     0.7077342327
v          29.4925      2.376494087      1.198857262
v          29.4925            2.255              1.8
v          29.4925      2.376494087      2.401142738
v          29.4925      2.707734233      2.892265767
v          29.4925      3.198857262      3.223505913
v          29.4925              3.8            3.345
v          29.4925      4.401142738      3.223505913
v          29.4925      4.892265767      2.892265767
v          29.4925      5.223505913      2.401142738
v           30.111            5.345              1.8
v           30.111      5.223505913      1.198857262
v           30.111      4.892265767     0.7077342327
v           30.111      4.401142738     0.3764940873
v           30.111              3.8            0.255
v           30.111      3.198857262     0.3764940873
v           30.111      2.707734233     0.7077342327
v           30.111      2.376494087      1.198857262
v           30.111            2.255              1.8
v           30.111      2.376494087      2.401142738
v           30.111      2.707734233      2.892265767
v           30.111      3.198857262      3.223505913
v           30.111              3.8            3.345
v           30.111      4.401142738      3.223505913
v           30.111      4.892265767      2.892265767
v           30.111      5.223505913      2.401142738
v          30.7295            5.345              1.8
v          30.7295      5.223505913      1.198857262
v          30.7295      4.892265767     0.7077342327
v          30.7295      4.401142738     0.3764940873
v          30.7295              3.8            0.255
v          30.7295      3.198857262     0.3764940873
v          30.7295      2.707734233     0.7077342327
v          30.7295      2.376494087      1.198857262
v          30.7295            2.255              1.8
v          30.7295      2.376494087      2.401142738
v          30.7295      2.707734233      2.892265767
v          30.7295      3.198857262      3.223505913
v          30.7295              3.8            3.345
v          30.7295      4.401142738      3.223505913
v          30.7295      4.892265767      2.892265767
v          30.7295      5.223505913      2.401142738
v           31.348            5.345              1.8
v           31.348      5.223505913      1.198857262
v           31.348      4.892265767     0.7077342327
v           31.348      4.401142738     0.3764940873
v           31.348              3.8            0.255
v           31.348      3.198857262     0.3764940873
v           31.348      2.707734233     0.7077342327
v           31.348      2.376494087      1.198857262
v           31.348            2.255              1.8
v           31.348      2.376494087      2.401142738
v           31.348      2.707734233      2.892265767
v           31.348      3.198857262      3.223505913
v           31.348              3.8            3.345
v           31.348      4.401142738      3.223505913
v           31.348      4.892265767      2.892265767
v           31.348      5.223505913      2.401142738
v          31.9665            5.345              1.8
v          31.9665      5.223505913      1.198857262
v          31.9665      4.892265767     0.7077342327
v          31.9665      4.401142738     0.3764940873
v          31.9665              3.8            0.255
v          31.9665      3.198857262     0.3764940873
v          31.9665      2.707734233     0.7077342327
v          31.9665      2.376494087      1.198857262
v          31.9665            2.255              1.8
v          31.9665      2.376494087      2.401142738
v          31.9665      2.707734233      2.892265767
v          31.9665      3.198857262      3.223505913
v          31.9665              3.8            3.345
v          31.9665      4.401142738      3.223505913
v          31.9665      4.892265767      2.892265767
v          31.9665      5.223505913      2.401142738
v           32.585            5.345              1.8
v           32.585      5.223505913      1.198857262
v           32.585      4.892265767     0.7077342327
v           32.585      4.401142738     0.3764940873
v           32.585              3.8            0.255
v           32.585      3.198857262     0.3764940873
v           32.585      2.707734233     0.7077342327
v           32.585      2.376494087      1.198857262
v           32.585            2.255              1.8
v           32.585      2.376494087      2.401142738
v           32.585      2.707734233      2.892265767
v           32.585      3.198857262      3.223505913
v           32.585              3.8            3.345
v           32.585      4.401142738      3.223505913
v           32.585      4.892265767      2.892265767
v           32.585      5.223505913      2.401142738
v          33.2035            5.345              1.8
v          33.2035      5.223505913      1.198857262
v          33.2035      4.892265767     0.7077342327
v          33.2035      4.401142738     0.3764940873
v          33.2035              3.8            0.255
v          33.2035      3.198857262     0.3764940873
v          33.2035      2.707734233     0.7077342327
v          33.2035      2.376494087      1.198857262
v          33.2035            2.255              1.8
v          33.2035      2.376494087      2.401142738
v          33.2035      2.707734233      2.892265767
v          33.2035      3.198857262      3.223505913
v          33.2035              3.8            3.345
v          33.2035      4.401142738      3.223505913
v          33.2035      4.892265767      2.892265767
v          33.2035      5.223505913      2.401142738
v           33.822            5.345              1.8
v           33.822      5.223505913      1.198857262
v           33.822      4.892265767     0.7077342327
v           33.822      4.401142738     0.3764940873
v           33.822              3.8            0.255
v           33.822      3.198857262     0.3764940873
v           33.822      2.707734233     0.7077342327
v           33.822      2.376494087      1.198857262
v           33.822            2.255              1.8
v           33.822      2.376494087      2.401142738
v           33.822      2.707734233      2.892265767
v           33.822      3.198857262      3.223505913
v           33.822              3.8            3.345
v           33.822      4.401142738      3.223505913
v           33.822      4.892265767      2.892265767
v           33.822      5.223505913      2.401142738
v          34.4405            5.345              1.8
v          34.4405      5.223505913      1.198857262
v          34.4405      4.892265767     0.7077342327
v          34.4405      4.401142738     0.3764940873
v          34.4405              3.8            0.255
v          34.4405      3.198857262     0.3764940873
v          34.4405      2.707734233     0.7077342327
v          34.4405      2.376494087      1.198857262
v          34.4405            2.255              1.8
v          34.4405      2.376494087      2.401142738
v          34.4405      2.707734233      2.892265767
v          34.4405      3.198857262      3.223505913
v          34.4405              3.8            3.345
v          34.4405      4.401142738      3.223505913
v          34.4405      4.892265767      2.892265767
v          34.4405      5.223505913      2.401142738
v           35.059            5.345              1.8
v           35.059      5.223505913      1.198857262
v           35.059      4.892265767     0.7077342327
v           35.059      4.401142738     0.3764940873
v           35.059              3.8            0.255
v           35.059      3.198857262     0.3764940873
v           35.059      2.707734233     0.7077342327
v           35.059      2.376494087      1.198857262
v           35.059            2.255              1.8
v           35.059      2.376494087      2.401142738
v           35.059      2.707734233      2.892265767
v           35.059      3.198857262      3.223505913
v           35.059              3.8            3.345
v           35.059      4.401142738      3.223505913
v           35.059      4.892265767      2.892265767
v           35.059      5.223505913      2.401142738
v          35.6775            5.345              1.8
v          35.6775      5.223505913      1.198857262
v          35.6775      4.892265767     0.7077342327
v          35.6775      4.401142738     0.3764940873
v          35.6775              3.8            0.255
v          35.6775      3.198857262     0.3764940873
v          35.6775      2.707734233     0.7077342327
v          35.6775      2.376494087      1.198857262
v          35.6775            2.255              1.8
v          35.6775      2.376494087      2.401142738
v          35.6775      2.707734233      2.892265767
v          35.6775      3.198857262      3.223505913
v          35.6775              3.8            3.345
v          35.6775      4.401142738      3.223505913
v          35.6775      4.892265767      2.892265767
v          35.6775      5.223505913      2.401142738
v      36.33629342      5.242986578              1.8
v      36.33629342      5.129086217      1.239834472
v      36.33629342        4.8190034        0.7809966
v      36.33629342      4.360165528      0.470913783
v      36.33629342              3.8     0.3570134218
v      36.33629342      3.239834472      0.470913783
v      36.33629342        2.7809966        0.7809966
v      36.33629342      2.470913783      1.239834472
v      36.33629342      2.357013422              1.8
v      36.33629342      2.470913783      2.360165528
v      36.33629342        2.7809966        2.8190034
v      36.33629342      3.239834472      3.129086217
v      36.33629342              3.8      3.242986578
v      36.33629342      4.360165528      3.129086217
v      36.33629342        4.8190034        2.8190034
v      36.33629342      5.129086217      2.360165528
v      37.03538027      4.977159735              1.8
v      37.03538027      4.883306589      1.345834603
v      37.03538027      4.628788035     0.9712119652
v      37.03538027      4.254165397     0.7166934111
v      37.03538027              3.8     0.6228402653
v      37.03538027      3.345834603     0.7166934111
v      37.03538027      2.971211965     0.9712119652
v      37.03538027      2.716693411      1.345834603
v      37.03538027      2.622840265              1.8
v      37.03538027      2.716693411      2.254165397
v      37.03538027      2.971211965      2.628788035
v      37.03538027      3.345834603      2.883306589
v      37.03538027              3.8      2.977159735
v      37.03538027      4.254165397      2.883306589
v      37.03538027      4.628788035      2.628788035
v      37.03538027      4.883306589      2.254165397
v       37.7143204      4.607839602              1.8
v       37.7143204      4.542386217      1.491460402
v       37.7143204      4.365977276      1.234022724
v       37.7143204      4.108539598      1.057613783
v       37.7143204              3.8      0.992160398
v       37.7143204      3.491460402      1.057613783
v       37.7143204      3.234022724      1.234022724
v       37.7143204      3.057613783      1.491460402
v       37.7143204      2.992160398              1.8
v       37.7143204      3.057613783      2.108539598
v       37.7143204      3.234022724      2.365977276
v       37.7143204      3.491460402      2.542386217
v       37.7143204              3.8      2.607839602
v       37.7143204      4.108539598      2.542386217
v       37.7143204      4.365977276      2.365977276
v       37.7143204      4.542386217      2.108539598
v      38.31267369      4.195346313              1.8
v      38.31267369      4.162544292      1.651314618
v      38.31267369       4.07492873       1.52507127
v      38.31267369      3.948685382      1.437455708
v      38.31267369              3.8      1.404653687
v      38.31267369      3.651314618      1.437455708
v      38.31267369       3.52507127       1.52507127
v      38.31267369      3.437455708      1.651314618
v      38.31267369      3.404653687              1.8
v      38.31267369      3.437455708      1.948685382
v      38.31267369       3.52507127       2.07492873
v      38.31267369      3.651314618      2.162544292
v      38.31267369              3.8      2.195346313
v      38.31267369      3.948685382      2.162544292
v      38.31267369       4.07492873       2.07492873
v      38.31267369      4.162544292      1.948685382
v            38.77              3.8              1.8
v       8.40877915                0     0.1793324188
v       8.40877915     0.2681759324    0.06817593238
v                8                0             -0.2
v       8.40877915     0.3793324188             -0.2
v       8.40877915     0.2681759324    -0.4681759324
v       8.40877915                0    -0.5793324188
v       8.40877915    -0.2681759324    -0.4681759324
v       8.40877915    -0.3793324188             -0.2
v       8.40877915    -0.2681759324    0.06817593238
v        8.9739369                0     0.4791037952
v        8.9739369      0.480104743      0.280104743
v        8.9739369     0.6791037952             -0.2
v        8.9739369      0.480104743     -0.680104743
v        8.9739369                0    -0.8791037952
v        8.9739369     -0.480104743     -0.680104743
v        8.9739369    -0.6791037952             -0.2
v        8.9739369     -0.480104743      0.280104743
v      9.703703704                0     0.7086419753
v      9.703703704     0.6423809219     0.4423809219
v      9.703703704     0.9086419753             -0.2
v      9.703703704     0.6423809219    -0.8423809219
v      9.703703704                0     -1.108641975
v      9.703703704    -0.6423809219    -0.8423809219
v      9.703703704    -0.9086419753             -0.2
v      9.703703704    -0.6423809219     0.4423809219
v      10.60631001                0     0.8772748057
v      10.60631001     0.7615989594     0.5615989594
v      10.60631001      1.077274806             -0.2
v      10.60631001     0.7615989594    -0.9615989594
v      10.60631001                0     -1.277274806
v      10.60631001    -0.7615989594    -0.9615989594
v      10.60631001     -1.077274806             -0.2
v      10.60631001    -0.7615989594     0.5615989594
v      11.68998628                0     0.9943301326
v      11.68998628     0.8443533454     0.6443533454
v      11.68998628      1.194330133             -0.2
v      11.68998628     0.8443533454     -1.044353345
v      11.68998628                0     -1.394330133
v      11.68998628    -0.8443533454     -1.044353345
v      11.68998628     -1.194330133             -0.2
v      11.68998628    -0.8443533454     0.6443533454
v      12.96296296                0      1.069135802
v      12.96296296     0.8972385703     0.6972385703
v      12.96296296      1.269135802             -0.2
v      12.96296296     0.8972385703      -1.09723857
v      12.96296296                0     -1.469135802
v      12.96296296    -0.8972385703      -1.09723857
v      12.96296296     -1.269135802             -0.2
v      12.96296296    -0.8972385703     0.6972385703
v      14.43347051                0      1.111019662
v      14.43347051     0.9268491241     0.7268491241
v      14.43347051      1.311019662             -0.2
v      14.43347051     0.9268491241     -1.126849124
v      14.43347051                0     -1.511019662
v      14.43347051    -0.9268491241     -1.126849124
v      14.43347051     -1.311019662             -0.2
v      14.43347051    -0.9268491241     0.7268491241
v      16.10973937                0      1.129309556
v      16.10973937     0.9397794969     0.7397794969
v      16.10973937      1.329309556             -0.2
v      16.10973937     0.9397794969     -1.139779497
v      16.10973937                0     -1.529309556
v      16.10973937    -0.9397794969     -1.139779497
v      16.10973937     -1.329309556             -0.2
v      16.10973937    -0.9397794969     0.7397794969
v               18                0      1.133333333
v               18     0.9426241789     0.7426241789
v               18      1.333333333             -0.2
v               18     0.9426241789     -1.142624179
v               18                0     -1.533333333
v               18    -0.9426241789     -1.142624179
v               18     -1.333333333             -0.2
v               18    -0.9426241789     0.7426241789
v      18.83676269                0      1.100777321
v      18.83676269     0.9196081153     0.7196081153
v      18.83676269      1.300777321             -0.2
v      18.83676269     0.9196081153     -1.119608115
v      18.83676269                0     -1.500777321
v      18.83676269    -0.9196081153     -1.119608115
v      18.83676269     -1.300777321             -0.2
v      18.83676269    -0.9196081153     0.7196081153
v      19.95336077                0      1.011156836
v      19.95336077     0.8562492884     0.6562492884
v      19.95336077      1.211156836             -0.2
v      19.95336077     0.8562492884     -1.056249288
v      19.95336077                0     -1.411156836
v      19.95336077    -0.8562492884     -1.056249288
v      19.95336077     -1.211156836             -0.2
v      19.95336077    -0.8562492884     0.6562492884
v      21.25925926                0     0.8765432099
v      21.25925926     0.7610817445     0.5610817445
v      21.25925926       1.07654321             -0.2
v      21.25925926     0.7610817445    -0.9610817445
v      21.25925926                0      -1.27654321
v      21.25925926    -0.7610817445    -0.9610817445
v      21.25925926      -1.07654321             -0.2
v      21.25925926    -0.7610817445     0.5610817445
v      22.66392318                0     0.7090077732
v      22.66392318     0.6426395294     0.4426395294
v      22.66392318     0.9090077732             -0.2
v      22.66392318     0.6426395294    -0.8426395294
v      22.66392318                0     -1.109007773
v      22.66392318    -0.6426395294    -0.8426395294
v      22.66392318    -0.9090077732             -0.2
v      22.66392318    -0.6426395294     0.4426395294
v      24.07681756                0     0.5206218564
v      24.07681756     0.5094566893     0.3094566893
v      24.07681756     0.7206218564             -0.2
v      24.07681756     0.5094566893    -0.7094566893
v      24.07681756                0    -0.9206218564
v      24.07681756    -0.5094566893    -0.7094566893
v      24.07681756    -0.7206218564             -0.2
v      24.07681756    -0.5094566893     0.3094566893
v      25.40740741                0     0.3234567901
v      25.40740741     0.3700672702     0.1700672702
v      25.40740741     0.5234567901             -0.2
v      25.40740741     0.3700672702    -0.5700672702
v      25.40740741                0    -0.7234567901
v      25.40740741    -0.3700672702    -0.5700672702
v      25.40740741    -0.5234567901             -0.2
v      25.40740741    -0.3700672702     0.1700672702
v      26.56515775                0     0.1295839049
v      26.56515775     0.2330053183     0.0330053183
v      26.56515775     0.3295839049             -0.2
v      26.56515775     0.2330053183    -0.4330053183
v      26.56515775                0    -0.5295839049
v      26.56515775    -0.2330053183    -0.4330053183
v      26.56515775    -0.3295839049             -0.2
v      26.56515775    -0.2330053183     0.0330053183
v      27.45953361                0   -0.04892546868
v      27.45953361     0.1068048795   -0.09319512047
v      27.45953361     0.1510745313             -0.2
v      27.45953361     0.1068048795    -0.3068048795
v      27.45953361                0    -0.3510745313
v      27.45953361    -0.1068048795    -0.3068048795
v      27.45953361    -0.1510745313             -0.2
v      27.45953361    -0.1068048795   -0.09319512047
v               28                0             -0.2
v      10.32702332                0     -1.096534065
v      10.32702332     0.2145407459     -1.185459254
v               10                0             -1.4
v      10.32702332     0.3034659351             -1.4
v      10.32702332     0.2145407459     -1.614540746
v      10.32702332                0     -1.703465935
v      10.32702332    -0.2145407459     -1.614540746
v      10.32702332    -0.3034659351             -1.4
v      10.32702332    -0.2145407459     -1.185459254
v      10.77914952                0    -0.8567169639
v      10.77914952     0.3840837944     -1.015916206
v      10.77914952     0.5432830361             -1.4
v      10.77914952     0.3840837944     -1.784083794
v      10.77914952                0     -1.943283036
v      10.77914952    -0.3840837944     -1.784083794
v      10.77914952    -0.5432830361             -1.4
v      10.77914952    -0.3840837944     -1.015916206
v      11.36296296                0    -0.6730864198
v      11.36296296     0.5139047375    -0.8860952625
v      11.36296296     0.7269135802             -1.4
v      11.36296296     0.5139047375     -1.913904738
v      11.36296296                0      -2.12691358
v      11.36296296    -0.5139047375     -1.913904738
v      11.36296296    -0.7269135802             -1.4
v      11.36296296    -0.5139047375    -0.8860952625
v      12.08504801                0    -0.5381801555
v      12.08504801     0.6092791675    -0.7907208325
v      12.08504801     0.8618198445             -1.4
v      12.08504801     0.6092791675     -2.009279167
v      12.08504801                0     -2.261819845
v      12.08504801    -0.6092791675     -2.009279167
v      12.08504801    -0.8618198445             -1.4
v      12.08504801    -0.6092791675    -0.7907208325
v      12.95198903                0    -0.4445358939
v      12.95198903     0.6754826764    -0.7245173236
v      12.95198903     0.9554641061             -1.4
v      12.95198903     0.6754826764     -2.075482676
v      12.95198903                0     -2.355464106
v      12.95198903    -0.6754826764     -2.075482676
v      12.95198903    -0.9554641061             -1.4
v      12.95198903    -0.6754826764    -0.7245173236
v      13.97037037                0     -0.384691358
v      13.97037037     0.7177908562    -0.6822091438
v      13.97037037      1.015308642             -1.4
v      13.97037037     0.7177908562     -2.117790856
v      13.97037037                0     -2.415308642
v      13.97037037    -0.7177908562     -2.117790856
v      13.97037037     -1.015308642             -1.4
v      13.97037037    -0.7177908562    -0.6822091438
v      15.14677641                0    -0.3511842707
v      15.14677641     0.7414792993    -0.6585207007
v      15.14677641      1.048815729             -1.4
v      15.14677641     0.7414792993     -2.141479299
v      15.14677641                0     -2.448815729
v      15.14677641    -0.7414792993     -2.141479299
v      15.14677641     -1.048815729             -1.4
v      15.14677641    -0.7414792993    -0.6585207007
v       16.4877915                0    -0.3365523548
v       16.4877915     0.7518235975    -0.6481764025
v       16.4877915      1.063447645             -1.4
v       16.4877915     0.7518235975     -2.151823598
v       16.4877915                0     -2.463447645
v       16.4877915    -0.7518235975     -2.151823598
v       16.4877915     -1.063447645             -1.4
v       16.4877915    -0.7518235975    -0.6481764025
v               18                0    -0.3333333333
v               18     0.7540993431    -0.6459006569
v               18      1.066666667             -1.4
v               18     0.7540993431     -2.154099343
v               18                0     -2.466666667
v               18    -0.7540993431     -2.154099343
v               18     -1.066666667             -1.4
v               18    -0.7540993431    -0.6459006569
v      18.66941015                0    -0.3593781436
v      18.66941015     0.7356864922    -0.6643135078
v      18.66941015      1.040621856             -1.4
v      18.66941015     0.7356864922     -2.135686492
v      18.66941015                0     -2.440621856
v      18.66941015    -0.7356864922     -2.135686492
v      18.66941015     -1.040621856             -1.4
v      18.66941015    -0.7356864922    -0.6643135078
v      19.56268861                0    -0.4310745313
v      19.56268861     0.6849994308    -0.7150005692
v      19.56268861     0.9689254687             -1.4
v      19.56268861     0.6849994308     -2.084999431
v      19.56268861                0     -2.368925469
v      19.56268861    -0.6849994308     -2.084999431
v      19.56268861    -0.9689254687             -1.4
v      19.56268861    -0.6849994308    -0.7150005692
v      20.60740741                0    -0.5387654321
v      20.60740741     0.6088653956    -0.7911346044
v      20.60740741     0.8612345679             -1.4
v      20.60740741     0.6088653956     -2.008865396
v      20.60740741                0     -2.261234568
v      20.60740741    -0.6088653956     -2.008865396
v      20.60740741    -0.8612345679             -1.4
v      20.60740741    -0.6088653956    -0.7911346044
v      21.73113855                0    -0.6727937814
v      21.73113855     0.5141116235    -0.8858883765
v      21.73113855     0.7272062186             -1.4
v      21.73113855     0.5141116235     -1.914111624
v      21.73113855                0     -2.127206219
v      21.73113855    -0.5141116235     -1.914111624
v      21.73113855    -0.7272062186             -1.4
v      21.73113855    -0.5141116235    -0.8858883765
v      22.86145405                0    -0.8235025149
v      22.86145405     0.4075653514    -0.9924346486
v      22.86145405     0.5764974851             -1.4
v      22.86145405     0.4075653514     -1.807565351
v      22.86145405                0     -1.976497485
v      22.86145405    -0.4075653514     -1.807565351
v      22.86145405    -0.5764974851             -1.4
v      22.86145405    -0.4075653514    -0.9924346486
v      23.92592593                0    -0.9812345679
v      23.92592593     0.2960538162     -1.103946184
v      23.92592593     0.4187654321             -1.4
v      23.92592593     0.2960538162     -1.696053816
v      23.92592593                0     -1.818765432
v      23.92592593    -0.2960538162     -1.696053816
v      23.92592593    -0.4187654321             -1.4
v      23.92592593    -0.2960538162     -1.103946184
v       24.8521262                0     -1.136332876
v       24.8521262     0.1864042546     -1.213595745
v       24.8521262     0.2636671239             -1.4
v       24.8521262     0.1864042546     -1.586404255
v       24.8521262                0     -1.663667124
v       24.8521262    -0.1864042546     -1.586404255
v       24.8521262    -0.2636671239             -1.4
v       24.8521262    -0.1864042546     -1.213595745
v      25.56762689                0     -1.279140375
v      25.56762689    0.08544390362     -1.314556096
v      25.56762689     0.1208596251             -1.4
v      25.56762689    0.08544390362     -1.485443904
v      25.56762689                0     -1.520859625
v      25.56762689   -0.08544390362     -1.485443904
v      25.56762689    -0.1208596251             -1.4
v      25.56762689   -0.08544390362     -1.314556096
v               26                0             -1.4
v      26.20280619     -3.156193815              2.1
v      26.20280619     -3.176215819      2.007687146
v               26             -3.4              2.1
v      26.20280619     -3.229903007      1.929903007
v      26.20280619     -3.307687146      1.876215819
v      26.20280619             -3.4      1.856193815
v      26.20280619     -3.492312854      1.876215819
v      26.20280619     -3.570096993      1.929903007
v      26.20280619     -3.623784181      2.007687146
v      26.20280619     -3.643806185              2.1
v      26.20280619     -3.623784181      2.192312854
v      26.20280619     -3.570096993      2.270096993
v      26.20280619     -3.492312854      2.323784181
v      26.20280619             -3.4      2.343806185
v      26.20280619     -3.307687146      2.323784181
v      26.20280619     -3.229903007      2.270096993
v      26.20280619     -3.176215819      2.192312854
v      26.43815696     -2.837843041              2.1
v      26.43815696     -2.883005408         1.884139
v      26.43815696     -3.005122432      1.705122432
v      26.43815696        -3.184139      1.583005408
v      26.43815696             -3.4      1.537843041
v      26.43815696        -3.615861      1.583005408
v      26.43815696     -3.794877568      1.705122432
v      26.43815696     -3.916994592         1.884139
v      26.43815696     -3.962156959              2.1
v      26.43815696     -3.916994592         2.315861
v      26.43815696     -3.794877568      2.494877568
v      26.43815696        -3.615861      2.616994592
v      26.43815696             -3.4      2.662156959
v      26.43815696        -3.184139      2.616994592
v      26.43815696     -3.005122432      2.494877568
v      26.43815696     -2.883005408         2.315861
v      26.69210464     -2.518895361              2.1
v      26.69210464     -2.588820114       1.75908386
v      26.69210464     -2.778786756      1.478786756
v      26.69210464      -3.05908386      1.288820114
v      26.69210464             -3.4      1.218895361
v      26.69210464      -3.74091614      1.288820114
v      26.69210464     -4.021213244      1.478786756
v      26.69210464     -4.211179886       1.75908386
v      26.69210464     -4.281104639              2.1
v      26.69210464     -4.211179886       2.44091614
v      26.69210464     -4.021213244      2.721213244
v      26.69210464      -3.74091614      2.911179886
v      26.69210464             -3.4      2.981104639
v      26.69210464      -3.05908386      2.911179886
v      26.69210464     -2.778786756      2.721213244
v      26.69210464     -2.588820114       2.44091614
v      26.95070155     -2.273298454              2.1
v      26.95070155     -2.362111284      1.662250024
v      26.95070155     -2.604024463      1.304024463
v      26.95070155     -2.962250024      1.062111284
v      26.95070155             -3.4     0.9732984536
v      26.95070155     -3.837749976      1.062111284
v      26.95070155     -4.195975537      1.304024463
v      26.95070155     -4.437888716      1.662250024
v      26.95070155     -4.526701546              2.1
v      26.95070155     -4.437888716      2.537749976
v      26.95070155     -4.195975537      2.895975537
v      26.95070155     -3.837749976      3.137888716
v      26.95070155             -3.4      3.226701546
v      26.95070155     -2.962250024      3.137888716
v      26.95070155     -2.604024463      2.895975537
v      26.95070155     -2.362111284      2.537749976
v             27.2           -2.175              2.1
v             27.2     -2.271330263       1.62336579
v             27.2     -2.533964036      1.233964036
v             27.2      -2.92336579     0.9713302634
v             27.2             -3.4            0.875
v             27.2      -3.87663421     0.9713302634
v             27.2     -4.266035964      1.233964036
v             27.2     -4.528669737       1.62336579
v             27.2           -4.625              2.1
v             27.2     -4.528669737       2.57663421
v             27.2     -4.266035964      2.966035964
v             27.2      -3.87663421      3.228669737
v             27.2             -3.4            3.325
v             27.2      -2.92336579      3.228669737
v             27.2     -2.533964036      2.966035964
v             27.2     -2.271330263       2.57663421
v            27.44           -2.175              2.1
v            27.44     -2.271330263       1.62336579
v            27.44     -2.533964036      1.233964036
v            27.44      -2.92336579     0.9713302634
v            27.44             -3.4            0.875
v            27.44      -3.87663421     0.9713302634
v            27.44     -4.266035964      1.233964036
v            27.44     -4.528669737       1.62336579
v            27.44           -4.625              2.1
v            27.44     -4.528669737       2.57663421
v            27.44     -4.266035964      2.966035964
v            27.44      -3.87663421      3.228669737
v            27.44             -3.4            3.325
v            27.44      -2.92336579      3.228669737
v            27.44     -2.533964036      2.966035964
v            27.44     -2.271330263       2.57663421
v            27.68           -2.175              2.1
v            27.68     -2.271330263       1.62336579
v            27.68     -2.533964036      1.233964036
v            27.68      -2.92336579     0.9713302634
v            27.68             -3.4            0.875
v            27.68      -3.87663421     0.9713302634
v            27.68     -4.266035964      1.233964036
v            27.68     -4.528669737       1.62336579
v            27.68           -4.625              2.1
v            27.68     -4.528669737       2.57663421
v            27.68     -4.266035964      2.966035964
v            27.68      -3.87663421      3.228669737
v            27.68             -3.4            3.325
v            27.68      -2.92336579      3.228669737
v            27.68     -2.533964036      2.966035964
v            27.68     -2.271330263       2.57663421
v            27.92           -2.175              2.1
v            27.92     -2.271330263       1.62336579
v            27.92     -2.533964036      1.233964036
v            27.92      -2.92336579     0.9713302634
v            27.92             -3.4            0.875
v            27.92      -3.87663421     0.9713302634
v            27.92     -4.266035964      1.233964036
v            27.92     -4.528669737       1.62336579
v            27.92           -4.625              2.1
v            27.92     -4.528669737       2.57663421
v            27.92     -4.266035964      2.966035964
v            27.92      -3.87663421      3.228669737
v            27.92             -3.4            3.325
v            27.92      -2.92336579      3.228669737
v            27.92     -2.533964036      2.966035964
v            27.92     -2.271330263       2.57663421
v            28.16           -2.175              2.1
v            28.16     -2.271330263       1.62336579
v            28.16     -2.533964036      1.233964036
v            28.16      -2.92336579     0.9713302634
v            28.16             -3.4            0.875
v            28.16      -3.87663421     0.9713302634
v            28.16     -4.266035964      1.233964036
v            28.16     -4.528669737       1.62336579
v            28.16           -4.625              2.1
v            28.16     -4.528669737       2.57663421
v            28.16     -4.266035964      2.966035964
v            28.16      -3.87663421      3.228669737
v            28.16             -3.4            3.325
v            28.16      -2.92336579      3.228669737
v            28.16     -2.533964036      2.966035964
v            28.16     -2.271330263       2.57663421
v             28.4           -2.175              2.1
v             28.4     -2.271330263       1.62336579
v             28.4     -2.533964036      1.233964036
v             28.4      -2.92336579     0.9713302634
v             28.4             -3.4            0.875
v             28.4      -3.87663421     0.9713302634
v             28.4     -4.266035964      1.233964036
v             28.4     -4.528669737       1.62336579
v             28.4           -4.625              2.1
v             28.4     -4.528669737       2.57663421
v             28.4     -4.266035964      2.966035964
v             28.4      -3.87663421      3.228669737
v             28.4             -3.4            3.325
v             28.4      -2.92336579      3.228669737
v             28.4     -2.533964036      2.966035964
v             28.4     -2.271330263       2.57663421
v            28.64           -2.175              2.1
v            28.64     -2.271330263       1.62336579
v            28.64     -2.533964036      1.233964036
v            28.64      -2.92336579     0.9713302634
v            28.64             -3.4            0.875
v            28.64      -3.87663421     0.9713302634
v            28.64     -4.266035964      1.233964036
v            28.64     -4.528669737       1.62336579
v            28.64           -4.625              2.1
v            28.64     -4.528669737       2.57663421
v            28.64     -4.266035964      2.966035964
v            28.64      -3.87663421      3.228669737
v            28.64             -3.4            3.325
v            28.64      -2.92336579      3.228669737
v            28.64     -2.533964036      2.966035964
v            28.64     -2.271330263       2.57663421
v            28.88           -2.175              2.1
v            28.88     -2.271330263       1.62336579
v            28.88     -2.533964036      1.233964036
v            28.88      -2.92336579     0.9713302634
v            28.88             -3.4            0.875
v            28.88      -3.87663421     0.9713302634
v            28.88     -4.266035964      1.233964036
v            28.88     -4.528669737       1.62336579
v            28.88           -4.625              2.1
v            28.88     -4.528669737       2.57663421
v            28.88     -4.266035964      2.966035964
v            28.88      -3.87663421      3.228669737
v            28.88             -3.4            3.325
v            28.88      -2.92336579      3.228669737
v            28.88     -2.533964036      2.966035964
v            28.88     -2.271330263       2.57663421
v            29.12           -2.175              2.1
v            29.12     -2.271330263       1.62336579
v            29.12     -2.533964036      1.233964036
v            29.12      -2.92336579     0.9713302634
v            29.12             -3.4            0.875
v            29.12      -3.87663421     0.9713302634
v            29.12     -4.266035964      1.233964036
v            29.12     -4.528669737       1.62336579
v            29.12           -4.625              2.1
v            29.12     -4.528669737       2.57663421
v            29.12     -4.266035964      2.966035964
v            29.12      -3.87663421      3.228669737
v            29.12             -3.4            3.325
v            29.12      -2.92336579      3.228669737
v            29.12     -2.533964036      2.966035964
v            29.12     -2.271330263       2.57663421
v            29.36           -2.175              2.1
v            29.36     -2.271330263       1.62336579
v            29.36     -2.533964036      1.233964036
v            29.36      -2.92336579     0.9713302634
v            29.36             -3.4            0.875
v            29.36      -3.87663421     0.9713302634
v            29.36     -4.266035964      1.233964036
v            29.36     -4.528669737       1.62336579
v            29.36           -4.625              2.1
v            29.36     -4.528669737       2.57663421
v            29.36     -4.266035964      2.966035964
v            29.36      -3.87663421      3.228669737
v            29.36             -3.4            3.325
v            29.36      -2.92336579      3.228669737
v            29.36     -2.533964036      2.966035964
v            29.36     -2.271330263       2.57663421
v             29.6           -2.175              2.1
v             29.6     -2.271330263       1.62336579
v             29.6     -2.533964036      1.233964036
v             29.6      -2.92336579     0.9713302634
v             29.6             -3.4            0.875
v             29.6      -3.87663421     0.9713302634
v             29.6     -4.266035964      1.233964036
v             29.6     -4.528669737       1.62336579
v             29.6           -4.625              2.1
v             29.6     -4.528669737       2.57663421
v             29.6     -4.266035964      2.966035964
v             29.6      -3.87663421      3.228669737
v             29.6             -3.4            3.325
v             29.6      -2.92336579      3.228669737
v             29.6     -2.533964036      2.966035964
v             29.6     -2.271330263       2.57663421
v      29.84929845     -2.273298454              2.1
v      29.84929845     -2.362111284      1.662250024
v      29.84929845     -2.604024463      1.304024463
v      29.84929845     -2.962250024      1.062111284
v      29.84929845             -3.4     0.9732984536
v      29.84929845     -3.837749976      1.062111284
v      29.84929845     -4.195975537      1.304024463
v      29.84929845     -4.437888716      1.662250024
v      29.84929845     -4.526701546              2.1
v      29.84929845     -4.437888716      2.537749976
v      29.84929845     -4.195975537      2.895975537
v      29.84929845     -3.837749976      3.137888716
v      29.84929845             -3.4      3.226701546
v      29.84929845     -2.962250024      3.137888716
v      29.84929845     -2.604024463      2.895975537
v      29.84929845     -2.362111284      2.537749976
v      30.10789536     -2.518895361              2.1
v      30.10789536     -2.588820114       1.75908386
v      30.10789536     -2.778786756      1.478786756
v      30.10789536      -3.05908386      1.288820114
v      30.10789536             -3.4      1.218895361
v      30.10789536      -3.74091614      1.288820114
v      30.10789536     -4.021213244      1.478786756
v      30.10789536     -4.211179886       1.75908386
v      30.10789536     -4.281104639              2.1
v      30.10789536     -4.211179886       2.44091614
v      30.10789536     -4.021213244      2.721213244
v      30.10789536      -3.74091614      2.911179886
v      30.10789536             -3.4      2.981104639
v      30.10789536      -3.05908386      2.911179886
v      30.10789536     -2.778786756      2.721213244
v      30.10789536     -2.588820114       2.44091614
v      30.36184304     -2.837843041              2.1
v      30.36184304     -2.883005408         1.884139
v      30.36184304     -3.005122432      1.705122432
v      30.36184304        -3.184139      1.583005408
v      30.36184304             -3.4      1.537843041
v      30.36184304        -3.615861      1.583005408
v      30.36184304     -3.794877568      1.705122432
v      30.36184304     -3.916994592         1.884139
v      30.36184304     -3.962156959              2.1
v      30.36184304     -3.916994592         2.315861
v      30.36184304     -3.794877568      2.494877568
v      30.36184304        -3.615861      2.616994592
v      30.36184304             -3.4      2.662156959
v      30.36184304        -3.184139      2.616994592
v      30.36184304     -3.005122432      2.494877568
v      30.36184304     -2.883005408         2.315861
v      30.59719381     -3.156193815              2.1
v      30.59719381     -3.176215819      2.007687146
v      30.59719381     -3.229903007      1.929903007
v      30.59719381     -3.307687146      1.876215819
v      30.59719381             -3.4      1.856193815
v      30.59719381     -3.492312854      1.876215819
v      30.59719381     -3.570096993      1.929903007
v      30.59719381     -3.623784181      2.007687146
v      30.59719381     -3.643806185              2.1
v      30.59719381     -3.623784181      2.192312854
v      30.59719381     -3.570096993      2.270096993
v      30.59719381     -3.492312854      2.323784181
v      30.59719381             -3.4      2.343806185
v      30.59719381     -3.307687146      2.323784181
v      30.59719381     -3.229903007      2.270096993
v      30.59719381     -3.176215819      2.192312854
v             30.8             -3.4              2.1
v      26.20280619      3.643806185              2.1
v      26.20280619      3.623784181      2.007687146
v               26              3.4              2.1
v      26.20280619      3.570096993      1.929903007
v      26.20280619      3.492312854      1.876215819
v      26.20280619              3.4      1.856193815
v      26.20280619      3.307687146      1.876215819
v      26.20280619      3.229903007      1.929903007
v      26.20280619      3.176215819      2.007687146
v      26.20280619      3.156193815              2.1
v      26.20280619      3.176215819      2.192312854
v      26.20280619      3.229903007      2.270096993
v      26.20280619      3.307687146      2.323784181
v      26.20280619              3.4      2.343806185
v      26.20280619      3.492312854      2.323784181
v      26.20280619      3.570096993      2.270096993
v      26.20280619      3.623784181      2.192312854
v      26.43815696      3.962156959              2.1
v      26.43815696      3.916994592         1.884139
v      26.43815696      3.794877568      1.705122432
v      26.43815696         3.615861      1.583005408
v      26.43815696              3.4      1.537843041
v      26.43815696         3.184139      1.583005408
v      26.43815696      3.005122432      1.705122432
v      26.43815696      2.883005408         1.884139
v      26.43815696      2.837843041              2.1
v      26.43815696      2.883005408         2.315861
v      26.43815696      3.005122432      2.494877568
v      26.43815696         3.184139      2.616994592
v      26.43815696              3.4      2.662156959
v      26.43815696         3.615861      2.616994592
v      26.43815696      3.794877568      2.494877568
v      26.43815696      3.916994592         2.315861
v      26.69210464      4.281104639              2.1
v      26.69210464      4.211179886       1.75908386
v      26.69210464      4.021213244      1.478786756
v      26.69210464       3.74091614      1.288820114
v      26.69210464              3.4      1.218895361
v      26.69210464       3.05908386      1.288820114
v      26.69210464      2.778786756      1.478786756
v      26.69210464      2.588820114       1.75908386
v      26.69210464      2.518895361              2.1
v      26.69210464      2.588820114       2.44091614
v      26.69210464      2.778786756      2.721213244
v      26.69210464       3.05908386      2.911179886
v      26.69210464              3.4      2.981104639
v      26.69210464       3.74091614      2.911179886
v      26.69210464      4.021213244      2.721213244
v      26.69210464      4.211179886       2.44091614
v      26.95070155      4.526701546              2.1
v      26.95070155      4.437888716      1.662250024
v      26.95070155      4.195975537      1.304024463
v      26.95070155      3.837749976      1.062111284
v      26.95070155              3.4     0.9732984536
v      26.95070155      2.962250024      1.062111284
v      26.95070155      2.604024463      1.304024463
v      26.95070155      2.362111284      1.662250024
v      26.95070155      2.273298454              2.1
v      26.95070155      2.362111284      2.537749976
v      26.95070155      2.604024463      2.895975537
v      26.95070155      2.962250024      3.137888716
v      26.95070155              3.4      3.226701546
v      26.95070155      3.837749976      3.137888716
v      26.95070155      4.195975537      2.895975537
v      26.95070155      4.437888716      2.537749976
v             27.2            4.625              2.1
v             27.2      4.528669737       1.62336579
v             27.2      4.266035964      1.233964036
v             27.2       3.87663421     0.9713302634
v             27.2              3.4            0.875
v             27.2       2.92336579     0.9713302634
v             27.2      2.533964036      1.233964036
v             27.2      2.271330263       1.62336579
v             27.2            2.175              2.1
v             27.2      2.271330263       2.57663421
v             27.2      2.533964036      2.966035964
v             27.2       2.92336579      3.228669737
v             27.2              3.4            3.325
v             27.2       3.87663421      3.228669737
v             27.2      4.266035964      2.966035964
v             27.2      4.528669737       2.57663421
v            27.44            4.625              2.1
v            27.44      4.528669737       1.62336579
v            27.44      4.266035964      1.233964036
v            27.44       3.87663421     0.9713302634
v            27.44              3.4            0.875
v            27.44       2.92336579     0.9713302634
v            27.44      2.533964036      1.233964036
v            27.44      2.271330263       1.62336579
v            27.44            2.175              2.1
v            27.44      2.271330263       2.57663421
v            27.44      2.533964036      2.966035964
v            27.44       2.92336579      3.228669737
v            27.44              3.4            3.325
v            27.44       3.87663421      3.228669737
v            27.44      4.266035964      2.966035964
v            27.44      4.528669737       2.57663421
v            27.68            4.625              2.1
v            27.68      4.528669737       1.62336579
v            27.68      4.266035964      1.233964036
v            27.68       3.87663421     0.9713302634
v            27.68              3.4            0.875
v            27.68       2.92336579     0.9713302634
v            27.68      2.533964036      1.233964036
v            27.68      2.271330263       1.62336579
v            27.68            2.175              2.1
v            27.68      2.271330263       2.57663421
v            27.68      2.533964036      2.966035964
v            27.68       2.92336579      3.228669737
v            27.68              3.4            3.325
v            27.68       3.87663421      3.228669737
v            27.68      4.266035964      2.966035964
v            27.68      4.528669737       2.57663421
v            27.92            4.625              2.1
v            27.92      4.528669737       1.62336579
v            27.92      4.266035964      1.233964036
v            27.92       3.87663421     0.9713302634
v            27.92              3.4            0.875
v            27.92       2.92336579     0.9713302634
v            27.92      2.533964036      1.233964036
v            27.92      2.271330263       1.62336579
v            27.92            2.175              2.1
v            27.92      2.271330263       2.57663421
v            27.92      2.533964036      2.966035964
v            27.92       2.92336579      3.228669737
v            27.92              3.4            3.325
v            27.92       3.87663421      3.228669737
v            27.92      4.266035964      2.966035964
v            27.92      4.528669737       2.57663421
v            28.16            4.625              2.1
v            28.16      4.528669737       1.62336579
v            28.16      4.266035964      1.233964036
v            28.16       3.87663421     0.9713302634
v            28.16              3.4            0.875
v            28.16       2.92336579     0.9713302634
v            28.16      2.533964036      1.233964036
v            28.16      2.271330263       1.62336579
v            28.16            2.175              2.1
v            28.16      2.271330263       2.57663421
v            28.16      2.533964036      2.966035964
v            28.16       2.92336579      3.228669737
v            28.16              3.4            3.325
v            28.16       3.87663421      3.228669737
v            28.16      4.266035964      2.966035964
v            28.16      4.528669737       2.57663421
v             28.4            4.625              2.1
v             28.4      4.528669737       1.62336579
v             28.4      4.266035964      1.233964036
v             28.4       3.87663421     0.9713302634
v             28.4              3.4            0.875
v             28.4       2.92336579     0.9713302634
v             28.4      2.533964036      1.233964036
v             28.4      2.271330263       1.62336579
v             28.4            2.175              2.1
v             28.4      2.271330263       2.57663421
v             28.4      2.533964036      2.966035964
v             28.4       2.92336579      3.228669737
v             28.4              3.4            3.325
v             28.4       3.87663421      3.228669737
v             28.4      4.266035964      2.966035964
v             28.4      4.528669737       2.57663421
v            28.64            4.625              2.1
v            28.64      4.528669737       1.62336579
v            28.64      4.266035964      1.233964036
v            28.64       3.87663421     0.9713302634
v            28.64              3.4            0.875
v            28.64       2.92336579     0.9713302634
v            28.64      2.533964036      1.233964036
v            28.64      2.271330263       1.62336579
v            28.64            2.175              2.1
v            28.64      2.271330263       2.57663421
v            28.64      2.533964036      2.966035964
v            28.64       2.92336579      3.228669737
v            28.64              3.4            3.325
v            28.64       3.87663421      3.228669737
v            28.64      4.266035964      2.966035964
v            28.64      4.528669737       2.57663421
v            28.88            4.625              2.1
v            28.88      4.528669737       1.62336579
v            28.88      4.266035964      1.233964036
v            28.88       3.87663421     0.9713302634
v            28.88              3.4            0.875
v            28.88       2.92336579     0.9713302634
v            28.88      2.533964036      1.233964036
v            28.88      2.271330263       1.62336579
v            28.88            2.175              2.1
v            28.88      2.271330263       2.57663421
v            28.88      2.533964036      2.966035964
v            28.88       2.92336579      3.228669737
v            28.88              3.4            3.325
v            28.88       3.87663421      3.228669737
v            28.88      4.266035964      2.966035964
v            28.88      4.528669737       2.57663421
v            29.12            4.625              2.1
v            29.12      4.528669737       1.62336579
v            29.12      4.266035964      1.233964036
v            29.12       3.87663421     0.9713302634
v            29.12              3.4            0.875
v            29.12       2.92336579     0.9713302634
v            29.12      2.533964036      1.233964036
v            29.12      2.271330263       1.62336579
v            29.12            2.175              2.1
v            29.12      2.271330263       2.57663421
v            29.12      2.533964036      2.966035964
v            29.12       2.92336579      3.228669737
v            29.12              3.4            3.325
v            29.12       3.87663421      3.228669737
v            29.12      4.266035964      2.966035964
v            29.12      4.528669737       2.57663421
v            29.36            4.625              2.1
v            29.36      4.528669737       1.62336579
v            29.36      4.266035964      1.233964036
v            29.36       3.87663421     0.9713302634
v            29.36              3.4            0.875
v            29.36       2.92336579     0.9713302634
v            29.36      2.533964036      1.233964036
v            29.36      2.271330263       1.62336579
v            29.36            2.175              2.1
v            29.36      2.271330263       2.57663421
v            29.36      2.533964036      2.966035964
v            29.36       2.92336579      3.228669737
v            29.36              3.4            3.325
v            29.36       3.87663421      3.228669737
v            29.36      4.266035964      2.966035964
v            29.36      4.528669737       2.57663421
v             29.6            4.625              2.1
v             29.6      4.528669737       1.62336579
v             29.6      4.266035964      1.233964036
v             29.6       3.87663421     0.9713302634
v             29.6              3.4            0.875
v             29.6       2.92336579     0.9713302634
v             29.6      2.533964036      1.233964036
v             29.6      2.271330263       1.62336579
v             29.6            2.175              2.1
v             29.6      2.271330263       2.57663421
v             29.6      2.533964036      2.966035964
v             29.6       2.92336579      3.228669737
v             29.6              3.4            3.325
v             29.6       3.87663421      3.228669737
v             29.6      4.266035964      2.966035964
v             29.6      4.528669737       2.57663421
v      29.84929845      4.526701546              2.1
v      29.84929845      4.437888716      1.662250024
v      29.84929845      4.195975537      1.304024463
v      29.84929845      3.837749976      1.062111284
v      29.84929845              3.4     0.9732984536
v      29.84929845      2.962250024      1.062111284
v      29.84929845      2.604024463      1.304024463
v      29.84929845      2.362111284      1.662250024
v      29.84929845      2.273298454              2.1
v      29.84929845      2.362111284      2.537749976
v      29.84929845      2.604024463      2.895975537
v      29.84929845      2.962250024      3.137888716
v      29.84929845              3.4      3.226701546
v      29.84929845      3.837749976      3.137888716
v      29.84929845      4.195975537      2.895975537
v      29.84929845      4.437888716      2.537749976
v      30.10789536      4.281104639              2.1
v      30.10789536      4.211179886       1.75908386
v      30.10789536      4.021213244      1.478786756
v      30.10789536       3.74091614      1.288820114
v      30.10789536              3.4      1.218895361
v      30.10789536       3.05908386      1.288820114
v      30.10789536      2.778786756      1.478786756
v      30.10789536      2.588820114       1.75908386
v      30.10789536      2.518895361              2.1
v      30.10789536      2.588820114       2.44091614
v      30.10789536      2.778786756      2.721213244
v      30.10789536       3.05908386      2.911179886
v      30.10789536              3.4      2.981104639
v      30.10789536       3.74091614      2.911179886
v      30.10789536      4.021213244      2.721213244
v      30.10789536      4.211179886       2.44091614
v      30.36184304      3.962156959              2.1
v      30.36184304      3.916994592         1.884139
v      30.36184304      3.794877568      1.705122432
v      30.36184304         3.615861      1.583005408
v      30.36184304              3.4      1.537843041
v      30.36184304         3.184139      1.583005408
v      30.36184304      3.005122432      1.705122432
v      30.36184304      2.883005408         1.884139
v      30.36184304      2.837843041              2.1
v      30.36184304      2.883005408         2.315861
v      30.36184304      3.005122432      2.494877568
v      30.36184304         3.184139      2.616994592
v      30.36184304              3.4      2.662156959
v      30.36184304         3.615861      2.616994592
v      30.36184304      3.794877568      2.494877568
v      30.36184304      3.916994592         2.315861
v      30.59719381      3.643806185              2.1
v      30.59719381      3.623784181      2.007687146
v      30.59719381      3.570096993      1.929903007
v      30.59719381      3.492312854      1.876215819
v      30.59719381              3.4      1.856193815
v      30.59719381      3.307687146      1.876215819
v      30.59719381      3.229903007      1.929903007
v      30.59719381      3.176215819      2.007687146
v      30.59719381      3.156193815              2.1
v      30.59719381      3.176215819      2.192312854
v      30.59719381      3.229903007      2.270096993
v      30.59719381      3.307687146      2.323784181
v      30.59719381              3.4      2.343806185
v      30.59719381      3.492312854      2.323784181
v      30.59719381      3.570096993      2.270096993
v      30.59719381      3.623784181      2.192312854
v             30.8              3.4              2.1
v      27.70280619     -7.156193815              1.8
v      27.70280619     -7.176215819      1.707687146
v             27.5             -7.4              1.8
v      27.70280619     -7.229903007      1.629903007
v      27.70280619     -7.307687146      1.576215819
v      27.70280619             -7.4      1.556193815
v      27.70280619     -7.492312854      1.576215819
v      27.70280619     -7.570096993      1.629903007
v      27.70280619     -7.623784181      1.707687146
v      27.70280619     -7.643806185              1.8
v      27.70280619     -7.623784181      1.892312854
v      27.70280619     -7.570096993      1.970096993
v      27.70280619     -7.492312854      2.023784181
v      27.70280619             -7.4      2.043806185
v      27.70280619     -7.307687146      2.023784181
v      27.70280619     -7.229903007      1.970096993
v      27.70280619     -7.176215819      1.892312854
v      27.93815696     -6.837843041              1.8
v      27.93815696     -6.883005408         1.584139
v      27.93815696     -7.005122432      1.405122432
v      27.93815696        -7.184139      1.283005408
v      27.93815696             -7.4      1.237843041
v      27.93815696        -7.615861      1.283005408
v      27.93815696     -7.794877568      1.405122432
v      27.93815696     -7.916994592         1.584139
v      27.93815696     -7.962156959              1.8
v      27.93815696     -7.916994592         2.015861
v      27.93815696     -7.794877568      2.194877568
v      27.93815696        -7.615861      2.316994592
v      27.93815696             -7.4      2.362156959
v      27.93815696        -7.184139      2.316994592
v      27.93815696     -7.005122432      2.194877568
v      27.93815696     -6.883005408         2.015861
v      28.19210464     -6.518895361              1.8
v      28.19210464     -6.588820114       1.45908386
v      28.19210464     -6.778786756      1.178786756
v      28.19210464      -7.05908386      0.988820114
v      28.19210464             -7.4     0.9188953609
v      28.19210464      -7.74091614      0.988820114
v      28.19210464     -8.021213244      1.178786756
v      28.19210464     -8.211179886       1.45908386
v      28.19210464     -8.281104639              1.8
v      28.19210464     -8.211179886       2.14091614
v      28.19210464     -8.021213244      2.421213244
v      28.19210464      -7.74091614      2.611179886
v      28.19210464             -7.4      2.681104639
v      28.19210464      -7.05908386      2.611179886
v      28.19210464     -6.778786756      2.421213244
v      28.19210464     -6.588820114       2.14091614
v      28.45070155     -6.273298454              1.8
v      28.45070155     -6.362111284      1.362250024
v      28.45070155     -6.604024463      1.004024463
v      28.45070155     -6.962250024     0.7621112838
v      28.45070155             -7.4     0.6732984536
v      28.45070155     -7.837749976     0.7621112838
v      28.45070155     -8.195975537      1.004024463
v      28.45070155     -8.437888716      1.362250024
v      28.45070155     -8.526701546              1.8
v      28.45070155     -8.437888716      2.237749976
v      28.45070155     -8.195975537      2.595975537
v      28.45070155     -7.837749976      2.837888716
v      28.45070155             -7.4      2.926701546
v      28.45070155     -6.962250024      2.837888716
v      28.45070155     -6.604024463      2.595975537
v      28.45070155     -6.362111284      2.237749976
v             28.7           -6.175              1.8
v             28.7     -6.271330263       1.32336579
v             28.7     -6.533964036     0.9339640356
v             28.7      -6.92336579     0.6713302634
v             28.7             -7.4            0.575
v             28.7      -7.87663421     0.6713302634
v             28.7     -8.266035964     0.9339640356
v             28.7     -8.528669737       1.32336579
v             28.7           -8.625              1.8
v             28.7     -8.528669737       2.27663421
v             28.7     -8.266035964      2.666035964
v             28.7      -7.87663421      2.928669737
v             28.7             -7.4            3.025
v             28.7      -6.92336579      2.928669737
v             28.7     -6.533964036      2.666035964
v             28.7     -6.271330263       2.27663421
v            28.94           -6.175              1.8
v            28.94     -6.271330263       1.32336579
v            28.94     -6.533964036     0.9339640356
v            28.94      -6.92336579     0.6713302634
v            28.94             -7.4            0.575
v            28.94      -7.87663421     0.6713302634
v            28.94     -8.266035964     0.9339640356
v            28.94     -8.528669737       1.32336579
v            28.94           -8.625              1.8
v            28.94     -8.528669737       2.27663421
v            28.94     -8.266035964      2.666035964
v            28.94      -7.87663421      2.928669737
v            28.94             -7.4            3.025
v            28.94      -6.92336579      2.928669737
v            28.94     -6.533964036      2.666035964
v            28.94     -6.271330263       2.27663421
v            29.18           -6.175              1.8
v            29.18     -6.271330263       1.32336579
v            29.18     -6.533964036     0.9339640356
v            29.18      -6.92336579     0.6713302634
v            29.18             -7.4            0.575
v            29.18      -7.87663421     0.6713302634
v            29.18     -8.266035964     0.9339640356
v            29.18     -8.528669737       1.32336579
v            29.18           -8.625              1.8
v            29.18     -8.528669737       2.27663421
v            29.18     -8.266035964      2.666035964
v            29.18      -7.87663421      2.928669737
v            29.18             -7.4            3.025
v            29.18      -6.92336579      2.928669737
v            29.18     -6.533964036      2.666035964
v            29.18     -6.271330263       2.27663421
v            29.42           -6.175              1.8
v            29.42     -6.271330263       1.32336579
v            29.42     -6.533964036     0.9339640356
v            29.42      -6.92336579     0.6713302634
v            29.42             -7.4            0.575
v            29.42      -7.87663421     0.6713302634
v            29.42     -8.266035964     0.9339640356
v            29.42     -8.528669737       1.32336579
v            29.42           -8.625              1.8
v            29.42     -8.528669737       2.27663421
v            29.42     -8.266035964      2.666035964
v            29.42      -7.87663421      2.928669737
v            29.42             -7.4            3.025
v            29.42      -6.92336579      2.928669737
v            29.42     -6.533964036      2.666035964
v            29.42     -6.271330263       2.27663421
v            29.66           -6.175              1.8
v            29.66     -6.271330263       1.32336579
v            29.66     -6.533964036     0.9339640356
v            29.66      -6.92336579     0.6713302634
v            29.66             -7.4            0.575
v            29.66      -7.87663421     0.6713302634
v            29.66     -8.266035964     0.9339640356
v            29.66     -8.528669737       1.32336579
v            29.66           -8.625              1.8
v            29.66     -8.528669737       2.27663421
v            29.66     -8.266035964      2.666035964
v            29.66      -7.87663421      2.928669737
v            29.66             -7.4            3.025
v            29.66      -6.92336579      2.928669737
v            29.66     -6.533964036      2.666035964
v            29.66     -6.271330263       2.27663421
v             29.9           -6.175              1.8
v             29.9     -6.271330263       1.32336579
v             29.9     -6.533964036     0.9339640356
v             29.9      -6.92336579     0.6713302634
v             29.9             -7.4            0.575
v             29.9      -7.87663421     0.6713302634
v             29.9     -8.266035964     0.9339640356
v             29.9     -8.528669737       1.32336579
v             29.9           -8.625              1.8
v             29.9     -8.528669737       2.27663421
v             29.9     -8.266035964      2.666035964
v             29.9      -7.87663421      2.928669737
v             29.9             -7.4            3.025
v             29.9      -6.92336579      2.928669737
v             29.9     -6.533964036      2.666035964
v             29.9     -6.271330263       2.27663421
v            30.14           -6.175              1.8
v            30.14     -6.271330263       1.32336579
v            30.14     -6.533964036     0.9339640356
v            30.14      -6.92336579     0.6713302634
v            30.14             -7.4            0.575
v            30.14      -7.87663421     0.6713302634
v            30.14     -8.266035964     0.9339640356
v            30.14     -8.528669737       1.32336579
v            30.14           -8.625              1.8
v            30.14     -8.528669737       2.27663421
v            30.14     -8.266035964      2.666035964
v            30.14      -7.87663421      2.928669737
v            30.14             -7.4            3.025
v            30.14      -6.92336579      2.928669737
v            30.14     -6.533964036      2.666035964
v            30.14     -6.271330263       2.27663421
v            30.38           -6.175              1.8
v            30.38     -6.271330263       1.32336579
v            30.38     -6.533964036     0.9339640356
v            30.38      -6.92336579     0.6713302634
v            30.38             -7.4            0.575
v            30.38      -7.87663421     0.6713302634
v            30.38     -8.266035964     0.9339640356
v            30.38     -8.528669737       1.32336579
v            30.38           -8.625              1.8
v            30.38     -8.528669737       2.27663421
v            30.38     -8.266035964      2.666035964
v            30.38      -7.87663421      2.928669737
v            30.38             -7.4            3.025
v            30.38      -6.92336579      2.928669737
v            30.38     -6.533964036      2.666035964
v            30.38     -6.271330263       2.27663421
v            30.62           -6.175              1.8
v            30.62     -6.271330263       1.32336579
v            30.62     -6.533964036     0.9339640356
v            30.62      -6.92336579     0.6713302634
v            30.62             -7.4            0.575
v            30.62      -7.87663421     0.6713302634
v            30.62     -8.266035964     0.9339640356
v            30.62     -8.528669737       1.32336579
v            30.62           -8.625              1.8
v            30.62     -8.528669737       2.27663421
v            30.62     -8.266035964      2.666035964
v            30.62      -7.87663421      2.928669737
v            30.62             -7.4            3.025
v            30.62      -6.92336579      2.928669737
v            30.62     -6.533964036      2.666035964
v            30.62     -6.271330263       2.27663421
v            30.86           -6.175              1.8
v            30.86     -6.271330263       1.32336579
v            30.86     -6.533964036     0.9339640356
v            30.86      -6.92336579     0.6713302634
v            30.86             -7.4            0.575
v            30.86      -7.87663421     0.6713302634
v            30.86     -8.266035964     0.9339640356
v            30.86     -8.528669737       1.32336579
v            30.86           -8.625              1.8
v            30.86     -8.528669737       2.27663421
v            30.86     -8.266035964      2.666035964
v            30.86      -7.87663421      2.928669737
v            30.86             -7.4            3.025
v            30.86      -6.92336579      2.928669737
v            30.86     -6.533964036      2.666035964
v            30.86     -6.271330263       2.27663421
v             31.1           -6.175              1.8
v             31.1     -6.271330263       1.32336579
v             31.1     -6.533964036     0.9339640356
v             31.1      -6.92336579     0.6713302634
v             31.1             -7.4            0.575
v             31.1      -7.87663421     0.6713302634
v             31.1     -8.266035964     0.9339640356
v             31.1     -8.528669737       1.32336579
v             31.1           -8.625              1.8
v             31.1     -8.528669737       2.27663421
v             31.1     -8.266035964      2.666035964
v             31.1      -7.87663421      2.928669737
v             31.1             -7.4            3.025
v             31.1      -6.92336579      2.928669737
v             31.1     -6.533964036      2.666035964
v             31.1     -6.271330263       2.27663421
v      31.34929845     -6.273298454              1.8
v      31.34929845     -6.362111284      1.362250024
v      31.34929845     -6.604024463      1.004024463
v      31.34929845     -6.962250024     0.7621112838
v      31.34929845             -7.4     0.6732984536
v      31.34929845     -7.837749976     0.7621112838
v      31.34929845     -8.195975537      1.004024463
v      31.34929845     -8.437888716      1.362250024
v      31.34929845     -8.526701546              1.8
v      31.34929845     -8.437888716      2.237749976
v      31.34929845     -8.195975537      2.595975537
v      31.34929845     -7.837749976      2.837888716
v      31.34929845             -7.4      2.926701546
v      31.34929845     -6.962250024      2.837888716
v      31.34929845     -6.604024463      2.595975537
v      31.34929845     -6.362111284      2.237749976
v      31.60789536     -6.518895361              1.8
v      31.60789536     -6.588820114       1.45908386
v      31.60789536     -6.778786756      1.178786756
v      31.60789536      -7.05908386      0.988820114
v      31.60789536             -7.4     0.9188953609
v      31.60789536      -7.74091614      0.988820114
v      31.60789536     -8.021213244      1.178786756
v      31.60789536     -8.211179886       1.45908386
v      31.60789536     -8.281104639              1.8
v      31.60789536     -8.211179886       2.14091614
v      31.60789536     -8.021213244      2.421213244
v      31.60789536      -7.74091614      2.611179886
v      31.60789536             -7.4      2.681104639
v      31.60789536      -7.05908386      2.611179886
v      31.60789536     -6.778786756      2.421213244
v      31.60789536     -6.588820114       2.14091614
v      31.86184304     -6.837843041              1.8
v      31.86184304     -6.883005408         1.584139
v      31.86184304     -7.005122432      1.405122432
v      31.86184304        -7.184139      1.283005408
v      31.86184304             -7.4      1.237843041
v      31.86184304        -7.615861      1.283005408
v      31.86184304     -7.794877568      1.405122432
v      31.86184304     -7.916994592         1.584139
v      31.86184304     -7.962156959              1.8
v      31.86184304     -7.916994592         2.015861
v      31.86184304     -7.794877568      2.194877568
v      31.86184304        -7.615861      2.316994592
v      31.86184304             -7.4      2.362156959
v      31.86184304        -7.184139      2.316994592
v      31.86184304     -7.005122432      2.194877568
v      31.86184304     -6.883005408         2.015861
v      32.09719381     -7.156193815              1.8
v      32.09719381     -7.176215819      1.707687146
v      32.09719381     -7.229903007      1.629903007
v      32.09719381     -7.307687146      1.576215819
v      32.09719381             -7.4      1.556193815
v      32.09719381     -7.492312854      1.576215819
v      32.09719381     -7.570096993      1.629903007
v      32.09719381     -7.623784181      1.707687146
v      32.09719381     -7.643806185              1.8
v      32.09719381     -7.623784181      1.892312854
v      32.09719381     -7.570096993      1.970096993
v      32.09719381     -7.492312854      2.023784181
v      32.09719381             -7.4      2.043806185
v      32.09719381     -7.307687146      2.023784181
v      32.09719381     -7.229903007      1.970096993
v      32.09719381     -7.176215819      1.892312854
v             32.3             -7.4              1.8
v      27.70280619      7.643806185              1.8
v      27.70280619      7.623784181      1.707687146
v             27.5              7.4              1.8
v      27.70280619      7.570096993      1.629903007
v      27.70280619      7.492312854      1.576215819
v      27.70280619              7.4      1.556193815
v      27.70280619      7.307687146      1.576215819
v      27.70280619      7.229903007      1.629903007
v      27.70280619      7.176215819      1.707687146
v      27.70280619      7.156193815              1.8
v      27.70280619      7.176215819      1.892312854
v      27.70280619      7.229903007      1.970096993
v      27.70280619      7.307687146      2.023784181
v      27.70280619              7.4      2.043806185
v      27.70280619      7.492312854      2.023784181
v      27.70280619      7.570096993      1.970096993
v      27.70280619      7.623784181      1.892312854
v      27.93815696      7.962156959              1.8
v      27.93815696      7.916994592         1.584139
v      27.93815696      7.794877568      1.405122432
v      27.93815696         7.615861      1.283005408
v      27.93815696              7.4      1.237843041
v      27.93815696         7.184139      1.283005408
v      27.93815696      7.005122432      1.405122432
v      27.93815696      6.883005408         1.584139
v      27.93815696      6.837843041              1.8
v      27.93815696      6.883005408         2.015861
v      27.93815696      7.005122432      2.194877568
v      27.93815696         7.184139      2.316994592
v      27.93815696              7.4      2.362156959
v      27.93815696         7.615861      2.316994592
v      27.93815696      7.794877568      2.194877568
v      27.93815696      7.916994592         2.015861
v      28.19210464      8.281104639              1.8
v      28.19210464      8.211179886       1.45908386
v      28.19210464      8.021213244      1.178786756
v      28.19210464       7.74091614      0.988820114
v      28.19210464              7.4     0.9188953609
v      28.19210464       7.05908386      0.988820114
v      28.19210464      6.778786756      1.178786756
v      28.19210464      6.588820114       1.45908386
v      28.19210464      6.518895361              1.8
v      28.19210464      6.588820114       2.14091614
v      28.19210464      6.778786756      2.421213244
v      28.19210464       7.05908386      2.611179886
v      28.19210464              7.4      2.681104639
v      28.19210464       7.74091614      2.611179886
v      28.19210464      8.021213244      2.421213244
v      28.19210464      8.211179886       2.14091614
v      28.45070155      8.526701546              1.8
v      28.45070155      8.437888716      1.362250024
v      28.45070155      8.195975537      1.004024463
v      28.45070155      7.837749976     0.7621112838
v      28.45070155              7.4     0.6732984536
v      28.45070155      6.962250024     0.7621112838
v      28.45070155      6.604024463      1.004024463
v      28.45070155      6.362111284      1.362250024
v      28.45070155      6.273298454              1.8
v      28.45070155      6.362111284      2.237749976
v      28.45070155      6.604024463      2.595975537
v      28.45070155      6.962250024      2.837888716
v      28.45070155              7.4      2.926701546
v      28.45070155      7.837749976      2.837888716
v      28.45070155      8.195975537      2.595975537
v      28.45070155      8.437888716      2.237749976
v             28.7            8.625              1.8
v             28.7      8.528669737       1.32336579
v             28.7      8.266035964     0.9339640356
v             28.7       7.87663421     0.6713302634
v             28.7              7.4            0.575
v             28.7       6.92336579     0.6713302634
v             28.7      6.533964036     0.9339640356
v             28.7      6.271330263       1.32336579
v             28.7            6.175              1.8
v             28.7      6.271330263       2.27663421
v             28.7      6.533964036      2.666035964
v             28.7       6.92336579      2.928669737
v             28.7              7.4            3.025
v             28.7       7.87663421      2.928669737
v             28.7      8.266035964      2.666035964
v             28.7      8.528669737       2.27663421
v            28.94            8.625              1.8
v            28.94      8.528669737       1.32336579
v            28.94      8.266035964     0.9339640356
v            28.94       7.87663421     0.6713302634
v            28.94              7.4            0.575
v            28.94       6.92336579     0.6713302634
v            28.94      6.533964036     0.9339640356
v            28.94      6.271330263       1.32336579
v            28.94            6.175              1.8
v            28.94      6.271330263       2.27663421
v            28.94      6.533964036      2.666035964
v            28.94       6.92336579      2.928669737
v            28.94              7.4            3.025
v            28.94       7.87663421      2.928669737
v            28.94      8.266035964      2.666035964
v            28.94      8.528669737       2.27663421
v            29.18            8.625              1.8
v            29.18      8.528669737       1.32336579
v            29.18      8.266035964     0.9339640356
v            29.18       7.87663421     0.6713302634
v            29.18              7.4            0.575
v            29.18       6.92336579     0.6713302634
v            29.18      6.533964036     0.9339640356
v            29.18      6.271330263       1.32336579
v            29.18            6.175              1.8
v            29.18      6.271330263       2.27663421
v            29.18      6.533964036      2.666035964
v            29.18       6.92336579      2.928669737
v            29.18              7.4            3.025
v            29.18       7.87663421      2.928669737
v            29.18      8.266035964      2.666035964
v            29.18      8.528669737       2.27663421
v            29.42            8.625              1.8
v            29.42      8.528669737       1.32336579
v            29.42      8.266035964     0.9339640356
v            29.42       7.87663421     0.6713302634
v            29.42              7.4            0.575
v            29.42       6.92336579     0.6713302634
v            29.42      6.533964036     0.9339640356
v            29.42      6.271330263       1.32336579
v            29.42            6.175              1.8
v            29.42      6.271330263       2.27663421
v            29.42      6.533964036      2.666035964
v            29.42       6.92336579      2.928669737
v            29.42              7.4            3.025
v            29.42       7.87663421      2.928669737
v            29.42      8.266035964      2.666035964
v            29.42      8.528669737       2.27663421
v            29.66            8.625              1.8
v            29.66      8.528669737       1.32336579
v            29.66      8.266035964     0.9339640356
v            29.66       7.87663421     0.6713302634
v            29.66              7.4            0.575
v            29.66       6.92336579     0.6713302634
v            29.66      6.533964036     0.9339640356
v            29.66      6.271330263       1.32336579
v            29.66            6.175              1.8
v            29.66      6.271330263       2.27663421
v            29.66      6.533964036      2.666035964
v            29.66       6.92336579      2.928669737
v            29.66              7.4            3.025
v            29.66       7.87663421      2.928669737
v            29.66      8.266035964      2.666035964
v            29.66      8.528669737       2.27663421
v             29.9            8.625              1.8
v             29.9      8.528669737       1.32336579
v             29.9      8.266035964     0.9339640356
v             29.9       7.87663421     0.6713302634
v             29.9              7.4            0.575
v             29.9       6.92336579     0.6713302634
v             29.9      6.533964036     0.9339640356
v             29.9      6.271330263       1.32336579
v             29.9            6.175              1.8
v             29.9      6.271330263       2.27663421
v             29.9      6.533964036      2.666035964
v             29.9       6.92336579      2.928669737
v             29.9              7.4            3.025
v             29.9       7.87663421      2.928669737
v             29.9      8.266035964      2.666035964
v             29.9      8.528669737       2.27663421
v            30.14            8.625              1.8
v            30.14      8.528669737       1.32336579
v            30.14      8.266035964     0.9339640356
v            30.14       7.87663421     0.6713302634
v            30.14              7.4            0.575
v            30.14       6.92336579     0.6713302634
v            30.14      6.533964036     0.9339640356
v            30.14      6.271330263       1.32336579
v            30.14            6.175              1.8
v            30.14      6.271330263       2.27663421
v            30.14      6.533964036      2.666035964
v            30.14       6.92336579      2.928669737
v            30.14              7.4            3.025
v            30.14       7.87663421      2.928669737
v            30.14      8.266035964      2.666035964
v            30.14      8.528669737       2.27663421
v            30.38            8.625              1.8
v            30.38      8.528669737       1.32336579
v            30.38      8.266035964     0.9339640356
v            30.38       7.87663421     0.6713302634
v            30.38              7.4            0.575
v            30.38       6.92336579     0.6713302634
v            30.38      6.533964036     0.9339640356
v            30.38      6.271330263       1.32336579
v            30.38            6.175              1.8
v            30.38      6.271330263       2.27663421
v            30.38      6.533964036      2.666035964
v            30.38       6.92336579      2.928669737
v            30.38              7.4            3.025
v            30.38       7.87663421      2.928669737
v            30.38      8.266035964      2.666035964
v            30.38      8.528669737       2.27663421
v            30.62            8.625              1.8
v            30.62      8.528669737       1.32336579
v            30.62      8.266035964     0.9339640356
v            30.62       7.87663421     0.6713302634
v            30.62              7.4            0.575
v            30.62       6.92336579     0.6713302634
v            30.62      6.533964036     0.9339640356
v            30.62      6.271330263       1.32336579
v            30.62            6.175              1.8
v            30.62      6.271330263       2.27663421
v            30.62      6.533964036      2.666035964
v            30.62       6.92336579      2.928669737
v            30.62              7.4            3.025
v            30.62       7.87663421      2.928669737
v            30.62      8.266035964      2.666035964
v            30.62      8.528669737       2.27663421
v            30.86            8.625              1.8
v            30.86      8.528669737       1.32336579
v            30.86      8.266035964     0.9339640356
v            30.86       7.87663421     0.6713302634
v            30.86              7.4            0.575
v            30.86       6.92336579     0.6713302634
v            30.86      6.533964036     0.9339640356
v            30.86      6.271330263       1.32336579
v            30.86            6.175              1.8
v            30.86      6.271330263       2.27663421
v            30.86      6.533964036      2.666035964
v            30.86       6.92336579      2.928669737
v            30.86              7.4            3.025
v            30.86       7.87663421      2.928669737
v            30.86      8.266035964      2.666035964
v            30.86      8.528669737       2.27663421
v             31.1            8.625              1.8
v             31.1      8.528669737       1.32336579
v             31.1      8.266035964     0.9339640356
v             31.1       7.87663421     0.6713302634
v             31.1              7.4            0.575
v             31.1       6.92336579     0.6713302634
v             31.1      6.533964036     0.9339640356
v             31.1      6.271330263       1.32336579
v             31.1            6.175              1.8
v             31.1      6.271330263       2.27663421
v             31.1      6.533964036      2.666035964
v             31.1       6.92336579      2.928669737
v             31.1              7.4            3.025
v             31.1       7.87663421      2.928669737
v             31.1      8.266035964      2.666035964
v             31.1      8.528669737       2.27663421
v      31.34929845      8.526701546              1.8
v      31.34929845      8.437888716      1.362250024
v      31.34929845      8.195975537      1.004024463
v      31.34929845      7.837749976     0.7621112838
v      31.34929845              7.4     0.6732984536
v      31.34929845      6.962250024     0.7621112838
v      31.34929845      6.604024463      1.004024463
v      31.34929845      6.362111284      1.362250024
v      31.34929845      6.273298454              1.8
v      31.34929845      6.362111284      2.237749976
v      31.34929845      6.604024463      2.595975537
v      31.34929845      6.962250024      2.837888716
v      31.34929845              7.4      2.926701546
v      31.34929845      7.837749976      2.837888716
v      31.34929845      8.195975537      2.595975537
v      31.34929845      8.437888716      2.237749976
v      31.60789536      8.281104639              1.8
v      31.60789536      8.211179886       1.45908386
v      31.60789536      8.021213244      1.178786756
v      31.60789536       7.74091614      0.988820114
v      31.60789536              7.4     0.9188953609
v      31.60789536       7.05908386      0.988820114
v      31.60789536      6.778786756      1.178786756
v      31.60789536      6.588820114       1.45908386
v      31.60789536      6.518895361              1.8
v      31.60789536      6.588820114       2.14091614
v      31.60789536      6.778786756      2.421213244
v      31.60789536       7.05908386      2.611179886
v      31.60789536              7.4      2.681104639
v      31.60789536       7.74091614      2.611179886
v      31.60789536      8.021213244      2.421213244
v      31.60789536      8.211179886       2.14091614
v      31.86184304      7.962156959              1.8
v      31.86184304      7.916994592         1.584139
v      31.86184304      7.794877568      1.405122432
v      31.86184304         7.615861      1.283005408
v      31.86184304              7.4      1.237843041
v      31.86184304         7.184139      1.283005408
v      31.86184304      7.005122432      1.405122432
v      31.86184304      6.883005408         1.584139
v      31.86184304      6.837843041              1.8
v      31.86184304      6.883005408         2.015861
v      31.86184304      7.005122432      2.194877568
v      31.86184304         7.184139      2.316994592
v      31.86184304              7.4      2.362156959
v      31.86184304         7.615861      2.316994592
v      31.86184304      7.794877568      2.194877568
v      31.86184304      7.916994592         2.015861
v      32.09719381      7.643806185              1.8
v      32.09719381      7.623784181      1.707687146
v      32.09719381      7.570096993      1.629903007
v      32.09719381      7.492312854      1.576215819
v      32.09719381              7.4      1.556193815
v      32.09719381      7.307687146      1.576215819
v      32.09719381      7.229903007      1.629903007
v      32.09719381      7.176215819      1.707687146
v      32.09719381      7.156193815              1.8
v      32.09719381      7.176215819      1.892312854
v      32.09719381      7.229903007      1.970096993
v      32.09719381      7.307687146      2.023784181
v      32.09719381              7.4      2.043806185
v      32.09719381      7.492312854      2.023784181
v      32.09719381      7.570096993      1.970096993
v      32.09719381      7.623784181      1.892312854
v             32.3              7.4              1.8
v             32.7               32              1.2
v      32.63890587               32              1.2
v      32.63890587       32.0034162      1.199084631
v      32.55108603               32              1.2
v      32.55108603      32.00821019      1.197800086
v      32.42745064               32              1.2
v      32.42745064      32.01473274      1.196052373
v      32.25840433               32              1.2
v      32.25840433      32.02323954      1.193772984
v      32.03627463               32              1.2
v      32.03627463      32.03371606      1.190965809
v      31.75915408               32              1.2
v      31.75915408      32.04564755      1.187768775
v      31.43496353               32              1.2
v      31.43496353      32.05784008      1.184501796
v      31.08303971               32              1.2
v      31.08303971      32.06844825      1.181659348
v      30.73072944      32.07540447      1.179795432
v      30.73072944               32              1.2
v      30.40559152      32.07721078      1.179311434
v      30.40559152               32              1.2
v      30.12749312      32.07358212      1.180283731
v      30.12749312               32              1.2
v      29.90498508      32.06535769       1.18248746
v      29.90498508               32              1.2
v      29.73675082      32.05381778       1.18557957
v      29.73675082               32              1.2
v      29.61586848      32.03983793       1.18932546
v      29.61586848               32              1.2
v      29.53496541       32.0229497      1.193850646
v      29.53496541               32              1.2
v             29.5               32              1.2
v      29.53496541       31.9770503      1.206149354
v      29.61586848      31.96016207       1.21067454
v      29.73675082      31.94618222       1.21442043
v      29.90498508      31.93464231       1.21751254
v      30.12749312      31.92641788      1.219716269
v      30.40559152      31.92278922      1.220688566
v      30.73072944      31.92459553      1.220204568
v      31.08303971      31.93155175      1.218340652
v      31.43496353      31.94215992      1.215498204
v      31.75915408      31.95435245      1.212231225
v      32.03627463      31.96628394      1.209034191
v      32.25840433      31.97676046      1.206227016
v      32.42745064      31.98526726      1.203947627
v      32.55108603      31.99178981      1.202199914
v      32.63890587       31.9965838      1.200915369
v      32.63890587      32.00683241      1.198169263
v      32.55108603      32.01642038      1.195600173
v      32.42745064      32.02946549      1.192104746
v      32.25840433      32.04647908      1.187545967
v      32.03627463      32.06743212      1.181931617
v      31.75915408      32.09129511      1.175537549
v      31.43496353      32.11568017      1.169003593
v      31.08303971      32.13689649      1.163318695
v      30.73072944      32.15080895      1.159590865
v      30.40559152      32.15442156      1.158622868
v      30.12749312      32.14716424      1.160567461
v      29.90498508      32.13071538       1.16497492
v      29.73675082      32.10763555      1.171159141
v      29.61586848      32.07967585       1.17865092
v      29.53496541      32.04589941      1.187701291
v      29.53496541      31.95410059      1.212298709
v      29.61586848      31.92032415       1.22134908
v      29.73675082      31.89236445      1.228840859
v      29.90498508      31.86928462       1.23502508
v      30.12749312      31.85283576      1.239432539
v      30.40559152      31.84557844      1.241377132
v      30.73072944      31.84919105      1.240409135
v      31.08303971      31.86310351      1.236681305
v      31.43496353      31.88431983      1.230996407
v      31.75915408      31.90870489      1.224462451
v      32.03627463      31.93256788      1.218068383
v      32.25840433      31.95352092      1.212454033
v      32.42745064      31.97053451      1.207895254
v      32.55108603      31.98357962      1.204399827
v      32.63890587      31.99316759      1.201830737
v             33.2      32.23293714      2.069333244
v      33.14654264       32.2389155      2.067731348
v      33.06970028      32.24730497      2.065483395
v      32.96151931      32.25871944      2.062424897
v      32.81360379      32.27360634      2.058435965
v       32.6192403      32.29194025      2.053523409
v      32.37675982      32.31282036      2.047928599
v      32.09309309      32.33415729      2.042211387
v      31.78515975      32.35272157      2.037237102
v      31.47688826      32.36489497       2.03397525
v      31.19239258      32.36805601      2.033128253
v      30.94905648      32.36170585      2.034829772
v      30.75436194       32.3473131      2.038686299
v      30.60715697      32.32711825      2.044097492
v      30.50138492      32.30265351      2.050652798
v      30.43059474      32.27309912      2.058571874
v             30.4      32.23293714      2.069333244
v      30.43059474      32.19277516      2.080094614
v      30.50138492      32.16322077      2.088013689
v      30.60715697      32.13875603      2.094568996
v      30.75436194      32.11856118      2.099980189
v      30.94905648      32.10416843      2.103836715
v      31.19239258      32.09781828      2.105538234
v      31.47688826      32.10097931      2.104691237
v      31.78515975      32.11315271      2.101429385
v      32.09309309      32.13171699        2.0964551
v      32.37675982      32.15305392      2.090737888
v       32.6192403      32.17393403      2.085143079
v      32.81360379      32.19226794      2.080230522
v      32.96151931      32.20715484      2.076241591
v      33.06970028      32.21856931      2.073183093
v      33.14654264      32.22695879      2.070935139
v             33.7      32.46587428      2.938666487
v      33.65417941      32.47099859      2.937293434
v      33.58831452      32.47818957      2.935366617
v      33.49558798       32.4879734      2.932745047
v      33.36880325      32.50073359      2.929325963
v      33.20220597      32.51644837        2.9251152
v      32.99436556      32.53434561      2.920319649
v      32.75122265      32.55263441      2.915419182
v      32.48727978      32.56854665      2.911155509
v      32.22304708      32.57898099      2.908359636
v      31.97919364      32.58169045      2.907633638
v      31.77061984      32.57624746      2.909092083
v      31.60373881      32.56391081      2.912397677
v      31.47756312      32.54660095      2.917035843
v      31.38690136      32.52563117      2.922654677
v      31.32622406      32.50029884      2.929442456
v             31.3      32.46587428      2.938666487
v      31.32622406      32.43144973      2.947890519
v      31.38690136      32.40611739      2.954678298
v      31.47756312      32.38514762      2.960297132
v      31.60373881      32.36783775      2.964935297
v      31.77061984       32.3555011      2.968240891
v      31.97919364      32.35005811      2.969699337
v      32.22304708      32.35276757      2.968973339
v      32.48727978      32.36320191      2.966177466
v      32.75122265      32.37911416      2.961913793
v      32.99436556      32.39740295      2.957013325
v      33.20220597      32.41530019      2.952217775
v      33.36880325      32.43101497      2.948007012
v      33.49558798      32.44377517      2.944587928
v      33.58831452        32.453559      2.941966358
v      33.65417941      32.46074998       2.94003954
v             34.2      32.69881142      3.807999731
v      34.16181617      32.70308168       3.80685552
v      34.10692877      32.70907416      3.805249839
v      34.02965665      32.71722735      3.803065197
v       33.9240027      32.72786085      3.800215961
v      33.78517164       32.7409565      3.796706992
v       33.6119713      32.75587086      3.792710699
v      33.40935221      32.77111153      3.788626976
v      33.18939982      32.78437173      3.785073915
v       32.9692059      32.79306701      3.782744021
v       32.7659947       32.7953249      3.782139023
v       32.5921832      32.79078907      3.783354394
v      32.45311567      32.78050853      3.786109056
v      32.34796927      32.76608364      3.789974194
v       32.2724178      32.74860883      3.794656556
v      32.22185338      32.72749855      3.800313038
v             32.2      32.69881142      3.807999731
v      32.22185338      32.67012429      3.815686424
v       32.2724178      32.64901401      3.821342906
v      32.34796927       32.6315392      3.826025268
v      32.45311567      32.61711431      3.829890406
v       32.5921832      32.60683377      3.832645068
v       32.7659947      32.60229795      3.833860439
v       32.9692059      32.60455583       3.83325544
v      33.18939982      32.61325111      3.830925547
v      33.40935221      32.62651132      3.827372486
v       33.6119713      32.64175198      3.823288763
v      33.78517164      32.65666634       3.81929247
v       33.9240027      32.66976199      3.815783501
v      34.02965665      32.68039549      3.812934265
v      34.10692877      32.68854868      3.810749623
v      34.16181617      32.69454117      3.809143942
v      34.66945294      32.93516477      4.676417606
v             34.7      32.93174856      4.677332975
v      34.62554301      32.93995875      4.675133061
v      34.56372532      32.94648131      4.673385348
v      34.47920216       32.9549881      4.671105958
v      34.36813731      32.96546462      4.668298783
v      34.22957704      32.97739612      4.665101749
v      34.06748177      32.98958865      4.661834771
v      33.89151985      33.00019681      4.658992322
v      33.71536472      33.00715304      4.657128407
v      33.55279576      33.00895934      4.656644408
v      33.41374656      33.00533068      4.657616705
v      33.30249254      32.99710625      4.659820435
v      33.21837541      32.98556634      4.662912545
v      33.15793424      32.97158649      4.666658434
v      33.11748271      32.95469827       4.67118362
v             33.1      32.93174856      4.677332975
v      33.11748271      32.90879886      4.683482329
v      33.15793424      32.89191064      4.688007515
v      33.21837541      32.87793079      4.691753404
v      33.30249254      32.86639087      4.694845515
v      33.41374656      32.85816644      4.697049244
v      33.55279576      32.85453778      4.698021541
v      33.71536472      32.85634409      4.697537542
v      33.89151985      32.86330032      4.695673627
v      34.06748177      32.87390848      4.692831178
v      34.22957704      32.88610101        4.6895642
v      34.36813731       32.8980325      4.686367166
v      34.47920216      32.90850902      4.683559991
v      34.56372532      32.91701582      4.681280602
v      34.62554301      32.92353837      4.679532888
v      34.66945294      32.92833236      4.678248343
v       35.1770897      33.16724785      5.545979692
v             35.2       33.1646857      5.546666218
v      35.14415726      33.17084335      5.545016283
v      35.09779399      33.17573526      5.543705498
v      35.03440162      33.18211536      5.541995956
v      34.95110299      33.18997275      5.539890575
v      34.84718278      33.19892137      5.537492799
v      34.72561132      33.20806577      5.535042566
v      34.59363989      33.21602189      5.532910729
v      34.46152354      33.22123906      5.531512793
v      34.33959682      33.22259379      5.531149794
v      34.23530992      33.21987229      5.531879016
v       34.1518694      33.21370397      5.533531813
v      34.08878156      33.20504904      5.535850896
v      34.04345068      33.19456415      5.538660313
v      34.01311203      33.18189798      5.542054203
v               34       33.1646857      5.546666218
v      34.01311203      33.14747343      5.551278234
v      34.04345068      33.13480726      5.554672123
v      34.08878156      33.12432237      5.557481541
v       34.1518694      33.11566744      5.559800623
v      34.23530992      33.10949911       5.56145342
v      34.33959682      33.10677762      5.562182643
v      34.46152354      33.10813235      5.561819644
v      34.59363989      33.11334952      5.560421708
v      34.72561132      33.12130564      5.558289871
v      34.84718278      33.13045004      5.555839637
v      34.95110299      33.13939866      5.553441862
v      35.03440162      33.14725605      5.551336481
v      35.09779399      33.15363614      5.549626938
v      35.14415726      33.15852806      5.548316154
v       35.1770897      33.16212355      5.547352745
v       35.1770897      33.16596678      5.546322955
v      35.14415726      33.16776452      5.545841251
v      35.09779399      33.17021048      5.545185858
v      35.03440162      33.17340053      5.544331087
v      34.95110299      33.17732923      5.543278396
v      34.84718278      33.18180354      5.542079509
v      34.72561132      33.18637573      5.540854392
v      34.59363989       33.1903538      5.539788474
v      34.46152354      33.19296238      5.539089505
v      34.33959682      33.19363975      5.538908006
v      34.23530992        33.192279      5.539272617
v       34.1518694      33.18919484      5.540099016
v      34.08878156      33.18486737      5.541258557
v      34.04345068      33.17962493      5.542663266
v      34.01311203      33.17329184       5.54436021
v      34.01311203      33.15607956      5.548972226
v      34.04345068      33.14974648      5.550669171
v      34.08878156      33.14450404      5.552073879
v       34.1518694      33.14017657      5.553233421
v      34.23530992      33.13709241      5.554059819
v      34.33959682      33.13573166      5.554424431
v      34.46152354      33.13640903      5.554242931
v      34.59363989      33.13901761      5.553543963
v      34.72561132      33.14299567      5.552478045
v      34.84718278      33.14756787      5.551252928
v      34.95110299      33.15204218       5.55005404
v      35.03440162      33.15597087      5.549001349
v      35.09779399      33.15916092      5.548146578
v      35.14415726      33.16160688      5.547491186
v       35.1770897      33.16340463      5.547009482
v       35.1770897       33.1646857      5.546666218
v      35.14415726       33.1646857      5.546666218
v      35.09779399       33.1646857      5.546666218
v      35.03440162       33.1646857      5.546666218
v      34.95110299       33.1646857      5.546666218
v      34.84718278       33.1646857      5.546666218
v      34.72561132       33.1646857      5.546666218
v      34.59363989       33.1646857      5.546666218
v      34.46152354       33.1646857      5.546666218
v      34.33959682       33.1646857      5.546666218
v      34.23530992       33.1646857      5.546666218
v       34.1518694       33.1646857      5.546666218
v      34.08878156       33.1646857      5.546666218
v      34.04345068       33.1646857      5.546666218
v      34.01311203       33.1646857      5.546666218
v             32.7              -32              1.2
v      32.63890587      -32.0034162      1.199084631
v      32.63890587              -32              1.2
v      32.55108603              -32              1.2
v      32.55108603     -32.00821019      1.197800086
v      32.42745064              -32              1.2
v      32.42745064     -32.01473274      1.196052373
v      32.25840433              -32              1.2
v      32.25840433     -32.02323954      1.193772984
v      32.03627463              -32              1.2
v      32.03627463     -32.03371606      1.190965809
v      31.75915408              -32              1.2
v      31.75915408     -32.04564755      1.187768775
v      31.43496353              -32              1.2
v      31.43496353     -32.05784008      1.184501796
v      31.08303971              -32              1.2
v      31.08303971     -32.06844825      1.181659348
v      30.73072944     -32.07540447      1.179795432
v      30.73072944              -32              1.2
v      30.40559152     -32.07721078      1.179311434
v      30.40559152              -32              1.2
v      30.12749312     -32.07358212      1.180283731
v      30.12749312              -32              1.2
v      29.90498508     -32.06535769       1.18248746
v      29.90498508              -32              1.2
v      29.73675082     -32.05381778       1.18557957
v      29.73675082              -32              1.2
v      29.61586848     -32.03983793       1.18932546
v      29.61586848              -32              1.2
v      29.53496541      -32.0229497      1.193850646
v      29.53496541              -32              1.2
v             29.5              -32              1.2
v      29.53496541      -31.9770503      1.206149354
v      29.61586848     -31.96016207       1.21067454
v      29.73675082     -31.94618222       1.21442043
v      29.90498508     -31.93464231       1.21751254
v      30.12749312     -31.92641788      1.219716269
v      30.40559152     -31.92278922      1.220688566
v      30.73072944     -31.92459553      1.220204568
v      31.08303971     -31.93155175      1.218340652
v      31.43496353     -31.94215992      1.215498204
v      31.75915408     -31.95435245      1.212231225
v      32.03627463     -31.96628394      1.209034191
v      32.25840433     -31.97676046      1.206227016
v      32.42745064     -31.98526726      1.203947627
v      32.55108603     -31.99178981      1.202199914
v      32.63890587      -31.9965838      1.200915369
v      32.63890587     -32.00683241      1.198169263
v      32.55108603     -32.01642038      1.195600173
v      32.42745064     -32.02946549      1.192104746
v      32.25840433     -32.04647908      1.187545967
v      32.03627463     -32.06743212      1.181931617
v      31.75915408     -32.09129511      1.175537549
v      31.43496353     -32.11568017      1.169003593
v      31.08303971     -32.13689649      1.163318695
v      30.73072944     -32.15080895      1.159590865
v      30.40559152     -32.15442156      1.158622868
v      30.12749312     -32.14716424      1.160567461
v      29.90498508     -32.13071538       1.16497492
v      29.73675082     -32.10763555      1.171159141
v      29.61586848     -32.07967585       1.17865092
v      29.53496541     -32.04589941      1.187701291
v      29.53496541     -31.95410059      1.212298709
v      29.61586848     -31.92032415       1.22134908
v      29.73675082     -31.89236445      1.228840859
v      29.90498508     -31.86928462       1.23502508
v      30.12749312     -31.85283576      1.239432539
v      30.40559152     -31.84557844      1.241377132
v      30.73072944     -31.84919105      1.240409135
v      31.08303971     -31.86310351      1.236681305
v      31.43496353     -31.88431983      1.230996407
v      31.75915408     -31.90870489      1.224462451
v      32.03627463     -31.93256788      1.218068383
v      32.25840433     -31.95352092      1.212454033
v      32.42745064     -31.97053451      1.207895254
v      32.55108603     -31.98357962      1.204399827
v      32.63890587     -31.99316759      1.201830737
v             33.2     -32.23293714      2.069333244
v      33.14654264      -32.2389155      2.067731348
v      33.06970028     -32.24730497      2.065483395
v      32.96151931     -32.25871944      2.062424897
v      32.81360379     -32.27360634      2.058435965
v       32.6192403     -32.29194025      2.053523409
v      32.37675982     -32.31282036      2.047928599
v      32.09309309     -32.33415729      2.042211387
v      31.78515975     -32.35272157      2.037237102
v      31.47688826     -32.36489497       2.03397525
v      31.19239258     -32.36805601      2.033128253
v      30.94905648     -32.36170585      2.034829772
v      30.75436194      -32.3473131      2.038686299
v      30.60715697     -32.32711825      2.044097492
v      30.50138492     -32.30265351      2.050652798
v      30.43059474     -32.27309912      2.058571874
v             30.4     -32.23293714      2.069333244
v      30.43059474     -32.19277516      2.080094614
v      30.50138492     -32.16322077      2.088013689
v      30.60715697     -32.13875603      2.094568996
v      30.75436194     -32.11856118      2.099980189
v      30.94905648     -32.10416843      2.103836715
v      31.19239258     -32.09781828      2.105538234
v      31.47688826     -32.10097931      2.104691237
v      31.78515975     -32.11315271      2.101429385
v      32.09309309     -32.13171699        2.0964551
v      32.37675982     -32.15305392      2.090737888
v       32.6192403     -32.17393403      2.085143079
v      32.81360379     -32.19226794      2.080230522
v      32.96151931     -32.20715484      2.076241591
v      33.06970028     -32.21856931      2.073183093
v      33.14654264     -32.22695879      2.070935139
v             33.7     -32.46587428      2.938666487
v      33.65417941     -32.47099859      2.937293434
v      33.58831452     -32.47818957      2.935366617
v      33.49558798      -32.4879734      2.932745047
v      33.36880325     -32.50073359      2.929325963
v      33.20220597     -32.51644837        2.9251152
v      32.99436556     -32.53434561      2.920319649
v      32.75122265     -32.55263441      2.915419182
v      32.48727978     -32.56854665      2.911155509
v      32.22304708     -32.57898099      2.908359636
v      31.97919364     -32.58169045      2.907633638
v      31.77061984     -32.57624746      2.909092083
v      31.60373881     -32.56391081      2.912397677
v      31.47756312     -32.54660095      2.917035843
v      31.38690136     -32.52563117      2.922654677
v      31.32622406     -32.50029884      2.929442456
v             31.3     -32.46587428      2.938666487
v      31.32622406     -32.43144973      2.947890519
v      31.38690136     -32.40611739      2.954678298
v      31.47756312     -32.38514762      2.960297132
v      31.60373881     -32.36783775      2.964935297
v      31.77061984      -32.3555011      2.968240891
v      31.97919364     -32.35005811      2.969699337
v      32.22304708     -32.35276757      2.968973339
v      32.48727978     -32.36320191      2.966177466
v      32.75122265     -32.37911416      2.961913793
v      32.99436556     -32.39740295      2.957013325
v      33.20220597     -32.41530019      2.952217775
v      33.36880325     -32.43101497      2.948007012
v      33.49558798     -32.44377517      2.944587928
v      33.58831452       -32.453559      2.941966358
v      33.65417941     -32.46074998       2.94003954
v             34.2     -32.69881142      3.807999731
v      34.16181617     -32.70308168       3.80685552
v      34.10692877     -32.70907416      3.805249839
v      34.02965665     -32.71722735      3.803065197
v       33.9240027     -32.72786085      3.800215961
v      33.78517164      -32.7409565      3.796706992
v       33.6119713     -32.75587086      3.792710699
v      33.40935221     -32.77111153      3.788626976
v      33.18939982     -32.78437173      3.785073915
v       32.9692059     -32.79306701      3.782744021
v       32.7659947      -32.7953249      3.782139023
v       32.5921832     -32.79078907      3.783354394
v      32.45311567     -32.78050853      3.786109056
v      32.34796927     -32.76608364      3.789974194
v       32.2724178     -32.74860883      3.794656556
v      32.22185338     -32.72749855      3.800313038
v             32.2     -32.69881142      3.807999731
v      32.22185338     -32.67012429      3.815686424
v       32.2724178     -32.64901401      3.821342906
v      32.34796927      -32.6315392      3.826025268
v      32.45311567     -32.61711431      3.829890406
v       32.5921832     -32.60683377      3.832645068
v       32.7659947     -32.60229795      3.833860439
v       32.9692059     -32.60455583       3.83325544
v      33.18939982     -32.61325111      3.830925547
v      33.40935221     -32.62651132      3.827372486
v       33.6119713     -32.64175198      3.823288763
v      33.78517164     -32.65666634       3.81929247
v       33.9240027     -32.66976199      3.815783501
v      34.02965665     -32.68039549      3.812934265
v      34.10692877     -32.68854868      3.810749623
v      34.16181617     -32.69454117      3.809143942
v             34.7     -32.93174856      4.677332975
v      34.66945294     -32.93516477      4.676417606
v      34.62554301     -32.93995875      4.675133061
v      34.56372532     -32.94648131      4.673385348
v      34.47920216      -32.9549881      4.671105958
v      34.36813731     -32.96546462      4.668298783
v      34.22957704     -32.97739612      4.665101749
v      34.06748177     -32.98958865      4.661834771
v      33.89151985     -33.00019681      4.658992322
v      33.71536472     -33.00715304      4.657128407
v      33.55279576     -33.00895934      4.656644408
v      33.41374656     -33.00533068      4.657616705
v      33.30249254     -32.99710625      4.659820435
v      33.21837541     -32.98556634      4.662912545
v      33.15793424     -32.97158649      4.666658434
v      33.11748271     -32.95469827       4.67118362
v             33.1     -32.93174856      4.677332975
v      33.11748271     -32.90879886      4.683482329
v      33.15793424     -32.89191064      4.688007515
v      33.21837541     -32.87793079      4.691753404
v      33.30249254     -32.86639087      4.694845515
v      33.41374656     -32.85816644      4.697049244
v      33.55279576     -32.85453778      4.698021541
v      33.71536472     -32.85634409      4.697537542
v      33.89151985     -32.86330032      4.695673627
v      34.06748177     -32.87390848      4.692831178
v      34.22957704     -32.88610101        4.6895642
v      34.36813731      -32.8980325      4.686367166
v      34.47920216     -32.90850902      4.683559991
v      34.56372532     -32.91701582      4.681280602
v      34.62554301     -32.92353837      4.679532888
v      34.66945294     -32.92833236      4.678248343
v             35.2      -33.1646857      5.546666218
v       35.1770897     -33.16724785      5.545979692
v      35.14415726     -33.17084335      5.545016283
v      35.09779399     -33.17573526      5.543705498
v      35.03440162     -33.18211536      5.541995956
v      34.95110299     -33.18997275      5.539890575
v      34.84718278     -33.19892137      5.537492799
v      34.72561132     -33.20806577      5.535042566
v      34.59363989     -33.21602189      5.532910729
v      34.46152354     -33.22123906      5.531512793
v      34.33959682     -33.22259379      5.531149794
v      34.23530992     -33.21987229      5.531879016
v       34.1518694     -33.21370397      5.533531813
v      34.08878156     -33.20504904      5.535850896
v      34.04345068     -33.19456415      5.538660313
v      34.01311203     -33.18189798      5.542054203
v               34      -33.1646857      5.546666218
v      34.01311203     -33.14747343      5.551278234
v      34.04345068     -33.13480726      5.554672123
v      34.08878156     -33.12432237      5.557481541
v       34.1518694     -33.11566744      5.559800623
v      34.23530992     -33.10949911       5.56145342
v      34.33959682     -33.10677762      5.562182643
v      34.46152354     -33.10813235      5.561819644
v      34.59363989     -33.11334952      5.560421708
v      34.72561132     -33.12130564      5.558289871
v      34.84718278     -33.13045004      5.555839637
v      34.95110299     -33.13939866      5.553441862
v      35.03440162     -33.14725605      5.551336481
v      35.09779399     -33.15363614      5.549626938
v      35.14415726     -33.15852806      5.548316154
v       35.1770897     -33.16212355      5.547352745
v       35.1770897     -33.16596678      5.546322955
v      35.14415726     -33.16776452      5.545841251
v      35.09779399     -33.17021048      5.545185858
v      35.03440162     -33.17340053      5.544331087
v      34.95110299     -33.17732923      5.543278396
v      34.84718278     -33.18180354      5.542079509
v      34.72561132     -33.18637573      5.540854392
v      34.59363989      -33.1903538      5.539788474
v      34.46152354     -33.19296238      5.539089505
v      34.33959682     -33.19363975      5.538908006
v      34.23530992       -33.192279      5.539272617
v       34.1518694     -33.18919484      5.540099016
v      34.08878156     -33.18486737      5.541258557
v      34.04345068     -33.17962493      5.542663266
v      34.01311203     -33.17329184       5.54436021
v      34.01311203     -33.15607956      5.548972226
v      34.04345068     -33.14974648      5.550669171
v      34.08878156     -33.14450404      5.552073879
v       34.1518694     -33.14017657      5.553233421
v      34.23530992     -33.13709241      5.554059819
v      34.33959682     -33.13573166      5.554424431
v      34.46152354     -33.13640903      5.554242931
v      34.59363989     -33.13901761      5.553543963
v      34.72561132     -33.14299567      5.552478045
v      34.84718278     -33.14756787      5.551252928
v      34.95110299     -33.15204218       5.55005404
v      35.03440162     -33.15597087      5.549001349
v      35.09779399     -33.15916092      5.548146578
v      35.14415726     -33.16160688      5.547491186
v       35.1770897     -33.16340463      5.547009482
v       35.1770897      -33.1646857      5.546666218
v      35.14415726      -33.1646857      5.546666218
v      35.09779399      -33.1646857      5.546666218
v      35.03440162      -33.1646857      5.546666218
v      34.95110299      -33.1646857      5.546666218
v      34.84718278      -33.1646857      5.546666218
v      34.72561132      -33.1646857      5.546666218
v      34.59363989      -33.1646857      5.546666218
v      34.46152354      -33.1646857      5.546666218
v      34.33959682      -33.1646857      5.546666218
v      34.23530992      -33.1646857      5.546666218
v       34.1518694      -33.1646857      5.546666218
v      34.08878156      -33.1646857      5.546666218
v      34.04345068      -33.1646857      5.546666218
v      34.01311203      -33.1646857      5.546666218
g MeshGeom
f 1 2 3
f 3 2 4
f 2 5 4
f 4 5 6
f 5 7 6
f 6 7 8
f 7 9 8
f 8 9 10
f 9 11 10
f 10 11 12
f 11 13 12
f 12 13 14
f 13 15 14
f 14 15 16
f 15 17 16
f 16 17 18
f 17 19 18
f 17 20 19
f 20 21 19
f 20 22 21
f 22 23 21
f 22 24 23
f 24 25 23
f 24 26 25
f 26 27 25
f 26 28 27
f 28 29 27
f 28 30 29
f 30 31 29
f 30 32 31
f 32 33 31
f 32 34 33
f 34 35 33
f 33 35 36
f 35 37 36
f 36 37 38
f 37 39 38
f 38 39 40
f 39 41 40
f 40 41 42
f 41 43 42
f 42 43 44
f 43 45 44
f 44 45 46
f 45 47 46
f 46 47 48
f 47 49 48
f 48 49 50
f 49 51 50
f 49 52 51
f 52 53 51
f 52 54 53
f 54 55 53
f 54 56 55
f 56 57 55
f 56 58 57
f 58 59 57
f 58 60 59
f 60 61 59
f 60 62 61
f 62 63 61
f 62 64 63
f 64 3 63
f 64 1 3
f 3 4 65
f 65 4 66
f 4 6 66
f 66 6 67
f 6 8 67
f 67 8 68
f 8 10 68
f 68 10 69
f 10 12 69
f 69 12 70
f 12 14 70
f 70 14 71
f 14 16 71
f 71 16 72
f 16 18 72
f 72 18 73
f 18 74 73
f 18 19 74
f 19 75 74
f 19 21 75
f 21 76 75
f 21 23 76
f 23 77 76
f 23 25 77
f 25 78 77
f 25 27 78
f 27 79 78
f 27 29 79
f 29 80 79
f 29 31 80
f 31 81 80
f 31 33 81
f 33 36 81
f 81 36 82
f 36 38 82
f 82 38 83
f 38 40 83
f 83 40 84
f 40 42 84
f 84 42 85
f 42 44 85
f 85 44 86
f 44 46 86
f 86 46 87
f 46 48 87
f 87 48 88
f 48 50 88
f 88 50 89
f 50 90 89
f 50 51 90
f 51 91 90
f 51 53 91
f 53 92 91
f 53 55 92
f 55 93 92
f 55 57 93
f 57 94 93
f 57 59 94
f 59 95 94
f 59 61 95
f 61 96 95
f 61 63 96
f 63 65 96
f 63 3 65
f 65 66 97
f 97 66 98
f 66 67 98
f 98 67 99
f 67 68 99
f 99 68 100
f 68 69 100
f 100 69 101
f 69 70 101
f 101 70 102
f 70 71 102
f 102 71 103
f 71 72 103
f 103 72 104
f 72 73 104
f 104 73 105
f 73 106 105
f 73 74 106
f 74 107 106
f 74 75 107
f 75 108 107
f 75 76 108
f 76 109 108
f 76 77 109
f 77 110 109
f 77 78 110
f 78 111 110
f 78 79 111
f 79 112 111
f 79 80 112
f 80 113 112
f 80 81 113
f 81 82 113
f 113 82 114
f 82 83 114
f 114 83 115
f 83 84 115
f 115 84 116
f 84 85 116
f 116 85 117
f 85 86 117
f 117 86 118
f 86 87 118
f 118 87 119
f 87 88 119
f 119 88 120
f 88 89 120
f 120 89 121
f 89 122 121
f 89 90 122
f 90 123 122
f 90 91 123
f 91 124 123
f 91 92 124
f 92 125 124
f 92 93 125
f 93 126 125
f 93 94 126
f 94 127 126
f 94 95 127
f 95 128 127
f 95 96 128
f 96 97 128
f 96 65 97
f 97 98 129
f 129 98 130
f 98 99 130
f 130 99 131
f 99 100 131
f 131 100 132
f 100 101 132
f 132 101 133
f 101 102 133
f 133 102 134
f 102 103 134
f 134 103 135
f 103 104 135
f 135 104 136
f 104 105 136
f 136 105 137
f 105 138 137
f 105 106 138
f 106 139 138
f 106 107 139
f 107 140 139
f 107 108 140
f 108 141 140
f 108 109 141
f 109 142 141
f 109 110 142
f 110 143 142
f 110 111 143
f 111 144 143
f 111 112 144
f 112 145 144
f 112 113 145
f 113 114 145
f 145 114 146
f 114 115 146
f 146 115 147
f 115 116 147
f 147 116 148
f 116 117 148
f 148 117 149
f 117 118 149
f 149 118 150
f 118 119 150
f 150 119 151
f 119 120 151
f 151 120 152
f 120 121 152
f 152 121 153
f 121 154 153
f 121 122 154
f 122 155 154
f 122 123 155
f 123 156 155
f 123 124 156
f 124 157 156
f 124 125 157
f 125 158 157
f 125 126 158
f 126 159 158
f 126 127 159
f 127 160 159
f 127 128 160
f 128 129 160
f 128 97 129
f 129 130 161
f 161 130 162
f 130 131 162
f 162 131 163
f 131 132 163
f 163 132 164
f 132 133 164
f 164 133 165
f 133 134 165
f 165 134 166
f 134 135 166
f 166 135 167
f 135 136 167
f 167 136 168
f 136 137 168
f 168 137 169
f 137 170 169
f 137 138 170
f 138 171 170
f 138 139 171
f 139 172 171
f 139 140 172
f 140 173 172
f 140 141 173
f 141 174 173
f 141 142 174
f 142 175 174
f 142 143 175
f 143 176 175
f 143 144 176
f 144 177 176
f 144 145 177
f 145 146 177
f 177 146 178
f 146 147 178
f 178 147 179
f 147 148 179
f 179 148 180
f 148 149 180
f 180 149 181
f 149 150 181
f 181 150 182
f 150 151 182
f 182 151 183
f 151 152 183
f 183 152 184
f 152 153 184
f 184 153 185
f 153 186 185
f 153 154 186
f 154 187 186
f 154 155 187
f 155 188 187
f 155 156 188
f 156 189 188
f 156 157 189
f 157 190 189
f 157 158 190
f 158 191 190
f 158 159 191
f 159 192 191
f 159 160 192
f 160 161 192
f 160 129 161
f 161 162 193
f 193 162 194
f 162 163 194
f 194 163 195
f 163 164 195
f 195 164 196
f 164 165 196
f 196 165 197
f 165 166 197
f 197 166 198
f 166 167 198
f 198 167 199
f 167 168 199
f 199 168 200
f 168 169 200
f 200 169 201
f 169 202 201
f 169 170 202
f 170 203 202
f 170 171 203
f 171 204 203
f 171 172 204
f 172 205 204
f 172 173 205
f 173 206 205
f 173 174 206
f 174 207 206
f 174 175 207
f 175 208 207
f 175 176 208
f 176 209 208
f 176 177 209
f 177 178 209
f 209 178 210
f 178 179 210
f 210 179 211
f 179 180 211
f 211 180 212
f 180 181 212
f 212 181 213
f 181 182 213
f 213 182 214
f 182 183 214
f 214 183 215
f 183 184 215
f 215 184 216
f 184 185 216
f 216 185 217
f 185 218 217
f 185 186 218
f 186 219 218
f 186 187 219
f 187 220 219
f 187 188 220
f 188 221 220
f 188 189 221
f 189 222 221
f 189 190 222
f 190 223 222
f 190 191 223
f 191 224 223
f 191 192 224
f 192 193 224
f 192 161 193
f 193 194 225
f 225 194 226
f 194 195 226
f 226 195 227
f 195 196 227
f 227 196 228
f 196 197 228
f 228 197 229
f 197 198 229
f 229 198 230
f 198 199 230
f 230 199 231
f 199 200 231
f 231 200 232
f 200 201 232
f 232 201 233
f 201 234 233
f 201 202 234
f 202 235 234
f 202 203 235
f 203 236 235
f 203 204 236
f 204 237 236
f 204 205 237
f 205 238 237
f 205 206 238
f 206 239 238
f 206 207 239
f 207 240 239
f 207 208 240
f 208 241 240
f 208 209 241
f 209 210 241
f 241 210 242
f 210 211 242
f 242 211 243
f 211 212 243
f 243 212 244
f 212 213 244
f 244 213 245
f 213 214 245
f 245 214 246
f 214 215 246
f 246 215 247
f 215 216 247
f 247 216 248
f 216 217 248
f 248 217 249
f 217 250 249
f 217 218 250
f 218 251 250
f 218 219 251
f 219 252 251
f 219 220 252
f 220 253 252
f 220 221 253
f 221 254 253
f 221 222 254
f 222 255 254
f 222 223 255
f 223 256 255
f 223 224 256
f 224 225 256
f 224 193 225
f 225 226 257
f 257 226 258
f 226 227 258
f 258 227 259
f 227 228 259
f 259 228 260
f 228 229 260
f 260 229 261
f 229 230 261
f 261 230 262
f 230 231 262
f 262 231 263
f 231 232 263
f 263 232 264
f 232 233 264
f 264 233 265
f 233 266 265
f 233 234 266
f 234 267 266
f 234 235 267
f 235 268 267
f 235 236 268
f 236 269 268
f 236 237 269
f 237 270 269
f 237 238 270
f 238 271 270
f 238 239 271
f 239 272 271
f 239 240 272
f 240 273 272
f 240 241 273
f 241 242 273
f 273 242 274
f 242 243 274
f 274 243 275
f 243 244 275
f 275 244 276
f 244 245 276
f 276 245 277
f 245 246 277
f 277 246 278
f 246 247 278
f 278 247 279
f 247 248 279
f 279 248 280
f 248 249 280
f 280 249 281
f 249 282 281
f 249 250 282
f 250 283 282
f 250 251 283
f 251 284 283
f 251 252 284
f 252 285 284
f 252 253 285
f 253 286 285
f 253 254 286
f 254 287 286
f 254 255 287
f 255 288 287
f 255 256 288
f 256 257 288
f 256 225 257
f 257 258 289
f 289 258 290
f 258 259 290
f 290 259 291
f 259 260 291
f 291 260 292
f 260 261 292
f 292 261 293
f 261 262 293
f 293 262 294
f 262 263 294
f 294 263 295
f 263 264 295
f 295 264 296
f 264 265 296
f 296 265 297
f 265 298 297
f 265 266 298
f 266 299 298
f 266 267 299
f 267 300 299
f 267 268 300
f 268 301 300
f 268 269 301
f 269 302 301
f 269 270 302
f 270 303 302
f 270 271 303
f 271 304 303
f 271 272 304
f 272 305 304
f 272 273 305
f 273 274 305
f 305 274 306
f 274 275 306
f 306 275 307
f 275 276 307
f 307 276 308
f 276 277 308
f 308 277 309
f 277 278 309
f 309 278 310
f 278 279 310
f 310 279 311
f 279 280 311
f 311 280 312
f 280 281 312
f 312 281 313
f 281 314 313
f 281 282 314
f 282 315 314
f 282 283 315
f 283 316 315
f 283 284 316
f 284 317 316
f 284 285 317
f 285 318 317
f 285 286 318
f 286 319 318
f 286 287 319
f 287 320 319
f 287 288 320
f 288 289 320
f 288 257 289
f 289 290 321
f 321 290 322
f 290 291 322
f 322 291 323
f 291 292 323
f 323 292 324
f 292 293 324
f 324 293 325
f 293 294 325
f 325 294 326
f 294 295 326
f 326 295 327
f 295 296 327
f 327 296 328
f 296 297 328
f 328 297 329
f 297 330 329
f 297 298 330
f 298 331 330
f 298 299 331
f 299 332 331
f 299 300 332
f 300 333 332
f 300 301 333
f 301 334 333
f 301 302 334
f 302 335 334
f 302 303 335
f 303 336 335
f 303 304 336
f 304 337 336
f 304 305 337
f 305 306 337
f 337 306 338
f 306 307 338
f 338 307 339
f 307 308 339
f 339 308 340
f 308 309 340
f 340 309 341
f 309 310 341
f 341 310 342
f 310 311 342
f 342 311 343
f 311 312 343
f 343 312 344
f 312 313 344
f 344 313 345
f 313 346 345
f 313 314 346
f 314 347 346
f 314 315 347
f 315 348 347
f 315 316 348
f 316 349 348
f 316 317 349
f 317 350 349
f 317 318 350
f 318 351 350
f 318 319 351
f 319 352 351
f 319 320 352
f 320 321 352
f 320 289 321
f 321 353 354
f 321 322 353
f 322 355 353
f 322 323 355
f 323 356 355
f 323 324 356
f 324 357 356
f 324 325 357
f 325 358 357
f 325 326 358
f 326 359 358
f 326 327 359
f 327 360 359
f 327 328 360
f 328 361 360
f 328 329 361
f 329 330 361
f 361 330 362
f 330 331 362
f 362 331 363
f 331 332 363
f 363 332 364
f 332 333 364
f 364 333 365
f 333 334 365
f 365 334 366
f 334 335 366
f 366 335 367
f 335 336 367
f 367 336 368
f 336 337 368
f 368 337 369
f 337 370 369
f 337 338 370
f 338 371 370
f 338 339 371
f 339 372 371
f 339 340 372
f 340 373 372
f 340 341 373
f 341 374 373
f 341 342 374
f 342 375 374
f 342 343 375
f 343 376 375
f 343 344 376
f 344 377 376
f 344 345 377
f 345 346 377
f 377 346 378
f 346 347 378
f 378 347 379
f 347 348 379
f 379 348 380
f 348 349 380
f 380 349 381
f 349 350 381
f 381 350 382
f 350 351 382
f 382 351 383
f 351 352 383
f 383 352 384
f 352 321 384
f 384 321 354
f 354 385 386
f 354 353 385
f 353 387 385
f 353 355 387
f 355 388 387
f 355 356 388
f 356 389 388
f 356 357 389
f 357 390 389
f 357 358 390
f 358 391 390
f 358 359 391
f 359 392 391
f 359 360 392
f 360 393 392
f 360 361 393
f 361 362 393
f 393 362 394
f 362 363 394
f 394 363 395
f 363 364 395
f 395 364 396
f 364 365 396
f 396 365 397
f 365 366 397
f 397 366 398
f 366 367 398
f 398 367 399
f 367 368 399
f 399 368 400
f 368 369 400
f 400 369 401
f 369 402 401
f 369 370 402
f 370 403 402
f 370 371 403
f 371 404 403
f 371 372 404
f 372 405 404
f 372 373 405
f 373 406 405
f 373 374 406
f 374 407 406
f 374 375 407
f 375 408 407
f 375 376 408
f 376 409 408
f 376 377 409
f 377 378 409
f 409 378 410
f 378 379 410
f 410 379 411
f 379 380 411
f 411 380 412
f 380 381 412
f 412 381 413
f 381 382 413
f 413 382 414
f 382 383 414
f 414 383 415
f 383 384 415
f 415 384 416
f 384 354 416
f 416 354 386
f 386 417 418
f 386 385 417
f 385 419 417
f 385 387 419
f 387 420 419
f 387 388 420
f 388 421 420
f 388 389 421
f 389 422 421
f 389 390 422
f 390 423 422
f 390 391 423
f 391 424 423
f 391 392 424
f 392 425 424
f 392 393 425
f 393 394 425
f 425 394 426
f 394 395 426
f 426 395 427
f 395 396 427
f 427 396 428
f 396 397 428
f 428 397 429
f 397 398 429
f 429 398 430
f 398 399 430
f 430 399 431
f 399 400 431
f 431 400 432
f 400 401 432
f 432 401 433
f 401 434 433
f 401 402 434
f 402 435 434
f 402 403 435
f 403 436 435
f 403 404 436
f 404 437 436
f 404 405 437
f 405 438 437
f 405 406 438
f 406 439 438
f 406 407 439
f 407 440 439
f 407 408 440
f 408 441 440
f 408 409 441
f 409 410 441
f 441 410 442
f 410 411 442
f 442 411 443
f 411 412 443
f 443 412 444
f 412 413 444
f 444 413 445
f 413 414 445
f 445 414 446
f 414 415 446
f 446 415 447
f 415 416 447
f 447 416 448
f 416 386 448
f 448 386 418
f 418 449 450
f 418 417 449
f 417 451 449
f 417 419 451
f 419 452 451
f 419 420 452
f 420 453 452
f 420 421 453
f 421 454 453
f 421 422 454
f 422 455 454
f 422 423 455
f 423 456 455
f 423 424 456
f 424 457 456
f 424 425 457
f 425 426 457
f 457 426 458
f 426 427 458
f 458 427 459
f 427 428 459
f 459 428 460
f 428 429 460
f 460 429 461
f 429 430 461
f 461 430 462
f 430 431 462
f 462 431 463
f 431 432 463
f 463 432 464
f 432 433 464
f 464 433 465
f 433 466 465
f 433 434 466
f 434 467 466
f 434 435 467
f 435 468 467
f 435 436 468
f 436 469 468
f 436 437 469
f 437 470 469
f 437 438 470
f 438 471 470
f 438 439 471
f 439 472 471
f 439 440 472
f 440 473 472
f 440 441 473
f 441 442 473
f 473 442 474
f 442 443 474
f 474 443 475
f 443 444 475
f 475 444 476
f 444 445 476
f 476 445 477
f 445 446 477
f 477 446 478
f 446 447 478
f 478 447 479
f 447 448 479
f 479 448 480
f 448 418 480
f 480 418 450
f 450 481 482
f 450 449 481
f 449 483 481
f 449 451 483
f 451 484 483
f 451 452 484
f 452 485 484
f 452 453 485
f 453 486 485
f 453 454 486
f 454 487 486
f 454 455 487
f 455 488 487
f 455 456 488
f 456 489 488
f 456 457 489
f 457 458 489
f 489 458 490
f 458 459 490
f 490 459 491
f 459 460 491
f 491 460 492
f 460 461 492
f 492 461 493
f 461 462 493
f 493 462 494
f 462 463 494
f 494 463 495
f 463 464 495
f 495 464 496
f 464 465 496
f 496 465 497
f 465 498 497
f 465 466 498
f 466 499 498
f 466 467 499
f 467 500 499
f 467 468 500
f 468 501 500
f 468 469 501
f 469 502 501
f 469 470 502
f 470 503 502
f 470 471 503
f 471 504 503
f 471 472 504
f 472 505 504
f 472 473 505
f 473 474 505
f 505 474 506
f 474 475 506
f 506 475 507
f 475 476 507
f 507 476 508
f 476 477 508
f 508 477 509
f 477 478 509
f 509 478 510
f 478 479 510
f 510 479 511
f 479 480 511
f 511 480 512
f 480 450 512
f 512 450 482
f 482 481 513
f 481 514 513
f 481 483 514
f 483 515 514
f 483 484 515
f 484 516 515
f 484 485 516
f 485 517 516
f 485 486 517
f 486 518 517
f 486 487 518
f 487 519 518
f 487 488 519
f 488 520 519
f 488 489 520
f 489 490 520
f 520 490 521
f 490 491 521
f 521 491 522
f 491 492 522
f 522 492 523
f 492 493 523
f 523 493 524
f 493 494 524
f 524 494 525
f 494 495 525
f 525 495 526
f 495 496 526
f 526 496 527
f 496 497 527
f 497 498 528
f 498 529 528
f 498 499 529
f 499 530 529
f 499 500 530
f 500 531 530
f 500 501 531
f 501 532 531
f 501 502 532
f 502 533 532
f 502 503 533
f 503 534 533
f 503 504 534
f 504 535 534
f 504 505 535
f 505 506 535
f 535 506 536
f 506 507 536
f 536 507 537
f 507 508 537
f 537 508 538
f 508 509 538
f 538 509 539
f 509 510 539
f 539 510 540
f 510 511 540
f 540 511 541
f 511 512 541
f 541 512 542
f 512 482 542
f 482 513 543
f 513 544 543
f 513 514 544
f 514 545 544
f 514 515 545
f 515 546 545
f 515 516 546
f 516 547 546
f 516 517 547
f 517 548 547
f 517 518 548
f 518 549 548
f 518 519 549
f 519 550 549
f 519 520 550
f 520 521 550
f 550 521 551
f 521 522 551
f 551 522 552
f 522 523 552
f 552 523 553
f 523 524 553
f 553 524 554
f 524 525 554
f 554 525 555
f 525 526 555
f 555 526 556
f 526 527 556
f 556 527 557
f 527 497 557
f 497 528 557
f 528 556 557
f 528 529 556
f 529 555 556
f 529 530 555
f 530 554 555
f 530 531 554
f 531 553 554
f 531 532 553
f 532 552 553
f 532 533 552
f 533 551 552
f 533 534 551
f 534 550 551
f 534 535 550
f 535 536 550
f 550 536 549
f 536 537 549
f 549 537 548
f 537 538 548
f 548 538 547
f 538 539 547
f 547 539 546
f 539 540 546
f 546 540 545
f 540 541 545
f 545 541 544
f 541 542 544
f 544 542 543
f 542 482 543
f 1 558 2
f 558 559 2
f 2 559 5
f 559 560 5
f 5 560 7
f 560 561 7
f 7 561 9
f 561 562 9
f 9 562 11
f 562 563 11
f 11 563 13
f 563 564 13
f 13 564 15
f 564 565 15
f 15 565 17
f 565 566 17
f 17 566 567
f 17 567 20
f 20 567 568
f 20 568 22
f 22 568 569
f 22 569 24
f 24 569 570
f 24 570 26
f 26 570 571
f 26 571 28
f 28 571 572
f 28 572 30
f 30 572 573
f 30 573 32
f 32 573 574
f 32 574 34
f 34 574 35
f 574 575 35
f 35 575 37
f 575 576 37
f 37 576 39
f 576 577 39
f 39 577 41
f 577 578 41
f 41 578 43
f 578 579 43
f 43 579 45
f 579 580 45
f 45 580 47
f 580 581 47
f 47 581 49
f 581 582 49
f 49 582 583
f 49 583 52
f 52 583 584
f 52 584 54
f 54 584 585
f 54 585 56
f 56 585 586
f 56 586 58
f 58 586 587
f 58 587 60
f 60 587 588
f 60 588 62
f 62 588 589
f 62 589 64
f 64 589 558
f 64 558 1
f 558 590 559
f 590 591 559
f 559 591 560
f 591 592 560
f 560 592 561
f 592 593 561
f 561 593 562
f 593 594 562
f 562 594 563
f 594 595 563
f 563 595 564
f 595 596 564
f 564 596 565
f 596 597 565
f 565 597 566
f 597 598 566
f 566 598 599
f 566 599 567
f 567 599 600
f 567 600 568
f 568 600 601
f 568 601 569
f 569 601 602
f 569 602 570
f 570 602 603
f 570 603 571
f 571 603 604
f 571 604 572
f 572 604 605
f 572 605 573
f 573 605 606
f 573 606 574
f 574 606 575
f 606 607 575
f 575 607 576
f 607 608 576
f 576 608 577
f 608 609 577
f 577 609 578
f 609 610 578
f 578 610 579
f 610 611 579
f 579 611 580
f 611 612 580
f 580 612 581
f 612 613 581
f 581 613 582
f 613 614 582
f 582 614 615
f 582 615 583
f 583 615 616
f 583 616 584
f 584 616 617
f 584 617 585
f 585 617 618
f 585 618 586
f 586 618 619
f 586 619 587
f 587 619 620
f 587 620 588
f 588 620 621
f 588 621 589
f 589 621 590
f 589 590 558
f 590 622 591
f 622 623 591
f 591 623 592
f 623 624 592
f 592 624 593
f 624 625 593
f 593 625 594
f 625 626 594
f 594 626 595
f 626 627 595
f 595 627 596
f 627 628 596
f 596 628 597
f 628 629 597
f 597 629 598
f 629 630 598
f 598 630 631
f 598 631 599
f 599 631 632
f 599 632 600
f 600 632 633
f 600 633 601
f 601 633 634
f 601 634 602
f 602 634 635
f 602 635 603
f 603 635 636
f 603 636 604
f 604 636 637
f 604 637 605
f 605 637 638
f 605 638 606
f 606 638 607
f 638 639 607
f 607 639 608
f 639 640 608
f 608 640 609
f 640 641 609
f 609 641 610
f 641 642 610
f 610 642 611
f 642 643 611
f 611 643 612
f 643 644 612
f 612 644 613
f 644 645 613
f 613 645 614
f 645 646 614
f 614 646 647
f 614 647 615
f 615 647 648
f 615 648 616
f 616 648 649
f 616 649 617
f 617 649 650
f 617 650 618
f 618 650 651
f 618 651 619
f 619 651 652
f 619 652 620
f 620 652 653
f 620 653 621
f 621 653 622
f 621 622 590
f 622 654 623
f 654 655 623
f 623 655 624
f 655 656 624
f 624 656 625
f 656 657 625
f 625 657 626
f 657 658 626
f 626 658 627
f 658 659 627
f 627 659 628
f 659 660 628
f 628 660 629
f 660 661 629
f 629 661 630
f 661 662 630
f 630 662 663
f 630 663 631
f 631 663 664
f 631 664 632
f 632 664 665
f 632 665 633
f 633 665 666
f 633 666 634
f 634 666 667
f 634 667 635
f 635 667 668
f 635 668 636
f 636 668 669
f 636 669 637
f 637 669 670
f 637 670 638
f 638 670 639
f 670 671 639
f 639 671 640
f 671 672 640
f 640 672 641
f 672 673 641
f 641 673 642
f 673 674 642
f 642 674 643
f 674 675 643
f 643 675 644
f 675 676 644
f 644 676 645
f 676 677 645
f 645 677 646
f 677 678 646
f 646 678 679
f 646 679 647
f 647 679 680
f 647 680 648
f 648 680 681
f 648 681 649
f 649 681 682
f 649 682 650
f 650 682 683
f 650 683 651
f 651 683 684
f 651 684 652
f 652 684 685
f 652 685 653
f 653 685 654
f 653 654 622
f 654 686 655
f 686 687 655
f 655 687 656
f 687 688 656
f 656 688 657
f 688 689 657
f 657 689 658
f 689 690 658
f 658 690 659
f 690 691 659
f 659 691 660
f 691 692 660
f 660 692 661
f 692 693 661
f 661 693 662
f 693 694 662
f 662 694 695
f 662 695 663
f 663 695 696
f 663 696 664
f 664 696 697
f 664 697 665
f 665 697 698
f 665 698 666
f 666 698 699
f 666 699 667
f 667 699 700
f 667 700 668
f 668 700 701
f 668 701 669
f 669 701 702
f 669 702 670
f 670 702 671
f 702 703 671
f 671 703 672
f 703 704 672
f 672 704 673
f 704 705 673
f 673 705 674
f 705 706 674
f 674 706 675
f 706 707 675
f 675 707 676
f 707 708 676
f 676 708 677
f 708 709 677
f 677 709 678
f 709 710 678
f 678 710 711
f 678 711 679
f 679 711 712
f 679 712 680
f 680 712 713
f 680 713 681
f 681 713 714
f 681 714 682
f 682 714 715
f 682 715 683
f 683 715 716
f 683 716 684
f 684 716 717
f 684 717 685
f 685 717 686
f 685 686 654
f 686 718 687
f 718 719 687
f 687 719 688
f 719 720 688
f 688 720 689
f 720 721 689
f 689 721 690
f 721 722 690
f 690 722 691
f 722 723 691
f 691 723 692
f 723 724 692
f 692 724 693
f 724 725 693
f 693 725 694
f 725 726 694
f 694 726 727
f 694 727 695
f 695 727 728
f 695 728 696
f 696 728 729
f 696 729 697
f 697 729 730
f 697 730 698
f 698 730 731
f 698 731 699
f 699 731 732
f 699 732 700
f 700 732 733
f 700 733 701
f 701 733 734
f 701 734 702
f 702 734 703
f 734 735 703
f 703 735 704
f 735 736 704
f 704 736 705
f 736 737 705
f 705 737 706
f 737 738 706
f 706 738 707
f 738 739 707
f 707 739 708
f 739 740 708
f 708 740 709
f 740 741 709
f 709 741 710
f 741 742 710
f 710 742 743
f 710 743 711
f 711 743 744
f 711 744 712
f 712 744 745
f 712 745 713
f 713 745 746
f 713 746 714
f 714 746 747
f 714 747 715
f 715 747 748
f 715 748 716
f 716 748 749
f 716 749 717
f 717 749 718
f 717 718 686
f 718 750 719
f 750 751 719
f 719 751 720
f 751 752 720
f 720 752 721
f 752 753 721
f 721 753 722
f 753 754 722
f 722 754 723
f 754 755 723
f 723 755 724
f 755 756 724
f 724 756 725
f 756 757 725
f 725 757 726
f 757 758 726
f 726 758 759
f 726 759 727
f 727 759 760
f 727 760 728
f 728 760 761
f 728 761 729
f 729 761 762
f 729 762 730
f 730 762 763
f 730 763 731
f 731 763 764
f 731 764 732
f 732 764 765
f 732 765 733
f 733 765 766
f 733 766 734
f 734 766 735
f 766 767 735
f 735 767 736
f 767 768 736
f 736 768 737
f 768 769 737
f 737 769 738
f 769 770 738
f 738 770 739
f 770 771 739
f 739 771 740
f 771 772 740
f 740 772 741
f 772 773 741
f 741 773 742
f 773 774 742
f 742 774 775
f 742 775 743
f 743 775 776
f 743 776 744
f 744 776 777
f 744 777 745
f 745 777 778
f 745 778 746
f 746 778 779
f 746 779 747
f 747 779 780
f 747 780 748
f 748 780 781
f 748 781 749
f 749 781 750
f 749 750 718
f 750 782 751
f 782 783 751
f 751 783 752
f 783 784 752
f 752 784 753
f 784 785 753
f 753 785 754
f 785 786 754
f 754 786 755
f 786 787 755
f 755 787 756
f 787 788 756
f 756 788 757
f 788 789 757
f 757 789 758
f 789 790 758
f 758 790 791
f 758 791 759
f 759 791 792
f 759 792 760
f 760 792 793
f 760 793 761
f 761 793 794
f 761 794 762
f 762 794 795
f 762 795 763
f 763 795 796
f 763 796 764
f 764 796 797
f 764 797 765
f 765 797 798
f 765 798 766
f 766 798 767
f 798 799 767
f 767 799 768
f 799 800 768
f 768 800 769
f 800 801 769
f 769 801 770
f 801 802 770
f 770 802 771
f 802 803 771
f 771 803 772
f 803 804 772
f 772 804 773
f 804 805 773
f 773 805 774
f 805 806 774
f 774 806 807
f 774 807 775
f 775 807 808
f 775 808 776
f 776 808 809
f 776 809 777
f 777 809 810
f 777 810 778
f 778 810 811
f 778 811 779
f 779 811 812
f 779 812 780
f 780 812 813
f 780 813 781
f 781 813 782
f 781 782 750
f 782 814 783
f 814 815 783
f 783 815 784
f 815 816 784
f 784 816 785
f 816 817 785
f 785 817 786
f 817 818 786
f 786 818 787
f 818 819 787
f 787 819 788
f 819 820 788
f 788 820 789
f 820 821 789
f 789 821 790
f 821 822 790
f 790 822 823
f 790 823 791
f 791 823 824
f 791 824 792
f 792 824 825
f 792 825 793
f 793 825 826
f 793 826 794
f 794 826 827
f 794 827 795
f 795 827 828
f 795 828 796
f 796 828 829
f 796 829 797
f 797 829 830
f 797 830 798
f 798 830 799
f 830 831 799
f 799 831 800
f 831 832 800
f 800 832 801
f 832 833 801
f 801 833 802
f 833 834 802
f 802 834 803
f 834 835 803
f 803 835 804
f 835 836 804
f 804 836 805
f 836 837 805
f 805 837 806
f 837 838 806
f 806 838 839
f 806 839 807
f 807 839 840
f 807 840 808
f 808 840 841
f 808 841 809
f 809 841 842
f 809 842 810
f 810 842 843
f 810 843 811
f 811 843 844
f 811 844 812
f 812 844 845
f 812 845 813
f 813 845 814
f 813 814 782
f 814 846 815
f 846 847 815
f 815 847 816
f 847 848 816
f 816 848 817
f 848 849 817
f 817 849 818
f 849 850 818
f 818 850 819
f 850 851 819
f 819 851 820
f 851 852 820
f 820 852 821
f 852 853 821
f 821 853 822
f 853 854 822
f 822 854 855
f 822 855 823
f 823 855 856
f 823 856 824
f 824 856 857
f 824 857 825
f 825 857 858
f 825 858 826
f 826 858 859
f 826 859 827
f 827 859 860
f 827 860 828
f 828 860 861
f 828 861 829
f 829 861 862
f 829 862 830
f 830 862 831
f 862 863 831
f 831 863 832
f 863 864 832
f 832 864 833
f 864 865 833
f 833 865 834
f 865 866 834
f 834 866 835
f 866 867 835
f 835 867 836
f 867 868 836
f 836 868 837
f 868 869 837
f 837 869 838
f 869 870 838
f 838 870 871
f 838 871 839
f 839 871 872
f 839 872 840
f 840 872 873
f 840 873 841
f 841 873 874
f 841 874 842
f 842 874 875
f 842 875 843
f 843 875 876
f 843 876 844
f 844 876 877
f 844 877 845
f 845 877 846
f 845 846 814
f 846 878 879
f 846 879 847
f 847 879 880
f 847 880 848
f 848 880 881
f 848 881 849
f 849 881 882
f 849 882 850
f 850 882 883
f 850 883 851
f 851 883 884
f 851 884 852
f 852 884 885
f 852 885 853
f 853 885 886
f 853 886 854
f 854 886 855
f 886 887 855
f 855 887 856
f 887 888 856
f 856 888 857
f 888 889 857
f 857 889 858
f 889 890 858
f 858 890 859
f 890 891 859
f 859 891 860
f 891 892 860
f 860 892 861
f 892 893 861
f 861 893 862
f 893 894 862
f 862 894 895
f 862 895 863
f 863 895 896
f 863 896 864
f 864 896 897
f 864 897 865
f 865 897 898
f 865 898 866
f 866 898 899
f 866 899 867
f 867 899 900
f 867 900 868
f 868 900 901
f 868 901 869
f 869 901 902
f 869 902 870
f 870 902 871
f 902 903 871
f 871 903 872
f 903 904 872
f 872 904 873
f 904 905 873
f 873 905 874
f 905 906 874
f 874 906 875
f 906 907 875
f 875 907 876
f 907 908 876
f 876 908 877
f 908 909 877
f 877 909 846
f 909 878 846
f 878 910 911
f 878 911 879
f 879 911 912
f 879 912 880
f 880 912 913
f 880 913 881
f 881 913 914
f 881 914 882
f 882 914 915
f 882 915 883
f 883 915 916
f 883 916 884
f 884 916 917
f 884 917 885
f 885 917 918
f 885 918 886
f 886 918 887
f 918 919 887
f 887 919 888
f 919 920 888
f 888 920 889
f 920 921 889
f 889 921 890
f 921 922 890
f 890 922 891
f 922 923 891
f 891 923 892
f 923 924 892
f 892 924 893
f 924 925 893
f 893 925 894
f 925 926 894
f 894 926 927
f 894 927 895
f 895 927 928
f 895 928 896
f 896 928 929
f 896 929 897
f 897 929 930
f 897 930 898
f 898 930 931
f 898 931 899
f 899 931 932
f 899 932 900
f 900 932 933
f 900 933 901
f 901 933 934
f 901 934 902
f 902 934 903
f 934 935 903
f 903 935 904
f 935 936 904
f 904 936 905
f 936 937 905
f 905 937 906
f 937 938 906
f 906 938 907
f 938 939 907
f 907 939 908
f 939 940 908
f 908 940 909
f 940 941 909
f 909 941 878
f 941 910 878
f 910 942 943
f 910 943 911
f 911 943 944
f 911 944 912
f 912 944 945
f 912 945 913
f 913 945 946
f 913 946 914
f 914 946 947
f 914 947 915
f 915 947 948
f 915 948 916
f 916 948 949
f 916 949 917
f 917 949 950
f 917 950 918
f 918 950 919
f 950 951 919
f 919 951 920
f 951 952 920
f 920 952 921
f 952 953 921
f 921 953 922
f 953 954 922
f 922 954 923
f 954 955 923
f 923 955 924
f 955 956 924
f 924 956 925
f 956 957 925
f 925 957 926
f 957 958 926
f 926 958 959
f 926 959 927
f 927 959 960
f 927 960 928
f 928 960 961
f 928 961 929
f 929 961 962
f 929 962 930
f 930 962 963
f 930 963 931
f 931 963 964
f 931 964 932
f 932 964 965
f 932 965 933
f 933 965 966
f 933 966 934
f 934 966 935
f 966 967 935
f 935 967 936
f 967 968 936
f 936 968 937
f 968 969 937
f 937 969 938
f 969 970 938
f 938 970 939
f 970 971 939
f 939 971 940
f 971 972 940
f 940 972 941
f 972 973 941
f 941 973 910
f 973 942 910
f 942 974 975
f 942 975 943
f 943 975 976
f 943 976 944
f 944 976 977
f 944 977 945
f 945 977 978
f 945 978 946
f 946 978 979
f 946 979 947
f 947 979 980
f 947 980 948
f 948 980 981
f 948 981 949
f 949 981 982
f 949 982 950
f 950 982 951
f 982 983 951
f 951 983 952
f 983 984 952
f 952 984 953
f 984 985 953
f 953 985 954
f 985 986 954
f 954 986 955
f 986 987 955
f 955 987 956
f 987 988 956
f 956 988 957
f 988 989 957
f 957 989 958
f 989 990 958
f 958 990 991
f 958 991 959
f 959 991 992
f 959 992 960
f 960 992 993
f 960 993 961
f 961 993 994
f 961 994 962
f 962 994 995
f 962 995 963
f 963 995 996
f 963 996 964
f 964 996 997
f 964 997 965
f 965 997 998
f 965 998 966
f 966 998 967
f 998 999 967
f 967 999 968
f 999 1000 968
f 968 1000 969
f 1000 1001 969
f 969 1001 970
f 1001 1002 970
f 970 1002 971
f 1002 1003 971
f 971 1003 972
f 1003 1004 972
f 972 1004 973
f 1004 1005 973
f 973 1005 942
f 1005 974 942
f 974 1006 1007
f 974 1007 975
f 975 1007 1008
f 975 1008 976
f 976 1008 1009
f 976 1009 977
f 977 1009 1010
f 977 1010 978
f 978 1010 1011
f 978 1011 979
f 979 1011 1012
f 979 1012 980
f 980 1012 1013
f 980 1013 981
f 981 1013 1014
f 981 1014 982
f 982 1014 983
f 1014 1015 983
f 983 1015 984
f 1015 1016 984
f 984 1016 985
f 1016 1017 985
f 985 1017 986
f 1017 1018 986
f 986 1018 987
f 1018 1019 987
f 987 1019 988
f 1019 1020 988
f 988 1020 989
f 1020 1021 989
f 989 1021 990
f 1021 1022 990
f 990 1022 1023
f 990 1023 991
f 991 1023 1024
f 991 1024 992
f 992 1024 1025
f 992 1025 993
f 993 1025 1026
f 993 1026 994
f 994 1026 1027
f 994 1027 995
f 995 1027 1028
f 995 1028 996
f 996 1028 1029
f 996 1029 997
f 997 1029 1030
f 997 1030 998
f 998 1030 999
f 1030 1031 999
f 999 1031 1000
f 1031 1032 1000
f 1000 1032 1001
f 1032 1033 1001
f 1001 1033 1002
f 1033 1034 1002
f 1002 1034 1003
f 1034 1035 1003
f 1003 1035 1004
f 1035 1036 1004
f 1004 1036 1005
f 1036 1037 1005
f 1005 1037 974
f 1037 1006 974
f 1006 1038 1007
f 1007 1038 1039
f 1007 1039 1008
f 1008 1039 1040
f 1008 1040 1009
f 1009 1040 1041
f 1009 1041 1010
f 1010 1041 1042
f 1010 1042 1011
f 1011 1042 1043
f 1011 1043 1012
f 1012 1043 1044
f 1012 1044 1013
f 1013 1044 1045
f 1013 1045 1014
f 1014 1045 1015
f 1045 1046 1015
f 1015 1046 1016
f 1046 1047 1016
f 1016 1047 1017
f 1047 1048 1017
f 1017 1048 1018
f 1048 1049 1018
f 1018 1049 1019
f 1049 1050 1019
f 1019 1050 1020
f 1050 1051 1020
f 1020 1051 1021
f 1051 1052 1021
f 1021 1052 1022
f 1022 1053 1023
f 1023 1053 1054
f 1023 1054 1024
f 1024 1054 1055
f 1024 1055 1025
f 1025 1055 1056
f 1025 1056 1026
f 1026 1056 1057
f 1026 1057 1027
f 1027 1057 1058
f 1027 1058 1028
f 1028 1058 1059
f 1028 1059 1029
f 1029 1059 1060
f 1029 1060 1030
f 1030 1060 1031
f 1060 1061 1031
f 1031 1061 1032
f 1061 1062 1032
f 1032 1062 1033
f 1062 1063 1033
f 1033 1063 1034
f 1063 1064 1034
f 1034 1064 1035
f 1064 1065 1035
f 1035 1065 1036
f 1065 1066 1036
f 1036 1066 1037
f 1066 1067 1037
f 1037 1067 1006
f 1006 1068 1038
f 1038 1068 1069
f 1038 1069 1039
f 1039 1069 1070
f 1039 1070 1040
f 1040 1070 1071
f 1040 1071 1041
f 1041 1071 1072
f 1041 1072 1042
f 1042 1072 1073
f 1042 1073 1043
f 1043 1073 1074
f 1043 1074 1044
f 1044 1074 1075
f 1044 1075 1045
f 1045 1075 1046
f 1075 1076 1046
f 1046 1076 1047
f 1076 1077 1047
f 1047 1077 1048
f 1077 1078 1048
f 1048 1078 1049
f 1078 1079 1049
f 1049 1079 1050
f 1079 1080 1050
f 1050 1080 1051
f 1080 1081 1051
f 1051 1081 1052
f 1081 1082 1052
f 1052 1082 1022
f 1022 1082 1053
f 1053 1082 1081
f 1053 1081 1054
f 1054 1081 1080
f 1054 1080 1055
f 1055 1080 1079
f 1055 1079 1056
f 1056 1079 1078
f 1056 1078 1057
f 1057 1078 1077
f 1057 1077 1058
f 1058 1077 1076
f 1058 1076 1059
f 1059 1076 1075
f 1059 1075 1060
f 1060 1075 1061
f 1075 1074 1061
f 1061 1074 1062
f 1074 1073 1062
f 1062 1073 1063
f 1073 1072 1063
f 1063 1072 1064
f 1072 1071 1064
f 1064 1071 1065
f 1071 1070 1065
f 1065 1070 1066
f 1070 1069 1066
f 1066 1069 1067
f 1069 1068 1067
f 1067 1068 1006
f 1083 1084 1085
f 1084 1086 1085
f 1086 1087 1085
f 1087 1088 1085
f 1085 1088 1089
f 1085 1089 1090
f 1085 1090 1091
f 1085 1091 1092
f 1092 1093 1085
f 1093 1094 1085
f 1094 1095 1085
f 1095 1096 1085
f 1085 1096 1097
f 1085 1097 1098
f 1085 1098 1099
f 1085 1099 1083
f 1083 1100 1084
f 1100 1101 1084
f 1084 1101 1086
f 1101 1102 1086
f 1086 1102 1087
f 1102 1103 1087
f 1087 1103 1088
f 1103 1104 1088
f 1088 1104 1105
f 1088 1105 1089
f 1089 1105 1106
f 1089 1106 1090
f 1090 1106 1107
f 1090 1107 1091
f 1091 1107 1108
f 1091 1108 1092
f 1092 1108 1093
f 1108 1109 1093
f 1093 1109 1094
f 1109 1110 1094
f 1094 1110 1095
f 1110 1111 1095
f 1095 1111 1096
f 1111 1112 1096
f 1096 1112 1113
f 1096 1113 1097
f 1097 1113 1114
f 1097 1114 1098
f 1098 1114 1115
f 1098 1115 1099
f 1099 1115 1100
f 1099 1100 1083
f 1100 1116 1101
f 1116 1117 1101
f 1101 1117 1102
f 1117 1118 1102
f 1102 1118 1103
f 1118 1119 1103
f 1103 1119 1104
f 1119 1120 1104
f 1104 1120 1121
f 1104 1121 1105
f 1105 1121 1122
f 1105 1122 1106
f 1106 1122 1123
f 1106 1123 1107
f 1107 1123 1124
f 1107 1124 1108
f 1108 1124 1109
f 1124 1125 1109
f 1109 1125 1110
f 1125 1126 1110
f 1110 1126 1111
f 1126 1127 1111
f 1111 1127 1112
f 1127 1128 1112
f 1112 1128 1129
f 1112 1129 1113
f 1113 1129 1130
f 1113 1130 1114
f 1114 1130 1131
f 1114 1131 1115
f 1115 1131 1116
f 1115 1116 1100
f 1116 1132 1117
f 1132 1133 1117
f 1117 1133 1118
f 1133 1134 1118
f 1118 1134 1119
f 1134 1135 1119
f 1119 1135 1120
f 1135 1136 1120
f 1120 1136 1137
f 1120 1137 1121
f 1121 1137 1138
f 1121 1138 1122
f 1122 1138 1139
f 1122 1139 1123
f 1123 1139 1140
f 1123 1140 1124
f 1124 1140 1125
f 1140 1141 1125
f 1125 1141 1126
f 1141 1142 1126
f 1126 1142 1127
f 1142 1143 1127
f 1127 1143 1128
f 1143 1144 1128
f 1128 1144 1145
f 1128 1145 1129
f 1129 1145 1146
f 1129 1146 1130
f 1130 1146 1147
f 1130 1147 1131
f 1131 1147 1132
f 1131 1132 1116
f 1132 1148 1133
f 1148 1149 1133
f 1133 1149 1134
f 1149 1150 1134
f 1134 1150 1135
f 1150 1151 1135
f 1135 1151 1136
f 1151 1152 1136
f 1136 1152 1153
f 1136 1153 1137
f 1137 1153 1154
f 1137 1154 1138
f 1138 1154 1155
f 1138 1155 1139
f 1139 1155 1156
f 1139 1156 1140
f 1140 1156 1141
f 1156 1157 1141
f 1141 1157 1142
f 1157 1158 1142
f 1142 1158 1143
f 1158 1159 1143
f 1143 1159 1144
f 1159 1160 1144
f 1144 1160 1161
f 1144 1161 1145
f 1145 1161 1162
f 1145 1162 1146
f 1146 1162 1163
f 1146 1163 1147
f 1147 1163 1148
f 1147 1148 1132
f 1148 1164 1149
f 1164 1165 1149
f 1149 1165 1150
f 1165 1166 1150
f 1150 1166 1151
f 1166 1167 1151
f 1151 1167 1152
f 1167 1168 1152
f 1152 1168 1169
f 1152 1169 1153
f 1153 1169 1170
f 1153 1170 1154
f 1154 1170 1171
f 1154 1171 1155
f 1155 1171 1172
f 1155 1172 1156
f 1156 1172 1157
f 1172 1173 1157
f 1157 1173 1158
f 1173 1174 1158
f 1158 1174 1159
f 1174 1175 1159
f 1159 1175 1160
f 1175 1176 1160
f 1160 1176 1177
f 1160 1177 1161
f 1161 1177 1178
f 1161 1178 1162
f 1162 1178 1179
f 1162 1179 1163
f 1163 1179 1164
f 1163 1164 1148
f 1164 1180 1165
f 1180 1181 1165
f 1165 1181 1166
f 1181 1182 1166
f 1166 1182 1167
f 1182 1183 1167
f 1167 1183 1168
f 1183 1184 1168
f 1168 1184 1185
f 1168 1185 1169
f 1169 1185 1186
f 1169 1186 1170
f 1170 1186 1187
f 1170 1187 1171
f 1171 1187 1188
f 1171 1188 1172
f 1172 1188 1173
f 1188 1189 1173
f 1173 1189 1174
f 1189 1190 1174
f 1174 1190 1175
f 1190 1191 1175
f 1175 1191 1176
f 1191 1192 1176
f 1176 1192 1193
f 1176 1193 1177
f 1177 1193 1194
f 1177 1194 1178
f 1178 1194 1195
f 1178 1195 1179
f 1179 1195 1180
f 1179 1180 1164
f 1180 1196 1181
f 1196 1197 1181
f 1181 1197 1182
f 1197 1198 1182
f 1182 1198 1183
f 1198 1199 1183
f 1183 1199 1184
f 1199 1200 1184
f 1184 1200 1201
f 1184 1201 1185
f 1185 1201 1202
f 1185 1202 1186
f 1186 1202 1203
f 1186 1203 1187
f 1187 1203 1204
f 1187 1204 1188
f 1188 1204 1189
f 1204 1205 1189
f 1189 1205 1190
f 1205 1206 1190
f 1190 1206 1191
f 1206 1207 1191
f 1191 1207 1192
f 1207 1208 1192
f 1192 1208 1209
f 1192 1209 1193
f 1193 1209 1210
f 1193 1210 1194
f 1194 1210 1211
f 1194 1211 1195
f 1195 1211 1196
f 1195 1196 1180
f 1196 1212 1197
f 1212 1213 1197
f 1197 1213 1198
f 1213 1214 1198
f 1198 1214 1199
f 1214 1215 1199
f 1199 1215 1200
f 1215 1216 1200
f 1200 1216 1217
f 1200 1217 1201
f 1201 1217 1218
f 1201 1218 1202
f 1202 1218 1219
f 1202 1219 1203
f 1203 1219 1220
f 1203 1220 1204
f 1204 1220 1205
f 1220 1221 1205
f 1205 1221 1206
f 1221 1222 1206
f 1206 1222 1207
f 1222 1223 1207
f 1207 1223 1208
f 1223 1224 1208
f 1208 1224 1225
f 1208 1225 1209
f 1209 1225 1226
f 1209 1226 1210
f 1210 1226 1227
f 1210 1227 1211
f 1211 1227 1212
f 1211 1212 1196
f 1212 1228 1213
f 1228 1229 1213
f 1213 1229 1214
f 1229 1230 1214
f 1214 1230 1215
f 1230 1231 1215
f 1215 1231 1216
f 1231 1232 1216
f 1216 1232 1233
f 1216 1233 1217
f 1217 1233 1234
f 1217 1234 1218
f 1218 1234 1235
f 1218 1235 1219
f 1219 1235 1236
f 1219 1236 1220
f 1220 1236 1221
f 1236 1237 1221
f 1221 1237 1222
f 1237 1238 1222
f 1222 1238 1223
f 1238 1239 1223
f 1223 1239 1224
f 1239 1240 1224
f 1224 1240 1241
f 1224 1241 1225
f 1225 1241 1242
f 1225 1242 1226
f 1226 1242 1243
f 1226 1243 1227
f 1227 1243 1228
f 1227 1228 1212
f 1228 1244 1245
f 1228 1245 1229
f 1229 1245 1246
f 1229 1246 1230
f 1230 1246 1247
f 1230 1247 1231
f 1231 1247 1248
f 1231 1248 1232
f 1232 1248 1233
f 1248 1249 1233
f 1233 1249 1234
f 1249 1250 1234
f 1234 1250 1235
f 1250 1251 1235
f 1235 1251 1236
f 1251 1252 1236
f 1236 1252 1253
f 1236 1253 1237
f 1237 1253 1254
f 1237 1254 1238
f 1238 1254 1255
f 1238 1255 1239
f 1239 1255 1256
f 1239 1256 1240
f 1240 1256 1241
f 1256 1257 1241
f 1241 1257 1242
f 1257 1258 1242
f 1242 1258 1243
f 1258 1259 1243
f 1243 1259 1228
f 1259 1244 1228
f 1244 1260 1261
f 1244 1261 1245
f 1245 1261 1262
f 1245 1262 1246
f 1246 1262 1263
f 1246 1263 1247
f 1247 1263 1264
f 1247 1264 1248
f 1248 1264 1249
f 1264 1265 1249
f 1249 1265 1250
f 1265 1266 1250
f 1250 1266 1251
f 1266 1267 1251
f 1251 1267 1252
f 1267 1268 1252
f 1252 1268 1269
f 1252 1269 1253
f 1253 1269 1270
f 1253 1270 1254
f 1254 1270 1271
f 1254 1271 1255
f 1255 1271 1272
f 1255 1272 1256
f 1256 1272 1257
f 1272 1273 1257
f 1257 1273 1258
f 1273 1274 1258
f 1258 1274 1259
f 1274 1275 1259
f 1259 1275 1244
f 1275 1260 1244
f 1260 1276 1277
f 1260 1277 1261
f 1261 1277 1278
f 1261 1278 1262
f 1262 1278 1279
f 1262 1279 1263
f 1263 1279 1280
f 1263 1280 1264
f 1264 1280 1265
f 1280 1281 1265
f 1265 1281 1266
f 1281 1282 1266
f 1266 1282 1267
f 1282 1283 1267
f 1267 1283 1268
f 1283 1284 1268
f 1268 1284 1285
f 1268 1285 1269
f 1269 1285 1286
f 1269 1286 1270
f 1270 1286 1287
f 1270 1287 1271
f 1271 1287 1288
f 1271 1288 1272
f 1272 1288 1273
f 1288 1289 1273
f 1273 1289 1274
f 1289 1290 1274
f 1274 1290 1275
f 1290 1291 1275
f 1275 1291 1260
f 1291 1276 1260
f 1276 1292 1293
f 1276 1293 1277
f 1277 1293 1294
f 1277 1294 1278
f 1278 1294 1295
f 1278 1295 1279
f 1279 1295 1296
f 1279 1296 1280
f 1280 1296 1281
f 1296 1297 1281
f 1281 1297 1282
f 1297 1298 1282
f 1282 1298 1283
f 1298 1299 1283
f 1283 1299 1284
f 1299 1300 1284
f 1284 1300 1301
f 1284 1301 1285
f 1285 1301 1302
f 1285 1302 1286
f 1286 1302 1303
f 1286 1303 1287
f 1287 1303 1304
f 1287 1304 1288
f 1288 1304 1289
f 1304 1305 1289
f 1289 1305 1290
f 1305 1306 1290
f 1290 1306 1291
f 1306 1307 1291
f 1291 1307 1276
f 1307 1292 1276
f 1292 1308 1309
f 1292 1309 1293
f 1293 1309 1310
f 1293 1310 1294
f 1294 1310 1311
f 1294 1311 1295
f 1295 1311 1312
f 1295 1312 1296
f 1296 1312 1297
f 1312 1313 1297
f 1297 1313 1298
f 1313 1314 1298
f 1298 1314 1299
f 1314 1315 1299
f 1299 1315 1300
f 1315 1316 1300
f 1300 1316 1317
f 1300 1317 1301
f 1301 1317 1318
f 1301 1318 1302
f 1302 1318 1319
f 1302 1319 1303
f 1303 1319 1320
f 1303 1320 1304
f 1304 1320 1305
f 1320 1321 1305
f 1305 1321 1306
f 1321 1322 1306
f 1306 1322 1307
f 1322 1323 1307
f 1307 1323 1292
f 1323 1308 1292
f 1308 1324 1325
f 1308 1325 1309
f 1309 1325 1326
f 1309 1326 1310
f 1310 1326 1327
f 1310 1327 1311
f 1311 1327 1328
f 1311 1328 1312
f 1312 1328 1313
f 1328 1329 1313
f 1313 1329 1314
f 1329 1330 1314
f 1314 1330 1315
f 1330 1331 1315
f 1315 1331 1316
f 1331 1332 1316
f 1316 1332 1333
f 1316 1333 1317
f 1317 1333 1334
f 1317 1334 1318
f 1318 1334 1335
f 1318 1335 1319
f 1319 1335 1336
f 1319 1336 1320
f 1320 1336 1321
f 1336 1337 1321
f 1321 1337 1322
f 1337 1338 1322
f 1322 1338 1323
f 1338 1339 1323
f 1323 1339 1308
f 1339 1324 1308
f 1324 1340 1341
f 1324 1341 1325
f 1325 1341 1342
f 1325 1342 1326
f 1326 1342 1343
f 1326 1343 1327
f 1327 1343 1344
f 1327 1344 1328
f 1328 1344 1329
f 1344 1345 1329
f 1329 1345 1330
f 1345 1346 1330
f 1330 1346 1331
f 1346 1347 1331
f 1331 1347 1332
f 1347 1348 1332
f 1332 1348 1349
f 1332 1349 1333
f 1333 1349 1350
f 1333 1350 1334
f 1334 1350 1351
f 1334 1351 1335
f 1335 1351 1352
f 1335 1352 1336
f 1336 1352 1337
f 1352 1353 1337
f 1337 1353 1338
f 1353 1354 1338
f 1338 1354 1339
f 1354 1355 1339
f 1339 1355 1324
f 1355 1340 1324
f 1340 1356 1357
f 1340 1357 1341
f 1341 1357 1358
f 1341 1358 1342
f 1342 1358 1359
f 1342 1359 1343
f 1343 1359 1360
f 1343 1360 1344
f 1344 1360 1345
f 1360 1361 1345
f 1345 1361 1346
f 1361 1362 1346
f 1346 1362 1347
f 1362 1363 1347
f 1347 1363 1348
f 1363 1364 1348
f 1348 1364 1365
f 1348 1365 1349
f 1349 1365 1366
f 1349 1366 1350
f 1350 1366 1367
f 1350 1367 1351
f 1351 1367 1368
f 1351 1368 1352
f 1352 1368 1353
f 1368 1369 1353
f 1353 1369 1354
f 1369 1370 1354
f 1354 1370 1355
f 1370 1371 1355
f 1355 1371 1340
f 1371 1356 1340
f 1356 1372 1373
f 1356 1373 1357
f 1357 1373 1374
f 1357 1374 1358
f 1358 1374 1375
f 1358 1375 1359
f 1359 1375 1376
f 1359 1376 1360
f 1360 1376 1361
f 1376 1377 1361
f 1361 1377 1362
f 1377 1378 1362
f 1362 1378 1363
f 1378 1379 1363
f 1363 1379 1364
f 1379 1380 1364
f 1364 1380 1381
f 1364 1381 1365
f 1365 1381 1382
f 1365 1382 1366
f 1366 1382 1383
f 1366 1383 1367
f 1367 1383 1384
f 1367 1384 1368
f 1368 1384 1369
f 1384 1385 1369
f 1369 1385 1370
f 1385 1386 1370
f 1370 1386 1371
f 1386 1387 1371
f 1371 1387 1356
f 1387 1372 1356
f 1372 1388 1373
f 1373 1388 1374
f 1374 1388 1375
f 1375 1388 1376
f 1376 1388 1377
f 1377 1388 1378
f 1378 1388 1379
f 1379 1388 1380
f 1380 1388 1381
f 1381 1388 1382
f 1382 1388 1383
f 1383 1388 1384
f 1384 1388 1385
f 1385 1388 1386
f 1386 1388 1387
f 1387 1388 1372
f 1389 1390 1391
f 1390 1392 1391
f 1392 1393 1391
f 1393 1394 1391
f 1391 1394 1395
f 1391 1395 1396
f 1391 1396 1397
f 1391 1397 1398
f 1398 1399 1391
f 1399 1400 1391
f 1400 1401 1391
f 1401 1402 1391
f 1391 1402 1403
f 1391 1403 1404
f 1391 1404 1405
f 1391 1405 1389
f 1389 1406 1390
f 1406 1407 1390
f 1390 1407 1392
f 1407 1408 1392
f 1392 1408 1393
f 1408 1409 1393
f 1393 1409 1394
f 1409 1410 1394
f 1394 1410 1411
f 1394 1411 1395
f 1395 1411 1412
f 1395 1412 1396
f 1396 1412 1413
f 1396 1413 1397
f 1397 1413 1414
f 1397 1414 1398
f 1398 1414 1399
f 1414 1415 1399
f 1399 1415 1400
f 1415 1416 1400
f 1400 1416 1401
f 1416 1417 1401
f 1401 1417 1402
f 1417 1418 1402
f 1402 1418 1419
f 1402 1419 1403
f 1403 1419 1420
f 1403 1420 1404
f 1404 1420 1421
f 1404 1421 1405
f 1405 1421 1406
f 1405 1406 1389
f 1406 1422 1407
f 1422 1423 1407
f 1407 1423 1408
f 1423 1424 1408
f 1408 1424 1409
f 1424 1425 1409
f 1409 1425 1410
f 1425 1426 1410
f 1410 1426 1427
f 1410 1427 1411
f 1411 1427 1428
f 1411 1428 1412
f 1412 1428 1429
f 1412 1429 1413
f 1413 1429 1430
f 1413 1430 1414
f 1414 1430 1415
f 1430 1431 1415
f 1415 1431 1416
f 1431 1432 1416
f 1416 1432 1417
f 1432 1433 1417
f 1417 1433 1418
f 1433 1434 1418
f 1418 1434 1435
f 1418 1435 1419
f 1419 1435 1436
f 1419 1436 1420
f 1420 1436 1437
f 1420 1437 1421
f 1421 1437 1422
f 1421 1422 1406
f 1422 1438 1423
f 1438 1439 1423
f 1423 1439 1424
f 1439 1440 1424
f 1424 1440 1425
f 1440 1441 1425
f 1425 1441 1426
f 1441 1442 1426
f 1426 1442 1443
f 1426 1443 1427
f 1427 1443 1444
f 1427 1444 1428
f 1428 1444 1445
f 1428 1445 1429
f 1429 1445 1446
f 1429 1446 1430
f 1430 1446 1431
f 1446 1447 1431
f 1431 1447 1432
f 1447 1448 1432
f 1432 1448 1433
f 1448 1449 1433
f 1433 1449 1434
f 1449 1450 1434
f 1434 1450 1451
f 1434 1451 1435
f 1435 1451 1452
f 1435 1452 1436
f 1436 1452 1453
f 1436 1453 1437
f 1437 1453 1438
f 1437 1438 1422
f 1438 1454 1439
f 1454 1455 1439
f 1439 1455 1440
f 1455 1456 1440
f 1440 1456 1441
f 1456 1457 1441
f 1441 1457 1442
f 1457 1458 1442
f 1442 1458 1459
f 1442 1459 1443
f 1443 1459 1460
f 1443 1460 1444
f 1444 1460 1461
f 1444 1461 1445
f 1445 1461 1462
f 1445 1462 1446
f 1446 1462 1447
f 1462 1463 1447
f 1447 1463 1448
f 1463 1464 1448
f 1448 1464 1449
f 1464 1465 1449
f 1449 1465 1450
f 1465 1466 1450
f 1450 1466 1467
f 1450 1467 1451
f 1451 1467 1468
f 1451 1468 1452
f 1452 1468 1469
f 1452 1469 1453
f 1453 1469 1454
f 1453 1454 1438
f 1454 1470 1455
f 1470 1471 1455
f 1455 1471 1456
f 1471 1472 1456
f 1456 1472 1457
f 1472 1473 1457
f 1457 1473 1458
f 1473 1474 1458
f 1458 1474 1475
f 1458 1475 1459
f 1459 1475 1476
f 1459 1476 1460
f 1460 1476 1477
f 1460 1477 1461
f 1461 1477 1478
f 1461 1478 1462
f 1462 1478 1463
f 1478 1479 1463
f 1463 1479 1464
f 1479 1480 1464
f 1464 1480 1465
f 1480 1481 1465
f 1465 1481 1466
f 1481 1482 1466
f 1466 1482 1483
f 1466 1483 1467
f 1467 1483 1484
f 1467 1484 1468
f 1468 1484 1485
f 1468 1485 1469
f 1469 1485 1470
f 1469 1470 1454
f 1470 1486 1471
f 1486 1487 1471
f 1471 1487 1472
f 1487 1488 1472
f 1472 1488 1473
f 1488 1489 1473
f 1473 1489 1474
f 1489 1490 1474
f 1474 1490 1491
f 1474 1491 1475
f 1475 1491 1492
f 1475 1492 1476
f 1476 1492 1493
f 1476 1493 1477
f 1477 1493 1494
f 1477 1494 1478
f 1478 1494 1479
f 1494 1495 1479
f 1479 1495 1480
f 1495 1496 1480
f 1480 1496 1481
f 1496 1497 1481
f 1481 1497 1482
f 1497 1498 1482
f 1482 1498 1499
f 1482 1499 1483
f 1483 1499 1500
f 1483 1500 1484
f 1484 1500 1501
f 1484 1501 1485
f 1485 1501 1486
f 1485 1486 1470
f 1486 1502 1487
f 1502 1503 1487
f 1487 1503 1488
f 1503 1504 1488
f 1488 1504 1489
f 1504 1505 1489
f 1489 1505 1490
f 1505 1506 1490
f 1490 1506 1507
f 1490 1507 1491
f 1491 1507 1508
f 1491 1508 1492
f 1492 1508 1509
f 1492 1509 1493
f 1493 1509 1510
f 1493 1510 1494
f 1494 1510 1495
f 1510 1511 1495
f 1495 1511 1496
f 1511 1512 1496
f 1496 1512 1497
f 1512 1513 1497
f 1497 1513 1498
f 1513 1514 1498
f 1498 1514 1515
f 1498 1515 1499
f 1499 1515 1516
f 1499 1516 1500
f 1500 1516 1517
f 1500 1517 1501
f 1501 1517 1502
f 1501 1502 1486
f 1502 1518 1503
f 1518 1519 1503
f 1503 1519 1504
f 1519 1520 1504
f 1504 1520 1505
f 1520 1521 1505
f 1505 1521 1506
f 1521 1522 1506
f 1506 1522 1523
f 1506 1523 1507
f 1507 1523 1524
f 1507 1524 1508
f 1508 1524 1525
f 1508 1525 1509
f 1509 1525 1526
f 1509 1526 1510
f 1510 1526 1511
f 1526 1527 1511
f 1511 1527 1512
f 1527 1528 1512
f 1512 1528 1513
f 1528 1529 1513
f 1513 1529 1514
f 1529 1530 1514
f 1514 1530 1531
f 1514 1531 1515
f 1515 1531 1532
f 1515 1532 1516
f 1516 1532 1533
f 1516 1533 1517
f 1517 1533 1518
f 1517 1518 1502
f 1518 1534 1519
f 1534 1535 1519
f 1519 1535 1520
f 1535 1536 1520
f 1520 1536 1521
f 1536 1537 1521
f 1521 1537 1522
f 1537 1538 1522
f 1522 1538 1539
f 1522 1539 1523
f 1523 1539 1540
f 1523 1540 1524
f 1524 1540 1541
f 1524 1541 1525
f 1525 1541 1542
f 1525 1542 1526
f 1526 1542 1527
f 1542 1543 1527
f 1527 1543 1528
f 1543 1544 1528
f 1528 1544 1529
f 1544 1545 1529
f 1529 1545 1530
f 1545 1546 1530
f 1530 1546 1547
f 1530 1547 1531
f 1531 1547 1548
f 1531 1548 1532
f 1532 1548 1549
f 1532 1549 1533
f 1533 1549 1534
f 1533 1534 1518
f 1534 1550 1551
f 1534 1551 1535
f 1535 1551 1552
f 1535 1552 1536
f 1536 1552 1553
f 1536 1553 1537
f 1537 1553 1554
f 1537 1554 1538
f 1538 1554 1539
f 1554 1555 1539
f 1539 1555 1540
f 1555 1556 1540
f 1540 1556 1541
f 1556 1557 1541
f 1541 1557 1542
f 1557 1558 1542
f 1542 1558 1559
f 1542 1559 1543
f 1543 1559 1560
f 1543 1560 1544
f 1544 1560 1561
f 1544 1561 1545
f 1545 1561 1562
f 1545 1562 1546
f 1546 1562 1547
f 1562 1563 1547
f 1547 1563 1548
f 1563 1564 1548
f 1548 1564 1549
f 1564 1565 1549
f 1549 1565 1534
f 1565 1550 1534
f 1550 1566 1567
f 1550 1567 1551
f 1551 1567 1568
f 1551 1568 1552
f 1552 1568 1569
f 1552 1569 1553
f 1553 1569 1570
f 1553 1570 1554
f 1554 1570 1555
f 1570 1571 1555
f 1555 1571 1556
f 1571 1572 1556
f 1556 1572 1557
f 1572 1573 1557
f 1557 1573 1558
f 1573 1574 1558
f 1558 1574 1575
f 1558 1575 1559
f 1559 1575 1576
f 1559 1576 1560
f 1560 1576 1577
f 1560 1577 1561
f 1561 1577 1578
f 1561 1578 1562
f 1562 1578 1563
f 1578 1579 1563
f 1563 1579 1564
f 1579 1580 1564
f 1564 1580 1565
f 1580 1581 1565
f 1565 1581 1550
f 1581 1566 1550
f 1566 1582 1583
f 1566 1583 1567
f 1567 1583 1584
f 1567 1584 1568
f 1568 1584 1585
f 1568 1585 1569
f 1569 1585 1586
f 1569 1586 1570
f 1570 1586 1571
f 1586 1587 1571
f 1571 1587 1572
f 1587 1588 1572
f 1572 1588 1573
f 1588 1589 1573
f 1573 1589 1574
f 1589 1590 1574
f 1574 1590 1591
f 1574 1591 1575
f 1575 1591 1592
f 1575 1592 1576
f 1576 1592 1593
f 1576 1593 1577
f 1577 1593 1594
f 1577 1594 1578
f 1578 1594 1579
f 1594 1595 1579
f 1579 1595 1580
f 1595 1596 1580
f 1580 1596 1581
f 1596 1597 1581
f 1581 1597 1566
f 1597 1582 1566
f 1582 1598 1599
f 1582 1599 1583
f 1583 1599 1600
f 1583 1600 1584
f 1584 1600 1601
f 1584 1601 1585
f 1585 1601 1602
f 1585 1602 1586
f 1586 1602 1587
f 1602 1603 1587
f 1587 1603 1588
f 1603 1604 1588
f 1588 1604 1589
f 1604 1605 1589
f 1589 1605 1590
f 1605 1606 1590
f 1590 1606 1607
f 1590 1607 1591
f 1591 1607 1608
f 1591 1608 1592
f 1592 1608 1609
f 1592 1609 1593
f 1593 1609 1610
f 1593 1610 1594
f 1594 1610 1595
f 1610 1611 1595
f 1595 1611 1596
f 1611 1612 1596
f 1596 1612 1597
f 1612 1613 1597
f 1597 1613 1582
f 1613 1598 1582
f 1598 1614 1615
f 1598 1615 1599
f 1599 1615 1616
f 1599 1616 1600
f 1600 1616 1617
f 1600 1617 1601
f 1601 1617 1618
f 1601 1618 1602
f 1602 1618 1603
f 1618 1619 1603
f 1603 1619 1604
f 1619 1620 1604
f 1604 1620 1605
f 1620 1621 1605
f 1605 1621 1606
f 1621 1622 1606
f 1606 1622 1623
f 1606 1623 1607
f 1607 1623 1624
f 1607 1624 1608
f 1608 1624 1625
f 1608 1625 1609
f 1609 1625 1626
f 1609 1626 1610
f 1610 1626 1611
f 1626 1627 1611
f 1611 1627 1612
f 1627 1628 1612
f 1612 1628 1613
f 1628 1629 1613
f 1613 1629 1598
f 1629 1614 1598
f 1614 1630 1631
f 1614 1631 1615
f 1615 1631 1632
f 1615 1632 1616
f 1616 1632 1633
f 1616 1633 1617
f 1617 1633 1634
f 1617 1634 1618
f 1618 1634 1619
f 1634 1635 1619
f 1619 1635 1620
f 1635 1636 1620
f 1620 1636 1621
f 1636 1637 1621
f 1621 1637 1622
f 1637 1638 1622
f 1622 1638 1639
f 1622 1639 1623
f 1623 1639 1640
f 1623 1640 1624
f 1624 1640 1641
f 1624 1641 1625
f 1625 1641 1642
f 1625 1642 1626
f 1626 1642 1627
f 1642 1643 1627
f 1627 1643 1628
f 1643 1644 1628
f 1628 1644 1629
f 1644 1645 1629
f 1629 1645 1614
f 1645 1630 1614
f 1630 1646 1647
f 1630 1647 1631
f 1631 1647 1648
f 1631 1648 1632
f 1632 1648 1649
f 1632 1649 1633
f 1633 1649 1650
f 1633 1650 1634
f 1634 1650 1635
f 1650 1651 1635
f 1635 1651 1636
f 1651 1652 1636
f 1636 1652 1637
f 1652 1653 1637
f 1637 1653 1638
f 1653 1654 1638
f 1638 1654 1655
f 1638 1655 1639
f 1639 1655 1656
f 1639 1656 1640
f 1640 1656 1657
f 1640 1657 1641
f 1641 1657 1658
f 1641 1658 1642
f 1642 1658 1643
f 1658 1659 1643
f 1643 1659 1644
f 1659 1660 1644
f 1644 1660 1645
f 1660 1661 1645
f 1645 1661 1630
f 1661 1646 1630
f 1646 1662 1663
f 1646 1663 1647
f 1647 1663 1664
f 1647 1664 1648
f 1648 1664 1665
f 1648 1665 1649
f 1649 1665 1666
f 1649 1666 1650
f 1650 1666 1651
f 1666 1667 1651
f 1651 1667 1652
f 1667 1668 1652
f 1652 1668 1653
f 1668 1669 1653
f 1653 1669 1654
f 1669 1670 1654
f 1654 1670 1671
f 1654 1671 1655
f 1655 1671 1672
f 1655 1672 1656
f 1656 1672 1673
f 1656 1673 1657
f 1657 1673 1674
f 1657 1674 1658
f 1658 1674 1659
f 1674 1675 1659
f 1659 1675 1660
f 1675 1676 1660
f 1660 1676 1661
f 1676 1677 1661
f 1661 1677 1646
f 1677 1662 1646
f 1662 1678 1679
f 1662 1679 1663
f 1663 1679 1680
f 1663 1680 1664
f 1664 1680 1681
f 1664 1681 1665
f 1665 1681 1682
f 1665 1682 1666
f 1666 1682 1667
f 1682 1683 1667
f 1667 1683 1668
f 1683 1684 1668
f 1668 1684 1669
f 1684 1685 1669
f 1669 1685 1670
f 1685 1686 1670
f 1670 1686 1687
f 1670 1687 1671
f 1671 1687 1688
f 1671 1688 1672
f 1672 1688 1689
f 1672 1689 1673
f 1673 1689 1690
f 1673 1690 1674
f 1674 1690 1675
f 1690 1691 1675
f 1675 1691 1676
f 1691 1692 1676
f 1676 1692 1677
f 1692 1693 1677
f 1677 1693 1662
f 1693 1678 1662
f 1678 1694 1679
f 1679 1694 1680
f 1680 1694 1681
f 1681 1694 1682
f 1682 1694 1683
f 1683 1694 1684
f 1684 1694 1685
f 1685 1694 1686
f 1686 1694 1687
f 1687 1694 1688
f 1688 1694 1689
f 1689 1694 1690
f 1690 1694 1691
f 1691 1694 1692
f 1692 1694 1693
f 1693 1694 1678
f 1695 1696 1697
f 1696 1698 1697
f 1698 1699 1697
f 1699 1700 1697
f 1697 1700 1701
f 1697 1701 1702
f 1697 1702 1703
f 1697 1703 1704
f 1704 1705 1697
f 1705 1706 1697
f 1706 1707 1697
f 1707 1708 1697
f 1697 1708 1709
f 1697 1709 1710
f 1697 1710 1711
f 1697 1711 1695
f 1695 1712 1696
f 1712 1713 1696
f 1696 1713 1698
f 1713 1714 1698
f 1698 1714 1699
f 1714 1715 1699
f 1699 1715 1700
f 1715 1716 1700
f 1700 1716 1717
f 1700 1717 1701
f 1701 1717 1718
f 1701 1718 1702
f 1702 1718 1719
f 1702 1719 1703
f 1703 1719 1720
f 1703 1720 1704
f 1704 1720 1705
f 1720 1721 1705
f 1705 1721 1706
f 1721 1722 1706
f 1706 1722 1707
f 1722 1723 1707
f 1707 1723 1708
f 1723 1724 1708
f 1708 1724 1725
f 1708 1725 1709
f 1709 1725 1726
f 1709 1726 1710
f 1710 1726 1727
f 1710 1727 1711
f 1711 1727 1712
f 1711 1712 1695
f 1712 1728 1713
f 1728 1729 1713
f 1713 1729 1714
f 1729 1730 1714
f 1714 1730 1715
f 1730 1731 1715
f 1715 1731 1716
f 1731 1732 1716
f 1716 1732 1733
f 1716 1733 1717
f 1717 1733 1734
f 1717 1734 1718
f 1718 1734 1735
f 1718 1735 1719
f 1719 1735 1736
f 1719 1736 1720
f 1720 1736 1721
f 1736 1737 1721
f 1721 1737 1722
f 1737 1738 1722
f 1722 1738 1723
f 1738 1739 1723
f 1723 1739 1724
f 1739 1740 1724
f 1724 1740 1741
f 1724 1741 1725
f 1725 1741 1742
f 1725 1742 1726
f 1726 1742 1743
f 1726 1743 1727
f 1727 1743 1728
f 1727 1728 1712
f 1728 1744 1729
f 1744 1745 1729
f 1729 1745 1730
f 1745 1746 1730
f 1730 1746 1731
f 1746 1747 1731
f 1731 1747 1732
f 1747 1748 1732
f 1732 1748 1749
f 1732 1749 1733
f 1733 1749 1750
f 1733 1750 1734
f 1734 1750 1751
f 1734 1751 1735
f 1735 1751 1752
f 1735 1752 1736
f 1736 1752 1737
f 1752 1753 1737
f 1737 1753 1738
f 1753 1754 1738
f 1738 1754 1739
f 1754 1755 1739
f 1739 1755 1740
f 1755 1756 1740
f 1740 1756 1757
f 1740 1757 1741
f 1741 1757 1758
f 1741 1758 1742
f 1742 1758 1759
f 1742 1759 1743
f 1743 1759 1744
f 1743 1744 1728
f 1744 1760 1745
f 1760 1761 1745
f 1745 1761 1746
f 1761 1762 1746
f 1746 1762 1747
f 1762 1763 1747
f 1747 1763 1748
f 1763 1764 1748
f 1748 1764 1765
f 1748 1765 1749
f 1749 1765 1766
f 1749 1766 1750
f 1750 1766 1767
f 1750 1767 1751
f 1751 1767 1768
f 1751 1768 1752
f 1752 1768 1753
f 1768 1769 1753
f 1753 1769 1754
f 1769 1770 1754
f 1754 1770 1755
f 1770 1771 1755
f 1755 1771 1756
f 1771 1772 1756
f 1756 1772 1773
f 1756 1773 1757
f 1757 1773 1774
f 1757 1774 1758
f 1758 1774 1775
f 1758 1775 1759
f 1759 1775 1760
f 1759 1760 1744
f 1760 1776 1761
f 1776 1777 1761
f 1761 1777 1762
f 1777 1778 1762
f 1762 1778 1763
f 1778 1779 1763
f 1763 1779 1764
f 1779 1780 1764
f 1764 1780 1781
f 1764 1781 1765
f 1765 1781 1782
f 1765 1782 1766
f 1766 1782 1783
f 1766 1783 1767
f 1767 1783 1784
f 1767 1784 1768
f 1768 1784 1769
f 1784 1785 1769
f 1769 1785 1770
f 1785 1786 1770
f 1770 1786 1771
f 1786 1787 1771
f 1771 1787 1772
f 1787 1788 1772
f 1772 1788 1789
f 1772 1789 1773
f 1773 1789 1790
f 1773 1790 1774
f 1774 1790 1791
f 1774 1791 1775
f 1775 1791 1776
f 1775 1776 1760
f 1776 1792 1777
f 1792 1793 1777
f 1777 1793 1778
f 1793 1794 1778
f 1778 1794 1779
f 1794 1795 1779
f 1779 1795 1780
f 1795 1796 1780
f 1780 1796 1797
f 1780 1797 1781
f 1781 1797 1798
f 1781 1798 1782
f 1782 1798 1799
f 1782 1799 1783
f 1783 1799 1800
f 1783 1800 1784
f 1784 1800 1785
f 1800 1801 1785
f 1785 1801 1786
f 1801 1802 1786
f 1786 1802 1787
f 1802 1803 1787
f 1787 1803 1788
f 1803 1804 1788
f 1788 1804 1805
f 1788 1805 1789
f 1789 1805 1806
f 1789 1806 1790
f 1790 1806 1807
f 1790 1807 1791
f 1791 1807 1792
f 1791 1792 1776
f 1792 1808 1793
f 1808 1809 1793
f 1793 1809 1794
f 1809 1810 1794
f 1794 1810 1795
f 1810 1811 1795
f 1795 1811 1796
f 1811 1812 1796
f 1796 1812 1813
f 1796 1813 1797
f 1797 1813 1814
f 1797 1814 1798
f 1798 1814 1815
f 1798 1815 1799
f 1799 1815 1816
f 1799 1816 1800
f 1800 1816 1801
f 1816 1817 1801
f 1801 1817 1802
f 1817 1818 1802
f 1802 1818 1803
f 1818 1819 1803
f 1803 1819 1804
f 1819 1820 1804
f 1804 1820 1821
f 1804 1821 1805
f 1805 1821 1822
f 1805 1822 1806
f 1806 1822 1823
f 1806 1823 1807
f 1807 1823 1808
f 1807 1808 1792
f 1808 1824 1809
f 1824 1825 1809
f 1809 1825 1810
f 1825 1826 1810
f 1810 1826 1811
f 1826 1827 1811
f 1811 1827 1812
f 1827 1828 1812
f 1812 1828 1829
f 1812 1829 1813
f 1813 1829 1830
f 1813 1830 1814
f 1814 1830 1831
f 1814 1831 1815
f 1815 1831 1832
f 1815 1832 1816
f 1816 1832 1817
f 1832 1833 1817
f 1817 1833 1818
f 1833 1834 1818
f 1818 1834 1819
f 1834 1835 1819
f 1819 1835 1820
f 1835 1836 1820
f 1820 1836 1837
f 1820 1837 1821
f 1821 1837 1838
f 1821 1838 1822
f 1822 1838 1839
f 1822 1839 1823
f 1823 1839 1824
f 1823 1824 1808
f 1824 1840 1825
f 1840 1841 1825
f 1825 1841 1826
f 1841 1842 1826
f 1826 1842 1827
f 1842 1843 1827
f 1827 1843 1828
f 1843 1844 1828
f 1828 1844 1845
f 1828 1845 1829
f 1829 1845 1846
f 1829 1846 1830
f 1830 1846 1847
f 1830 1847 1831
f 1831 1847 1848
f 1831 1848 1832
f 1832 1848 1833
f 1848 1849 1833
f 1833 1849 1834
f 1849 1850 1834
f 1834 1850 1835
f 1850 1851 1835
f 1835 1851 1836
f 1851 1852 1836
f 1836 1852 1853
f 1836 1853 1837
f 1837 1853 1854
f 1837 1854 1838
f 1838 1854 1855
f 1838 1855 1839
f 1839 1855 1840
f 1839 1840 1824
f 1840 1856 1857
f 1840 1857 1841
f 1841 1857 1858
f 1841 1858 1842
f 1842 1858 1859
f 1842 1859 1843
f 1843 1859 1860
f 1843 1860 1844
f 1844 1860 1845
f 1860 1861 1845
f 1845 1861 1846
f 1861 1862 1846
f 1846 1862 1847
f 1862 1863 1847
f 1847 1863 1848
f 1863 1864 1848
f 1848 1864 1865
f 1848 1865 1849
f 1849 1865 1866
f 1849 1866 1850
f 1850 1866 1867
f 1850 1867 1851
f 1851 1867 1868
f 1851 1868 1852
f 1852 1868 1853
f 1868 1869 1853
f 1853 1869 1854
f 1869 1870 1854
f 1854 1870 1855
f 1870 1871 1855
f 1855 1871 1840
f 1871 1856 1840
f 1856 1872 1873
f 1856 1873 1857
f 1857 1873 1874
f 1857 1874 1858
f 1858 1874 1875
f 1858 1875 1859
f 1859 1875 1876
f 1859 1876 1860
f 1860 1876 1861
f 1876 1877 1861
f 1861 1877 1862
f 1877 1878 1862
f 1862 1878 1863
f 1878 1879 1863
f 1863 1879 1864
f 1879 1880 1864
f 1864 1880 1881
f 1864 1881 1865
f 1865 1881 1882
f 1865 1882 1866
f 1866 1882 1883
f 1866 1883 1867
f 1867 1883 1884
f 1867 1884 1868
f 1868 1884 1869
f 1884 1885 1869
f 1869 1885 1870
f 1885 1886 1870
f 1870 1886 1871
f 1886 1887 1871
f 1871 1887 1856
f 1887 1872 1856
f 1872 1888 1889
f 1872 1889 1873
f 1873 1889 1890
f 1873 1890 1874
f 1874 1890 1891
f 1874 1891 1875
f 1875 1891 1892
f 1875 1892 1876
f 1876 1892 1877
f 1892 1893 1877
f 1877 1893 1878
f 1893 1894 1878
f 1878 1894 1879
f 1894 1895 1879
f 1879 1895 1880
f 1895 1896 1880
f 1880 1896 1897
f 1880 1897 1881
f 1881 1897 1898
f 1881 1898 1882
f 1882 1898 1899
f 1882 1899 1883
f 1883 1899 1900
f 1883 1900 1884
f 1884 1900 1885
f 1900 1901 1885
f 1885 1901 1886
f 1901 1902 1886
f 1886 1902 1887
f 1902 1903 1887
f 1887 1903 1872
f 1903 1888 1872
f 1888 1904 1905
f 1888 1905 1889
f 1889 1905 1906
f 1889 1906 1890
f 1890 1906 1907
f 1890 1907 1891
f 1891 1907 1908
f 1891 1908 1892
f 1892 1908 1893
f 1908 1909 1893
f 1893 1909 1894
f 1909 1910 1894
f 1894 1910 1895
f 1910 1911 1895
f 1895 1911 1896
f 1911 1912 1896
f 1896 1912 1913
f 1896 1913 1897
f 1897 1913 1914
f 1897 1914 1898
f 1898 1914 1915
f 1898 1915 1899
f 1899 1915 1916
f 1899 1916 1900
f 1900 1916 1901
f 1916 1917 1901
f 1901 1917 1902
f 1917 1918 1902
f 1902 1918 1903
f 1918 1919 1903
f 1903 1919 1888
f 1919 1904 1888
f 1904 1920 1921
f 1904 1921 1905
f 1905 1921 1922
f 1905 1922 1906
f 1906 1922 1923
f 1906 1923 1907
f 1907 1923 1924
f 1907 1924 1908
f 1908 1924 1909
f 1924 1925 1909
f 1909 1925 1910
f 1925 1926 1910
f 1910 1926 1911
f 1926 1927 1911
f 1911 1927 1912
f 1927 1928 1912
f 1912 1928 1929
f 1912 1929 1913
f 1913 1929 1930
f 1913 1930 1914
f 1914 1930 1931
f 1914 1931 1915
f 1915 1931 1932
f 1915 1932 1916
f 1916 1932 1917
f 1932 1933 1917
f 1917 1933 1918
f 1933 1934 1918
f 1918 1934 1919
f 1934 1935 1919
f 1919 1935 1904
f 1935 1920 1904
f 1920 1936 1937
f 1920 1937 1921
f 1921 1937 1938
f 1921 1938 1922
f 1922 1938 1939
f 1922 1939 1923
f 1923 1939 1940
f 1923 1940 1924
f 1924 1940 1925
f 1940 1941 1925
f 1925 1941 1926
f 1941 1942 1926
f 1926 1942 1927
f 1942 1943 1927
f 1927 1943 1928
f 1943 1944 1928
f 1928 1944 1945
f 1928 1945 1929
f 1929 1945 1946
f 1929 1946 1930
f 1930 1946 1947
f 1930 1947 1931
f 1931 1947 1948
f 1931 1948 1932
f 1932 1948 1933
f 1948 1949 1933
f 1933 1949 1934
f 1949 1950 1934
f 1934 1950 1935
f 1950 1951 1935
f 1935 1951 1920
f 1951 1936 1920
f 1936 1952 1953
f 1936 1953 1937
f 1937 1953 1954
f 1937 1954 1938
f 1938 1954 1955
f 1938 1955 1939
f 1939 1955 1956
f 1939 1956 1940
f 1940 1956 1941
f 1956 1957 1941
f 1941 1957 1942
f 1957 1958 1942
f 1942 1958 1943
f 1958 1959 1943
f 1943 1959 1944
f 1959 1960 1944
f 1944 1960 1961
f 1944 1961 1945
f 1945 1961 1962
f 1945 1962 1946
f 1946 1962 1963
f 1946 1963 1947
f 1947 1963 1964
f 1947 1964 1948
f 1948 1964 1949
f 1964 1965 1949
f 1949 1965 1950
f 1965 1966 1950
f 1950 1966 1951
f 1966 1967 1951
f 1951 1967 1936
f 1967 1952 1936
f 1952 1968 1969
f 1952 1969 1953
f 1953 1969 1970
f 1953 1970 1954
f 1954 1970 1971
f 1954 1971 1955
f 1955 1971 1972
f 1955 1972 1956
f 1956 1972 1957
f 1972 1973 1957
f 1957 1973 1958
f 1973 1974 1958
f 1958 1974 1959
f 1974 1975 1959
f 1959 1975 1960
f 1975 1976 1960
f 1960 1976 1977
f 1960 1977 1961
f 1961 1977 1978
f 1961 1978 1962
f 1962 1978 1979
f 1962 1979 1963
f 1963 1979 1980
f 1963 1980 1964
f 1964 1980 1965
f 1980 1981 1965
f 1965 1981 1966
f 1981 1982 1966
f 1966 1982 1967
f 1982 1983 1967
f 1967 1983 1952
f 1983 1968 1952
f 1968 1984 1985
f 1968 1985 1969
f 1969 1985 1986
f 1969 1986 1970
f 1970 1986 1987
f 1970 1987 1971
f 1971 1987 1988
f 1971 1988 1972
f 1972 1988 1973
f 1988 1989 1973
f 1973 1989 1974
f 1989 1990 1974
f 1974 1990 1975
f 1990 1991 1975
f 1975 1991 1976
f 1991 1992 1976
f 1976 1992 1993
f 1976 1993 1977
f 1977 1993 1994
f 1977 1994 1978
f 1978 1994 1995
f 1978 1995 1979
f 1979 1995 1996
f 1979 1996 1980
f 1980 1996 1981
f 1996 1997 1981
f 1981 1997 1982
f 1997 1998 1982
f 1982 1998 1983
f 1998 1999 1983
f 1983 1999 1968
f 1999 1984 1968
f 1984 2000 1985
f 1985 2000 1986
f 1986 2000 1987
f 1987 2000 1988
f 1988 2000 1989
f 1989 2000 1990
f 1990 2000 1991
f 1991 2000 1992
f 1992 2000 1993
f 1993 2000 1994
f 1994 2000 1995
f 1995 2000 1996
f 1996 2000 1997
f 1997 2000 1998
f 1998 2000 1999
f 1999 2000 1984
f 2001 2002 2003
f 2002 2004 2003
f 2004 2005 2003
f 2005 2006 2003
f 2003 2006 2007
f 2003 2007 2008
f 2003 2008 2009
f 2003 2009 2010
f 2010 2011 2003
f 2011 2012 2003
f 2012 2013 2003
f 2013 2014 2003
f 2003 2014 2015
f 2003 2015 2016
f 2003 2016 2017
f 2003 2017 2001
f 2001 2018 2002
f 2018 2019 2002
f 2002 2019 2004
f 2019 2020 2004
f 2004 2020 2005
f 2020 2021 2005
f 2005 2021 2006
f 2021 2022 2006
f 2006 2022 2023
f 2006 2023 2007
f 2007 2023 2024
f 2007 2024 2008
f 2008 2024 2025
f 2008 2025 2009
f 2009 2025 2026
f 2009 2026 2010
f 2010 2026 2011
f 2026 2027 2011
f 2011 2027 2012
f 2027 2028 2012
f 2012 2028 2013
f 2028 2029 2013
f 2013 2029 2014
f 2029 2030 2014
f 2014 2030 2031
f 2014 2031 2015
f 2015 2031 2032
f 2015 2032 2016
f 2016 2032 2033
f 2016 2033 2017
f 2017 2033 2018
f 2017 2018 2001
f 2018 2034 2019
f 2034 2035 2019
f 2019 2035 2020
f 2035 2036 2020
f 2020 2036 2021
f 2036 2037 2021
f 2021 2037 2022
f 2037 2038 2022
f 2022 2038 2039
f 2022 2039 2023
f 2023 2039 2040
f 2023 2040 2024
f 2024 2040 2041
f 2024 2041 2025
f 2025 2041 2042
f 2025 2042 2026
f 2026 2042 2027
f 2042 2043 2027
f 2027 2043 2028
f 2043 2044 2028
f 2028 2044 2029
f 2044 2045 2029
f 2029 2045 2030
f 2045 2046 2030
f 2030 2046 2047
f 2030 2047 2031
f 2031 2047 2048
f 2031 2048 2032
f 2032 2048 2049
f 2032 2049 2033
f 2033 2049 2034
f 2033 2034 2018
f 2034 2050 2035
f 2050 2051 2035
f 2035 2051 2036
f 2051 2052 2036
f 2036 2052 2037
f 2052 2053 2037
f 2037 2053 2038
f 2053 2054 2038
f 2038 2054 2055
f 2038 2055 2039
f 2039 2055 2056
f 2039 2056 2040
f 2040 2056 2057
f 2040 2057 2041
f 2041 2057 2058
f 2041 2058 2042
f 2042 2058 2043
f 2058 2059 2043
f 2043 2059 2044
f 2059 2060 2044
f 2044 2060 2045
f 2060 2061 2045
f 2045 2061 2046
f 2061 2062 2046
f 2046 2062 2063
f 2046 2063 2047
f 2047 2063 2064
f 2047 2064 2048
f 2048 2064 2065
f 2048 2065 2049
f 2049 2065 2050
f 2049 2050 2034
f 2050 2066 2051
f 2066 2067 2051
f 2051 2067 2052
f 2067 2068 2052
f 2052 2068 2053
f 2068 2069 2053
f 2053 2069 2054
f 2069 2070 2054
f 2054 2070 2071
f 2054 2071 2055
f 2055 2071 2072
f 2055 2072 2056
f 2056 2072 2073
f 2056 2073 2057
f 2057 2073 2074
f 2057 2074 2058
f 2058 2074 2059
f 2074 2075 2059
f 2059 2075 2060
f 2075 2076 2060
f 2060 2076 2061
f 2076 2077 2061
f 2061 2077 2062
f 2077 2078 2062
f 2062 2078 2079
f 2062 2079 2063
f 2063 2079 2080
f 2063 2080 2064
f 2064 2080 2081
f 2064 2081 2065
f 2065 2081 2066
f 2065 2066 2050
f 2066 2082 2067
f 2082 2083 2067
f 2067 2083 2068
f 2083 2084 2068
f 2068 2084 2069
f 2084 2085 2069
f 2069 2085 2070
f 2085 2086 2070
f 2070 2086 2087
f 2070 2087 2071
f 2071 2087 2088
f 2071 2088 2072
f 2072 2088 2089
f 2072 2089 2073
f 2073 2089 2090
f 2073 2090 2074
f 2074 2090 2075
f 2090 2091 2075
f 2075 2091 2076
f 2091 2092 2076
f 2076 2092 2077
f 2092 2093 2077
f 2077 2093 2078
f 2093 2094 2078
f 2078 2094 2095
f 2078 2095 2079
f 2079 2095 2096
f 2079 2096 2080
f 2080 2096 2097
f 2080 2097 2081
f 2081 2097 2082
f 2081 2082 2066
f 2082 2098 2083
f 2098 2099 2083
f 2083 2099 2084
f 2099 2100 2084
f 2084 2100 2085
f 2100 2101 2085
f 2085 2101 2086
f 2101 2102 2086
f 2086 2102 2103
f 2086 2103 2087
f 2087 2103 2104
f 2087 2104 2088
f 2088 2104 2105
f 2088 2105 2089
f 2089 2105 2106
f 2089 2106 2090
f 2090 2106 2091
f 2106 2107 2091
f 2091 2107 2092
f 2107 2108 2092
f 2092 2108 2093
f 2108 2109 2093
f 2093 2109 2094
f 2109 2110 2094
f 2094 2110 2111
f 2094 2111 2095
f 2095 2111 2112
f 2095 2112 2096
f 2096 2112 2113
f 2096 2113 2097
f 2097 2113 2098
f 2097 2098 2082
f 2098 2114 2099
f 2114 2115 2099
f 2099 2115 2100
f 2115 2116 2100
f 2100 2116 2101
f 2116 2117 2101
f 2101 2117 2102
f 2117 2118 2102
f 2102 2118 2119
f 2102 2119 2103
f 2103 2119 2120
f 2103 2120 2104
f 2104 2120 2121
f 2104 2121 2105
f 2105 2121 2122
f 2105 2122 2106
f 2106 2122 2107
f 2122 2123 2107
f 2107 2123 2108
f 2123 2124 2108
f 2108 2124 2109
f 2124 2125 2109
f 2109 2125 2110
f 2125 2126 2110
f 2110 2126 2127
f 2110 2127 2111
f 2111 2127 2128
f 2111 2128 2112
f 2112 2128 2129
f 2112 2129 2113
f 2113 2129 2114
f 2113 2114 2098
f 2114 2130 2115
f 2130 2131 2115
f 2115 2131 2116
f 2131 2132 2116
f 2116 2132 2117
f 2132 2133 2117
f 2117 2133 2118
f 2133 2134 2118
f 2118 2134 2135
f 2118 2135 2119
f 2119 2135 2136
f 2119 2136 2120
f 2120 2136 2137
f 2120 2137 2121
f 2121 2137 2138
f 2121 2138 2122
f 2122 2138 2123
f 2138 2139 2123
f 2123 2139 2124
f 2139 2140 2124
f 2124 2140 2125
f 2140 2141 2125
f 2125 2141 2126
f 2141 2142 2126
f 2126 2142 2143
f 2126 2143 2127
f 2127 2143 2144
f 2127 2144 2128
f 2128 2144 2145
f 2128 2145 2129
f 2129 2145 2130
f 2129 2130 2114
f 2130 2146 2131
f 2146 2147 2131
f 2131 2147 2132
f 2147 2148 2132
f 2132 2148 2133
f 2148 2149 2133
f 2133 2149 2134
f 2149 2150 2134
f 2134 2150 2151
f 2134 2151 2135
f 2135 2151 2152
f 2135 2152 2136
f 2136 2152 2153
f 2136 2153 2137
f 2137 2153 2154
f 2137 2154 2138
f 2138 2154 2139
f 2154 2155 2139
f 2139 2155 2140
f 2155 2156 2140
f 2140 2156 2141
f 2156 2157 2141
f 2141 2157 2142
f 2157 2158 2142
f 2142 2158 2159
f 2142 2159 2143
f 2143 2159 2160
f 2143 2160 2144
f 2144 2160 2161
f 2144 2161 2145
f 2145 2161 2146
f 2145 2146 2130
f 2146 2162 2163
f 2146 2163 2147
f 2147 2163 2164
f 2147 2164 2148
f 2148 2164 2165
f 2148 2165 2149
f 2149 2165 2166
f 2149 2166 2150
f 2150 2166 2151
f 2166 2167 2151
f 2151 2167 2152
f 2167 2168 2152
f 2152 2168 2153
f 2168 2169 2153
f 2153 2169 2154
f 2169 2170 2154
f 2154 2170 2171
f 2154 2171 2155
f 2155 2171 2172
f 2155 2172 2156
f 2156 2172 2173
f 2156 2173 2157
f 2157 2173 2174
f 2157 2174 2158
f 2158 2174 2159
f 2174 2175 2159
f 2159 2175 2160
f 2175 2176 2160
f 2160 2176 2161
f 2176 2177 2161
f 2161 2177 2146
f 2177 2162 2146
f 2162 2178 2179
f 2162 2179 2163
f 2163 2179 2180
f 2163 2180 2164
f 2164 2180 2181
f 2164 2181 2165
f 2165 2181 2182
f 2165 2182 2166
f 2166 2182 2167
f 2182 2183 2167
f 2167 2183 2168
f 2183 2184 2168
f 2168 2184 2169
f 2184 2185 2169
f 2169 2185 2170
f 2185 2186 2170
f 2170 2186 2187
f 2170 2187 2171
f 2171 2187 2188
f 2171 2188 2172
f 2172 2188 2189
f 2172 2189 2173
f 2173 2189 2190
f 2173 2190 2174
f 2174 2190 2175
f 2190 2191 2175
f 2175 2191 2176
f 2191 2192 2176
f 2176 2192 2177
f 2192 2193 2177
f 2177 2193 2162
f 2193 2178 2162
f 2178 2194 2195
f 2178 2195 2179
f 2179 2195 2196
f 2179 2196 2180
f 2180 2196 2197
f 2180 2197 2181
f 2181 2197 2198
f 2181 2198 2182
f 2182 2198 2183
f 2198 2199 2183
f 2183 2199 2184
f 2199 2200 2184
f 2184 2200 2185
f 2200 2201 2185
f 2185 2201 2186
f 2201 2202 2186
f 2186 2202 2203
f 2186 2203 2187
f 2187 2203 2204
f 2187 2204 2188
f 2188 2204 2205
f 2188 2205 2189
f 2189 2205 2206
f 2189 2206 2190
f 2190 2206 2191
f 2206 2207 2191
f 2191 2207 2192
f 2207 2208 2192
f 2192 2208 2193
f 2208 2209 2193
f 2193 2209 2178
f 2209 2194 2178
f 2194 2210 2211
f 2194 2211 2195
f 2195 2211 2212
f 2195 2212 2196
f 2196 2212 2213
f 2196 2213 2197
f 2197 2213 2214
f 2197 2214 2198
f 2198 2214 2199
f 2214 2215 2199
f 2199 2215 2200
f 2215 2216 2200
f 2200 2216 2201
f 2216 2217 2201
f 2201 2217 2202
f 2217 2218 2202
f 2202 2218 2219
f 2202 2219 2203
f 2203 2219 2220
f 2203 2220 2204
f 2204 2220 2221
f 2204 2221 2205
f 2205 2221 2222
f 2205 2222 2206
f 2206 2222 2207
f 2222 2223 2207
f 2207 2223 2208
f 2223 2224 2208
f 2208 2224 2209
f 2224 2225 2209
f 2209 2225 2194
f 2225 2210 2194
f 2210 2226 2227
f 2210 2227 2211
f 2211 2227 2228
f 2211 2228 2212
f 2212 2228 2229
f 2212 2229 2213
f 2213 2229 2230
f 2213 2230 2214
f 2214 2230 2215
f 2230 2231 2215
f 2215 2231 2216
f 2231 2232 2216
f 2216 2232 2217
f 2232 2233 2217
f 2217 2233 2218
f 2233 2234 2218
f 2218 2234 2235
f 2218 2235 2219
f 2219 2235 2236
f 2219 2236 2220
f 2220 2236 2237
f 2220 2237 2221
f 2221 2237 2238
f 2221 2238 2222
f 2222 2238 2223
f 2238 2239 2223
f 2223 2239 2224
f 2239 2240 2224
f 2224 2240 2225
f 2240 2241 2225
f 2225 2241 2210
f 2241 2226 2210
f 2226 2242 2243
f 2226 2243 2227
f 2227 2243 2244
f 2227 2244 2228
f 2228 2244 2245
f 2228 2245 2229
f 2229 2245 2246
f 2229 2246 2230
f 2230 2246 2231
f 2246 2247 2231
f 2231 2247 2232
f 2247 2248 2232
f 2232 2248 2233
f 2248 2249 2233
f 2233 2249 2234
f 2249 2250 2234
f 2234 2250 2251
f 2234 2251 2235
f 2235 2251 2252
f 2235 2252 2236
f 2236 2252 2253
f 2236 2253 2237
f 2237 2253 2254
f 2237 2254 2238
f 2238 2254 2239
f 2254 2255 2239
f 2239 2255 2240
f 2255 2256 2240
f 2240 2256 2241
f 2256 2257 2241
f 2241 2257 2226
f 2257 2242 2226
f 2242 2258 2259
f 2242 2259 2243
f 2243 2259 2260
f 2243 2260 2244
f 2244 2260 2261
f 2244 2261 2245
f 2245 2261 2262
f 2245 2262 2246
f 2246 2262 2247
f 2262 2263 2247
f 2247 2263 2248
f 2263 2264 2248
f 2248 2264 2249
f 2264 2265 2249
f 2249 2265 2250
f 2265 2266 2250
f 2250 2266 2267
f 2250 2267 2251
f 2251 2267 2268
f 2251 2268 2252
f 2252 2268 2269
f 2252 2269 2253
f 2253 2269 2270
f 2253 2270 2254
f 2254 2270 2255
f 2270 2271 2255
f 2255 2271 2256
f 2271 2272 2256
f 2256 2272 2257
f 2272 2273 2257
f 2257 2273 2242
f 2273 2258 2242
f 2258 2274 2275
f 2258 2275 2259
f 2259 2275 2276
f 2259 2276 2260
f 2260 2276 2277
f 2260 2277 2261
f 2261 2277 2278
f 2261 2278 2262
f 2262 2278 2263
f 2278 2279 2263
f 2263 2279 2264
f 2279 2280 2264
f 2264 2280 2265
f 2280 2281 2265
f 2265 2281 2266
f 2281 2282 2266
f 2266 2282 2283
f 2266 2283 2267
f 2267 2283 2284
f 2267 2284 2268
f 2268 2284 2285
f 2268 2285 2269
f 2269 2285 2286
f 2269 2286 2270
f 2270 2286 2271
f 2286 2287 2271
f 2271 2287 2272
f 2287 2288 2272
f 2272 2288 2273
f 2288 2289 2273
f 2273 2289 2258
f 2289 2274 2258
f 2274 2290 2291
f 2274 2291 2275
f 2275 2291 2292
f 2275 2292 2276
f 2276 2292 2293
f 2276 2293 2277
f 2277 2293 2294
f 2277 2294 2278
f 2278 2294 2279
f 2294 2295 2279
f 2279 2295 2280
f 2295 2296 2280
f 2280 2296 2281
f 2296 2297 2281
f 2281 2297 2282
f 2297 2298 2282
f 2282 2298 2299
f 2282 2299 2283
f 2283 2299 2300
f 2283 2300 2284
f 2284 2300 2301
f 2284 2301 2285
f 2285 2301 2302
f 2285 2302 2286
f 2286 2302 2287
f 2302 2303 2287
f 2287 2303 2288
f 2303 2304 2288
f 2288 2304 2289
f 2304 2305 2289
f 2289 2305 2274
f 2305 2290 2274
f 2290 2306 2291
f 2291 2306 2292
f 2292 2306 2293
f 2293 2306 2294
f 2294 2306 2295
f 2295 2306 2296
f 2296 2306 2297
f 2297 2306 2298
f 2298 2306 2299
f 2299 2306 2300
f 2300 2306 2301
f 2301 2306 2302
f 2302 2306 2303
f 2303 2306 2304
f 2304 2306 2305
f 2305 2306 2290
f 2307 2308 2309
f 2308 2310 2309
f 2310 2311 2309
f 2311 2312 2309
f 2309 2312 2313
f 2309 2313 2314
f 2309 2314 2315
f 2309 2315 2316
f 2316 2317 2309
f 2317 2318 2309
f 2318 2319 2309
f 2319 2320 2309
f 2309 2320 2321
f 2309 2321 2322
f 2309 2322 2323
f 2309 2323 2307
f 2307 2324 2308
f 2324 2325 2308
f 2308 2325 2310
f 2325 2326 2310
f 2310 2326 2311
f 2326 2327 2311
f 2311 2327 2312
f 2327 2328 2312
f 2312 2328 2329
f 2312 2329 2313
f 2313 2329 2330
f 2313 2330 2314
f 2314 2330 2331
f 2314 2331 2315
f 2315 2331 2332
f 2315 2332 2316
f 2316 2332 2317
f 2332 2333 2317
f 2317 2333 2318
f 2333 2334 2318
f 2318 2334 2319
f 2334 2335 2319
f 2319 2335 2320
f 2335 2336 2320
f 2320 2336 2337
f 2320 2337 2321
f 2321 2337 2338
f 2321 2338 2322
f 2322 2338 2339
f 2322 2339 2323
f 2323 2339 2324
f 2323 2324 2307
f 2324 2340 2325
f 2340 2341 2325
f 2325 2341 2326
f 2341 2342 2326
f 2326 2342 2327
f 2342 2343 2327
f 2327 2343 2328
f 2343 2344 2328
f 2328 2344 2345
f 2328 2345 2329
f 2329 2345 2346
f 2329 2346 2330
f 2330 2346 2347
f 2330 2347 2331
f 2331 2347 2348
f 2331 2348 2332
f 2332 2348 2333
f 2348 2349 2333
f 2333 2349 2334
f 2349 2350 2334
f 2334 2350 2335
f 2350 2351 2335
f 2335 2351 2336
f 2351 2352 2336
f 2336 2352 2353
f 2336 2353 2337
f 2337 2353 2354
f 2337 2354 2338
f 2338 2354 2355
f 2338 2355 2339
f 2339 2355 2340
f 2339 2340 2324
f 2340 2356 2341
f 2356 2357 2341
f 2341 2357 2342
f 2357 2358 2342
f 2342 2358 2343
f 2358 2359 2343
f 2343 2359 2344
f 2359 2360 2344
f 2344 2360 2361
f 2344 2361 2345
f 2345 2361 2362
f 2345 2362 2346
f 2346 2362 2363
f 2346 2363 2347
f 2347 2363 2364
f 2347 2364 2348
f 2348 2364 2349
f 2364 2365 2349
f 2349 2365 2350
f 2365 2366 2350
f 2350 2366 2351
f 2366 2367 2351
f 2351 2367 2352
f 2367 2368 2352
f 2352 2368 2369
f 2352 2369 2353
f 2353 2369 2370
f 2353 2370 2354
f 2354 2370 2371
f 2354 2371 2355
f 2355 2371 2356
f 2355 2356 2340
f 2356 2372 2357
f 2372 2373 2357
f 2357 2373 2358
f 2373 2374 2358
f 2358 2374 2359
f 2374 2375 2359
f 2359 2375 2360
f 2375 2376 2360
f 2360 2376 2377
f 2360 2377 2361
f 2361 2377 2378
f 2361 2378 2362
f 2362 2378 2379
f 2362 2379 2363
f 2363 2379 2380
f 2363 2380 2364
f 2364 2380 2365
f 2380 2381 2365
f 2365 2381 2366
f 2381 2382 2366
f 2366 2382 2367
f 2382 2383 2367
f 2367 2383 2368
f 2383 2384 2368
f 2368 2384 2385
f 2368 2385 2369
f 2369 2385 2386
f 2369 2386 2370
f 2370 2386 2387
f 2370 2387 2371
f 2371 2387 2372
f 2371 2372 2356
f 2372 2388 2373
f 2388 2389 2373
f 2373 2389 2374
f 2389 2390 2374
f 2374 2390 2375
f 2390 2391 2375
f 2375 2391 2376
f 2391 2392 2376
f 2376 2392 2393
f 2376 2393 2377
f 2377 2393 2394
f 2377 2394 2378
f 2378 2394 2395
f 2378 2395 2379
f 2379 2395 2396
f 2379 2396 2380
f 2380 2396 2381
f 2396 2397 2381
f 2381 2397 2382
f 2397 2398 2382
f 2382 2398 2383
f 2398 2399 2383
f 2383 2399 2384
f 2399 2400 2384
f 2384 2400 2401
f 2384 2401 2385
f 2385 2401 2402
f 2385 2402 2386
f 2386 2402 2403
f 2386 2403 2387
f 2387 2403 2388
f 2387 2388 2372
f 2388 2404 2389
f 2404 2405 2389
f 2389 2405 2390
f 2405 2406 2390
f 2390 2406 2391
f 2406 2407 2391
f 2391 2407 2392
f 2407 2408 2392
f 2392 2408 2409
f 2392 2409 2393
f 2393 2409 2410
f 2393 2410 2394
f 2394 2410 2411
f 2394 2411 2395
f 2395 2411 2412
f 2395 2412 2396
f 2396 2412 2397
f 2412 2413 2397
f 2397 2413 2398
f 2413 2414 2398
f 2398 2414 2399
f 2414 2415 2399
f 2399 2415 2400
f 2415 2416 2400
f 2400 2416 2417
f 2400 2417 2401
f 2401 2417 2418
f 2401 2418 2402
f 2402 2418 2419
f 2402 2419 2403
f 2403 2419 2404
f 2403 2404 2388
f 2404 2420 2405
f 2420 2421 2405
f 2405 2421 2406
f 2421 2422 2406
f 2406 2422 2407
f 2422 2423 2407
f 2407 2423 2408
f 2423 2424 2408
f 2408 2424 2425
f 2408 2425 2409
f 2409 2425 2426
f 2409 2426 2410
f 2410 2426 2427
f 2410 2427 2411
f 2411 2427 2428
f 2411 2428 2412
f 2412 2428 2413
f 2428 2429 2413
f 2413 2429 2414
f 2429 2430 2414
f 2414 2430 2415
f 2430 2431 2415
f 2415 2431 2416
f 2431 2432 2416
f 2416 2432 2433
f 2416 2433 2417
f 2417 2433 2434
f 2417 2434 2418
f 2418 2434 2435
f 2418 2435 2419
f 2419 2435 2420
f 2419 2420 2404
f 2420 2436 2421
f 2436 2437 2421
f 2421 2437 2422
f 2437 2438 2422
f 2422 2438 2423
f 2438 2439 2423
f 2423 2439 2424
f 2439 2440 2424
f 2424 2440 2441
f 2424 2441 2425
f 2425 2441 2442
f 2425 2442 2426
f 2426 2442 2443
f 2426 2443 2427
f 2427 2443 2444
f 2427 2444 2428
f 2428 2444 2429
f 2444 2445 2429
f 2429 2445 2430
f 2445 2446 2430
f 2430 2446 2431
f 2446 2447 2431
f 2431 2447 2432
f 2447 2448 2432
f 2432 2448 2449
f 2432 2449 2433
f 2433 2449 2450
f 2433 2450 2434
f 2434 2450 2451
f 2434 2451 2435
f 2435 2451 2436
f 2435 2436 2420
f 2436 2452 2437
f 2452 2453 2437
f 2437 2453 2438
f 2453 2454 2438
f 2438 2454 2439
f 2454 2455 2439
f 2439 2455 2440
f 2455 2456 2440
f 2440 2456 2457
f 2440 2457 2441
f 2441 2457 2458
f 2441 2458 2442
f 2442 2458 2459
f 2442 2459 2443
f 2443 2459 2460
f 2443 2460 2444
f 2444 2460 2445
f 2460 2461 2445
f 2445 2461 2446
f 2461 2462 2446
f 2446 2462 2447
f 2462 2463 2447
f 2447 2463 2448
f 2463 2464 2448
f 2448 2464 2465
f 2448 2465 2449
f 2449 2465 2466
f 2449 2466 2450
f 2450 2466 2467
f 2450 2467 2451
f 2451 2467 2452
f 2451 2452 2436
f 2452 2468 2469
f 2452 2469 2453
f 2453 2469 2470
f 2453 2470 2454
f 2454 2470 2471
f 2454 2471 2455
f 2455 2471 2472
f 2455 2472 2456
f 2456 2472 2457
f 2472 2473 2457
f 2457 2473 2458
f 2473 2474 2458
f 2458 2474 2459
f 2474 2475 2459
f 2459 2475 2460
f 2475 2476 2460
f 2460 2476 2477
f 2460 2477 2461
f 2461 2477 2478
f 2461 2478 2462
f 2462 2478 2479
f 2462 2479 2463
f 2463 2479 2480
f 2463 2480 2464
f 2464 2480 2465
f 2480 2481 2465
f 2465 2481 2466
f 2481 2482 2466
f 2466 2482 2467
f 2482 2483 2467
f 2467 2483 2452
f 2483 2468 2452
f 2468 2484 2485
f 2468 2485 2469
f 2469 2485 2486
f 2469 2486 2470
f 2470 2486 2487
f 2470 2487 2471
f 2471 2487 2488
f 2471 2488 2472
f 2472 2488 2473
f 2488 2489 2473
f 2473 2489 2474
f 2489 2490 2474
f 2474 2490 2475
f 2490 2491 2475
f 2475 2491 2476
f 2491 2492 2476
f 2476 2492 2493
f 2476 2493 2477
f 2477 2493 2494
f 2477 2494 2478
f 2478 2494 2495
f 2478 2495 2479
f 2479 2495 2496
f 2479 2496 2480
f 2480 2496 2481
f 2496 2497 2481
f 2481 2497 2482
f 2497 2498 2482
f 2482 2498 2483
f 2498 2499 2483
f 2483 2499 2468
f 2499 2484 2468
f 2484 2500 2501
f 2484 2501 2485
f 2485 2501 2502
f 2485 2502 2486
f 2486 2502 2503
f 2486 2503 2487
f 2487 2503 2504
f 2487 2504 2488
f 2488 2504 2489
f 2504 2505 2489
f 2489 2505 2490
f 2505 2506 2490
f 2490 2506 2491
f 2506 2507 2491
f 2491 2507 2492
f 2507 2508 2492
f 2492 2508 2509
f 2492 2509 2493
f 2493 2509 2510
f 2493 2510 2494
f 2494 2510 2511
f 2494 2511 2495
f 2495 2511 2512
f 2495 2512 2496
f 2496 2512 2497
f 2512 2513 2497
f 2497 2513 2498
f 2513 2514 2498
f 2498 2514 2499
f 2514 2515 2499
f 2499 2515 2484
f 2515 2500 2484
f 2500 2516 2517
f 2500 2517 2501
f 2501 2517 2518
f 2501 2518 2502
f 2502 2518 2519
f 2502 2519 2503
f 2503 2519 2520
f 2503 2520 2504
f 2504 2520 2505
f 2520 2521 2505
f 2505 2521 2506
f 2521 2522 2506
f 2506 2522 2507
f 2522 2523 2507
f 2507 2523 2508
f 2523 2524 2508
f 2508 2524 2525
f 2508 2525 2509
f 2509 2525 2526
f 2509 2526 2510
f 2510 2526 2527
f 2510 2527 2511
f 2511 2527 2528
f 2511 2528 2512
f 2512 2528 2513
f 2528 2529 2513
f 2513 2529 2514
f 2529 2530 2514
f 2514 2530 2515
f 2530 2531 2515
f 2515 2531 2500
f 2531 2516 2500
f 2516 2532 2533
f 2516 2533 2517
f 2517 2533 2534
f 2517 2534 2518
f 2518 2534 2535
f 2518 2535 2519
f 2519 2535 2536
f 2519 2536 2520
f 2520 2536 2521
f 2536 2537 2521
f 2521 2537 2522
f 2537 2538 2522
f 2522 2538 2523
f 2538 2539 2523
f 2523 2539 2524
f 2539 2540 2524
f 2524 2540 2541
f 2524 2541 2525
f 2525 2541 2542
f 2525 2542 2526
f 2526 2542 2543
f 2526 2543 2527
f 2527 2543 2544
f 2527 2544 2528
f 2528 2544 2529
f 2544 2545 2529
f 2529 2545 2530
f 2545 2546 2530
f 2530 2546 2531
f 2546 2547 2531
f 2531 2547 2516
f 2547 2532 2516
f 2532 2548 2549
f 2532 2549 2533
f 2533 2549 2550
f 2533 2550 2534
f 2534 2550 2551
f 2534 2551 2535
f 2535 2551 2552
f 2535 2552 2536
f 2536 2552 2537
f 2552 2553 2537
f 2537 2553 2538
f 2553 2554 2538
f 2538 2554 2539
f 2554 2555 2539
f 2539 2555 2540
f 2555 2556 2540
f 2540 2556 2557
f 2540 2557 2541
f 2541 2557 2558
f 2541 2558 2542
f 2542 2558 2559
f 2542 2559 2543
f 2543 2559 2560
f 2543 2560 2544
f 2544 2560 2545
f 2560 2561 2545
f 2545 2561 2546
f 2561 2562 2546
f 2546 2562 2547
f 2562 2563 2547
f 2547 2563 2532
f 2563 2548 2532
f 2548 2564 2565
f 2548 2565 2549
f 2549 2565 2566
f 2549 2566 2550
f 2550 2566 2567
f 2550 2567 2551
f 2551 2567 2568
f 2551 2568 2552
f 2552 2568 2553
f 2568 2569 2553
f 2553 2569 2554
f 2569 2570 2554
f 2554 2570 2555
f 2570 2571 2555
f 2555 2571 2556
f 2571 2572 2556
f 2556 2572 2573
f 2556 2573 2557
f 2557 2573 2574
f 2557 2574 2558
f 2558 2574 2575
f 2558 2575 2559
f 2559 2575 2576
f 2559 2576 2560
f 2560 2576 2561
f 2576 2577 2561
f 2561 2577 2562
f 2577 2578 2562
f 2562 2578 2563
f 2578 2579 2563
f 2563 2579 2548
f 2579 2564 2548
f 2564 2580 2581
f 2564 2581 2565
f 2565 2581 2582
f 2565 2582 2566
f 2566 2582 2583
f 2566 2583 2567
f 2567 2583 2584
f 2567 2584 2568
f 2568 2584 2569
f 2584 2585 2569
f 2569 2585 2570
f 2585 2586 2570
f 2570 2586 2571
f 2586 2587 2571
f 2571 2587 2572
f 2587 2588 2572
f 2572 2588 2589
f 2572 2589 2573
f 2573 2589 2590
f 2573 2590 2574
f 2574 2590 2591
f 2574 2591 2575
f 2575 2591 2592
f 2575 2592 2576
f 2576 2592 2577
f 2592 2593 2577
f 2577 2593 2578
f 2593 2594 2578
f 2578 2594 2579
f 2594 2595 2579
f 2579 2595 2564
f 2595 2580 2564
f 2580 2596 2597
f 2580 2597 2581
f 2581 2597 2598
f 2581 2598 2582
f 2582 2598 2599
f 2582 2599 2583
f 2583 2599 2600
f 2583 2600 2584
f 2584 2600 2585
f 2600 2601 2585
f 2585 2601 2586
f 2601 2602 2586
f 2586 2602 2587
f 2602 2603 2587
f 2587 2603 2588
f 2603 2604 2588
f 2588 2604 2605
f 2588 2605 2589
f 2589 2605 2606
f 2589 2606 2590
f 2590 2606 2607
f 2590 2607 2591
f 2591 2607 2608
f 2591 2608 2592
f 2592 2608 2593
f 2608 2609 2593
f 2593 2609 2594
f 2609 2610 2594
f 2594 2610 2595
f 2610 2611 2595
f 2595 2611 2580
f 2611 2596 2580
f 2596 2612 2597
f 2597 2612 2598
f 2598 2612 2599
f 2599 2612 2600
f 2600 2612 2601
f 2601 2612 2602
f 2602 2612 2603
f 2603 2612 2604
f 2604 2612 2605
f 2605 2612 2606
f 2606 2612 2607
f 2607 2612 2608
f 2608 2612 2609
f 2609 2612 2610
f 2610 2612 2611
f 2611 2612 2596
f 2613 2614 2615
f 2614 2616 2615
f 2616 2617 2615
f 2617 2618 2615
f 2615 2618 2619
f 2615 2619 2620
f 2615 2620 2621
f 2615 2621 2622
f 2622 2623 2615
f 2623 2624 2615
f 2624 2625 2615
f 2625 2626 2615
f 2615 2626 2627
f 2615 2627 2628
f 2615 2628 2629
f 2615 2629 2613
f 2613 2630 2614
f 2630 2631 2614
f 2614 2631 2616
f 2631 2632 2616
f 2616 2632 2617
f 2632 2633 2617
f 2617 2633 2618
f 2633 2634 2618
f 2618 2634 2635
f 2618 2635 2619
f 2619 2635 2636
f 2619 2636 2620
f 2620 2636 2637
f 2620 2637 2621
f 2621 2637 2638
f 2621 2638 2622
f 2622 2638 2623
f 2638 2639 2623
f 2623 2639 2624
f 2639 2640 2624
f 2624 2640 2625
f 2640 2641 2625
f 2625 2641 2626
f 2641 2642 2626
f 2626 2642 2643
f 2626 2643 2627
f 2627 2643 2644
f 2627 2644 2628
f 2628 2644 2645
f 2628 2645 2629
f 2629 2645 2630
f 2629 2630 2613
f 2630 2646 2631
f 2646 2647 2631
f 2631 2647 2632
f 2647 2648 2632
f 2632 2648 2633
f 2648 2649 2633
f 2633 2649 2634
f 2649 2650 2634
f 2634 2650 2651
f 2634 2651 2635
f 2635 2651 2652
f 2635 2652 2636
f 2636 2652 2653
f 2636 2653 2637
f 2637 2653 2654
f 2637 2654 2638
f 2638 2654 2639
f 2654 2655 2639
f 2639 2655 2640
f 2655 2656 2640
f 2640 2656 2641
f 2656 2657 2641
f 2641 2657 2642
f 2657 2658 2642
f 2642 2658 2659
f 2642 2659 2643
f 2643 2659 2660
f 2643 2660 2644
f 2644 2660 2661
f 2644 2661 2645
f 2645 2661 2646
f 2645 2646 2630
f 2646 2662 2647
f 2662 2663 2647
f 2647 2663 2648
f 2663 2664 2648
f 2648 2664 2649
f 2664 2665 2649
f 2649 2665 2650
f 2665 2666 2650
f 2650 2666 2667
f 2650 2667 2651
f 2651 2667 2668
f 2651 2668 2652
f 2652 2668 2669
f 2652 2669 2653
f 2653 2669 2670
f 2653 2670 2654
f 2654 2670 2655
f 2670 2671 2655
f 2655 2671 2656
f 2671 2672 2656
f 2656 2672 2657
f 2672 2673 2657
f 2657 2673 2658
f 2673 2674 2658
f 2658 2674 2675
f 2658 2675 2659
f 2659 2675 2676
f 2659 2676 2660
f 2660 2676 2677
f 2660 2677 2661
f 2661 2677 2662
f 2661 2662 2646
f 2662 2678 2663
f 2678 2679 2663
f 2663 2679 2664
f 2679 2680 2664
f 2664 2680 2665
f 2680 2681 2665
f 2665 2681 2666
f 2681 2682 2666
f 2666 2682 2683
f 2666 2683 2667
f 2667 2683 2684
f 2667 2684 2668
f 2668 2684 2685
f 2668 2685 2669
f 2669 2685 2686
f 2669 2686 2670
f 2670 2686 2671
f 2686 2687 2671
f 2671 2687 2672
f 2687 2688 2672
f 2672 2688 2673
f 2688 2689 2673
f 2673 2689 2674
f 2689 2690 2674
f 2674 2690 2691
f 2674 2691 2675
f 2675 2691 2692
f 2675 2692 2676
f 2676 2692 2693
f 2676 2693 2677
f 2677 2693 2678
f 2677 2678 2662
f 2678 2694 2679
f 2694 2695 2679
f 2679 2695 2680
f 2695 2696 2680
f 2680 2696 2681
f 2696 2697 2681
f 2681 2697 2682
f 2697 2698 2682
f 2682 2698 2699
f 2682 2699 2683
f 2683 2699 2700
f 2683 2700 2684
f 2684 2700 2701
f 2684 2701 2685
f 2685 2701 2702
f 2685 2702 2686
f 2686 2702 2687
f 2702 2703 2687
f 2687 2703 2688
f 2703 2704 2688
f 2688 2704 2689
f 2704 2705 2689
f 2689 2705 2690
f 2705 2706 2690
f 2690 2706 2707
f 2690 2707 2691
f 2691 2707 2708
f 2691 2708 2692
f 2692 2708 2709
f 2692 2709 2693
f 2693 2709 2694
f 2693 2694 2678
f 2694 2710 2695
f 2710 2711 2695
f 2695 2711 2696
f 2711 2712 2696
f 2696 2712 2697
f 2712 2713 2697
f 2697 2713 2698
f 2713 2714 2698
f 2698 2714 2715
f 2698 2715 2699
f 2699 2715 2716
f 2699 2716 2700
f 2700 2716 2717
f 2700 2717 2701
f 2701 2717 2718
f 2701 2718 2702
f 2702 2718 2703
f 2718 2719 2703
f 2703 2719 2704
f 2719 2720 2704
f 2704 2720 2705
f 2720 2721 2705
f 2705 2721 2706
f 2721 2722 2706
f 2706 2722 2723
f 2706 2723 2707
f 2707 2723 2724
f 2707 2724 2708
f 2708 2724 2725
f 2708 2725 2709
f 2709 2725 2710
f 2709 2710 2694
f 2710 2726 2711
f 2726 2727 2711
f 2711 2727 2712
f 2727 2728 2712
f 2712 2728 2713
f 2728 2729 2713
f 2713 2729 2714
f 2729 2730 2714
f 2714 2730 2731
f 2714 2731 2715
f 2715 2731 2732
f 2715 2732 2716
f 2716 2732 2733
f 2716 2733 2717
f 2717 2733 2734
f 2717 2734 2718
f 2718 2734 2719
f 2734 2735 2719
f 2719 2735 2720
f 2735 2736 2720
f 2720 2736 2721
f 2736 2737 2721
f 2721 2737 2722
f 2737 2738 2722
f 2722 2738 2739
f 2722 2739 2723
f 2723 2739 2740
f 2723 2740 2724
f 2724 2740 2741
f 2724 2741 2725
f 2725 2741 2726
f 2725 2726 2710
f 2726 2742 2727
f 2742 2743 2727
f 2727 2743 2728
f 2743 2744 2728
f 2728 2744 2729
f 2744 2745 2729
f 2729 2745 2730
f 2745 2746 2730
f 2730 2746 2747
f 2730 2747 2731
f 2731 2747 2748
f 2731 2748 2732
f 2732 2748 2749
f 2732 2749 2733
f 2733 2749 2750
f 2733 2750 2734
f 2734 2750 2735
f 2750 2751 2735
f 2735 2751 2736
f 2751 2752 2736
f 2736 2752 2737
f 2752 2753 2737
f 2737 2753 2738
f 2753 2754 2738
f 2738 2754 2755
f 2738 2755 2739
f 2739 2755 2756
f 2739 2756 2740
f 2740 2756 2757
f 2740 2757 2741
f 2741 2757 2742
f 2741 2742 2726
f 2742 2758 2743
f 2758 2759 2743
f 2743 2759 2744
f 2759 2760 2744
f 2744 2760 2745
f 2760 2761 2745
f 2745 2761 2746
f 2761 2762 2746
f 2746 2762 2763
f 2746 2763 2747
f 2747 2763 2764
f 2747 2764 2748
f 2748 2764 2765
f 2748 2765 2749
f 2749 2765 2766
f 2749 2766 2750
f 2750 2766 2751
f 2766 2767 2751
f 2751 2767 2752
f 2767 2768 2752
f 2752 2768 2753
f 2768 2769 2753
f 2753 2769 2754
f 2769 2770 2754
f 2754 2770 2771
f 2754 2771 2755
f 2755 2771 2772
f 2755 2772 2756
f 2756 2772 2773
f 2756 2773 2757
f 2757 2773 2758
f 2757 2758 2742
f 2758 2774 2775
f 2758 2775 2759
f 2759 2775 2776
f 2759 2776 2760
f 2760 2776 2777
f 2760 2777 2761
f 2761 2777 2778
f 2761 2778 2762
f 2762 2778 2763
f 2778 2779 2763
f 2763 2779 2764
f 2779 2780 2764
f 2764 2780 2765
f 2780 2781 2765
f 2765 2781 2766
f 2781 2782 2766
f 2766 2782 2783
f 2766 2783 2767
f 2767 2783 2784
f 2767 2784 2768
f 2768 2784 2785
f 2768 2785 2769
f 2769 2785 2786
f 2769 2786 2770
f 2770 2786 2771
f 2786 2787 2771
f 2771 2787 2772
f 2787 2788 2772
f 2772 2788 2773
f 2788 2789 2773
f 2773 2789 2758
f 2789 2774 2758
f 2774 2790 2791
f 2774 2791 2775
f 2775 2791 2792
f 2775 2792 2776
f 2776 2792 2793
f 2776 2793 2777
f 2777 2793 2794
f 2777 2794 2778
f 2778 2794 2779
f 2794 2795 2779
f 2779 2795 2780
f 2795 2796 2780
f 2780 2796 2781
f 2796 2797 2781
f 2781 2797 2782
f 2797 2798 2782
f 2782 2798 2799
f 2782 2799 2783
f 2783 2799 2800
f 2783 2800 2784
f 2784 2800 2801
f 2784 2801 2785
f 2785 2801 2802
f 2785 2802 2786
f 2786 2802 2787
f 2802 2803 2787
f 2787 2803 2788
f 2803 2804 2788
f 2788 2804 2789
f 2804 2805 2789
f 2789 2805 2774
f 2805 2790 2774
f 2790 2806 2807
f 2790 2807 2791
f 2791 2807 2808
f 2791 2808 2792
f 2792 2808 2809
f 2792 2809 2793
f 2793 2809 2810
f 2793 2810 2794
f 2794 2810 2795
f 2810 2811 2795
f 2795 2811 2796
f 2811 2812 2796
f 2796 2812 2797
f 2812 2813 2797
f 2797 2813 2798
f 2813 2814 2798
f 2798 2814 2815
f 2798 2815 2799
f 2799 2815 2816
f 2799 2816 2800
f 2800 2816 2817
f 2800 2817 2801
f 2801 2817 2818
f 2801 2818 2802
f 2802 2818 2803
f 2818 2819 2803
f 2803 2819 2804
f 2819 2820 2804
f 2804 2820 2805
f 2820 2821 2805
f 2805 2821 2790
f 2821 2806 2790
f 2806 2822 2823
f 2806 2823 2807
f 2807 2823 2824
f 2807 2824 2808
f 2808 2824 2825
f 2808 2825 2809
f 2809 2825 2826
f 2809 2826 2810
f 2810 2826 2811
f 2826 2827 2811
f 2811 2827 2812
f 2827 2828 2812
f 2812 2828 2813
f 2828 2829 2813
f 2813 2829 2814
f 2829 2830 2814
f 2814 2830 2831
f 2814 2831 2815
f 2815 2831 2832
f 2815 2832 2816
f 2816 2832 2833
f 2816 2833 2817
f 2817 2833 2834
f 2817 2834 2818
f 2818 2834 2819
f 2834 2835 2819
f 2819 2835 2820
f 2835 2836 2820
f 2820 2836 2821
f 2836 2837 2821
f 2821 2837 2806
f 2837 2822 2806
f 2822 2838 2839
f 2822 2839 2823
f 2823 2839 2840
f 2823 2840 2824
f 2824 2840 2841
f 2824 2841 2825
f 2825 2841 2842
f 2825 2842 2826
f 2826 2842 2827
f 2842 2843 2827
f 2827 2843 2828
f 2843 2844 2828
f 2828 2844 2829
f 2844 2845 2829
f 2829 2845 2830
f 2845 2846 2830
f 2830 2846 2847
f 2830 2847 2831
f 2831 2847 2848
f 2831 2848 2832
f 2832 2848 2849
f 2832 2849 2833
f 2833 2849 2850
f 2833 2850 2834
f 2834 2850 2835
f 2850 2851 2835
f 2835 2851 2836
f 2851 2852 2836
f 2836 2852 2837
f 2852 2853 2837
f 2837 2853 2822
f 2853 2838 2822
f 2838 2854 2855
f 2838 2855 2839
f 2839 2855 2856
f 2839 2856 2840
f 2840 2856 2857
f 2840 2857 2841
f 2841 2857 2858
f 2841 2858 2842
f 2842 2858 2843
f 2858 2859 2843
f 2843 2859 2844
f 2859 2860 2844
f 2844 2860 2845
f 2860 2861 2845
f 2845 2861 2846
f 2861 2862 2846
f 2846 2862 2863
f 2846 2863 2847
f 2847 2863 2864
f 2847 2864 2848
f 2848 2864 2865
f 2848 2865 2849
f 2849 2865 2866
f 2849 2866 2850
f 2850 2866 2851
f 2866 2867 2851
f 2851 2867 2852
f 2867 2868 2852
f 2852 2868 2853
f 2868 2869 2853
f 2853 2869 2838
f 2869 2854 2838
f 2854 2870 2871
f 2854 2871 2855
f 2855 2871 2872
f 2855 2872 2856
f 2856 2872 2873
f 2856 2873 2857
f 2857 2873 2874
f 2857 2874 2858
f 2858 2874 2859
f 2874 2875 2859
f 2859 2875 2860
f 2875 2876 2860
f 2860 2876 2861
f 2876 2877 2861
f 2861 2877 2862
f 2877 2878 2862
f 2862 2878 2879
f 2862 2879 2863
f 2863 2879 2880
f 2863 2880 2864
f 2864 2880 2881
f 2864 2881 2865
f 2865 2881 2882
f 2865 2882 2866
f 2866 2882 2867
f 2882 2883 2867
f 2867 2883 2868
f 2883 2884 2868
f 2868 2884 2869
f 2884 2885 2869
f 2869 2885 2854
f 2885 2870 2854
f 2870 2886 2887
f 2870 2887 2871
f 2871 2887 2888
f 2871 2888 2872
f 2872 2888 2889
f 2872 2889 2873
f 2873 2889 2890
f 2873 2890 2874
f 2874 2890 2875
f 2890 2891 2875
f 2875 2891 2876
f 2891 2892 2876
f 2876 2892 2877
f 2892 2893 2877
f 2877 2893 2878
f 2893 2894 2878
f 2878 2894 2895
f 2878 2895 2879
f 2879 2895 2896
f 2879 2896 2880
f 2880 2896 2897
f 2880 2897 2881
f 2881 2897 2898
f 2881 2898 2882
f 2882 2898 2883
f 2898 2899 2883
f 2883 2899 2884
f 2899 2900 2884
f 2884 2900 2885
f 2900 2901 2885
f 2885 2901 2870
f 2901 2886 2870
f 2886 2902 2903
f 2886 2903 2887
f 2887 2903 2904
f 2887 2904 2888
f 2888 2904 2905
f 2888 2905 2889
f 2889 2905 2906
f 2889 2906 2890
f 2890 2906 2891
f 2906 2907 2891
f 2891 2907 2892
f 2907 2908 2892
f 2892 2908 2893
f 2908 2909 2893
f 2893 2909 2894
f 2909 2910 2894
f 2894 2910 2911
f 2894 2911 2895
f 2895 2911 2912
f 2895 2912 2896
f 2896 2912 2913
f 2896 2913 2897
f 2897 2913 2914
f 2897 2914 2898
f 2898 2914 2899
f 2914 2915 2899
f 2899 2915 2900
f 2915 2916 2900
f 2900 2916 2901
f 2916 2917 2901
f 2901 2917 2886
f 2917 2902 2886
f 2902 2918 2903
f 2903 2918 2904
f 2904 2918 2905
f 2905 2918 2906
f 2906 2918 2907
f 2907 2918 2908
f 2908 2918 2909
f 2909 2918 2910
f 2910 2918 2911
f 2911 2918 2912
f 2912 2918 2913
f 2913 2918 2914
f 2914 2918 2915
f 2915 2918 2916
f 2916 2918 2917
f 2917 2918 2902
f 2919 2920 2921
f 2920 2922 2921
f 2922 2923 2921
f 2923 2924 2921
f 2921 2924 2925
f 2921 2925 2926
f 2921 2926 2927
f 2921 2927 2928
f 2928 2929 2921
f 2929 2930 2921
f 2930 2931 2921
f 2931 2932 2921
f 2921 2932 2933
f 2921 2933 2934
f 2921 2934 2935
f 2921 2935 2919
f 2919 2936 2920
f 2936 2937 2920
f 2920 2937 2922
f 2937 2938 2922
f 2922 2938 2923
f 2938 2939 2923
f 2923 2939 2924
f 2939 2940 2924
f 2924 2940 2941
f 2924 2941 2925
f 2925 2941 2942
f 2925 2942 2926
f 2926 2942 2943
f 2926 2943 2927
f 2927 2943 2944
f 2927 2944 2928
f 2928 2944 2929
f 2944 2945 2929
f 2929 2945 2930
f 2945 2946 2930
f 2930 2946 2931
f 2946 2947 2931
f 2931 2947 2932
f 2947 2948 2932
f 2932 2948 2949
f 2932 2949 2933
f 2933 2949 2950
f 2933 2950 2934
f 2934 2950 2951
f 2934 2951 2935
f 2935 2951 2936
f 2935 2936 2919
f 2936 2952 2937
f 2952 2953 2937
f 2937 2953 2938
f 2953 2954 2938
f 2938 2954 2939
f 2954 2955 2939
f 2939 2955 2940
f 2955 2956 2940
f 2940 2956 2957
f 2940 2957 2941
f 2941 2957 2958
f 2941 2958 2942
f 2942 2958 2959
f 2942 2959 2943
f 2943 2959 2960
f 2943 2960 2944
f 2944 2960 2945
f 2960 2961 2945
f 2945 2961 2946
f 2961 2962 2946
f 2946 2962 2947
f 2962 2963 2947
f 2947 2963 2948
f 2963 2964 2948
f 2948 2964 2965
f 2948 2965 2949
f 2949 2965 2966
f 2949 2966 2950
f 2950 2966 2967
f 2950 2967 2951
f 2951 2967 2952
f 2951 2952 2936
f 2952 2968 2953
f 2968 2969 2953
f 2953 2969 2954
f 2969 2970 2954
f 2954 2970 2955
f 2970 2971 2955
f 2955 2971 2956
f 2971 2972 2956
f 2956 2972 2973
f 2956 2973 2957
f 2957 2973 2974
f 2957 2974 2958
f 2958 2974 2975
f 2958 2975 2959
f 2959 2975 2976
f 2959 2976 2960
f 2960 2976 2961
f 2976 2977 2961
f 2961 2977 2962
f 2977 2978 2962
f 2962 2978 2963
f 2978 2979 2963
f 2963 2979 2964
f 2979 2980 2964
f 2964 2980 2981
f 2964 2981 2965
f 2965 2981 2982
f 2965 2982 2966
f 2966 2982 2983
f 2966 2983 2967
f 2967 2983 2968
f 2967 2968 2952
f 2968 2984 2969
f 2984 2985 2969
f 2969 2985 2970
f 2985 2986 2970
f 2970 2986 2971
f 2986 2987 2971
f 2971 2987 2972
f 2987 2988 2972
f 2972 2988 2989
f 2972 2989 2973
f 2973 2989 2990
f 2973 2990 2974
f 2974 2990 2991
f 2974 2991 2975
f 2975 2991 2992
f 2975 2992 2976
f 2976 2992 2977
f 2992 2993 2977
f 2977 2993 2978
f 2993 2994 2978
f 2978 2994 2979
f 2994 2995 2979
f 2979 2995 2980
f 2995 2996 2980
f 2980 2996 2997
f 2980 2997 2981
f 2981 2997 2998
f 2981 2998 2982
f 2982 2998 2999
f 2982 2999 2983
f 2983 2999 2984
f 2983 2984 2968
f 2984 3000 2985
f 3000 3001 2985
f 2985 3001 2986
f 3001 3002 2986
f 2986 3002 2987
f 3002 3003 2987
f 2987 3003 2988
f 3003 3004 2988
f 2988 3004 3005
f 2988 3005 2989
f 2989 3005 3006
f 2989 3006 2990
f 2990 3006 3007
f 2990 3007 2991
f 2991 3007 3008
f 2991 3008 2992
f 2992 3008 2993
f 3008 3009 2993
f 2993 3009 2994
f 3009 3010 2994
f 2994 3010 2995
f 3010 3011 2995
f 2995 3011 2996
f 3011 3012 2996
f 2996 3012 3013
f 2996 3013 2997
f 2997 3013 3014
f 2997 3014 2998
f 2998 3014 3015
f 2998 3015 2999
f 2999 3015 3000
f 2999 3000 2984
f 3000 3016 3001
f 3016 3017 3001
f 3001 3017 3002
f 3017 3018 3002
f 3002 3018 3003
f 3018 3019 3003
f 3003 3019 3004
f 3019 3020 3004
f 3004 3020 3021
f 3004 3021 3005
f 3005 3021 3022
f 3005 3022 3006
f 3006 3022 3023
f 3006 3023 3007
f 3007 3023 3024
f 3007 3024 3008
f 3008 3024 3009
f 3024 3025 3009
f 3009 3025 3010
f 3025 3026 3010
f 3010 3026 3011
f 3026 3027 3011
f 3011 3027 3012
f 3027 3028 3012
f 3012 3028 3029
f 3012 3029 3013
f 3013 3029 3030
f 3013 3030 3014
f 3014 3030 3031
f 3014 3031 3015
f 3015 3031 3016
f 3015 3016 3000
f 3016 3032 3017
f 3032 3033 3017
f 3017 3033 3018
f 3033 3034 3018
f 3018 3034 3019
f 3034 3035 3019
f 3019 3035 3020
f 3035 3036 3020
f 3020 3036 3037
f 3020 3037 3021
f 3021 3037 3038
f 3021 3038 3022
f 3022 3038 3039
f 3022 3039 3023
f 3023 3039 3040
f 3023 3040 3024
f 3024 3040 3025
f 3040 3041 3025
f 3025 3041 3026
f 3041 3042 3026
f 3026 3042 3027
f 3042 3043 3027
f 3027 3043 3028
f 3043 3044 3028
f 3028 3044 3045
f 3028 3045 3029
f 3029 3045 3046
f 3029 3046 3030
f 3030 3046 3047
f 3030 3047 3031
f 3031 3047 3032
f 3031 3032 3016
f 3032 3048 3033
f 3048 3049 3033
f 3033 3049 3034
f 3049 3050 3034
f 3034 3050 3035
f 3050 3051 3035
f 3035 3051 3036
f 3051 3052 3036
f 3036 3052 3053
f 3036 3053 3037
f 3037 3053 3054
f 3037 3054 3038
f 3038 3054 3055
f 3038 3055 3039
f 3039 3055 3056
f 3039 3056 3040
f 3040 3056 3041
f 3056 3057 3041
f 3041 3057 3042
f 3057 3058 3042
f 3042 3058 3043
f 3058 3059 3043
f 3043 3059 3044
f 3059 3060 3044
f 3044 3060 3061
f 3044 3061 3045
f 3045 3061 3062
f 3045 3062 3046
f 3046 3062 3063
f 3046 3063 3047
f 3047 3063 3048
f 3047 3048 3032
f 3048 3064 3049
f 3064 3065 3049
f 3049 3065 3050
f 3065 3066 3050
f 3050 3066 3051
f 3066 3067 3051
f 3051 3067 3052
f 3067 3068 3052
f 3052 3068 3069
f 3052 3069 3053
f 3053 3069 3070
f 3053 3070 3054
f 3054 3070 3071
f 3054 3071 3055
f 3055 3071 3072
f 3055 3072 3056
f 3056 3072 3057
f 3072 3073 3057
f 3057 3073 3058
f 3073 3074 3058
f 3058 3074 3059
f 3074 3075 3059
f 3059 3075 3060
f 3075 3076 3060
f 3060 3076 3077
f 3060 3077 3061
f 3061 3077 3078
f 3061 3078 3062
f 3062 3078 3079
f 3062 3079 3063
f 3063 3079 3064
f 3063 3064 3048
f 3064 3080 3081
f 3064 3081 3065
f 3065 3081 3082
f 3065 3082 3066
f 3066 3082 3083
f 3066 3083 3067
f 3067 3083 3084
f 3067 3084 3068
f 3068 3084 3069
f 3084 3085 3069
f 3069 3085 3070
f 3085 3086 3070
f 3070 3086 3071
f 3086 3087 3071
f 3071 3087 3072
f 3087 3088 3072
f 3072 3088 3089
f 3072 3089 3073
f 3073 3089 3090
f 3073 3090 3074
f 3074 3090 3091
f 3074 3091 3075
f 3075 3091 3092
f 3075 3092 3076
f 3076 3092 3077
f 3092 3093 3077
f 3077 3093 3078
f 3093 3094 3078
f 3078 3094 3079
f 3094 3095 3079
f 3079 3095 3064
f 3095 3080 3064
f 3080 3096 3097
f 3080 3097 3081
f 3081 3097 3098
f 3081 3098 3082
f 3082 3098 3099
f 3082 3099 3083
f 3083 3099 3100
f 3083 3100 3084
f 3084 3100 3085
f 3100 3101 3085
f 3085 3101 3086
f 3101 3102 3086
f 3086 3102 3087
f 3102 3103 3087
f 3087 3103 3088
f 3103 3104 3088
f 3088 3104 3105
f 3088 3105 3089
f 3089 3105 3106
f 3089 3106 3090
f 3090 3106 3107
f 3090 3107 3091
f 3091 3107 3108
f 3091 3108 3092
f 3092 3108 3093
f 3108 3109 3093
f 3093 3109 3094
f 3109 3110 3094
f 3094 3110 3095
f 3110 3111 3095
f 3095 3111 3080
f 3111 3096 3080
f 3096 3112 3113
f 3096 3113 3097
f 3097 3113 3114
f 3097 3114 3098
f 3098 3114 3115
f 3098 3115 3099
f 3099 3115 3116
f 3099 3116 3100
f 3100 3116 3101
f 3116 3117 3101
f 3101 3117 3102
f 3117 3118 3102
f 3102 3118 3103
f 3118 3119 3103
f 3103 3119 3104
f 3119 3120 3104
f 3104 3120 3121
f 3104 3121 3105
f 3105 3121 3122
f 3105 3122 3106
f 3106 3122 3123
f 3106 3123 3107
f 3107 3123 3124
f 3107 3124 3108
f 3108 3124 3109
f 3124 3125 3109
f 3109 3125 3110
f 3125 3126 3110
f 3110 3126 3111
f 3126 3127 3111
f 3111 3127 3096
f 3127 3112 3096
f 3112 3128 3129
f 3112 3129 3113
f 3113 3129 3130
f 3113 3130 3114
f 3114 3130 3131
f 3114 3131 3115
f 3115 3131 3132
f 3115 3132 3116
f 3116 3132 3117
f 3132 3133 3117
f 3117 3133 3118
f 3133 3134 3118
f 3118 3134 3119
f 3134 3135 3119
f 3119 3135 3120
f 3135 3136 3120
f 3120 3136 3137
f 3120 3137 3121
f 3121 3137 3138
f 3121 3138 3122
f 3122 3138 3139
f 3122 3139 3123
f 3123 3139 3140
f 3123 3140 3124
f 3124 3140 3125
f 3140 3141 3125
f 3125 3141 3126
f 3141 3142 3126
f 3126 3142 3127
f 3142 3143 3127
f 3127 3143 3112
f 3143 3128 3112
f 3128 3144 3145
f 3128 3145 3129
f 3129 3145 3146
f 3129 3146 3130
f 3130 3146 3147
f 3130 3147 3131
f 3131 3147 3148
f 3131 3148 3132
f 3132 3148 3133
f 3148 3149 3133
f 3133 3149 3134
f 3149 3150 3134
f 3134 3150 3135
f 3150 3151 3135
f 3135 3151 3136
f 3151 3152 3136
f 3136 3152 3153
f 3136 3153 3137
f 3137 3153 3154
f 3137 3154 3138
f 3138 3154 3155
f 3138 3155 3139
f 3139 3155 3156
f 3139 3156 3140
f 3140 3156 3141
f 3156 3157 3141
f 3141 3157 3142
f 3157 3158 3142
f 3142 3158 3143
f 3158 3159 3143
f 3143 3159 3128
f 3159 3144 3128
f 3144 3160 3161
f 3144 3161 3145
f 3145 3161 3162
f 3145 3162 3146
f 3146 3162 3163
f 3146 3163 3147
f 3147 3163 3164
f 3147 3164 3148
f 3148 3164 3149
f 3164 3165 3149
f 3149 3165 3150
f 3165 3166 3150
f 3150 3166 3151
f 3166 3167 3151
f 3151 3167 3152
f 3167 3168 3152
f 3152 3168 3169
f 3152 3169 3153
f 3153 3169 3170
f 3153 3170 3154
f 3154 3170 3171
f 3154 3171 3155
f 3155 3171 3172
f 3155 3172 3156
f 3156 3172 3157
f 3172 3173 3157
f 3157 3173 3158
f 3173 3174 3158
f 3158 3174 3159
f 3174 3175 3159
f 3159 3175 3144
f 3175 3160 3144
f 3160 3176 3177
f 3160 3177 3161
f 3161 3177 3178
f 3161 3178 3162
f 3162 3178 3179
f 3162 3179 3163
f 3163 3179 3180
f 3163 3180 3164
f 3164 3180 3165
f 3180 3181 3165
f 3165 3181 3166
f 3181 3182 3166
f 3166 3182 3167
f 3182 3183 3167
f 3167 3183 3168
f 3183 3184 3168
f 3168 3184 3185
f 3168 3185 3169
f 3169 3185 3186
f 3169 3186 3170
f 3170 3186 3187
f 3170 3187 3171
f 3171 3187 3188
f 3171 3188 3172
f 3172 3188 3173
f 3188 3189 3173
f 3173 3189 3174
f 3189 3190 3174
f 3174 3190 3175
f 3190 3191 3175
f 3175 3191 3160
f 3191 3176 3160
f 3176 3192 3193
f 3176 3193 3177
f 3177 3193 3194
f 3177 3194 3178
f 3178 3194 3195
f 3178 3195 3179
f 3179 3195 3196
f 3179 3196 3180
f 3180 3196 3181
f 3196 3197 3181
f 3181 3197 3182
f 3197 3198 3182
f 3182 3198 3183
f 3198 3199 3183
f 3183 3199 3184
f 3199 3200 3184
f 3184 3200 3201
f 3184 3201 3185
f 3185 3201 3202
f 3185 3202 3186
f 3186 3202 3203
f 3186 3203 3187
f 3187 3203 3204
f 3187 3204 3188
f 3188 3204 3189
f 3204 3205 3189
f 3189 3205 3190
f 3205 3206 3190
f 3190 3206 3191
f 3206 3207 3191
f 3191 3207 3176
f 3207 3192 3176
f 3192 3208 3209
f 3192 3209 3193
f 3193 3209 3210
f 3193 3210 3194
f 3194 3210 3211
f 3194 3211 3195
f 3195 3211 3212
f 3195 3212 3196
f 3196 3212 3197
f 3212 3213 3197
f 3197 3213 3198
f 3213 3214 3198
f 3198 3214 3199
f 3214 3215 3199
f 3199 3215 3200
f 3215 3216 3200
f 3200 3216 3217
f 3200 3217 3201
f 3201 3217 3218
f 3201 3218 3202
f 3202 3218 3219
f 3202 3219 3203
f 3203 3219 3220
f 3203 3220 3204
f 3204 3220 3205
f 3220 3221 3205
f 3205 3221 3206
f 3221 3222 3206
f 3206 3222 3207
f 3222 3223 3207
f 3207 3223 3192
f 3223 3208 3192
f 3208 3224 3209
f 3209 3224 3210
f 3210 3224 3211
f 3211 3224 3212
f 3212 3224 3213
f 3213 3224 3214
f 3214 3224 3215
f 3215 3224 3216
f 3216 3224 3217
f 3217 3224 3218
f 3218 3224 3219
f 3219 3224 3220
f 3220 3224 3221
f 3221 3224 3222
f 3222 3224 3223
f 3223 3224 3208
f 3225 3226 3227
f 3226 3228 3227
f 3227 3228 3229
f 3227 3229 3230
f 3230 3231 3227
f 3231 3232 3227
f 3227 3232 3233
f 3227 3233 3225
f 3225 3234 3226
f 3234 3235 3226
f 3226 3235 3228
f 3235 3236 3228
f 3228 3236 3237
f 3228 3237 3229
f 3229 3237 3238
f 3229 3238 3230
f 3230 3238 3231
f 3238 3239 3231
f 3231 3239 3232
f 3239 3240 3232
f 3232 3240 3241
f 3232 3241 3233
f 3233 3241 3234
f 3233 3234 3225
f 3234 3242 3235
f 3242 3243 3235
f 3235 3243 3236
f 3243 3244 3236
f 3236 3244 3245
f 3236 3245 3237
f 3237 3245 3246
f 3237 3246 3238
f 3238 3246 3239
f 3246 3247 3239
f 3239 3247 3240
f 3247 3248 3240
f 3240 3248 3249
f 3240 3249 3241
f 3241 3249 3242
f 3241 3242 3234
f 3242 3250 3243
f 3250 3251 3243
f 3243 3251 3244
f 3251 3252 3244
f 3244 3252 3253
f 3244 3253 3245
f 3245 3253 3254
f 3245 3254 3246
f 3246 3254 3247
f 3254 3255 3247
f 3247 3255 3248
f 3255 3256 3248
f 3248 3256 3257
f 3248 3257 3249
f 3249 3257 3250
f 3249 3250 3242
f 3250 3258 3251
f 3258 3259 3251
f 3251 3259 3252
f 3259 3260 3252
f 3252 3260 3261
f 3252 3261 3253
f 3253 3261 3262
f 3253 3262 3254
f 3254 3262 3255
f 3262 3263 3255
f 3255 3263 3256
f 3263 3264 3256
f 3256 3264 3265
f 3256 3265 3257
f 3257 3265 3258
f 3257 3258 3250
f 3258 3266 3259
f 3266 3267 3259
f 3259 3267 3260
f 3267 3268 3260
f 3260 3268 3269
f 3260 3269 3261
f 3261 3269 3270
f 3261 3270 3262
f 3262 3270 3263
f 3270 3271 3263
f 3263 3271 3264
f 3271 3272 3264
f 3264 3272 3273
f 3264 3273 3265
f 3265 3273 3266
f 3265 3266 3258
f 3266 3274 3267
f 3274 3275 3267
f 3267 3275 3268
f 3275 3276 3268
f 3268 3276 3277
f 3268 3277 3269
f 3269 3277 3278
f 3269 3278 3270
f 3270 3278 3271
f 3278 3279 3271
f 3271 3279 3272
f 3279 3280 3272
f 3272 3280 3281
f 3272 3281 3273
f 3273 3281 3274
f 3273 3274 3266
f 3274 3282 3275
f 3282 3283 3275
f 3275 3283 3276
f 3283 3284 3276
f 3276 3284 3285
f 3276 3285 3277
f 3277 3285 3286
f 3277 3286 3278
f 3278 3286 3279
f 3286 3287 3279
f 3279 3287 3280
f 3287 3288 3280
f 3280 3288 3289
f 3280 3289 3281
f 3281 3289 3282
f 3281 3282 3274
f 3282 3290 3283
f 3290 3291 3283
f 3283 3291 3284
f 3291 3292 3284
f 3284 3292 3293
f 3284 3293 3285
f 3285 3293 3294
f 3285 3294 3286
f 3286 3294 3287
f 3294 3295 3287
f 3287 3295 3288
f 3295 3296 3288
f 3288 3296 3297
f 3288 3297 3289
f 3289 3297 3290
f 3289 3290 3282
f 3290 3298 3299
f 3290 3299 3291
f 3291 3299 3300
f 3291 3300 3292
f 3292 3300 3293
f 3300 3301 3293
f 3293 3301 3294
f 3301 3302 3294
f 3294 3302 3303
f 3294 3303 3295
f 3295 3303 3304
f 3295 3304 3296
f 3296 3304 3297
f 3304 3305 3297
f 3297 3305 3290
f 3305 3298 3290
f 3298 3306 3307
f 3298 3307 3299
f 3299 3307 3308
f 3299 3308 3300
f 3300 3308 3301
f 3308 3309 3301
f 3301 3309 3302
f 3309 3310 3302
f 3302 3310 3311
f 3302 3311 3303
f 3303 3311 3312
f 3303 3312 3304
f 3304 3312 3305
f 3312 3313 3305
f 3305 3313 3298
f 3313 3306 3298
f 3306 3314 3315
f 3306 3315 3307
f 3307 3315 3316
f 3307 3316 3308
f 3308 3316 3309
f 3316 3317 3309
f 3309 3317 3310
f 3317 3318 3310
f 3310 3318 3319
f 3310 3319 3311
f 3311 3319 3320
f 3311 3320 3312
f 3312 3320 3313
f 3320 3321 3313
f 3313 3321 3306
f 3321 3314 3306
f 3314 3322 3323
f 3314 3323 3315
f 3315 3323 3324
f 3315 3324 3316
f 3316 3324 3317
f 3324 3325 3317
f 3317 3325 3318
f 3325 3326 3318
f 3318 3326 3327
f 3318 3327 3319
f 3319 3327 3328
f 3319 3328 3320
f 3320 3328 3321
f 3328 3329 3321
f 3321 3329 3314
f 3329 3322 3314
f 3322 3330 3331
f 3322 3331 3323
f 3323 3331 3332
f 3323 3332 3324
f 3324 3332 3325
f 3332 3333 3325
f 3325 3333 3326
f 3333 3334 3326
f 3326 3334 3335
f 3326 3335 3327
f 3327 3335 3336
f 3327 3336 3328
f 3328 3336 3329
f 3336 3337 3329
f 3329 3337 3322
f 3337 3330 3322
f 3330 3338 3339
f 3330 3339 3331
f 3331 3339 3340
f 3331 3340 3332
f 3332 3340 3333
f 3340 3341 3333
f 3333 3341 3334
f 3341 3342 3334
f 3334 3342 3343
f 3334 3343 3335
f 3335 3343 3344
f 3335 3344 3336
f 3336 3344 3337
f 3344 3345 3337
f 3337 3345 3330
f 3345 3338 3330
f 3338 3346 3347
f 3338 3347 3339
f 3339 3347 3348
f 3339 3348 3340
f 3340 3348 3341
f 3348 3349 3341
f 3341 3349 3342
f 3349 3350 3342
f 3342 3350 3351
f 3342 3351 3343
f 3343 3351 3352
f 3343 3352 3344
f 3344 3352 3345
f 3352 3353 3345
f 3345 3353 3338
f 3353 3346 3338
f 3346 3354 3355
f 3346 3355 3347
f 3347 3355 3356
f 3347 3356 3348
f 3348 3356 3349
f 3356 3357 3349
f 3349 3357 3350
f 3357 3358 3350
f 3350 3358 3359
f 3350 3359 3351
f 3351 3359 3360
f 3351 3360 3352
f 3352 3360 3353
f 3360 3361 3353
f 3353 3361 3346
f 3361 3354 3346
f 3354 3362 3355
f 3355 3362 3356
f 3356 3362 3357
f 3357 3362 3358
f 3358 3362 3359
f 3359 3362 3360
f 3360 3362 3361
f 3361 3362 3354
f 3363 3364 3365
f 3364 3366 3365
f 3365 3366 3367
f 3365 3367 3368
f 3368 3369 3365
f 3369 3370 3365
f 3365 3370 3371
f 3365 3371 3363
f 3363 3372 3364
f 3372 3373 3364
f 3364 3373 3366
f 3373 3374 3366
f 3366 3374 3375
f 3366 3375 3367
f 3367 3375 3376
f 3367 3376 3368
f 3368 3376 3369
f 3376 3377 3369
f 3369 3377 3370
f 3377 3378 3370
f 3370 3378 3379
f 3370 3379 3371
f 3371 3379 3372
f 3371 3372 3363
f 3372 3380 3373
f 3380 3381 3373
f 3373 3381 3374
f 3381 3382 3374
f 3374 3382 3383
f 3374 3383 3375
f 3375 3383 3384
f 3375 3384 3376
f 3376 3384 3377
f 3384 3385 3377
f 3377 3385 3378
f 3385 3386 3378
f 3378 3386 3387
f 3378 3387 3379
f 3379 3387 3380
f 3379 3380 3372
f 3380 3388 3381
f 3388 3389 3381
f 3381 3389 3382
f 3389 3390 3382
f 3382 3390 3391
f 3382 3391 3383
f 3383 3391 3392
f 3383 3392 3384
f 3384 3392 3385
f 3392 3393 3385
f 3385 3393 3386
f 3393 3394 3386
f 3386 3394 3395
f 3386 3395 3387
f 3387 3395 3388
f 3387 3388 3380
f 3388 3396 3389
f 3396 3397 3389
f 3389 3397 3390
f 3397 3398 3390
f 3390 3398 3399
f 3390 3399 3391
f 3391 3399 3400
f 3391 3400 3392
f 3392 3400 3393
f 3400 3401 3393
f 3393 3401 3394
f 3401 3402 3394
f 3394 3402 3403
f 3394 3403 3395
f 3395 3403 3396
f 3395 3396 3388
f 3396 3404 3397
f 3404 3405 3397
f 3397 3405 3398
f 3405 3406 3398
f 3398 3406 3407
f 3398 3407 3399
f 3399 3407 3408
f 3399 3408 3400
f 3400 3408 3401
f 3408 3409 3401
f 3401 3409 3402
f 3409 3410 3402
f 3402 3410 3411
f 3402 3411 3403
f 3403 3411 3404
f 3403 3404 3396
f 3404 3412 3405
f 3412 3413 3405
f 3405 3413 3406
f 3413 3414 3406
f 3406 3414 3415
f 3406 3415 3407
f 3407 3415 3416
f 3407 3416 3408
f 3408 3416 3409
f 3416 3417 3409
f 3409 3417 3410
f 3417 3418 3410
f 3410 3418 3419
f 3410 3419 3411
f 3411 3419 3412
f 3411 3412 3404
f 3412 3420 3413
f 3420 3421 3413
f 3413 3421 3414
f 3421 3422 3414
f 3414 3422 3423
f 3414 3423 3415
f 3415 3423 3424
f 3415 3424 3416
f 3416 3424 3417
f 3424 3425 3417
f 3417 3425 3418
f 3425 3426 3418
f 3418 3426 3427
f 3418 3427 3419
f 3419 3427 3420
f 3419 3420 3412
f 3420 3428 3421
f 3428 3429 3421
f 3421 3429 3422
f 3429 3430 3422
f 3422 3430 3431
f 3422 3431 3423
f 3423 3431 3432
f 3423 3432 3424
f 3424 3432 3425
f 3432 3433 3425
f 3425 3433 3426
f 3433 3434 3426
f 3426 3434 3435
f 3426 3435 3427
f 3427 3435 3428
f 3427 3428 3420
f 3428 3436 3437
f 3428 3437 3429
f 3429 3437 3438
f 3429 3438 3430
f 3430 3438 3431
f 3438 3439 3431
f 3431 3439 3432
f 3439 3440 3432
f 3432 3440 3441
f 3432 3441 3433
f 3433 3441 3442
f 3433 3442 3434
f 3434 3442 3435
f 3442 3443 3435
f 3435 3443 3428
f 3443 3436 3428
f 3436 3444 3445
f 3436 3445 3437
f 3437 3445 3446
f 3437 3446 3438
f 3438 3446 3439
f 3446 3447 3439
f 3439 3447 3440
f 3447 3448 3440
f 3440 3448 3449
f 3440 3449 3441
f 3441 3449 3450
f 3441 3450 3442
f 3442 3450 3443
f 3450 3451 3443
f 3443 3451 3436
f 3451 3444 3436
f 3444 3452 3453
f 3444 3453 3445
f 3445 3453 3454
f 3445 3454 3446
f 3446 3454 3447
f 3454 3455 3447
f 3447 3455 3448
f 3455 3456 3448
f 3448 3456 3457
f 3448 3457 3449
f 3449 3457 3458
f 3449 3458 3450
f 3450 3458 3451
f 3458 3459 3451
f 3451 3459 3444
f 3459 3452 3444
f 3452 3460 3461
f 3452 3461 3453
f 3453 3461 3462
f 3453 3462 3454
f 3454 3462 3455
f 3462 3463 3455
f 3455 3463 3456
f 3463 3464 3456
f 3456 3464 3465
f 3456 3465 3457
f 3457 3465 3466
f 3457 3466 3458
f 3458 3466 3459
f 3466 3467 3459
f 3459 3467 3452
f 3467 3460 3452
f 3460 3468 3469
f 3460 3469 3461
f 3461 3469 3470
f 3461 3470 3462
f 3462 3470 3463
f 3470 3471 3463
f 3463 3471 3464
f 3471 3472 3464
f 3464 3472 3473
f 3464 3473 3465
f 3465 3473 3474
f 3465 3474 3466
f 3466 3474 3467
f 3474 3475 3467
f 3467 3475 3460
f 3475 3468 3460
f 3468 3476 3477
f 3468 3477 3469
f 3469 3477 3478
f 3469 3478 3470
f 3470 3478 3471
f 3478 3479 3471
f 3471 3479 3472
f 3479 3480 3472
f 3472 3480 3481
f 3472 3481 3473
f 3473 3481 3482
f 3473 3482 3474
f 3474 3482 3475
f 3482 3483 3475
f 3475 3483 3468
f 3483 3476 3468
f 3476 3484 3485
f 3476 3485 3477
f 3477 3485 3486
f 3477 3486 3478
f 3478 3486 3479
f 3486 3487 3479
f 3479 3487 3480
f 3487 3488 3480
f 3480 3488 3489
f 3480 3489 3481
f 3481 3489 3490
f 3481 3490 3482
f 3482 3490 3483
f 3490 3491 3483
f 3483 3491 3476
f 3491 3484 3476
f 3484 3492 3493
f 3484 3493 3485
f 3485 3493 3494
f 3485 3494 3486
f 3486 3494 3487
f 3494 3495 3487
f 3487 3495 3488
f 3495 3496 3488
f 3488 3496 3497
f 3488 3497 3489
f 3489 3497 3498
f 3489 3498 3490
f 3490 3498 3491
f 3498 3499 3491
f 3491 3499 3484
f 3499 3492 3484
f 3492 3500 3493
f 3493 3500 3494
f 3494 3500 3495
f 3495 3500 3496
f 3496 3500 3497
f 3497 3500 3498
f 3498 3500 3499
f 3499 3500 3492
f 3501 3502 3503
f 3502 3504 3503
f 3504 3505 3503
f 3505 3506 3503
f 3503 3506 3507
f 3503 3507 3508
f 3503 3508 3509
f 3503 3509 3510
f 3510 3511 3503
f 3511 3512 3503
f 3512 3513 3503
f 3513 3514 3503
f 3503 3514 3515
f 3503 3515 3516
f 3503 3516 3517
f 3503 3517 3501
f 3501 3518 3502
f 3518 3519 3502
f 3502 3519 3504
f 3519 3520 3504
f 3504 3520 3505
f 3520 3521 3505
f 3505 3521 3506
f 3521 3522 3506
f 3506 3522 3523
f 3506 3523 3507
f 3507 3523 3524
f 3507 3524 3508
f 3508 3524 3525
f 3508 3525 3509
f 3509 3525 3526
f 3509 3526 3510
f 3510 3526 3511
f 3526 3527 3511
f 3511 3527 3512
f 3527 3528 3512
f 3512 3528 3513
f 3528 3529 3513
f 3513 3529 3514
f 3529 3530 3514
f 3514 3530 3531
f 3514 3531 3515
f 3515 3531 3532
f 3515 3532 3516
f 3516 3532 3533
f 3516 3533 3517
f 3517 3533 3518
f 3517 3518 3501
f 3518 3534 3519
f 3534 3535 3519
f 3519 3535 3520
f 3535 3536 3520
f 3520 3536 3521
f 3536 3537 3521
f 3521 3537 3522
f 3537 3538 3522
f 3522 3538 3539
f 3522 3539 3523
f 3523 3539 3540
f 3523 3540 3524
f 3524 3540 3541
f 3524 3541 3525
f 3525 3541 3542
f 3525 3542 3526
f 3526 3542 3527
f 3542 3543 3527
f 3527 3543 3528
f 3543 3544 3528
f 3528 3544 3529
f 3544 3545 3529
f 3529 3545 3530
f 3545 3546 3530
f 3530 3546 3547
f 3530 3547 3531
f 3531 3547 3548
f 3531 3548 3532
f 3532 3548 3549
f 3532 3549 3533
f 3533 3549 3534
f 3533 3534 3518
f 3534 3550 3535
f 3550 3551 3535
f 3535 3551 3536
f 3551 3552 3536
f 3536 3552 3537
f 3552 3553 3537
f 3537 3553 3538
f 3553 3554 3538
f 3538 3554 3555
f 3538 3555 3539
f 3539 3555 3556
f 3539 3556 3540
f 3540 3556 3557
f 3540 3557 3541
f 3541 3557 3558
f 3541 3558 3542
f 3542 3558 3543
f 3558 3559 3543
f 3543 3559 3544
f 3559 3560 3544
f 3544 3560 3545
f 3560 3561 3545
f 3545 3561 3546
f 3561 3562 3546
f 3546 3562 3563
f 3546 3563 3547
f 3547 3563 3564
f 3547 3564 3548
f 3548 3564 3565
f 3548 3565 3549
f 3549 3565 3550
f 3549 3550 3534
f 3550 3566 3551
f 3566 3567 3551
f 3551 3567 3552
f 3567 3568 3552
f 3552 3568 3553
f 3568 3569 3553
f 3553 3569 3554
f 3569 3570 3554
f 3554 3570 3571
f 3554 3571 3555
f 3555 3571 3572
f 3555 3572 3556
f 3556 3572 3573
f 3556 3573 3557
f 3557 3573 3574
f 3557 3574 3558
f 3558 3574 3559
f 3574 3575 3559
f 3559 3575 3560
f 3575 3576 3560
f 3560 3576 3561
f 3576 3577 3561
f 3561 3577 3562
f 3577 3578 3562
f 3562 3578 3579
f 3562 3579 3563
f 3563 3579 3580
f 3563 3580 3564
f 3564 3580 3581
f 3564 3581 3565
f 3565 3581 3566
f 3565 3566 3550
f 3566 3582 3567
f 3582 3583 3567
f 3567 3583 3568
f 3583 3584 3568
f 3568 3584 3569
f 3584 3585 3569
f 3569 3585 3570
f 3585 3586 3570
f 3570 3586 3587
f 3570 3587 3571
f 3571 3587 3588
f 3571 3588 3572
f 3572 3588 3589
f 3572 3589 3573
f 3573 3589 3590
f 3573 3590 3574
f 3574 3590 3575
f 3590 3591 3575
f 3575 3591 3576
f 3591 3592 3576
f 3576 3592 3577
f 3592 3593 3577
f 3577 3593 3578
f 3593 3594 3578
f 3578 3594 3595
f 3578 3595 3579
f 3579 3595 3596
f 3579 3596 3580
f 3580 3596 3597
f 3580 3597 3581
f 3581 3597 3582
f 3581 3582 3566
f 3582 3598 3583
f 3598 3599 3583
f 3583 3599 3584
f 3599 3600 3584
f 3584 3600 3585
f 3600 3601 3585
f 3585 3601 3586
f 3601 3602 3586
f 3586 3602 3603
f 3586 3603 3587
f 3587 3603 3604
f 3587 3604 3588
f 3588 3604 3605
f 3588 3605 3589
f 3589 3605 3606
f 3589 3606 3590
f 3590 3606 3591
f 3606 3607 3591
f 3591 3607 3592
f 3607 3608 3592
f 3592 3608 3593
f 3608 3609 3593
f 3593 3609 3594
f 3609 3610 3594
f 3594 3610 3611
f 3594 3611 3595
f 3595 3611 3612
f 3595 3612 3596
f 3596 3612 3613
f 3596 3613 3597
f 3597 3613 3598
f 3597 3598 3582
f 3598 3614 3599
f 3614 3615 3599
f 3599 3615 3600
f 3615 3616 3600
f 3600 3616 3601
f 3616 3617 3601
f 3601 3617 3602
f 3617 3618 3602
f 3602 3618 3619
f 3602 3619 3603
f 3603 3619 3620
f 3603 3620 3604
f 3604 3620 3621
f 3604 3621 3605
f 3605 3621 3622
f 3605 3622 3606
f 3606 3622 3607
f 3622 3623 3607
f 3607 3623 3608
f 3623 3624 3608
f 3608 3624 3609
f 3624 3625 3609
f 3609 3625 3610
f 3625 3626 3610
f 3610 3626 3627
f 3610 3627 3611
f 3611 3627 3628
f 3611 3628 3612
f 3612 3628 3629
f 3612 3629 3613
f 3613 3629 3614
f 3613 3614 3598
f 3614 3630 3615
f 3630 3631 3615
f 3615 3631 3616
f 3631 3632 3616
f 3616 3632 3617
f 3632 3633 3617
f 3617 3633 3618
f 3633 3634 3618
f 3618 3634 3635
f 3618 3635 3619
f 3619 3635 3636
f 3619 3636 3620
f 3620 3636 3637
f 3620 3637 3621
f 3621 3637 3638
f 3621 3638 3622
f 3622 3638 3623
f 3638 3639 3623
f 3623 3639 3624
f 3639 3640 3624
f 3624 3640 3625
f 3640 3641 3625
f 3625 3641 3626
f 3641 3642 3626
f 3626 3642 3643
f 3626 3643 3627
f 3627 3643 3644
f 3627 3644 3628
f 3628 3644 3645
f 3628 3645 3629
f 3629 3645 3630
f 3629 3630 3614
f 3630 3646 3631
f 3646 3647 3631
f 3631 3647 3632
f 3647 3648 3632
f 3632 3648 3633
f 3648 3649 3633
f 3633 3649 3634
f 3649 3650 3634
f 3634 3650 3651
f 3634 3651 3635
f 3635 3651 3652
f 3635 3652 3636
f 3636 3652 3653
f 3636 3653 3637
f 3637 3653 3654
f 3637 3654 3638
f 3638 3654 3639
f 3654 3655 3639
f 3639 3655 3640
f 3655 3656 3640
f 3640 3656 3641
f 3656 3657 3641
f 3641 3657 3642
f 3657 3658 3642
f 3642 3658 3659
f 3642 3659 3643
f 3643 3659 3660
f 3643 3660 3644
f 3644 3660 3661
f 3644 3661 3645
f 3645 3661 3646
f 3645 3646 3630
f 3646 3662 3663
f 3646 3663 3647
f 3647 3663 3664
f 3647 3664 3648
f 3648 3664 3665
f 3648 3665 3649
f 3649 3665 3666
f 3649 3666 3650
f 3650 3666 3651
f 3666 3667 3651
f 3651 3667 3652
f 3667 3668 3652
f 3652 3668 3653
f 3668 3669 3653
f 3653 3669 3654
f 3669 3670 3654
f 3654 3670 3671
f 3654 3671 3655
f 3655 3671 3672
f 3655 3672 3656
f 3656 3672 3673
f 3656 3673 3657
f 3657 3673 3674
f 3657 3674 3658
f 3658 3674 3659
f 3674 3675 3659
f 3659 3675 3660
f 3675 3676 3660
f 3660 3676 3661
f 3676 3677 3661
f 3661 3677 3646
f 3677 3662 3646
f 3662 3678 3679
f 3662 3679 3663
f 3663 3679 3680
f 3663 3680 3664
f 3664 3680 3681
f 3664 3681 3665
f 3665 3681 3682
f 3665 3682 3666
f 3666 3682 3667
f 3682 3683 3667
f 3667 3683 3668
f 3683 3684 3668
f 3668 3684 3669
f 3684 3685 3669
f 3669 3685 3670
f 3685 3686 3670
f 3670 3686 3687
f 3670 3687 3671
f 3671 3687 3688
f 3671 3688 3672
f 3672 3688 3689
f 3672 3689 3673
f 3673 3689 3690
f 3673 3690 3674
f 3674 3690 3675
f 3690 3691 3675
f 3675 3691 3676
f 3691 3692 3676
f 3676 3692 3677
f 3692 3693 3677
f 3677 3693 3662
f 3693 3678 3662
f 3678 3694 3695
f 3678 3695 3679
f 3679 3695 3696
f 3679 3696 3680
f 3680 3696 3697
f 3680 3697 3681
f 3681 3697 3698
f 3681 3698 3682
f 3682 3698 3683
f 3698 3699 3683
f 3683 3699 3684
f 3699 3700 3684
f 3684 3700 3685
f 3700 3701 3685
f 3685 3701 3686
f 3701 3702 3686
f 3686 3702 3703
f 3686 3703 3687
f 3687 3703 3704
f 3687 3704 3688
f 3688 3704 3705
f 3688 3705 3689
f 3689 3705 3706
f 3689 3706 3690
f 3690 3706 3691
f 3706 3707 3691
f 3691 3707 3692
f 3707 3708 3692
f 3692 3708 3693
f 3708 3709 3693
f 3693 3709 3678
f 3709 3694 3678
f 3694 3710 3711
f 3694 3711 3695
f 3695 3711 3712
f 3695 3712 3696
f 3696 3712 3713
f 3696 3713 3697
f 3697 3713 3714
f 3697 3714 3698
f 3698 3714 3699
f 3714 3715 3699
f 3699 3715 3700
f 3715 3716 3700
f 3700 3716 3701
f 3716 3717 3701
f 3701 3717 3702
f 3717 3718 3702
f 3702 3718 3719
f 3702 3719 3703
f 3703 3719 3720
f 3703 3720 3704
f 3704 3720 3721
f 3704 3721 3705
f 3705 3721 3722
f 3705 3722 3706
f 3706 3722 3707
f 3722 3723 3707
f 3707 3723 3708
f 3723 3724 3708
f 3708 3724 3709
f 3724 3725 3709
f 3709 3725 3694
f 3725 3710 3694
f 3710 3726 3727
f 3710 3727 3711
f 3711 3727 3728
f 3711 3728 3712
f 3712 3728 3729
f 3712 3729 3713
f 3713 3729 3730
f 3713 3730 3714
f 3714 3730 3715
f 3730 3731 3715
f 3715 3731 3716
f 3731 3732 3716
f 3716 3732 3717
f 3732 3733 3717
f 3717 3733 3718
f 3733 3734 3718
f 3718 3734 3735
f 3718 3735 3719
f 3719 3735 3736
f 3719 3736 3720
f 3720 3736 3737
f 3720 3737 3721
f 3721 3737 3738
f 3721 3738 3722
f 3722 3738 3723
f 3738 3739 3723
f 3723 3739 3724
f 3739 3740 3724
f 3724 3740 3725
f 3740 3741 3725
f 3725 3741 3710
f 3741 3726 3710
f 3726 3742 3743
f 3726 3743 3727
f 3727 3743 3744
f 3727 3744 3728
f 3728 3744 3745
f 3728 3745 3729
f 3729 3745 3746
f 3729 3746 3730
f 3730 3746 3731
f 3746 3747 3731
f 3731 3747 3732
f 3747 3748 3732
f 3732 3748 3733
f 3748 3749 3733
f 3733 3749 3734
f 3749 3750 3734
f 3734 3750 3751
f 3734 3751 3735
f 3735 3751 3752
f 3735 3752 3736
f 3736 3752 3753
f 3736 3753 3737
f 3737 3753 3754
f 3737 3754 3738
f 3738 3754 3739
f 3754 3755 3739
f 3739 3755 3740
f 3755 3756 3740
f 3740 3756 3741
f 3756 3757 3741
f 3741 3757 3726
f 3757 3742 3726
f 3742 3758 3759
f 3742 3759 3743
f 3743 3759 3760
f 3743 3760 3744
f 3744 3760 3761
f 3744 3761 3745
f 3745 3761 3762
f 3745 3762 3746
f 3746 3762 3747
f 3762 3763 3747
f 3747 3763 3748
f 3763 3764 3748
f 3748 3764 3749
f 3764 3765 3749
f 3749 3765 3750
f 3765 3766 3750
f 3750 3766 3767
f 3750 3767 3751
f 3751 3767 3768
f 3751 3768 3752
f 3752 3768 3769
f 3752 3769 3753
f 3753 3769 3770
f 3753 3770 3754
f 3754 3770 3755
f 3770 3771 3755
f 3755 3771 3756
f 3771 3772 3756
f 3756 3772 3757
f 3772 3773 3757
f 3757 3773 3742
f 3773 3758 3742
f 3758 3774 3775
f 3758 3775 3759
f 3759 3775 3776
f 3759 3776 3760
f 3760 3776 3777
f 3760 3777 3761
f 3761 3777 3778
f 3761 3778 3762
f 3762 3778 3763
f 3778 3779 3763
f 3763 3779 3764
f 3779 3780 3764
f 3764 3780 3765
f 3780 3781 3765
f 3765 3781 3766
f 3781 3782 3766
f 3766 3782 3783
f 3766 3783 3767
f 3767 3783 3784
f 3767 3784 3768
f 3768 3784 3785
f 3768 3785 3769
f 3769 3785 3786
f 3769 3786 3770
f 3770 3786 3771
f 3786 3787 3771
f 3771 3787 3772
f 3787 3788 3772
f 3772 3788 3773
f 3788 3789 3773
f 3773 3789 3758
f 3789 3774 3758
f 3774 3790 3791
f 3774 3791 3775
f 3775 3791 3792
f 3775 3792 3776
f 3776 3792 3793
f 3776 3793 3777
f 3777 3793 3794
f 3777 3794 3778
f 3778 3794 3779
f 3794 3795 3779
f 3779 3795 3780
f 3795 3796 3780
f 3780 3796 3781
f 3796 3797 3781
f 3781 3797 3782
f 3797 3798 3782
f 3782 3798 3799
f 3782 3799 3783
f 3783 3799 3800
f 3783 3800 3784
f 3784 3800 3801
f 3784 3801 3785
f 3785 3801 3802
f 3785 3802 3786
f 3786 3802 3787
f 3802 3803 3787
f 3787 3803 3788
f 3803 3804 3788
f 3788 3804 3789
f 3804 3805 3789
f 3789 3805 3774
f 3805 3790 3774
f 3790 3806 3791
f 3791 3806 3792
f 3792 3806 3793
f 3793 3806 3794
f 3794 3806 3795
f 3795 3806 3796
f 3796 3806 3797
f 3797 3806 3798
f 3798 3806 3799
f 3799 3806 3800
f 3800 3806 3801
f 3801 3806 3802
f 3802 3806 3803
f 3803 3806 3804
f 3804 3806 3805
f 3805 3806 3790
f 3807 3808 3809
f 3808 3810 3809
f 3810 3811 3809
f 3811 3812 3809
f 3809 3812 3813
f 3809 3813 3814
f 3809 3814 3815
f 3809 3815 3816
f 3816 3817 3809
f 3817 3818 3809
f 3818 3819 3809
f 3819 3820 3809
f 3809 3820 3821
f 3809 3821 3822
f 3809 3822 3823
f 3809 3823 3807
f 3807 3824 3808
f 3824 3825 3808
f 3808 3825 3810
f 3825 3826 3810
f 3810 3826 3811
f 3826 3827 3811
f 3811 3827 3812
f 3827 3828 3812
f 3812 3828 3829
f 3812 3829 3813
f 3813 3829 3830
f 3813 3830 3814
f 3814 3830 3831
f 3814 3831 3815
f 3815 3831 3832
f 3815 3832 3816
f 3816 3832 3817
f 3832 3833 3817
f 3817 3833 3818
f 3833 3834 3818
f 3818 3834 3819
f 3834 3835 3819
f 3819 3835 3820
f 3835 3836 3820
f 3820 3836 3837
f 3820 3837 3821
f 3821 3837 3838
f 3821 3838 3822
f 3822 3838 3839
f 3822 3839 3823
f 3823 3839 3824
f 3823 3824 3807
f 3824 3840 3825
f 3840 3841 3825
f 3825 3841 3826
f 3841 3842 3826
f 3826 3842 3827
f 3842 3843 3827
f 3827 3843 3828
f 3843 3844 3828
f 3828 3844 3845
f 3828 3845 3829
f 3829 3845 3846
f 3829 3846 3830
f 3830 3846 3847
f 3830 3847 3831
f 3831 3847 3848
f 3831 3848 3832
f 3832 3848 3833
f 3848 3849 3833
f 3833 3849 3834
f 3849 3850 3834
f 3834 3850 3835
f 3850 3851 3835
f 3835 3851 3836
f 3851 3852 3836
f 3836 3852 3853
f 3836 3853 3837
f 3837 3853 3854
f 3837 3854 3838
f 3838 3854 3855
f 3838 3855 3839
f 3839 3855 3840
f 3839 3840 3824
f 3840 3856 3841
f 3856 3857 3841
f 3841 3857 3842
f 3857 3858 3842
f 3842 3858 3843
f 3858 3859 3843
f 3843 3859 3844
f 3859 3860 3844
f 3844 3860 3861
f 3844 3861 3845
f 3845 3861 3862
f 3845 3862 3846
f 3846 3862 3863
f 3846 3863 3847
f 3847 3863 3864
f 3847 3864 3848
f 3848 3864 3849
f 3864 3865 3849
f 3849 3865 3850
f 3865 3866 3850
f 3850 3866 3851
f 3866 3867 3851
f 3851 3867 3852
f 3867 3868 3852
f 3852 3868 3869
f 3852 3869 3853
f 3853 3869 3870
f 3853 3870 3854
f 3854 3870 3871
f 3854 3871 3855
f 3855 3871 3856
f 3855 3856 3840
f 3856 3872 3857
f 3872 3873 3857
f 3857 3873 3858
f 3873 3874 3858
f 3858 3874 3859
f 3874 3875 3859
f 3859 3875 3860
f 3875 3876 3860
f 3860 3876 3877
f 3860 3877 3861
f 3861 3877 3878
f 3861 3878 3862
f 3862 3878 3879
f 3862 3879 3863
f 3863 3879 3880
f 3863 3880 3864
f 3864 3880 3865
f 3880 3881 3865
f 3865 3881 3866
f 3881 3882 3866
f 3866 3882 3867
f 3882 3883 3867
f 3867 3883 3868
f 3883 3884 3868
f 3868 3884 3885
f 3868 3885 3869
f 3869 3885 3886
f 3869 3886 3870
f 3870 3886 3887
f 3870 3887 3871
f 3871 3887 3872
f 3871 3872 3856
f 3872 3888 3873
f 3888 3889 3873
f 3873 3889 3874
f 3889 3890 3874
f 3874 3890 3875
f 3890 3891 3875
f 3875 3891 3876
f 3891 3892 3876
f 3876 3892 3893
f 3876 3893 3877
f 3877 3893 3894
f 3877 3894 3878
f 3878 3894 3895
f 3878 3895 3879
f 3879 3895 3896
f 3879 3896 3880
f 3880 3896 3881
f 3896 3897 3881
f 3881 3897 3882
f 3897 3898 3882
f 3882 3898 3883
f 3898 3899 3883
f 3883 3899 3884
f 3899 3900 3884
f 3884 3900 3901
f 3884 3901 3885
f 3885 3901 3902
f 3885 3902 3886
f 3886 3902 3903
f 3886 3903 3887
f 3887 3903 3888
f 3887 3888 3872
f 3888 3904 3889
f 3904 3905 3889
f 3889 3905 3890
f 3905 3906 3890
f 3890 3906 3891
f 3906 3907 3891
f 3891 3907 3892
f 3907 3908 3892
f 3892 3908 3909
f 3892 3909 3893
f 3893 3909 3910
f 3893 3910 3894
f 3894 3910 3911
f 3894 3911 3895
f 3895 3911 3912
f 3895 3912 3896
f 3896 3912 3897
f 3912 3913 3897
f 3897 3913 3898
f 3913 3914 3898
f 3898 3914 3899
f 3914 3915 3899
f 3899 3915 3900
f 3915 3916 3900
f 3900 3916 3917
f 3900 3917 3901
f 3901 3917 3918
f 3901 3918 3902
f 3902 3918 3919
f 3902 3919 3903
f 3903 3919 3904
f 3903 3904 3888
f 3904 3920 3905
f 3920 3921 3905
f 3905 3921 3906
f 3921 3922 3906
f 3906 3922 3907
f 3922 3923 3907
f 3907 3923 3908
f 3923 3924 3908
f 3908 3924 3925
f 3908 3925 3909
f 3909 3925 3926
f 3909 3926 3910
f 3910 3926 3927
f 3910 3927 3911
f 3911 3927 3928
f 3911 3928 3912
f 3912 3928 3913
f 3928 3929 3913
f 3913 3929 3914
f 3929 3930 3914
f 3914 3930 3915
f 3930 3931 3915
f 3915 3931 3916
f 3931 3932 3916
f 3916 3932 3933
f 3916 3933 3917
f 3917 3933 3934
f 3917 3934 3918
f 3918 3934 3935
f 3918 3935 3919
f 3919 3935 3920
f 3919 3920 3904
f 3920 3936 3921
f 3936 3937 3921
f 3921 3937 3922
f 3937 3938 3922
f 3922 3938 3923
f 3938 3939 3923
f 3923 3939 3924
f 3939 3940 3924
f 3924 3940 3941
f 3924 3941 3925
f 3925 3941 3942
f 3925 3942 3926
f 3926 3942 3943
f 3926 3943 3927
f 3927 3943 3944
f 3927 3944 3928
f 3928 3944 3929
f 3944 3945 3929
f 3929 3945 3930
f 3945 3946 3930
f 3930 3946 3931
f 3946 3947 3931
f 3931 3947 3932
f 3947 3948 3932
f 3932 3948 3949
f 3932 3949 3933
f 3933 3949 3950
f 3933 3950 3934
f 3934 3950 3951
f 3934 3951 3935
f 3935 3951 3936
f 3935 3936 3920
f 3936 3952 3937
f 3952 3953 3937
f 3937 3953 3938
f 3953 3954 3938
f 3938 3954 3939
f 3954 3955 3939
f 3939 3955 3940
f 3955 3956 3940
f 3940 3956 3957
f 3940 3957 3941
f 3941 3957 3958
f 3941 3958 3942
f 3942 3958 3959
f 3942 3959 3943
f 3943 3959 3960
f 3943 3960 3944
f 3944 3960 3945
f 3960 3961 3945
f 3945 3961 3946
f 3961 3962 3946
f 3946 3962 3947
f 3962 3963 3947
f 3947 3963 3948
f 3963 3964 3948
f 3948 3964 3965
f 3948 3965 3949
f 3949 3965 3966
f 3949 3966 3950
f 3950 3966 3967
f 3950 3967 3951
f 3951 3967 3952
f 3951 3952 3936
f 3952 3968 3969
f 3952 3969 3953
f 3953 3969 3970
f 3953 3970 3954
f 3954 3970 3971
f 3954 3971 3955
f 3955 3971 3972
f 3955 3972 3956
f 3956 3972 3957
f 3972 3973 3957
f 3957 3973 3958
f 3973 3974 3958
f 3958 3974 3959
f 3974 3975 3959
f 3959 3975 3960
f 3975 3976 3960
f 3960 3976 3977
f 3960 3977 3961
f 3961 3977 3978
f 3961 3978 3962
f 3962 3978 3979
f 3962 3979 3963
f 3963 3979 3980
f 3963 3980 3964
f 3964 3980 3965
f 3980 3981 3965
f 3965 3981 3966
f 3981 3982 3966
f 3966 3982 3967
f 3982 3983 3967
f 3967 3983 3952
f 3983 3968 3952
f 3968 3984 3985
f 3968 3985 3969
f 3969 3985 3986
f 3969 3986 3970
f 3970 3986 3987
f 3970 3987 3971
f 3971 3987 3988
f 3971 3988 3972
f 3972 3988 3973
f 3988 3989 3973
f 3973 3989 3974
f 3989 3990 3974
f 3974 3990 3975
f 3990 3991 3975
f 3975 3991 3976
f 3991 3992 3976
f 3976 3992 3993
f 3976 3993 3977
f 3977 3993 3994
f 3977 3994 3978
f 3978 3994 3995
f 3978 3995 3979
f 3979 3995 3996
f 3979 3996 3980
f 3980 3996 3981
f 3996 3997 3981
f 3981 3997 3982
f 3997 3998 3982
f 3982 3998 3983
f 3998 3999 3983
f 3983 3999 3968
f 3999 3984 3968
f 3984 4000 4001
f 3984 4001 3985
f 3985 4001 4002
f 3985 4002 3986
f 3986 4002 4003
f 3986 4003 3987
f 3987 4003 4004
f 3987 4004 3988
f 3988 4004 3989
f 4004 4005 3989
f 3989 4005 3990
f 4005 4006 3990
f 3990 4006 3991
f 4006 4007 3991
f 3991 4007 3992
f 4007 4008 3992
f 3992 4008 4009
f 3992 4009 3993
f 3993 4009 4010
f 3993 4010 3994
f 3994 4010 4011
f 3994 4011 3995
f 3995 4011 4012
f 3995 4012 3996
f 3996 4012 3997
f 4012 4013 3997
f 3997 4013 3998
f 4013 4014 3998
f 3998 4014 3999
f 4014 4015 3999
f 3999 4015 3984
f 4015 4000 3984
f 4000 4016 4017
f 4000 4017 4001
f 4001 4017 4018
f 4001 4018 4002
f 4002 4018 4019
f 4002 4019 4003
f 4003 4019 4020
f 4003 4020 4004
f 4004 4020 4005
f 4020 4021 4005
f 4005 4021 4006
f 4021 4022 4006
f 4006 4022 4007
f 4022 4023 4007
f 4007 4023 4008
f 4023 4024 4008
f 4008 4024 4025
f 4008 4025 4009
f 4009 4025 4026
f 4009 4026 4010
f 4010 4026 4027
f 4010 4027 4011
f 4011 4027 4028
f 4011 4028 4012
f 4012 4028 4013
f 4028 4029 4013
f 4013 4029 4014
f 4029 4030 4014
f 4014 4030 4015
f 4030 4031 4015
f 4015 4031 4000
f 4031 4016 4000
f 4016 4032 4033
f 4016 4033 4017
f 4017 4033 4034
f 4017 4034 4018
f 4018 4034 4035
f 4018 4035 4019
f 4019 4035 4036
f 4019 4036 4020
f 4020 4036 4021
f 4036 4037 4021
f 4021 4037 4022
f 4037 4038 4022
f 4022 4038 4023
f 4038 4039 4023
f 4023 4039 4024
f 4039 4040 4024
f 4024 4040 4041
f 4024 4041 4025
f 4025 4041 4042
f 4025 4042 4026
f 4026 4042 4043
f 4026 4043 4027
f 4027 4043 4044
f 4027 4044 4028
f 4028 4044 4029
f 4044 4045 4029
f 4029 4045 4030
f 4045 4046 4030
f 4030 4046 4031
f 4046 4047 4031
f 4031 4047 4016
f 4047 4032 4016
f 4032 4048 4049
f 4032 4049 4033
f 4033 4049 4050
f 4033 4050 4034
f 4034 4050 4051
f 4034 4051 4035
f 4035 4051 4052
f 4035 4052 4036
f 4036 4052 4037
f 4052 4053 4037
f 4037 4053 4038
f 4053 4054 4038
f 4038 4054 4039
f 4054 4055 4039
f 4039 4055 4040
f 4055 4056 4040
f 4040 4056 4057
f 4040 4057 4041
f 4041 4057 4058
f 4041 4058 4042
f 4042 4058 4059
f 4042 4059 4043
f 4043 4059 4060
f 4043 4060 4044
f 4044 4060 4045
f 4060 4061 4045
f 4045 4061 4046
f 4061 4062 4046
f 4046 4062 4047
f 4062 4063 4047
f 4047 4063 4032
f 4063 4048 4032
f 4048 4064 4065
f 4048 4065 4049
f 4049 4065 4066
f 4049 4066 4050
f 4050 4066 4067
f 4050 4067 4051
f 4051 4067 4068
f 4051 4068 4052
f 4052 4068 4053
f 4068 4069 4053
f 4053 4069 4054
f 4069 4070 4054
f 4054 4070 4055
f 4070 4071 4055
f 4055 4071 4056
f 4071 4072 4056
f 4056 4072 4073
f 4056 4073 4057
f 4057 4073 4074
f 4057 4074 4058
f 4058 4074 4075
f 4058 4075 4059
f 4059 4075 4076
f 4059 4076 4060
f 4060 4076 4061
f 4076 4077 4061
f 4061 4077 4062
f 4077 4078 4062
f 4062 4078 4063
f 4078 4079 4063
f 4063 4079 4048
f 4079 4064 4048
f 4064 4080 4081
f 4064 4081 4065
f 4065 4081 4082
f 4065 4082 4066
f 4066 4082 4083
f 4066 4083 4067
f 4067 4083 4084
f 4067 4084 4068
f 4068 4084 4069
f 4084 4085 4069
f 4069 4085 4070
f 4085 4086 4070
f 4070 4086 4071
f 4086 4087 4071
f 4071 4087 4072
f 4087 4088 4072
f 4072 4088 4089
f 4072 4089 4073
f 4073 4089 4090
f 4073 4090 4074
f 4074 4090 4091
f 4074 4091 4075
f 4075 4091 4092
f 4075 4092 4076
f 4076 4092 4077
f 4092 4093 4077
f 4077 4093 4078
f 4093 4094 4078
f 4078 4094 4079
f 4094 4095 4079
f 4079 4095 4064
f 4095 4080 4064
f 4080 4096 4097
f 4080 4097 4081
f 4081 4097 4098
f 4081 4098 4082
f 4082 4098 4099
f 4082 4099 4083
f 4083 4099 4100
f 4083 4100 4084
f 4084 4100 4085
f 4100 4101 4085
f 4085 4101 4086
f 4101 4102 4086
f 4086 4102 4087
f 4102 4103 4087
f 4087 4103 4088
f 4103 4104 4088
f 4088 4104 4105
f 4088 4105 4089
f 4089 4105 4106
f 4089 4106 4090
f 4090 4106 4107
f 4090 4107 4091
f 4091 4107 4108
f 4091 4108 4092
f 4092 4108 4093
f 4108 4109 4093
f 4093 4109 4094
f 4109 4110 4094
f 4094 4110 4095
f 4110 4111 4095
f 4095 4111 4080
f 4111 4096 4080
f 4096 4112 4097
f 4097 4112 4098
f 4098 4112 4099
f 4099 4112 4100
f 4100 4112 4101
f 4101 4112 4102
f 4102 4112 4103
f 4103 4112 4104
f 4104 4112 4105
f 4105 4112 4106
f 4106 4112 4107
f 4107 4112 4108
f 4108 4112 4109
f 4109 4112 4110
f 4110 4112 4111
f 4111 4112 4096
f 4113 4114 4115
f 4114 4116 4115
f 4116 4117 4115
f 4117 4118 4115
f 4115 4118 4119
f 4115 4119 4120
f 4115 4120 4121
f 4115 4121 4122
f 4122 4123 4115
f 4123 4124 4115
f 4124 4125 4115
f 4125 4126 4115
f 4115 4126 4127
f 4115 4127 4128
f 4115 4128 4129
f 4115 4129 4113
f 4113 4130 4114
f 4130 4131 4114
f 4114 4131 4116
f 4131 4132 4116
f 4116 4132 4117
f 4132 4133 4117
f 4117 4133 4118
f 4133 4134 4118
f 4118 4134 4135
f 4118 4135 4119
f 4119 4135 4136
f 4119 4136 4120
f 4120 4136 4137
f 4120 4137 4121
f 4121 4137 4138
f 4121 4138 4122
f 4122 4138 4123
f 4138 4139 4123
f 4123 4139 4124
f 4139 4140 4124
f 4124 4140 4125
f 4140 4141 4125
f 4125 4141 4126
f 4141 4142 4126
f 4126 4142 4143
f 4126 4143 4127
f 4127 4143 4144
f 4127 4144 4128
f 4128 4144 4145
f 4128 4145 4129
f 4129 4145 4130
f 4129 4130 4113
f 4130 4146 4131
f 4146 4147 4131
f 4131 4147 4132
f 4147 4148 4132
f 4132 4148 4133
f 4148 4149 4133
f 4133 4149 4134
f 4149 4150 4134
f 4134 4150 4151
f 4134 4151 4135
f 4135 4151 4152
f 4135 4152 4136
f 4136 4152 4153
f 4136 4153 4137
f 4137 4153 4154
f 4137 4154 4138
f 4138 4154 4139
f 4154 4155 4139
f 4139 4155 4140
f 4155 4156 4140
f 4140 4156 4141
f 4156 4157 4141
f 4141 4157 4142
f 4157 4158 4142
f 4142 4158 4159
f 4142 4159 4143
f 4143 4159 4160
f 4143 4160 4144
f 4144 4160 4161
f 4144 4161 4145
f 4145 4161 4146
f 4145 4146 4130
f 4146 4162 4147
f 4162 4163 4147
f 4147 4163 4148
f 4163 4164 4148
f 4148 4164 4149
f 4164 4165 4149
f 4149 4165 4150
f 4165 4166 4150
f 4150 4166 4167
f 4150 4167 4151
f 4151 4167 4168
f 4151 4168 4152
f 4152 4168 4169
f 4152 4169 4153
f 4153 4169 4170
f 4153 4170 4154
f 4154 4170 4155
f 4170 4171 4155
f 4155 4171 4156
f 4171 4172 4156
f 4156 4172 4157
f 4172 4173 4157
f 4157 4173 4158
f 4173 4174 4158
f 4158 4174 4175
f 4158 4175 4159
f 4159 4175 4176
f 4159 4176 4160
f 4160 4176 4177
f 4160 4177 4161
f 4161 4177 4162
f 4161 4162 4146
f 4162 4178 4163
f 4178 4179 4163
f 4163 4179 4164
f 4179 4180 4164
f 4164 4180 4165
f 4180 4181 4165
f 4165 4181 4166
f 4181 4182 4166
f 4166 4182 4183
f 4166 4183 4167
f 4167 4183 4184
f 4167 4184 4168
f 4168 4184 4185
f 4168 4185 4169
f 4169 4185 4186
f 4169 4186 4170
f 4170 4186 4171
f 4186 4187 4171
f 4171 4187 4172
f 4187 4188 4172
f 4172 4188 4173
f 4188 4189 4173
f 4173 4189 4174
f 4189 4190 4174
f 4174 4190 4191
f 4174 4191 4175
f 4175 4191 4192
f 4175 4192 4176
f 4176 4192 4193
f 4176 4193 4177
f 4177 4193 4178
f 4177 4178 4162
f 4178 4194 4179
f 4194 4195 4179
f 4179 4195 4180
f 4195 4196 4180
f 4180 4196 4181
f 4196 4197 4181
f 4181 4197 4182
f 4197 4198 4182
f 4182 4198 4199
f 4182 4199 4183
f 4183 4199 4200
f 4183 4200 4184
f 4184 4200 4201
f 4184 4201 4185
f 4185 4201 4202
f 4185 4202 4186
f 4186 4202 4187
f 4202 4203 4187
f 4187 4203 4188
f 4203 4204 4188
f 4188 4204 4189
f 4204 4205 4189
f 4189 4205 4190
f 4205 4206 4190
f 4190 4206 4207
f 4190 4207 4191
f 4191 4207 4208
f 4191 4208 4192
f 4192 4208 4209
f 4192 4209 4193
f 4193 4209 4194
f 4193 4194 4178
f 4194 4210 4195
f 4210 4211 4195
f 4195 4211 4196
f 4211 4212 4196
f 4196 4212 4197
f 4212 4213 4197
f 4197 4213 4198
f 4213 4214 4198
f 4198 4214 4215
f 4198 4215 4199
f 4199 4215 4216
f 4199 4216 4200
f 4200 4216 4217
f 4200 4217 4201
f 4201 4217 4218
f 4201 4218 4202
f 4202 4218 4203
f 4218 4219 4203
f 4203 4219 4204
f 4219 4220 4204
f 4204 4220 4205
f 4220 4221 4205
f 4205 4221 4206
f 4221 4222 4206
f 4206 4222 4223
f 4206 4223 4207
f 4207 4223 4224
f 4207 4224 4208
f 4208 4224 4225
f 4208 4225 4209
f 4209 4225 4210
f 4209 4210 4194
f 4210 4226 4211
f 4226 4227 4211
f 4211 4227 4212
f 4227 4228 4212
f 4212 4228 4213
f 4228 4229 4213
f 4213 4229 4214
f 4229 4230 4214
f 4214 4230 4231
f 4214 4231 4215
f 4215 4231 4232
f 4215 4232 4216
f 4216 4232 4233
f 4216 4233 4217
f 4217 4233 4234
f 4217 4234 4218
f 4218 4234 4219
f 4234 4235 4219
f 4219 4235 4220
f 4235 4236 4220
f 4220 4236 4221
f 4236 4237 4221
f 4221 4237 4222
f 4237 4238 4222
f 4222 4238 4239
f 4222 4239 4223
f 4223 4239 4240
f 4223 4240 4224
f 4224 4240 4241
f 4224 4241 4225
f 4225 4241 4226
f 4225 4226 4210
f 4226 4242 4227
f 4242 4243 4227
f 4227 4243 4228
f 4243 4244 4228
f 4228 4244 4229
f 4244 4245 4229
f 4229 4245 4230
f 4245 4246 4230
f 4230 4246 4247
f 4230 4247 4231
f 4231 4247 4248
f 4231 4248 4232
f 4232 4248 4249
f 4232 4249 4233
f 4233 4249 4250
f 4233 4250 4234
f 4234 4250 4235
f 4250 4251 4235
f 4235 4251 4236
f 4251 4252 4236
f 4236 4252 4237
f 4252 4253 4237
f 4237 4253 4238
f 4253 4254 4238
f 4238 4254 4255
f 4238 4255 4239
f 4239 4255 4256
f 4239 4256 4240
f 4240 4256 4257
f 4240 4257 4241
f 4241 4257 4242
f 4241 4242 4226
f 4242 4258 4243
f 4258 4259 4243
f 4243 4259 4244
f 4259 4260 4244
f 4244 4260 4245
f 4260 4261 4245
f 4245 4261 4246
f 4261 4262 4246
f 4246 4262 4263
f 4246 4263 4247
f 4247 4263 4264
f 4247 4264 4248
f 4248 4264 4265
f 4248 4265 4249
f 4249 4265 4266
f 4249 4266 4250
f 4250 4266 4251
f 4266 4267 4251
f 4251 4267 4252
f 4267 4268 4252
f 4252 4268 4253
f 4268 4269 4253
f 4253 4269 4254
f 4269 4270 4254
f 4254 4270 4271
f 4254 4271 4255
f 4255 4271 4272
f 4255 4272 4256
f 4256 4272 4273
f 4256 4273 4257
f 4257 4273 4258
f 4257 4258 4242
f 4258 4274 4275
f 4258 4275 4259
f 4259 4275 4276
f 4259 4276 4260
f 4260 4276 4277
f 4260 4277 4261
f 4261 4277 4278
f 4261 4278 4262
f 4262 4278 4263
f 4278 4279 4263
f 4263 4279 4264
f 4279 4280 4264
f 4264 4280 4265
f 4280 4281 4265
f 4265 4281 4266
f 4281 4282 4266
f 4266 4282 4283
f 4266 4283 4267
f 4267 4283 4284
f 4267 4284 4268
f 4268 4284 4285
f 4268 4285 4269
f 4269 4285 4286
f 4269 4286 4270
f 4270 4286 4271
f 4286 4287 4271
f 4271 4287 4272
f 4287 4288 4272
f 4272 4288 4273
f 4288 4289 4273
f 4273 4289 4258
f 4289 4274 4258
f 4274 4290 4291
f 4274 4291 4275
f 4275 4291 4292
f 4275 4292 4276
f 4276 4292 4293
f 4276 4293 4277
f 4277 4293 4294
f 4277 4294 4278
f 4278 4294 4279
f 4294 4295 4279
f 4279 4295 4280
f 4295 4296 4280
f 4280 4296 4281
f 4296 4297 4281
f 4281 4297 4282
f 4297 4298 4282
f 4282 4298 4299
f 4282 4299 4283
f 4283 4299 4300
f 4283 4300 4284
f 4284 4300 4301
f 4284 4301 4285
f 4285 4301 4302
f 4285 4302 4286
f 4286 4302 4287
f 4302 4303 4287
f 4287 4303 4288
f 4303 4304 4288
f 4288 4304 4289
f 4304 4305 4289
f 4289 4305 4274
f 4305 4290 4274
f 4290 4306 4307
f 4290 4307 4291
f 4291 4307 4308
f 4291 4308 4292
f 4292 4308 4309
f 4292 4309 4293
f 4293 4309 4310
f 4293 4310 4294
f 4294 4310 4295
f 4310 4311 4295
f 4295 4311 4296
f 4311 4312 4296
f 4296 4312 4297
f 4312 4313 4297
f 4297 4313 4298
f 4313 4314 4298
f 4298 4314 4315
f 4298 4315 4299
f 4299 4315 4316
f 4299 4316 4300
f 4300 4316 4317
f 4300 4317 4301
f 4301 4317 4318
f 4301 4318 4302
f 4302 4318 4303
f 4318 4319 4303
f 4303 4319 4304
f 4319 4320 4304
f 4304 4320 4305
f 4320 4321 4305
f 4305 4321 4290
f 4321 4306 4290
f 4306 4322 4323
f 4306 4323 4307
f 4307 4323 4324
f 4307 4324 4308
f 4308 4324 4325
f 4308 4325 4309
f 4309 4325 4326
f 4309 4326 4310
f 4310 4326 4311
f 4326 4327 4311
f 4311 4327 4312
f 4327 4328 4312
f 4312 4328 4313
f 4328 4329 4313
f 4313 4329 4314
f 4329 4330 4314
f 4314 4330 4331
f 4314 4331 4315
f 4315 4331 4332
f 4315 4332 4316
f 4316 4332 4333
f 4316 4333 4317
f 4317 4333 4334
f 4317 4334 4318
f 4318 4334 4319
f 4334 4335 4319
f 4319 4335 4320
f 4335 4336 4320
f 4320 4336 4321
f 4336 4337 4321
f 4321 4337 4306
f 4337 4322 4306
f 4322 4338 4339
f 4322 4339 4323
f 4323 4339 4340
f 4323 4340 4324
f 4324 4340 4341
f 4324 4341 4325
f 4325 4341 4342
f 4325 4342 4326
f 4326 4342 4327
f 4342 4343 4327
f 4327 4343 4328
f 4343 4344 4328
f 4328 4344 4329
f 4344 4345 4329
f 4329 4345 4330
f 4345 4346 4330
f 4330 4346 4347
f 4330 4347 4331
f 4331 4347 4348
f 4331 4348 4332
f 4332 4348 4349
f 4332 4349 4333
f 4333 4349 4350
f 4333 4350 4334
f 4334 4350 4335
f 4350 4351 4335
f 4335 4351 4336
f 4351 4352 4336
f 4336 4352 4337
f 4352 4353 4337
f 4337 4353 4322
f 4353 4338 4322
f 4338 4354 4355
f 4338 4355 4339
f 4339 4355 4356
f 4339 4356 4340
f 4340 4356 4357
f 4340 4357 4341
f 4341 4357 4358
f 4341 4358 4342
f 4342 4358 4343
f 4358 4359 4343
f 4343 4359 4344
f 4359 4360 4344
f 4344 4360 4345
f 4360 4361 4345
f 4345 4361 4346
f 4361 4362 4346
f 4346 4362 4363
f 4346 4363 4347
f 4347 4363 4364
f 4347 4364 4348
f 4348 4364 4365
f 4348 4365 4349
f 4349 4365 4366
f 4349 4366 4350
f 4350 4366 4351
f 4366 4367 4351
f 4351 4367 4352
f 4367 4368 4352
f 4352 4368 4353
f 4368 4369 4353
f 4353 4369 4338
f 4369 4354 4338
f 4354 4370 4371
f 4354 4371 4355
f 4355 4371 4372
f 4355 4372 4356
f 4356 4372 4373
f 4356 4373 4357
f 4357 4373 4374
f 4357 4374 4358
f 4358 4374 4359
f 4374 4375 4359
f 4359 4375 4360
f 4375 4376 4360
f 4360 4376 4361
f 4376 4377 4361
f 4361 4377 4362
f 4377 4378 4362
f 4362 4378 4379
f 4362 4379 4363
f 4363 4379 4380
f 4363 4380 4364
f 4364 4380 4381
f 4364 4381 4365
f 4365 4381 4382
f 4365 4382 4366
f 4366 4382 4367
f 4382 4383 4367
f 4367 4383 4368
f 4383 4384 4368
f 4368 4384 4369
f 4384 4385 4369
f 4369 4385 4354
f 4385 4370 4354
f 4370 4386 4387
f 4370 4387 4371
f 4371 4387 4388
f 4371 4388 4372
f 4372 4388 4389
f 4372 4389 4373
f 4373 4389 4390
f 4373 4390 4374
f 4374 4390 4375
f 4390 4391 4375
f 4375 4391 4376
f 4391 4392 4376
f 4376 4392 4377
f 4392 4393 4377
f 4377 4393 4378
f 4393 4394 4378
f 4378 4394 4395
f 4378 4395 4379
f 4379 4395 4396
f 4379 4396 4380
f 4380 4396 4397
f 4380 4397 4381
f 4381 4397 4398
f 4381 4398 4382
f 4382 4398 4383
f 4398 4399 4383
f 4383 4399 4384
f 4399 4400 4384
f 4384 4400 4385
f 4400 4401 4385
f 4385 4401 4370
f 4401 4386 4370
f 4386 4402 4403
f 4386 4403 4387
f 4387 4403 4404
f 4387 4404 4388
f 4388 4404 4405
f 4388 4405 4389
f 4389 4405 4406
f 4389 4406 4390
f 4390 4406 4391
f 4406 4407 4391
f 4391 4407 4392
f 4407 4408 4392
f 4392 4408 4393
f 4408 4409 4393
f 4393 4409 4394
f 4409 4410 4394
f 4394 4410 4411
f 4394 4411 4395
f 4395 4411 4412
f 4395 4412 4396
f 4396 4412 4413
f 4396 4413 4397
f 4397 4413 4414
f 4397 4414 4398
f 4398 4414 4399
f 4414 4415 4399
f 4399 4415 4400
f 4415 4416 4400
f 4400 4416 4401
f 4416 4417 4401
f 4401 4417 4386
f 4417 4402 4386
f 4402 4418 4403
f 4403 4418 4404
f 4404 4418 4405
f 4405 4418 4406
f 4406 4418 4407
f 4407 4418 4408
f 4408 4418 4409
f 4409 4418 4410
f 4410 4418 4411
f 4411 4418 4412
f 4412 4418 4413
f 4413 4418 4414
f 4414 4418 4415
f 4415 4418 4416
f 4416 4418 4417
f 4417 4418 4402
f 4419 4420 4421
f 4420 4422 4421
f 4422 4423 4421
f 4423 4424 4421
f 4421 4424 4425
f 4421 4425 4426
f 4421 4426 4427
f 4421 4427 4428
f 4428 4429 4421
f 4429 4430 4421
f 4430 4431 4421
f 4431 4432 4421
f 4421 4432 4433
f 4421 4433 4434
f 4421 4434 4435
f 4421 4435 4419
f 4419 4436 4420
f 4436 4437 4420
f 4420 4437 4422
f 4437 4438 4422
f 4422 4438 4423
f 4438 4439 4423
f 4423 4439 4424
f 4439 4440 4424
f 4424 4440 4441
f 4424 4441 4425
f 4425 4441 4442
f 4425 4442 4426
f 4426 4442 4443
f 4426 4443 4427
f 4427 4443 4444
f 4427 4444 4428
f 4428 4444 4429
f 4444 4445 4429
f 4429 4445 4430
f 4445 4446 4430
f 4430 4446 4431
f 4446 4447 4431
f 4431 4447 4432
f 4447 4448 4432
f 4432 4448 4449
f 4432 4449 4433
f 4433 4449 4450
f 4433 4450 4434
f 4434 4450 4451
f 4434 4451 4435
f 4435 4451 4436
f 4435 4436 4419
f 4436 4452 4437
f 4452 4453 4437
f 4437 4453 4438
f 4453 4454 4438
f 4438 4454 4439
f 4454 4455 4439
f 4439 4455 4440
f 4455 4456 4440
f 4440 4456 4457
f 4440 4457 4441
f 4441 4457 4458
f 4441 4458 4442
f 4442 4458 4459
f 4442 4459 4443
f 4443 4459 4460
f 4443 4460 4444
f 4444 4460 4445
f 4460 4461 4445
f 4445 4461 4446
f 4461 4462 4446
f 4446 4462 4447
f 4462 4463 4447
f 4447 4463 4448
f 4463 4464 4448
f 4448 4464 4465
f 4448 4465 4449
f 4449 4465 4466
f 4449 4466 4450
f 4450 4466 4467
f 4450 4467 4451
f 4451 4467 4452
f 4451 4452 4436
f 4452 4468 4453
f 4468 4469 4453
f 4453 4469 4454
f 4469 4470 4454
f 4454 4470 4455
f 4470 4471 4455
f 4455 4471 4456
f 4471 4472 4456
f 4456 4472 4473
f 4456 4473 4457
f 4457 4473 4474
f 4457 4474 4458
f 4458 4474 4475
f 4458 4475 4459
f 4459 4475 4476
f 4459 4476 4460
f 4460 4476 4461
f 4476 4477 4461
f 4461 4477 4462
f 4477 4478 4462
f 4462 4478 4463
f 4478 4479 4463
f 4463 4479 4464
f 4479 4480 4464
f 4464 4480 4481
f 4464 4481 4465
f 4465 4481 4482
f 4465 4482 4466
f 4466 4482 4483
f 4466 4483 4467
f 4467 4483 4468
f 4467 4468 4452
f 4468 4484 4469
f 4484 4485 4469
f 4469 4485 4470
f 4485 4486 4470
f 4470 4486 4471
f 4486 4487 4471
f 4471 4487 4472
f 4487 4488 4472
f 4472 4488 4489
f 4472 4489 4473
f 4473 4489 4490
f 4473 4490 4474
f 4474 4490 4491
f 4474 4491 4475
f 4475 4491 4492
f 4475 4492 4476
f 4476 4492 4477
f 4492 4493 4477
f 4477 4493 4478
f 4493 4494 4478
f 4478 4494 4479
f 4494 4495 4479
f 4479 4495 4480
f 4495 4496 4480
f 4480 4496 4497
f 4480 4497 4481
f 4481 4497 4498
f 4481 4498 4482
f 4482 4498 4499
f 4482 4499 4483
f 4483 4499 4484
f 4483 4484 4468
f 4484 4500 4485
f 4500 4501 4485
f 4485 4501 4486
f 4501 4502 4486
f 4486 4502 4487
f 4502 4503 4487
f 4487 4503 4488
f 4503 4504 4488
f 4488 4504 4505
f 4488 4505 4489
f 4489 4505 4506
f 4489 4506 4490
f 4490 4506 4507
f 4490 4507 4491
f 4491 4507 4508
f 4491 4508 4492
f 4492 4508 4493
f 4508 4509 4493
f 4493 4509 4494
f 4509 4510 4494
f 4494 4510 4495
f 4510 4511 4495
f 4495 4511 4496
f 4511 4512 4496
f 4496 4512 4513
f 4496 4513 4497
f 4497 4513 4514
f 4497 4514 4498
f 4498 4514 4515
f 4498 4515 4499
f 4499 4515 4500
f 4499 4500 4484
f 4500 4516 4501
f 4516 4517 4501
f 4501 4517 4502
f 4517 4518 4502
f 4502 4518 4503
f 4518 4519 4503
f 4503 4519 4504
f 4519 4520 4504
f 4504 4520 4521
f 4504 4521 4505
f 4505 4521 4522
f 4505 4522 4506
f 4506 4522 4523
f 4506 4523 4507
f 4507 4523 4524
f 4507 4524 4508
f 4508 4524 4509
f 4524 4525 4509
f 4509 4525 4510
f 4525 4526 4510
f 4510 4526 4511
f 4526 4527 4511
f 4511 4527 4512
f 4527 4528 4512
f 4512 4528 4529
f 4512 4529 4513
f 4513 4529 4530
f 4513 4530 4514
f 4514 4530 4531
f 4514 4531 4515
f 4515 4531 4516
f 4515 4516 4500
f 4516 4532 4517
f 4532 4533 4517
f 4517 4533 4518
f 4533 4534 4518
f 4518 4534 4519
f 4534 4535 4519
f 4519 4535 4520
f 4535 4536 4520
f 4520 4536 4537
f 4520 4537 4521
f 4521 4537 4538
f 4521 4538 4522
f 4522 4538 4539
f 4522 4539 4523
f 4523 4539 4540
f 4523 4540 4524
f 4524 4540 4525
f 4540 4541 4525
f 4525 4541 4526
f 4541 4542 4526
f 4526 4542 4527
f 4542 4543 4527
f 4527 4543 4528
f 4543 4544 4528
f 4528 4544 4545
f 4528 4545 4529
f 4529 4545 4546
f 4529 4546 4530
f 4530 4546 4547
f 4530 4547 4531
f 4531 4547 4532
f 4531 4532 4516
f 4532 4548 4533
f 4548 4549 4533
f 4533 4549 4534
f 4549 4550 4534
f 4534 4550 4535
f 4550 4551 4535
f 4535 4551 4536
f 4551 4552 4536
f 4536 4552 4553
f 4536 4553 4537
f 4537 4553 4554
f 4537 4554 4538
f 4538 4554 4555
f 4538 4555 4539
f 4539 4555 4556
f 4539 4556 4540
f 4540 4556 4541
f 4556 4557 4541
f 4541 4557 4542
f 4557 4558 4542
f 4542 4558 4543
f 4558 4559 4543
f 4543 4559 4544
f 4559 4560 4544
f 4544 4560 4561
f 4544 4561 4545
f 4545 4561 4562
f 4545 4562 4546
f 4546 4562 4563
f 4546 4563 4547
f 4547 4563 4548
f 4547 4548 4532
f 4548 4564 4549
f 4564 4565 4549
f 4549 4565 4550
f 4565 4566 4550
f 4550 4566 4551
f 4566 4567 4551
f 4551 4567 4552
f 4567 4568 4552
f 4552 4568 4569
f 4552 4569 4553
f 4553 4569 4570
f 4553 4570 4554
f 4554 4570 4571
f 4554 4571 4555
f 4555 4571 4572
f 4555 4572 4556
f 4556 4572 4557
f 4572 4573 4557
f 4557 4573 4558
f 4573 4574 4558
f 4558 4574 4559
f 4574 4575 4559
f 4559 4575 4560
f 4575 4576 4560
f 4560 4576 4577
f 4560 4577 4561
f 4561 4577 4578
f 4561 4578 4562
f 4562 4578 4579
f 4562 4579 4563
f 4563 4579 4564
f 4563 4564 4548
f 4564 4580 4581
f 4564 4581 4565
f 4565 4581 4582
f 4565 4582 4566
f 4566 4582 4583
f 4566 4583 4567
f 4567 4583 4584
f 4567 4584 4568
f 4568 4584 4569
f 4584 4585 4569
f 4569 4585 4570
f 4585 4586 4570
f 4570 4586 4571
f 4586 4587 4571
f 4571 4587 4572
f 4587 4588 4572
f 4572 4588 4589
f 4572 4589 4573
f 4573 4589 4590
f 4573 4590 4574
f 4574 4590 4591
f 4574 4591 4575
f 4575 4591 4592
f 4575 4592 4576
f 4576 4592 4577
f 4592 4593 4577
f 4577 4593 4578
f 4593 4594 4578
f 4578 4594 4579
f 4594 4595 4579
f 4579 4595 4564
f 4595 4580 4564
f 4580 4596 4597
f 4580 4597 4581
f 4581 4597 4598
f 4581 4598 4582
f 4582 4598 4599
f 4582 4599 4583
f 4583 4599 4600
f 4583 4600 4584
f 4584 4600 4585
f 4600 4601 4585
f 4585 4601 4586
f 4601 4602 4586
f 4586 4602 4587
f 4602 4603 4587
f 4587 4603 4588
f 4603 4604 4588
f 4588 4604 4605
f 4588 4605 4589
f 4589 4605 4606
f 4589 4606 4590
f 4590 4606 4607
f 4590 4607 4591
f 4591 4607 4608
f 4591 4608 4592
f 4592 4608 4593
f 4608 4609 4593
f 4593 4609 4594
f 4609 4610 4594
f 4594 4610 4595
f 4610 4611 4595
f 4595 4611 4580
f 4611 4596 4580
f 4596 4612 4613
f 4596 4613 4597
f 4597 4613 4614
f 4597 4614 4598
f 4598 4614 4615
f 4598 4615 4599
f 4599 4615 4616
f 4599 4616 4600
f 4600 4616 4601
f 4616 4617 4601
f 4601 4617 4602
f 4617 4618 4602
f 4602 4618 4603
f 4618 4619 4603
f 4603 4619 4604
f 4619 4620 4604
f 4604 4620 4621
f 4604 4621 4605
f 4605 4621 4622
f 4605 4622 4606
f 4606 4622 4623
f 4606 4623 4607
f 4607 4623 4624
f 4607 4624 4608
f 4608 4624 4609
f 4624 4625 4609
f 4609 4625 4610
f 4625 4626 4610
f 4610 4626 4611
f 4626 4627 4611
f 4611 4627 4596
f 4627 4612 4596
f 4612 4628 4629
f 4612 4629 4613
f 4613 4629 4630
f 4613 4630 4614
f 4614 4630 4631
f 4614 4631 4615
f 4615 4631 4632
f 4615 4632 4616
f 4616 4632 4617
f 4632 4633 4617
f 4617 4633 4618
f 4633 4634 4618
f 4618 4634 4619
f 4634 4635 4619
f 4619 4635 4620
f 4635 4636 4620
f 4620 4636 4637
f 4620 4637 4621
f 4621 4637 4638
f 4621 4638 4622
f 4622 4638 4639
f 4622 4639 4623
f 4623 4639 4640
f 4623 4640 4624
f 4624 4640 4625
f 4640 4641 4625
f 4625 4641 4626
f 4641 4642 4626
f 4626 4642 4627
f 4642 4643 4627
f 4627 4643 4612
f 4643 4628 4612
f 4628 4644 4645
f 4628 4645 4629
f 4629 4645 4646
f 4629 4646 4630
f 4630 4646 4647
f 4630 4647 4631
f 4631 4647 4648
f 4631 4648 4632
f 4632 4648 4633
f 4648 4649 4633
f 4633 4649 4634
f 4649 4650 4634
f 4634 4650 4635
f 4650 4651 4635
f 4635 4651 4636
f 4651 4652 4636
f 4636 4652 4653
f 4636 4653 4637
f 4637 4653 4654
f 4637 4654 4638
f 4638 4654 4655
f 4638 4655 4639
f 4639 4655 4656
f 4639 4656 4640
f 4640 4656 4641
f 4656 4657 4641
f 4641 4657 4642
f 4657 4658 4642
f 4642 4658 4643
f 4658 4659 4643
f 4643 4659 4628
f 4659 4644 4628
f 4644 4660 4661
f 4644 4661 4645
f 4645 4661 4662
f 4645 4662 4646
f 4646 4662 4663
f 4646 4663 4647
f 4647 4663 4664
f 4647 4664 4648
f 4648 4664 4649
f 4664 4665 4649
f 4649 4665 4650
f 4665 4666 4650
f 4650 4666 4651
f 4666 4667 4651
f 4651 4667 4652
f 4667 4668 4652
f 4652 4668 4669
f 4652 4669 4653
f 4653 4669 4670
f 4653 4670 4654
f 4654 4670 4671
f 4654 4671 4655
f 4655 4671 4672
f 4655 4672 4656
f 4656 4672 4657
f 4672 4673 4657
f 4657 4673 4658
f 4673 4674 4658
f 4658 4674 4659
f 4674 4675 4659
f 4659 4675 4644
f 4675 4660 4644
f 4660 4676 4677
f 4660 4677 4661
f 4661 4677 4678
f 4661 4678 4662
f 4662 4678 4679
f 4662 4679 4663
f 4663 4679 4680
f 4663 4680 4664
f 4664 4680 4665
f 4680 4681 4665
f 4665 4681 4666
f 4681 4682 4666
f 4666 4682 4667
f 4682 4683 4667
f 4667 4683 4668
f 4683 4684 4668
f 4668 4684 4685
f 4668 4685 4669
f 4669 4685 4686
f 4669 4686 4670
f 4670 4686 4687
f 4670 4687 4671
f 4671 4687 4688
f 4671 4688 4672
f 4672 4688 4673
f 4688 4689 4673
f 4673 4689 4674
f 4689 4690 4674
f 4674 4690 4675
f 4690 4691 4675
f 4675 4691 4660
f 4691 4676 4660
f 4676 4692 4693
f 4676 4693 4677
f 4677 4693 4694
f 4677 4694 4678
f 4678 4694 4695
f 4678 4695 4679
f 4679 4695 4696
f 4679 4696 4680
f 4680 4696 4681
f 4696 4697 4681
f 4681 4697 4682
f 4697 4698 4682
f 4682 4698 4683
f 4698 4699 4683
f 4683 4699 4684
f 4699 4700 4684
f 4684 4700 4701
f 4684 4701 4685
f 4685 4701 4702
f 4685 4702 4686
f 4686 4702 4703
f 4686 4703 4687
f 4687 4703 4704
f 4687 4704 4688
f 4688 4704 4689
f 4704 4705 4689
f 4689 4705 4690
f 4705 4706 4690
f 4690 4706 4691
f 4706 4707 4691
f 4691 4707 4676
f 4707 4692 4676
f 4692 4708 4709
f 4692 4709 4693
f 4693 4709 4710
f 4693 4710 4694
f 4694 4710 4711
f 4694 4711 4695
f 4695 4711 4712
f 4695 4712 4696
f 4696 4712 4697
f 4712 4713 4697
f 4697 4713 4698
f 4713 4714 4698
f 4698 4714 4699
f 4714 4715 4699
f 4699 4715 4700
f 4715 4716 4700
f 4700 4716 4717
f 4700 4717 4701
f 4701 4717 4718
f 4701 4718 4702
f 4702 4718 4719
f 4702 4719 4703
f 4703 4719 4720
f 4703 4720 4704
f 4704 4720 4705
f 4720 4721 4705
f 4705 4721 4706
f 4721 4722 4706
f 4706 4722 4707
f 4722 4723 4707
f 4707 4723 4692
f 4723 4708 4692
f 4708 4724 4709
f 4709 4724 4710
f 4710 4724 4711
f 4711 4724 4712
f 4712 4724 4713
f 4713 4724 4714
f 4714 4724 4715
f 4715 4724 4716
f 4716 4724 4717
f 4717 4724 4718
f 4718 4724 4719
f 4719 4724 4720
f 4720 4724 4721
f 4721 4724 4722
f 4722 4724 4723
f 4723 4724 4708
f 4725 4726 4727
f 4726 4728 4727
f 4727 4728 4729
f 4728 4730 4729
f 4729 4730 4731
f 4730 4732 4731
f 4731 4732 4733
f 4732 4734 4733
f 4733 4734 4735
f 4734 4736 4735
f 4735 4736 4737
f 4736 4738 4737
f 4737 4738 4739
f 4738 4740 4739
f 4739 4740 4741
f 4740 4742 4741
f 4740 4743 4742
f 4743 4744 4742
f 4743 4745 4744
f 4745 4746 4744
f 4745 4747 4746
f 4747 4748 4746
f 4747 4749 4748
f 4749 4750 4748
f 4749 4751 4750
f 4751 4752 4750
f 4751 4753 4752
f 4753 4754 4752
f 4753 4755 4754
f 4755 4756 4754
f 4756 4755 4757
f 4755 4753 4757
f 4757 4753 4758
f 4753 4751 4758
f 4758 4751 4759
f 4751 4749 4759
f 4759 4749 4760
f 4749 4747 4760
f 4760 4747 4761
f 4747 4745 4761
f 4761 4745 4762
f 4745 4743 4762
f 4762 4743 4763
f 4743 4740 4763
f 4763 4740 4764
f 4740 4765 4764
f 4740 4738 4765
f 4738 4766 4765
f 4738 4736 4766
f 4736 4767 4766
f 4736 4734 4767
f 4734 4768 4767
f 4734 4732 4768
f 4732 4769 4768
f 4732 4730 4769
f 4730 4770 4769
f 4730 4728 4770
f 4728 4771 4770
f 4728 4726 4771
f 4726 4725 4771
f 4725 4727 4772
f 4727 4729 4772
f 4772 4729 4773
f 4729 4731 4773
f 4773 4731 4774
f 4731 4733 4774
f 4774 4733 4775
f 4733 4735 4775
f 4775 4735 4776
f 4735 4737 4776
f 4776 4737 4777
f 4737 4739 4777
f 4777 4739 4778
f 4739 4741 4778
f 4778 4741 4779
f 4741 4780 4779
f 4741 4742 4780
f 4742 4781 4780
f 4742 4744 4781
f 4744 4782 4781
f 4744 4746 4782
f 4746 4783 4782
f 4746 4748 4783
f 4748 4784 4783
f 4748 4750 4784
f 4750 4785 4784
f 4750 4752 4785
f 4752 4786 4785
f 4752 4754 4786
f 4754 4756 4786
f 4756 4757 4787
f 4757 4758 4787
f 4787 4758 4788
f 4758 4759 4788
f 4788 4759 4789
f 4759 4760 4789
f 4789 4760 4790
f 4760 4761 4790
f 4790 4761 4791
f 4761 4762 4791
f 4791 4762 4792
f 4762 4763 4792
f 4792 4763 4793
f 4763 4764 4793
f 4793 4764 4794
f 4764 4795 4794
f 4764 4765 4795
f 4765 4796 4795
f 4765 4766 4796
f 4766 4797 4796
f 4766 4767 4797
f 4767 4798 4797
f 4767 4768 4798
f 4768 4799 4798
f 4768 4769 4799
f 4769 4800 4799
f 4769 4770 4800
f 4770 4801 4800
f 4770 4771 4801
f 4771 4725 4801
f 4725 4772 4802
f 4802 4772 4803
f 4772 4773 4803
f 4803 4773 4804
f 4773 4774 4804
f 4804 4774 4805
f 4774 4775 4805
f 4805 4775 4806
f 4775 4776 4806
f 4806 4776 4807
f 4776 4777 4807
f 4807 4777 4808
f 4777 4778 4808
f 4808 4778 4809
f 4778 4779 4809
f 4809 4779 4810
f 4779 4811 4810
f 4779 4780 4811
f 4780 4812 4811
f 4780 4781 4812
f 4781 4813 4812
f 4781 4782 4813
f 4782 4814 4813
f 4782 4783 4814
f 4783 4815 4814
f 4783 4784 4815
f 4784 4816 4815
f 4784 4785 4816
f 4785 4817 4816
f 4785 4786 4817
f 4786 4818 4817
f 4786 4756 4818
f 4756 4787 4818
f 4818 4787 4819
f 4787 4788 4819
f 4819 4788 4820
f 4788 4789 4820
f 4820 4789 4821
f 4789 4790 4821
f 4821 4790 4822
f 4790 4791 4822
f 4822 4791 4823
f 4791 4792 4823
f 4823 4792 4824
f 4792 4793 4824
f 4824 4793 4825
f 4793 4794 4825
f 4825 4794 4826
f 4794 4827 4826
f 4794 4795 4827
f 4795 4828 4827
f 4795 4796 4828
f 4796 4829 4828
f 4796 4797 4829
f 4797 4830 4829
f 4797 4798 4830
f 4798 4831 4830
f 4798 4799 4831
f 4799 4832 4831
f 4799 4800 4832
f 4800 4833 4832
f 4800 4801 4833
f 4801 4802 4833
f 4801 4725 4802
f 4802 4803 4834
f 4834 4803 4835
f 4803 4804 4835
f 4835 4804 4836
f 4804 4805 4836
f 4836 4805 4837
f 4805 4806 4837
f 4837 4806 4838
f 4806 4807 4838
f 4838 4807 4839
f 4807 4808 4839
f 4839 4808 4840
f 4808 4809 4840
f 4840 4809 4841
f 4809 4810 4841
f 4841 4810 4842
f 4810 4843 4842
f 4810 4811 4843
f 4811 4844 4843
f 4811 4812 4844
f 4812 4845 4844
f 4812 4813 4845
f 4813 4846 4845
f 4813 4814 4846
f 4814 4847 4846
f 4814 4815 4847
f 4815 4848 4847
f 4815 4816 4848
f 4816 4849 4848
f 4816 4817 4849
f 4817 4850 4849
f 4817 4818 4850
f 4818 4819 4850
f 4850 4819 4851
f 4819 4820 4851
f 4851 4820 4852
f 4820 4821 4852
f 4852 4821 4853
f 4821 4822 4853
f 4853 4822 4854
f 4822 4823 4854
f 4854 4823 4855
f 4823 4824 4855
f 4855 4824 4856
f 4824 4825 4856
f 4856 4825 4857
f 4825 4826 4857
f 4857 4826 4858
f 4826 4859 4858
f 4826 4827 4859
f 4827 4860 4859
f 4827 4828 4860
f 4828 4861 4860
f 4828 4829 4861
f 4829 4862 4861
f 4829 4830 4862
f 4830 4863 4862
f 4830 4831 4863
f 4831 4864 4863
f 4831 4832 4864
f 4832 4865 4864
f 4832 4833 4865
f 4833 4834 4865
f 4833 4802 4834
f 4834 4835 4866
f 4866 4835 4867
f 4835 4836 4867
f 4867 4836 4868
f 4836 4837 4868
f 4868 4837 4869
f 4837 4838 4869
f 4869 4838 4870
f 4838 4839 4870
f 4870 4839 4871
f 4839 4840 4871
f 4871 4840 4872
f 4840 4841 4872
f 4872 4841 4873
f 4841 4842 4873
f 4873 4842 4874
f 4842 4875 4874
f 4842 4843 4875
f 4843 4876 4875
f 4843 4844 4876
f 4844 4877 4876
f 4844 4845 4877
f 4845 4878 4877
f 4845 4846 4878
f 4846 4879 4878
f 4846 4847 4879
f 4847 4880 4879
f 4847 4848 4880
f 4848 4881 4880
f 4848 4849 4881
f 4849 4882 4881
f 4849 4850 4882
f 4850 4851 4882
f 4882 4851 4883
f 4851 4852 4883
f 4883 4852 4884
f 4852 4853 4884
f 4884 4853 4885
f 4853 4854 4885
f 4885 4854 4886
f 4854 4855 4886
f 4886 4855 4887
f 4855 4856 4887
f 4887 4856 4888
f 4856 4857 4888
f 4888 4857 4889
f 4857 4858 4889
f 4889 4858 4890
f 4858 4891 4890
f 4858 4859 4891
f 4859 4892 4891
f 4859 4860 4892
f 4860 4893 4892
f 4860 4861 4893
f 4861 4894 4893
f 4861 4862 4894
f 4862 4895 4894
f 4862 4863 4895
f 4863 4896 4895
f 4863 4864 4896
f 4864 4897 4896
f 4864 4865 4897
f 4865 4866 4897
f 4865 4834 4866
f 4866 4898 4899
f 4866 4867 4898
f 4867 4900 4898
f 4867 4868 4900
f 4868 4901 4900
f 4868 4869 4901
f 4869 4902 4901
f 4869 4870 4902
f 4870 4903 4902
f 4870 4871 4903
f 4871 4904 4903
f 4871 4872 4904
f 4872 4905 4904
f 4872 4873 4905
f 4873 4906 4905
f 4873 4874 4906
f 4874 4875 4906
f 4906 4875 4907
f 4875 4876 4907
f 4907 4876 4908
f 4876 4877 4908
f 4908 4877 4909
f 4877 4878 4909
f 4909 4878 4910
f 4878 4879 4910
f 4910 4879 4911
f 4879 4880 4911
f 4911 4880 4912
f 4880 4881 4912
f 4912 4881 4913
f 4881 4882 4913
f 4913 4882 4914
f 4882 4915 4914
f 4882 4883 4915
f 4883 4916 4915
f 4883 4884 4916
f 4884 4917 4916
f 4884 4885 4917
f 4885 4918 4917
f 4885 4886 4918
f 4886 4919 4918
f 4886 4887 4919
f 4887 4920 4919
f 4887 4888 4920
f 4888 4921 4920
f 4888 4889 4921
f 4889 4922 4921
f 4889 4890 4922
f 4890 4891 4922
f 4922 4891 4923
f 4891 4892 4923
f 4923 4892 4924
f 4892 4893 4924
f 4924 4893 4925
f 4893 4894 4925
f 4925 4894 4926
f 4894 4895 4926
f 4926 4895 4927
f 4895 4896 4927
f 4927 4896 4928
f 4896 4897 4928
f 4928 4897 4929
f 4897 4866 4929
f 4929 4866 4899
f 4899 4930 4931
f 4899 4898 4930
f 4898 4932 4930
f 4898 4900 4932
f 4900 4933 4932
f 4900 4901 4933
f 4901 4934 4933
f 4901 4902 4934
f 4902 4935 4934
f 4902 4903 4935
f 4903 4936 4935
f 4903 4904 4936
f 4904 4937 4936
f 4904 4905 4937
f 4905 4938 4937
f 4905 4906 4938
f 4906 4907 4938
f 4938 4907 4939
f 4907 4908 4939
f 4939 4908 4940
f 4908 4909 4940
f 4940 4909 4941
f 4909 4910 4941
f 4941 4910 4942
f 4910 4911 4942
f 4942 4911 4943
f 4911 4912 4943
f 4943 4912 4944
f 4912 4913 4944
f 4944 4913 4945
f 4913 4914 4945
f 4945 4914 4946
f 4914 4947 4946
f 4914 4915 4947
f 4915 4948 4947
f 4915 4916 4948
f 4916 4949 4948
f 4916 4917 4949
f 4917 4950 4949
f 4917 4918 4950
f 4918 4951 4950
f 4918 4919 4951
f 4919 4952 4951
f 4919 4920 4952
f 4920 4953 4952
f 4920 4921 4953
f 4921 4954 4953
f 4921 4922 4954
f 4922 4923 4954
f 4954 4923 4955
f 4923 4924 4955
f 4955 4924 4956
f 4924 4925 4956
f 4956 4925 4957
f 4925 4926 4957
f 4957 4926 4958
f 4926 4927 4958
f 4958 4927 4959
f 4927 4928 4959
f 4959 4928 4960
f 4928 4929 4960
f 4960 4929 4961
f 4929 4899 4961
f 4961 4899 4931
f 4931 4930 4962
f 4930 4963 4962
f 4930 4932 4963
f 4932 4964 4963
f 4932 4933 4964
f 4933 4965 4964
f 4933 4934 4965
f 4934 4966 4965
f 4934 4935 4966
f 4935 4967 4966
f 4935 4936 4967
f 4936 4968 4967
f 4936 4937 4968
f 4937 4969 4968
f 4937 4938 4969
f 4938 4939 4969
f 4969 4939 4970
f 4939 4940 4970
f 4970 4940 4971
f 4940 4941 4971
f 4971 4941 4972
f 4941 4942 4972
f 4972 4942 4973
f 4942 4943 4973
f 4973 4943 4974
f 4943 4944 4974
f 4974 4944 4975
f 4944 4945 4975
f 4975 4945 4976
f 4945 4946 4976
f 4946 4947 4977
f 4947 4978 4977
f 4947 4948 4978
f 4948 4979 4978
f 4948 4949 4979
f 4949 4980 4979
f 4949 4950 4980
f 4950 4981 4980
f 4950 4951 4981
f 4951 4982 4981
f 4951 4952 4982
f 4952 4983 4982
f 4952 4953 4983
f 4953 4984 4983
f 4953 4954 4984
f 4954 4955 4984
f 4984 4955 4985
f 4955 4956 4985
f 4985 4956 4986
f 4956 4957 4986
f 4986 4957 4987
f 4957 4958 4987
f 4987 4958 4988
f 4958 4959 4988
f 4988 4959 4989
f 4959 4960 4989
f 4989 4960 4990
f 4960 4961 4990
f 4990 4961 4991
f 4961 4931 4991
f 4931 4962 4992
f 4962 4993 4992
f 4962 4963 4993
f 4963 4994 4993
f 4963 4964 4994
f 4964 4995 4994
f 4964 4965 4995
f 4965 4996 4995
f 4965 4966 4996
f 4966 4997 4996
f 4966 4967 4997
f 4967 4998 4997
f 4967 4968 4998
f 4968 4999 4998
f 4968 4969 4999
f 4969 4970 4999
f 4999 4970 5000
f 4970 4971 5000
f 5000 4971 5001
f 4971 4972 5001
f 5001 4972 5002
f 4972 4973 5002
f 5002 4973 5003
f 4973 4974 5003
f 5003 4974 5004
f 4974 4975 5004
f 5004 4975 5005
f 4975 4976 5005
f 5005 4976 5006
f 4976 4946 5006
f 4946 4977 5006
f 4977 5005 5006
f 4977 4978 5005
f 4978 5004 5005
f 4978 4979 5004
f 4979 5003 5004
f 4979 4980 5003
f 4980 5002 5003
f 4980 4981 5002
f 4981 5001 5002
f 4981 4982 5001
f 4982 5000 5001
f 4982 4983 5000
f 4983 4999 5000
f 4983 4984 4999
f 4984 4985 4999
f 4999 4985 4998
f 4985 4986 4998
f 4998 4986 4997
f 4986 4987 4997
f 4997 4987 4996
f 4987 4988 4996
f 4996 4988 4995
f 4988 4989 4995
f 4995 4989 4994
f 4989 4990 4994
f 4994 4990 4993
f 4990 4991 4993
f 4993 4991 4992
f 4991 4931 4992
f 5007 5008 5009
f 5009 5008 5010
f 5008 5011 5010
f 5010 5011 5012
f 5011 5013 5012
f 5012 5013 5014
f 5013 5015 5014
f 5014 5015 5016
f 5015 5017 5016
f 5016 5017 5018
f 5017 5019 5018
f 5018 5019 5020
f 5019 5021 5020
f 5020 5021 5022
f 5021 5023 5022
f 5022 5023 5024
f 5022 5024 5025
f 5025 5024 5026
f 5025 5026 5027
f 5027 5026 5028
f 5027 5028 5029
f 5029 5028 5030
f 5029 5030 5031
f 5031 5030 5032
f 5031 5032 5033
f 5033 5032 5034
f 5033 5034 5035
f 5035 5034 5036
f 5035 5036 5037
f 5037 5036 5038
f 5038 5039 5037
f 5037 5039 5035
f 5039 5040 5035
f 5035 5040 5033
f 5040 5041 5033
f 5033 5041 5031
f 5041 5042 5031
f 5031 5042 5029
f 5042 5043 5029
f 5029 5043 5027
f 5043 5044 5027
f 5027 5044 5025
f 5044 5045 5025
f 5025 5045 5022
f 5045 5046 5022
f 5022 5046 5047
f 5022 5047 5020
f 5020 5047 5048
f 5020 5048 5018
f 5018 5048 5049
f 5018 5049 5016
f 5016 5049 5050
f 5016 5050 5014
f 5014 5050 5051
f 5014 5051 5012
f 5012 5051 5052
f 5012 5052 5010
f 5010 5052 5053
f 5010 5053 5009
f 5009 5053 5007
f 5007 5054 5008
f 5008 5054 5011
f 5054 5055 5011
f 5011 5055 5013
f 5055 5056 5013
f 5013 5056 5015
f 5056 5057 5015
f 5015 5057 5017
f 5057 5058 5017
f 5017 5058 5019
f 5058 5059 5019
f 5019 5059 5021
f 5059 5060 5021
f 5021 5060 5023
f 5060 5061 5023
f 5023 5061 5062
f 5023 5062 5024
f 5024 5062 5063
f 5024 5063 5026
f 5026 5063 5064
f 5026 5064 5028
f 5028 5064 5065
f 5028 5065 5030
f 5030 5065 5066
f 5030 5066 5032
f 5032 5066 5067
f 5032 5067 5034
f 5034 5067 5068
f 5034 5068 5036
f 5036 5068 5038
f 5038 5069 5039
f 5039 5069 5040
f 5069 5070 5040
f 5040 5070 5041
f 5070 5071 5041
f 5041 5071 5042
f 5071 5072 5042
f 5042 5072 5043
f 5072 5073 5043
f 5043 5073 5044
f 5073 5074 5044
f 5044 5074 5045
f 5074 5075 5045
f 5045 5075 5046
f 5075 5076 5046
f 5046 5076 5077
f 5046 5077 5047
f 5047 5077 5078
f 5047 5078 5048
f 5048 5078 5079
f 5048 5079 5049
f 5049 5079 5080
f 5049 5080 5050
f 5050 5080 5081
f 5050 5081 5051
f 5051 5081 5082
f 5051 5082 5052
f 5052 5082 5083
f 5052 5083 5053
f 5053 5083 5007
f 5007 5084 5054
f 5084 5085 5054
f 5054 5085 5055
f 5085 5086 5055
f 5055 5086 5056
f 5086 5087 5056
f 5056 5087 5057
f 5087 5088 5057
f 5057 5088 5058
f 5088 5089 5058
f 5058 5089 5059
f 5089 5090 5059
f 5059 5090 5060
f 5090 5091 5060
f 5060 5091 5061
f 5091 5092 5061
f 5061 5092 5093
f 5061 5093 5062
f 5062 5093 5094
f 5062 5094 5063
f 5063 5094 5095
f 5063 5095 5064
f 5064 5095 5096
f 5064 5096 5065
f 5065 5096 5097
f 5065 5097 5066
f 5066 5097 5098
f 5066 5098 5067
f 5067 5098 5099
f 5067 5099 5068
f 5068 5099 5100
f 5068 5100 5038
f 5038 5100 5069
f 5100 5101 5069
f 5069 5101 5070
f 5101 5102 5070
f 5070 5102 5071
f 5102 5103 5071
f 5071 5103 5072
f 5103 5104 5072
f 5072 5104 5073
f 5104 5105 5073
f 5073 5105 5074
f 5105 5106 5074
f 5074 5106 5075
f 5106 5107 5075
f 5075 5107 5076
f 5107 5108 5076
f 5076 5108 5109
f 5076 5109 5077
f 5077 5109 5110
f 5077 5110 5078
f 5078 5110 5111
f 5078 5111 5079
f 5079 5111 5112
f 5079 5112 5080
f 5080 5112 5113
f 5080 5113 5081
f 5081 5113 5114
f 5081 5114 5082
f 5082 5114 5115
f 5082 5115 5083
f 5083 5115 5084
f 5083 5084 5007
f 5084 5116 5085
f 5116 5117 5085
f 5085 5117 5086
f 5117 5118 5086
f 5086 5118 5087
f 5118 5119 5087
f 5087 5119 5088
f 5119 5120 5088
f 5088 5120 5089
f 5120 5121 5089
f 5089 5121 5090
f 5121 5122 5090
f 5090 5122 5091
f 5122 5123 5091
f 5091 5123 5092
f 5123 5124 5092
f 5092 5124 5125
f 5092 5125 5093
f 5093 5125 5126
f 5093 5126 5094
f 5094 5126 5127
f 5094 5127 5095
f 5095 5127 5128
f 5095 5128 5096
f 5096 5128 5129
f 5096 5129 5097
f 5097 5129 5130
f 5097 5130 5098
f 5098 5130 5131
f 5098 5131 5099
f 5099 5131 5132
f 5099 5132 5100
f 5100 5132 5101
f 5132 5133 5101
f 5101 5133 5102
f 5133 5134 5102
f 5102 5134 5103
f 5134 5135 5103
f 5103 5135 5104
f 5135 5136 5104
f 5104 5136 5105
f 5136 5137 5105
f 5105 5137 5106
f 5137 5138 5106
f 5106 5138 5107
f 5138 5139 5107
f 5107 5139 5108
f 5139 5140 5108
f 5108 5140 5141
f 5108 5141 5109
f 5109 5141 5142
f 5109 5142 5110
f 5110 5142 5143
f 5110 5143 5111
f 5111 5143 5144
f 5111 5144 5112
f 5112 5144 5145
f 5112 5145 5113
f 5113 5145 5146
f 5113 5146 5114
f 5114 5146 5147
f 5114 5147 5115
f 5115 5147 5116
f 5115 5116 5084
f 5116 5148 5117
f 5148 5149 5117
f 5117 5149 5118
f 5149 5150 5118
f 5118 5150 5119
f 5150 5151 5119
f 5119 5151 5120
f 5151 5152 5120
f 5120 5152 5121
f 5152 5153 5121
f 5121 5153 5122
f 5153 5154 5122
f 5122 5154 5123
f 5154 5155 5123
f 5123 5155 5124
f 5155 5156 5124
f 5124 5156 5157
f 5124 5157 5125
f 5125 5157 5158
f 5125 5158 5126
f 5126 5158 5159
f 5126 5159 5127
f 5127 5159 5160
f 5127 5160 5128
f 5128 5160 5161
f 5128 5161 5129
f 5129 5161 5162
f 5129 5162 5130
f 5130 5162 5163
f 5130 5163 5131
f 5131 5163 5164
f 5131 5164 5132
f 5132 5164 5133
f 5164 5165 5133
f 5133 5165 5134
f 5165 5166 5134
f 5134 5166 5135
f 5166 5167 5135
f 5135 5167 5136
f 5167 5168 5136
f 5136 5168 5137
f 5168 5169 5137
f 5137 5169 5138
f 5169 5170 5138
f 5138 5170 5139
f 5170 5171 5139
f 5139 5171 5140
f 5171 5172 5140
f 5140 5172 5173
f 5140 5173 5141
f 5141 5173 5174
f 5141 5174 5142
f 5142 5174 5175
f 5142 5175 5143
f 5143 5175 5176
f 5143 5176 5144
f 5144 5176 5177
f 5144 5177 5145
f 5145 5177 5178
f 5145 5178 5146
f 5146 5178 5179
f 5146 5179 5147
f 5147 5179 5148
f 5147 5148 5116
f 5148 5180 5181
f 5148 5181 5149
f 5149 5181 5182
f 5149 5182 5150
f 5150 5182 5183
f 5150 5183 5151
f 5151 5183 5184
f 5151 5184 5152
f 5152 5184 5185
f 5152 5185 5153
f 5153 5185 5186
f 5153 5186 5154
f 5154 5186 5187
f 5154 5187 5155
f 5155 5187 5188
f 5155 5188 5156
f 5156 5188 5157
f 5188 5189 5157
f 5157 5189 5158
f 5189 5190 5158
f 5158 5190 5159
f 5190 5191 5159
f 5159 5191 5160
f 5191 5192 5160
f 5160 5192 5161
f 5192 5193 5161
f 5161 5193 5162
f 5193 5194 5162
f 5162 5194 5163
f 5194 5195 5163
f 5163 5195 5164
f 5195 5196 5164
f 5164 5196 5197
f 5164 5197 5165
f 5165 5197 5198
f 5165 5198 5166
f 5166 5198 5199
f 5166 5199 5167
f 5167 5199 5200
f 5167 5200 5168
f 5168 5200 5201
f 5168 5201 5169
f 5169 5201 5202
f 5169 5202 5170
f 5170 5202 5203
f 5170 5203 5171
f 5171 5203 5204
f 5171 5204 5172
f 5172 5204 5173
f 5204 5205 5173
f 5173 5205 5174
f 5205 5206 5174
f 5174 5206 5175
f 5206 5207 5175
f 5175 5207 5176
f 5207 5208 5176
f 5176 5208 5177
f 5208 5209 5177
f 5177 5209 5178
f 5209 5210 5178
f 5178 5210 5179
f 5210 5211 5179
f 5179 5211 5148
f 5211 5180 5148
f 5180 5212 5213
f 5180 5213 5181
f 5181 5213 5214
f 5181 5214 5182
f 5182 5214 5215
f 5182 5215 5183
f 5183 5215 5216
f 5183 5216 5184
f 5184 5216 5217
f 5184 5217 5185
f 5185 5217 5218
f 5185 5218 5186
f 5186 5218 5219
f 5186 5219 5187
f 5187 5219 5220
f 5187 5220 5188
f 5188 5220 5189
f 5220 5221 5189
f 5189 5221 5190
f 5221 5222 5190
f 5190 5222 5191
f 5222 5223 5191
f 5191 5223 5192
f 5223 5224 5192
f 5192 5224 5193
f 5224 5225 5193
f 5193 5225 5194
f 5225 5226 5194
f 5194 5226 5195
f 5226 5227 5195
f 5195 5227 5196
f 5227 5228 5196
f 5196 5228 5229
f 5196 5229 5197
f 5197 5229 5230
f 5197 5230 5198
f 5198 5230 5231
f 5198 5231 5199
f 5199 5231 5232
f 5199 5232 5200
f 5200 5232 5233
f 5200 5233 5201
f 5201 5233 5234
f 5201 5234 5202
f 5202 5234 5235
f 5202 5235 5203
f 5203 5235 5236
f 5203 5236 5204
f 5204 5236 5205
f 5236 5237 5205
f 5205 5237 5206
f 5237 5238 5206
f 5206 5238 5207
f 5238 5239 5207
f 5207 5239 5208
f 5239 5240 5208
f 5208 5240 5209
f 5240 5241 5209
f 5209 5241 5210
f 5241 5242 5210
f 5210 5242 5211
f 5242 5243 5211
f 5211 5243 5180
f 5243 5212 5180
f 5212 5244 5213
f 5213 5244 5245
f 5213 5245 5214
f 5214 5245 5246
f 5214 5246 5215
f 5215 5246 5247
f 5215 5247 5216
f 5216 5247 5248
f 5216 5248 5217
f 5217 5248 5249
f 5217 5249 5218
f 5218 5249 5250
f 5218 5250 5219
f 5219 5250 5251
f 5219 5251 5220
f 5220 5251 5221
f 5251 5252 5221
f 5221 5252 5222
f 5252 5253 5222
f 5222 5253 5223
f 5253 5254 5223
f 5223 5254 5224
f 5254 5255 5224
f 5224 5255 5225
f 5255 5256 5225
f 5225 5256 5226
f 5256 5257 5226
f 5226 5257 5227
f 5257 5258 5227
f 5227 5258 5228
f 5228 5259 5229
f 5229 5259 5260
f 5229 5260 5230
f 5230 5260 5261
f 5230 5261 5231
f 5231 5261 5262
f 5231 5262 5232
f 5232 5262 5263
f 5232 5263 5233
f 5233 5263 5264
f 5233 5264 5234
f 5234 5264 5265
f 5234 5265 5235
f 5235 5265 5266
f 5235 5266 5236
f 5236 5266 5237
f 5266 5267 5237
f 5237 5267 5238
f 5267 5268 5238
f 5238 5268 5239
f 5268 5269 5239
f 5239 5269 5240
f 5269 5270 5240
f 5240 5270 5241
f 5270 5271 5241
f 5241 5271 5242
f 5271 5272 5242
f 5242 5272 5243
f 5272 5273 5243
f 5243 5273 5212
f 5212 5274 5244
f 5244 5274 5275
f 5244 5275 5245
f 5245 5275 5276
f 5245 5276 5246
f 5246 5276 5277
f 5246 5277 5247
f 5247 5277 5278
f 5247 5278 5248
f 5248 5278 5279
f 5248 5279 5249
f 5249 5279 5280
f 5249 5280 5250
f 5250 5280 5281
f 5250 5281 5251
f 5251 5281 5252
f 5281 5282 5252
f 5252 5282 5253
f 5282 5283 5253
f 5253 5283 5254
f 5283 5284 5254
f 5254 5284 5255
f 5284 5285 5255
f 5255 5285 5256
f 5285 5286 5256
f 5256 5286 5257
f 5286 5287 5257
f 5257 5287 5258
f 5287 5288 5258
f 5258 5288 5228
f 5228 5288 5259
f 5259 5288 5287
f 5259 5287 5260
f 5260 5287 5286
f 5260 5286 5261
f 5261 5286 5285
f 5261 5285 5262
f 5262 5285 5284
f 5262 5284 5263
f 5263 5284 5283
f 5263 5283 5264
f 5264 5283 5282
f 5264 5282 5265
f 5265 5282 5281
f 5265 5281 5266
f 5266 5281 5267
f 5281 5280 5267
f 5267 5280 5268
f 5280 5279 5268
f 5268 5279 5269
f 5279 5278 5269
f 5269 5278 5270
f 5278 5277 5270
f 5270 5277 5271
f 5277 5276 5271
f 5271 5276 5272
f 5276 5275 5272
f 5272 5275 5273
f 5275 5274 5273
f 5273 5274 5212
